ISO-10303-21;
HEADER;
/* Generated by software containing ST-Developer
 * from STEP Tools, Inc. (www.steptools.com) 
 */
/* OPTION: using custom renumber hook */

FILE_DESCRIPTION(
/* description */ ('STEP AP242',
'CAx-IF Rec.Pracs.---Representation and Presentation of Product Manufa
cturing Information (PMI)---4.0---2014-10-13',
'CAx-IF Rec.Pracs.---3D Tessellated Geometry---0.4---2014-09-14','2;1'),

/* implementation_level */ '2;1');

FILE_NAME(
/* name */ '68cc1e9c576b30b0fd350a18',
/* time_stamp */ '2025-09-18T15:00:45Z',
/* author */ (''),
/* organization */ (''),
/* preprocessor_version */ 'ST-DEVELOPER v20',
/* originating_system */ 'ONSHAPE BY PTC INC, 1.203',
/* authorisation */ '  ');

FILE_SCHEMA (('AP242_MANAGED_MODEL_BASED_3D_ENGINEERING_MIM_LF { 1 0 10303 442 1 1 4 }'));
ENDSEC;

DATA;
#10=SHAPE_REPRESENTATION_RELATIONSHIP('','',#2465,#11);
#11=ADVANCED_BREP_SHAPE_REPRESENTATION('',(#2463),#3671);
#12=CIRCLE('',#2514,0.000255);
#13=CIRCLE('',#2515,0.000255);
#14=CIRCLE('',#2518,0.000255);
#15=CIRCLE('',#2519,0.000255);
#16=CIRCLE('',#2522,0.000255);
#17=CIRCLE('',#2523,0.000255);
#18=CIRCLE('',#2526,0.000255);
#19=CIRCLE('',#2527,0.000255);
#20=CIRCLE('',#2530,0.000255);
#21=CIRCLE('',#2531,0.000255);
#22=CIRCLE('',#2534,0.000255);
#23=CIRCLE('',#2535,0.000255);
#24=CIRCLE('',#2538,0.000255);
#25=CIRCLE('',#2539,0.000255);
#26=CIRCLE('',#2542,0.000255);
#27=CIRCLE('',#2543,0.000255);
#28=CIRCLE('',#2546,0.000255);
#29=CIRCLE('',#2547,0.000255);
#30=CIRCLE('',#2550,0.000255);
#31=CIRCLE('',#2551,0.000255);
#32=CIRCLE('',#2554,0.000255);
#33=CIRCLE('',#2555,0.000255);
#34=CIRCLE('',#2558,0.000255);
#35=CIRCLE('',#2559,0.000255);
#36=CIRCLE('',#2562,0.000255);
#37=CIRCLE('',#2563,0.000255);
#38=CIRCLE('',#2566,0.000255);
#39=CIRCLE('',#2567,0.000255);
#40=CIRCLE('',#2570,0.000255);
#41=CIRCLE('',#2571,0.000255);
#42=CIRCLE('',#2574,0.000255);
#43=CIRCLE('',#2575,0.000255);
#44=CIRCLE('',#2578,0.000255);
#45=CIRCLE('',#2579,0.000255);
#46=CIRCLE('',#2582,0.000255);
#47=CIRCLE('',#2583,0.000255);
#48=CIRCLE('',#2586,0.000255);
#49=CIRCLE('',#2587,0.000255);
#50=CIRCLE('',#2604,0.000255);
#51=CIRCLE('',#2618,0.000255);
#52=CYLINDRICAL_SURFACE('',#2513,0.000255);
#53=CYLINDRICAL_SURFACE('',#2517,0.000255);
#54=CYLINDRICAL_SURFACE('',#2521,0.000255);
#55=CYLINDRICAL_SURFACE('',#2525,0.000255);
#56=CYLINDRICAL_SURFACE('',#2529,0.000255);
#57=CYLINDRICAL_SURFACE('',#2533,0.000255);
#58=CYLINDRICAL_SURFACE('',#2537,0.000255);
#59=CYLINDRICAL_SURFACE('',#2541,0.000255);
#60=CYLINDRICAL_SURFACE('',#2545,0.000255);
#61=CYLINDRICAL_SURFACE('',#2549,0.000255);
#62=CYLINDRICAL_SURFACE('',#2553,0.000255);
#63=CYLINDRICAL_SURFACE('',#2557,0.000255);
#64=CYLINDRICAL_SURFACE('',#2561,0.000255);
#65=CYLINDRICAL_SURFACE('',#2565,0.000255);
#66=CYLINDRICAL_SURFACE('',#2569,0.000255);
#67=CYLINDRICAL_SURFACE('',#2573,0.000255);
#68=CYLINDRICAL_SURFACE('',#2577,0.000255);
#69=CYLINDRICAL_SURFACE('',#2581,0.000255);
#70=CYLINDRICAL_SURFACE('',#2585,0.000255);
#71=CYLINDRICAL_SURFACE('',#2617,0.000255);
#72=OVER_RIDING_STYLED_ITEM('',(#1987),#1870,#1985);
#73=OVER_RIDING_STYLED_ITEM('',(#1988),#1875,#1985);
#74=OVER_RIDING_STYLED_ITEM('',(#1989),#1880,#1985);
#75=OVER_RIDING_STYLED_ITEM('',(#1990),#1885,#1985);
#76=OVER_RIDING_STYLED_ITEM('',(#1991),#1890,#1985);
#77=OVER_RIDING_STYLED_ITEM('',(#1992),#1895,#1985);
#78=OVER_RIDING_STYLED_ITEM('',(#1993),#1900,#1985);
#79=OVER_RIDING_STYLED_ITEM('',(#1994),#1905,#1985);
#80=OVER_RIDING_STYLED_ITEM('',(#1995),#1910,#1985);
#81=OVER_RIDING_STYLED_ITEM('',(#1996),#1911,#1985);
#82=OVER_RIDING_STYLED_ITEM('',(#1997),#1912,#1985);
#83=OVER_RIDING_STYLED_ITEM('',(#1998),#1913,#1985);
#84=OVER_RIDING_STYLED_ITEM('',(#1999),#1914,#1985);
#85=OVER_RIDING_STYLED_ITEM('',(#2000),#1915,#1985);
#86=OVER_RIDING_STYLED_ITEM('',(#2001),#1916,#1985);
#87=OVER_RIDING_STYLED_ITEM('',(#2002),#1917,#1985);
#88=OVER_RIDING_STYLED_ITEM('',(#2003),#1918,#1985);
#89=OVER_RIDING_STYLED_ITEM('',(#2004),#1919,#1985);
#90=OVER_RIDING_STYLED_ITEM('',(#2005),#1920,#1985);
#91=OVER_RIDING_STYLED_ITEM('',(#2006),#1921,#1985);
#92=OVER_RIDING_STYLED_ITEM('',(#2007),#1922,#1985);
#93=OVER_RIDING_STYLED_ITEM('',(#2008),#1923,#1985);
#94=OVER_RIDING_STYLED_ITEM('',(#2009),#1924,#1985);
#95=OVER_RIDING_STYLED_ITEM('',(#2010),#1925,#1985);
#96=OVER_RIDING_STYLED_ITEM('',(#2011),#1926,#1985);
#97=OVER_RIDING_STYLED_ITEM('',(#2012),#1927,#1985);
#98=OVER_RIDING_STYLED_ITEM('',(#2013),#1928,#1985);
#99=OVER_RIDING_STYLED_ITEM('',(#2014),#1929,#1985);
#100=OVER_RIDING_STYLED_ITEM('',(#2015),#1930,#1985);
#101=OVER_RIDING_STYLED_ITEM('',(#2016),#1931,#1985);
#102=OVER_RIDING_STYLED_ITEM('',(#2017),#1932,#1985);
#103=OVER_RIDING_STYLED_ITEM('',(#2018),#1933,#1985);
#104=OVER_RIDING_STYLED_ITEM('',(#2019),#1934,#1985);
#105=OVER_RIDING_STYLED_ITEM('',(#2020),#1935,#1985);
#106=OVER_RIDING_STYLED_ITEM('',(#2021),#1936,#1985);
#107=OVER_RIDING_STYLED_ITEM('',(#2022),#1937,#1985);
#108=OVER_RIDING_STYLED_ITEM('',(#2023),#1938,#1985);
#109=OVER_RIDING_STYLED_ITEM('',(#2024),#1939,#1985);
#110=OVER_RIDING_STYLED_ITEM('',(#2025),#1940,#1985);
#111=OVER_RIDING_STYLED_ITEM('',(#2026),#1941,#1985);
#112=OVER_RIDING_STYLED_ITEM('',(#2027),#1942,#1985);
#113=OVER_RIDING_STYLED_ITEM('',(#2028),#1943,#1985);
#114=OVER_RIDING_STYLED_ITEM('',(#2029),#1944,#1985);
#115=OVER_RIDING_STYLED_ITEM('',(#2030),#1945,#1985);
#116=OVER_RIDING_STYLED_ITEM('',(#2031),#1946,#1985);
#117=OVER_RIDING_STYLED_ITEM('',(#2032),#1947,#1985);
#118=OVER_RIDING_STYLED_ITEM('',(#2033),#1948,#1985);
#119=OVER_RIDING_STYLED_ITEM('',(#2034),#1949,#1985);
#120=OVER_RIDING_STYLED_ITEM('',(#2035),#1950,#1985);
#121=OVER_RIDING_STYLED_ITEM('',(#2036),#1951,#1985);
#122=OVER_RIDING_STYLED_ITEM('',(#2037),#1952,#1985);
#123=OVER_RIDING_STYLED_ITEM('',(#2038),#1953,#1985);
#124=OVER_RIDING_STYLED_ITEM('',(#2039),#1954,#1985);
#125=OVER_RIDING_STYLED_ITEM('',(#2040),#1955,#1985);
#126=OVER_RIDING_STYLED_ITEM('',(#2041),#1956,#1985);
#127=OVER_RIDING_STYLED_ITEM('',(#2042),#1957,#1985);
#128=OVER_RIDING_STYLED_ITEM('',(#2043),#1958,#1985);
#129=OVER_RIDING_STYLED_ITEM('',(#2044),#1959,#1985);
#130=OVER_RIDING_STYLED_ITEM('',(#2045),#1960,#1985);
#131=OVER_RIDING_STYLED_ITEM('',(#2046),#1961,#1985);
#132=OVER_RIDING_STYLED_ITEM('',(#2047),#1962,#1985);
#133=OVER_RIDING_STYLED_ITEM('',(#2048),#1963,#1985);
#134=OVER_RIDING_STYLED_ITEM('',(#2049),#1964,#1985);
#135=OVER_RIDING_STYLED_ITEM('',(#2050),#1965,#1985);
#136=OVER_RIDING_STYLED_ITEM('',(#2051),#1966,#1985);
#137=OVER_RIDING_STYLED_ITEM('',(#2052),#1967,#1985);
#138=OVER_RIDING_STYLED_ITEM('',(#2053),#1968,#1985);
#139=OVER_RIDING_STYLED_ITEM('',(#2054),#1969,#1985);
#140=OVER_RIDING_STYLED_ITEM('',(#2055),#1970,#1985);
#141=OVER_RIDING_STYLED_ITEM('',(#2056),#1971,#1985);
#142=OVER_RIDING_STYLED_ITEM('',(#2057),#1972,#1985);
#143=OVER_RIDING_STYLED_ITEM('',(#2058),#1973,#1985);
#144=OVER_RIDING_STYLED_ITEM('',(#2059),#1974,#1985);
#145=OVER_RIDING_STYLED_ITEM('',(#2060),#1975,#1985);
#146=OVER_RIDING_STYLED_ITEM('',(#2061),#1976,#1985);
#147=OVER_RIDING_STYLED_ITEM('',(#2062),#1977,#1985);
#148=OVER_RIDING_STYLED_ITEM('',(#2063),#1978,#1985);
#149=OVER_RIDING_STYLED_ITEM('',(#2064),#1983,#1985);
#150=ORIENTED_EDGE('',*,*,#626,.F.);
#151=ORIENTED_EDGE('',*,*,#627,.F.);
#152=ORIENTED_EDGE('',*,*,#628,.T.);
#153=ORIENTED_EDGE('',*,*,#629,.T.);
#154=ORIENTED_EDGE('',*,*,#630,.T.);
#155=ORIENTED_EDGE('',*,*,#631,.F.);
#156=ORIENTED_EDGE('',*,*,#632,.F.);
#157=ORIENTED_EDGE('',*,*,#627,.T.);
#158=ORIENTED_EDGE('',*,*,#633,.F.);
#159=ORIENTED_EDGE('',*,*,#629,.F.);
#160=ORIENTED_EDGE('',*,*,#634,.T.);
#161=ORIENTED_EDGE('',*,*,#635,.T.);
#162=ORIENTED_EDGE('',*,*,#636,.T.);
#163=ORIENTED_EDGE('',*,*,#635,.F.);
#164=ORIENTED_EDGE('',*,*,#637,.F.);
#165=ORIENTED_EDGE('',*,*,#631,.T.);
#166=ORIENTED_EDGE('',*,*,#634,.F.);
#167=ORIENTED_EDGE('',*,*,#628,.F.);
#168=ORIENTED_EDGE('',*,*,#632,.T.);
#169=ORIENTED_EDGE('',*,*,#637,.T.);
#170=ORIENTED_EDGE('',*,*,#638,.F.);
#171=ORIENTED_EDGE('',*,*,#639,.F.);
#172=ORIENTED_EDGE('',*,*,#640,.T.);
#173=ORIENTED_EDGE('',*,*,#641,.T.);
#174=ORIENTED_EDGE('',*,*,#642,.T.);
#175=ORIENTED_EDGE('',*,*,#643,.F.);
#176=ORIENTED_EDGE('',*,*,#644,.F.);
#177=ORIENTED_EDGE('',*,*,#639,.T.);
#178=ORIENTED_EDGE('',*,*,#645,.F.);
#179=ORIENTED_EDGE('',*,*,#641,.F.);
#180=ORIENTED_EDGE('',*,*,#646,.T.);
#181=ORIENTED_EDGE('',*,*,#647,.T.);
#182=ORIENTED_EDGE('',*,*,#648,.T.);
#183=ORIENTED_EDGE('',*,*,#647,.F.);
#184=ORIENTED_EDGE('',*,*,#649,.F.);
#185=ORIENTED_EDGE('',*,*,#643,.T.);
#186=ORIENTED_EDGE('',*,*,#646,.F.);
#187=ORIENTED_EDGE('',*,*,#640,.F.);
#188=ORIENTED_EDGE('',*,*,#644,.T.);
#189=ORIENTED_EDGE('',*,*,#649,.T.);
#190=ORIENTED_EDGE('',*,*,#650,.F.);
#191=ORIENTED_EDGE('',*,*,#651,.F.);
#192=ORIENTED_EDGE('',*,*,#652,.T.);
#193=ORIENTED_EDGE('',*,*,#653,.T.);
#194=ORIENTED_EDGE('',*,*,#654,.T.);
#195=ORIENTED_EDGE('',*,*,#655,.F.);
#196=ORIENTED_EDGE('',*,*,#656,.F.);
#197=ORIENTED_EDGE('',*,*,#651,.T.);
#198=ORIENTED_EDGE('',*,*,#657,.F.);
#199=ORIENTED_EDGE('',*,*,#653,.F.);
#200=ORIENTED_EDGE('',*,*,#658,.T.);
#201=ORIENTED_EDGE('',*,*,#659,.T.);
#202=ORIENTED_EDGE('',*,*,#660,.T.);
#203=ORIENTED_EDGE('',*,*,#659,.F.);
#204=ORIENTED_EDGE('',*,*,#661,.F.);
#205=ORIENTED_EDGE('',*,*,#655,.T.);
#206=ORIENTED_EDGE('',*,*,#658,.F.);
#207=ORIENTED_EDGE('',*,*,#652,.F.);
#208=ORIENTED_EDGE('',*,*,#656,.T.);
#209=ORIENTED_EDGE('',*,*,#661,.T.);
#210=ORIENTED_EDGE('',*,*,#662,.F.);
#211=ORIENTED_EDGE('',*,*,#663,.F.);
#212=ORIENTED_EDGE('',*,*,#664,.T.);
#213=ORIENTED_EDGE('',*,*,#665,.T.);
#214=ORIENTED_EDGE('',*,*,#666,.T.);
#215=ORIENTED_EDGE('',*,*,#667,.F.);
#216=ORIENTED_EDGE('',*,*,#668,.F.);
#217=ORIENTED_EDGE('',*,*,#663,.T.);
#218=ORIENTED_EDGE('',*,*,#669,.F.);
#219=ORIENTED_EDGE('',*,*,#665,.F.);
#220=ORIENTED_EDGE('',*,*,#670,.T.);
#221=ORIENTED_EDGE('',*,*,#671,.T.);
#222=ORIENTED_EDGE('',*,*,#672,.T.);
#223=ORIENTED_EDGE('',*,*,#671,.F.);
#224=ORIENTED_EDGE('',*,*,#673,.F.);
#225=ORIENTED_EDGE('',*,*,#667,.T.);
#226=ORIENTED_EDGE('',*,*,#670,.F.);
#227=ORIENTED_EDGE('',*,*,#664,.F.);
#228=ORIENTED_EDGE('',*,*,#668,.T.);
#229=ORIENTED_EDGE('',*,*,#673,.T.);
#230=ORIENTED_EDGE('',*,*,#674,.F.);
#231=ORIENTED_EDGE('',*,*,#675,.F.);
#232=ORIENTED_EDGE('',*,*,#676,.T.);
#233=ORIENTED_EDGE('',*,*,#677,.T.);
#234=ORIENTED_EDGE('',*,*,#678,.T.);
#235=ORIENTED_EDGE('',*,*,#679,.F.);
#236=ORIENTED_EDGE('',*,*,#680,.F.);
#237=ORIENTED_EDGE('',*,*,#675,.T.);
#238=ORIENTED_EDGE('',*,*,#681,.F.);
#239=ORIENTED_EDGE('',*,*,#677,.F.);
#240=ORIENTED_EDGE('',*,*,#682,.T.);
#241=ORIENTED_EDGE('',*,*,#683,.T.);
#242=ORIENTED_EDGE('',*,*,#684,.T.);
#243=ORIENTED_EDGE('',*,*,#683,.F.);
#244=ORIENTED_EDGE('',*,*,#685,.F.);
#245=ORIENTED_EDGE('',*,*,#679,.T.);
#246=ORIENTED_EDGE('',*,*,#682,.F.);
#247=ORIENTED_EDGE('',*,*,#676,.F.);
#248=ORIENTED_EDGE('',*,*,#680,.T.);
#249=ORIENTED_EDGE('',*,*,#685,.T.);
#250=ORIENTED_EDGE('',*,*,#686,.F.);
#251=ORIENTED_EDGE('',*,*,#687,.F.);
#252=ORIENTED_EDGE('',*,*,#688,.T.);
#253=ORIENTED_EDGE('',*,*,#689,.T.);
#254=ORIENTED_EDGE('',*,*,#690,.T.);
#255=ORIENTED_EDGE('',*,*,#691,.F.);
#256=ORIENTED_EDGE('',*,*,#692,.F.);
#257=ORIENTED_EDGE('',*,*,#687,.T.);
#258=ORIENTED_EDGE('',*,*,#693,.F.);
#259=ORIENTED_EDGE('',*,*,#689,.F.);
#260=ORIENTED_EDGE('',*,*,#694,.T.);
#261=ORIENTED_EDGE('',*,*,#695,.T.);
#262=ORIENTED_EDGE('',*,*,#696,.T.);
#263=ORIENTED_EDGE('',*,*,#695,.F.);
#264=ORIENTED_EDGE('',*,*,#697,.F.);
#265=ORIENTED_EDGE('',*,*,#691,.T.);
#266=ORIENTED_EDGE('',*,*,#694,.F.);
#267=ORIENTED_EDGE('',*,*,#688,.F.);
#268=ORIENTED_EDGE('',*,*,#692,.T.);
#269=ORIENTED_EDGE('',*,*,#697,.T.);
#270=ORIENTED_EDGE('',*,*,#698,.F.);
#271=ORIENTED_EDGE('',*,*,#699,.F.);
#272=ORIENTED_EDGE('',*,*,#700,.T.);
#273=ORIENTED_EDGE('',*,*,#701,.T.);
#274=ORIENTED_EDGE('',*,*,#702,.T.);
#275=ORIENTED_EDGE('',*,*,#703,.F.);
#276=ORIENTED_EDGE('',*,*,#704,.F.);
#277=ORIENTED_EDGE('',*,*,#699,.T.);
#278=ORIENTED_EDGE('',*,*,#705,.F.);
#279=ORIENTED_EDGE('',*,*,#701,.F.);
#280=ORIENTED_EDGE('',*,*,#706,.T.);
#281=ORIENTED_EDGE('',*,*,#707,.T.);
#282=ORIENTED_EDGE('',*,*,#708,.T.);
#283=ORIENTED_EDGE('',*,*,#707,.F.);
#284=ORIENTED_EDGE('',*,*,#709,.F.);
#285=ORIENTED_EDGE('',*,*,#703,.T.);
#286=ORIENTED_EDGE('',*,*,#706,.F.);
#287=ORIENTED_EDGE('',*,*,#700,.F.);
#288=ORIENTED_EDGE('',*,*,#704,.T.);
#289=ORIENTED_EDGE('',*,*,#709,.T.);
#290=ORIENTED_EDGE('',*,*,#710,.F.);
#291=ORIENTED_EDGE('',*,*,#711,.F.);
#292=ORIENTED_EDGE('',*,*,#712,.T.);
#293=ORIENTED_EDGE('',*,*,#713,.T.);
#294=ORIENTED_EDGE('',*,*,#714,.T.);
#295=ORIENTED_EDGE('',*,*,#715,.F.);
#296=ORIENTED_EDGE('',*,*,#716,.F.);
#297=ORIENTED_EDGE('',*,*,#711,.T.);
#298=ORIENTED_EDGE('',*,*,#717,.F.);
#299=ORIENTED_EDGE('',*,*,#713,.F.);
#300=ORIENTED_EDGE('',*,*,#718,.T.);
#301=ORIENTED_EDGE('',*,*,#719,.T.);
#302=ORIENTED_EDGE('',*,*,#720,.T.);
#303=ORIENTED_EDGE('',*,*,#719,.F.);
#304=ORIENTED_EDGE('',*,*,#721,.F.);
#305=ORIENTED_EDGE('',*,*,#715,.T.);
#306=ORIENTED_EDGE('',*,*,#718,.F.);
#307=ORIENTED_EDGE('',*,*,#712,.F.);
#308=ORIENTED_EDGE('',*,*,#716,.T.);
#309=ORIENTED_EDGE('',*,*,#721,.T.);
#310=ORIENTED_EDGE('',*,*,#722,.F.);
#311=ORIENTED_EDGE('',*,*,#723,.F.);
#312=ORIENTED_EDGE('',*,*,#724,.T.);
#313=ORIENTED_EDGE('',*,*,#725,.T.);
#314=ORIENTED_EDGE('',*,*,#726,.T.);
#315=ORIENTED_EDGE('',*,*,#727,.F.);
#316=ORIENTED_EDGE('',*,*,#728,.F.);
#317=ORIENTED_EDGE('',*,*,#723,.T.);
#318=ORIENTED_EDGE('',*,*,#729,.F.);
#319=ORIENTED_EDGE('',*,*,#725,.F.);
#320=ORIENTED_EDGE('',*,*,#730,.T.);
#321=ORIENTED_EDGE('',*,*,#731,.T.);
#322=ORIENTED_EDGE('',*,*,#732,.T.);
#323=ORIENTED_EDGE('',*,*,#731,.F.);
#324=ORIENTED_EDGE('',*,*,#733,.F.);
#325=ORIENTED_EDGE('',*,*,#727,.T.);
#326=ORIENTED_EDGE('',*,*,#730,.F.);
#327=ORIENTED_EDGE('',*,*,#724,.F.);
#328=ORIENTED_EDGE('',*,*,#728,.T.);
#329=ORIENTED_EDGE('',*,*,#733,.T.);
#330=ORIENTED_EDGE('',*,*,#626,.T.);
#331=ORIENTED_EDGE('',*,*,#633,.T.);
#332=ORIENTED_EDGE('',*,*,#636,.F.);
#333=ORIENTED_EDGE('',*,*,#630,.F.);
#334=ORIENTED_EDGE('',*,*,#638,.T.);
#335=ORIENTED_EDGE('',*,*,#645,.T.);
#336=ORIENTED_EDGE('',*,*,#648,.F.);
#337=ORIENTED_EDGE('',*,*,#642,.F.);
#338=ORIENTED_EDGE('',*,*,#650,.T.);
#339=ORIENTED_EDGE('',*,*,#657,.T.);
#340=ORIENTED_EDGE('',*,*,#660,.F.);
#341=ORIENTED_EDGE('',*,*,#654,.F.);
#342=ORIENTED_EDGE('',*,*,#662,.T.);
#343=ORIENTED_EDGE('',*,*,#669,.T.);
#344=ORIENTED_EDGE('',*,*,#672,.F.);
#345=ORIENTED_EDGE('',*,*,#666,.F.);
#346=ORIENTED_EDGE('',*,*,#674,.T.);
#347=ORIENTED_EDGE('',*,*,#681,.T.);
#348=ORIENTED_EDGE('',*,*,#684,.F.);
#349=ORIENTED_EDGE('',*,*,#678,.F.);
#350=ORIENTED_EDGE('',*,*,#686,.T.);
#351=ORIENTED_EDGE('',*,*,#693,.T.);
#352=ORIENTED_EDGE('',*,*,#696,.F.);
#353=ORIENTED_EDGE('',*,*,#690,.F.);
#354=ORIENTED_EDGE('',*,*,#698,.T.);
#355=ORIENTED_EDGE('',*,*,#705,.T.);
#356=ORIENTED_EDGE('',*,*,#708,.F.);
#357=ORIENTED_EDGE('',*,*,#702,.F.);
#358=ORIENTED_EDGE('',*,*,#710,.T.);
#359=ORIENTED_EDGE('',*,*,#717,.T.);
#360=ORIENTED_EDGE('',*,*,#720,.F.);
#361=ORIENTED_EDGE('',*,*,#714,.F.);
#362=ORIENTED_EDGE('',*,*,#722,.T.);
#363=ORIENTED_EDGE('',*,*,#729,.T.);
#364=ORIENTED_EDGE('',*,*,#732,.F.);
#365=ORIENTED_EDGE('',*,*,#726,.F.);
#366=ORIENTED_EDGE('',*,*,#734,.F.);
#367=ORIENTED_EDGE('',*,*,#735,.T.);
#368=ORIENTED_EDGE('',*,*,#736,.T.);
#369=ORIENTED_EDGE('',*,*,#737,.T.);
#370=ORIENTED_EDGE('',*,*,#738,.F.);
#371=ORIENTED_EDGE('',*,*,#739,.T.);
#372=ORIENTED_EDGE('',*,*,#740,.T.);
#373=ORIENTED_EDGE('',*,*,#741,.F.);
#374=ORIENTED_EDGE('',*,*,#742,.F.);
#375=ORIENTED_EDGE('',*,*,#743,.F.);
#376=ORIENTED_EDGE('',*,*,#744,.T.);
#377=ORIENTED_EDGE('',*,*,#743,.T.);
#378=ORIENTED_EDGE('',*,*,#745,.F.);
#379=ORIENTED_EDGE('',*,*,#746,.T.);
#380=ORIENTED_EDGE('',*,*,#745,.T.);
#381=ORIENTED_EDGE('',*,*,#747,.F.);
#382=ORIENTED_EDGE('',*,*,#748,.T.);
#383=ORIENTED_EDGE('',*,*,#747,.T.);
#384=ORIENTED_EDGE('',*,*,#749,.F.);
#385=ORIENTED_EDGE('',*,*,#750,.T.);
#386=ORIENTED_EDGE('',*,*,#749,.T.);
#387=ORIENTED_EDGE('',*,*,#751,.F.);
#388=ORIENTED_EDGE('',*,*,#752,.T.);
#389=ORIENTED_EDGE('',*,*,#751,.T.);
#390=ORIENTED_EDGE('',*,*,#753,.F.);
#391=ORIENTED_EDGE('',*,*,#754,.T.);
#392=ORIENTED_EDGE('',*,*,#753,.T.);
#393=ORIENTED_EDGE('',*,*,#755,.F.);
#394=ORIENTED_EDGE('',*,*,#756,.T.);
#395=ORIENTED_EDGE('',*,*,#755,.T.);
#396=ORIENTED_EDGE('',*,*,#757,.F.);
#397=ORIENTED_EDGE('',*,*,#758,.T.);
#398=ORIENTED_EDGE('',*,*,#757,.T.);
#399=ORIENTED_EDGE('',*,*,#759,.F.);
#400=ORIENTED_EDGE('',*,*,#760,.T.);
#401=ORIENTED_EDGE('',*,*,#759,.T.);
#402=ORIENTED_EDGE('',*,*,#761,.F.);
#403=ORIENTED_EDGE('',*,*,#762,.T.);
#404=ORIENTED_EDGE('',*,*,#761,.T.);
#405=ORIENTED_EDGE('',*,*,#763,.F.);
#406=ORIENTED_EDGE('',*,*,#764,.T.);
#407=ORIENTED_EDGE('',*,*,#763,.T.);
#408=ORIENTED_EDGE('',*,*,#765,.F.);
#409=ORIENTED_EDGE('',*,*,#766,.T.);
#410=ORIENTED_EDGE('',*,*,#765,.T.);
#411=ORIENTED_EDGE('',*,*,#767,.F.);
#412=ORIENTED_EDGE('',*,*,#768,.T.);
#413=ORIENTED_EDGE('',*,*,#767,.T.);
#414=ORIENTED_EDGE('',*,*,#769,.F.);
#415=ORIENTED_EDGE('',*,*,#770,.T.);
#416=ORIENTED_EDGE('',*,*,#769,.T.);
#417=ORIENTED_EDGE('',*,*,#771,.F.);
#418=ORIENTED_EDGE('',*,*,#772,.T.);
#419=ORIENTED_EDGE('',*,*,#771,.T.);
#420=ORIENTED_EDGE('',*,*,#773,.F.);
#421=ORIENTED_EDGE('',*,*,#774,.T.);
#422=ORIENTED_EDGE('',*,*,#773,.T.);
#423=ORIENTED_EDGE('',*,*,#775,.F.);
#424=ORIENTED_EDGE('',*,*,#776,.T.);
#425=ORIENTED_EDGE('',*,*,#775,.T.);
#426=ORIENTED_EDGE('',*,*,#777,.F.);
#427=ORIENTED_EDGE('',*,*,#778,.T.);
#428=ORIENTED_EDGE('',*,*,#777,.T.);
#429=ORIENTED_EDGE('',*,*,#779,.F.);
#430=ORIENTED_EDGE('',*,*,#780,.T.);
#431=ORIENTED_EDGE('',*,*,#779,.T.);
#432=ORIENTED_EDGE('',*,*,#781,.F.);
#433=ORIENTED_EDGE('',*,*,#782,.T.);
#434=ORIENTED_EDGE('',*,*,#783,.F.);
#435=ORIENTED_EDGE('',*,*,#784,.F.);
#436=ORIENTED_EDGE('',*,*,#785,.F.);
#437=ORIENTED_EDGE('',*,*,#786,.F.);
#438=ORIENTED_EDGE('',*,*,#787,.F.);
#439=ORIENTED_EDGE('',*,*,#788,.T.);
#440=ORIENTED_EDGE('',*,*,#789,.F.);
#441=ORIENTED_EDGE('',*,*,#790,.T.);
#442=ORIENTED_EDGE('',*,*,#791,.F.);
#443=ORIENTED_EDGE('',*,*,#792,.F.);
#444=ORIENTED_EDGE('',*,*,#793,.F.);
#445=ORIENTED_EDGE('',*,*,#794,.T.);
#446=ORIENTED_EDGE('',*,*,#795,.T.);
#447=ORIENTED_EDGE('',*,*,#796,.T.);
#448=ORIENTED_EDGE('',*,*,#797,.T.);
#449=ORIENTED_EDGE('',*,*,#798,.T.);
#450=ORIENTED_EDGE('',*,*,#783,.T.);
#451=ORIENTED_EDGE('',*,*,#799,.T.);
#452=ORIENTED_EDGE('',*,*,#800,.F.);
#453=ORIENTED_EDGE('',*,*,#801,.F.);
#454=ORIENTED_EDGE('',*,*,#802,.F.);
#455=ORIENTED_EDGE('',*,*,#803,.F.);
#456=ORIENTED_EDGE('',*,*,#804,.T.);
#457=ORIENTED_EDGE('',*,*,#805,.T.);
#458=ORIENTED_EDGE('',*,*,#806,.F.);
#459=ORIENTED_EDGE('',*,*,#797,.F.);
#460=ORIENTED_EDGE('',*,*,#807,.F.);
#461=ORIENTED_EDGE('',*,*,#808,.T.);
#462=ORIENTED_EDGE('',*,*,#809,.T.);
#463=ORIENTED_EDGE('',*,*,#810,.T.);
#464=ORIENTED_EDGE('',*,*,#811,.F.);
#465=ORIENTED_EDGE('',*,*,#812,.T.);
#466=ORIENTED_EDGE('',*,*,#813,.T.);
#467=ORIENTED_EDGE('',*,*,#814,.T.);
#468=ORIENTED_EDGE('',*,*,#809,.F.);
#469=ORIENTED_EDGE('',*,*,#815,.T.);
#470=ORIENTED_EDGE('',*,*,#816,.F.);
#471=ORIENTED_EDGE('',*,*,#817,.F.);
#472=ORIENTED_EDGE('',*,*,#803,.T.);
#473=ORIENTED_EDGE('',*,*,#818,.T.);
#474=ORIENTED_EDGE('',*,*,#819,.F.);
#475=ORIENTED_EDGE('',*,*,#820,.T.);
#476=ORIENTED_EDGE('',*,*,#785,.T.);
#477=ORIENTED_EDGE('',*,*,#821,.T.);
#478=ORIENTED_EDGE('',*,*,#735,.F.);
#479=ORIENTED_EDGE('',*,*,#822,.F.);
#480=ORIENTED_EDGE('',*,*,#789,.T.);
#481=ORIENTED_EDGE('',*,*,#823,.F.);
#482=ORIENTED_EDGE('',*,*,#812,.F.);
#483=ORIENTED_EDGE('',*,*,#824,.T.);
#484=ORIENTED_EDGE('',*,*,#807,.T.);
#485=ORIENTED_EDGE('',*,*,#796,.F.);
#486=ORIENTED_EDGE('',*,*,#825,.T.);
#487=ORIENTED_EDGE('',*,*,#738,.T.);
#488=ORIENTED_EDGE('',*,*,#826,.F.);
#489=ORIENTED_EDGE('',*,*,#815,.F.);
#490=ORIENTED_EDGE('',*,*,#784,.T.);
#491=ORIENTED_EDGE('',*,*,#801,.T.);
#492=ORIENTED_EDGE('',*,*,#827,.F.);
#493=ORIENTED_EDGE('',*,*,#804,.F.);
#494=ORIENTED_EDGE('',*,*,#817,.T.);
#495=ORIENTED_EDGE('',*,*,#828,.T.);
#496=ORIENTED_EDGE('',*,*,#736,.F.);
#497=ORIENTED_EDGE('',*,*,#821,.F.);
#498=ORIENTED_EDGE('',*,*,#829,.F.);
#499=ORIENTED_EDGE('',*,*,#830,.T.);
#500=ORIENTED_EDGE('',*,*,#790,.F.);
#501=ORIENTED_EDGE('',*,*,#822,.T.);
#502=ORIENTED_EDGE('',*,*,#734,.T.);
#503=ORIENTED_EDGE('',*,*,#825,.F.);
#504=ORIENTED_EDGE('',*,*,#795,.F.);
#505=ORIENTED_EDGE('',*,*,#831,.F.);
#506=ORIENTED_EDGE('',*,*,#737,.F.);
#507=ORIENTED_EDGE('',*,*,#828,.F.);
#508=ORIENTED_EDGE('',*,*,#816,.T.);
#509=ORIENTED_EDGE('',*,*,#826,.T.);
#510=ORIENTED_EDGE('',*,*,#832,.F.);
#511=ORIENTED_EDGE('',*,*,#791,.T.);
#512=ORIENTED_EDGE('',*,*,#830,.F.);
#513=ORIENTED_EDGE('',*,*,#833,.F.);
#514=ORIENTED_EDGE('',*,*,#762,.F.);
#515=ORIENTED_EDGE('',*,*,#760,.F.);
#516=ORIENTED_EDGE('',*,*,#758,.F.);
#517=ORIENTED_EDGE('',*,*,#756,.F.);
#518=ORIENTED_EDGE('',*,*,#754,.F.);
#519=ORIENTED_EDGE('',*,*,#752,.F.);
#520=ORIENTED_EDGE('',*,*,#750,.F.);
#521=ORIENTED_EDGE('',*,*,#748,.F.);
#522=ORIENTED_EDGE('',*,*,#746,.F.);
#523=ORIENTED_EDGE('',*,*,#744,.F.);
#524=ORIENTED_EDGE('',*,*,#764,.F.);
#525=ORIENTED_EDGE('',*,*,#766,.F.);
#526=ORIENTED_EDGE('',*,*,#768,.F.);
#527=ORIENTED_EDGE('',*,*,#770,.F.);
#528=ORIENTED_EDGE('',*,*,#772,.F.);
#529=ORIENTED_EDGE('',*,*,#774,.F.);
#530=ORIENTED_EDGE('',*,*,#776,.F.);
#531=ORIENTED_EDGE('',*,*,#778,.F.);
#532=ORIENTED_EDGE('',*,*,#780,.F.);
#533=ORIENTED_EDGE('',*,*,#834,.F.);
#534=ORIENTED_EDGE('',*,*,#835,.F.);
#535=ORIENTED_EDGE('',*,*,#836,.T.);
#536=ORIENTED_EDGE('',*,*,#837,.F.);
#537=ORIENTED_EDGE('',*,*,#808,.F.);
#538=ORIENTED_EDGE('',*,*,#824,.F.);
#539=ORIENTED_EDGE('',*,*,#811,.T.);
#540=ORIENTED_EDGE('',*,*,#838,.F.);
#541=ORIENTED_EDGE('',*,*,#839,.F.);
#542=ORIENTED_EDGE('',*,*,#840,.F.);
#543=ORIENTED_EDGE('',*,*,#805,.F.);
#544=ORIENTED_EDGE('',*,*,#827,.T.);
#545=ORIENTED_EDGE('',*,*,#800,.T.);
#546=ORIENTED_EDGE('',*,*,#841,.F.);
#547=ORIENTED_EDGE('',*,*,#842,.T.);
#548=ORIENTED_EDGE('',*,*,#843,.T.);
#549=ORIENTED_EDGE('',*,*,#819,.T.);
#550=ORIENTED_EDGE('',*,*,#844,.F.);
#551=ORIENTED_EDGE('',*,*,#845,.T.);
#552=ORIENTED_EDGE('',*,*,#846,.T.);
#553=ORIENTED_EDGE('',*,*,#833,.T.);
#554=ORIENTED_EDGE('',*,*,#829,.T.);
#555=ORIENTED_EDGE('',*,*,#794,.F.);
#556=ORIENTED_EDGE('',*,*,#847,.T.);
#557=ORIENTED_EDGE('',*,*,#835,.T.);
#558=ORIENTED_EDGE('',*,*,#831,.T.);
#559=ORIENTED_EDGE('',*,*,#848,.F.);
#560=ORIENTED_EDGE('',*,*,#786,.T.);
#561=ORIENTED_EDGE('',*,*,#820,.F.);
#562=ORIENTED_EDGE('',*,*,#843,.F.);
#563=ORIENTED_EDGE('',*,*,#788,.F.);
#564=ORIENTED_EDGE('',*,*,#849,.T.);
#565=ORIENTED_EDGE('',*,*,#844,.T.);
#566=ORIENTED_EDGE('',*,*,#823,.T.);
#567=ORIENTED_EDGE('',*,*,#787,.T.);
#568=ORIENTED_EDGE('',*,*,#850,.F.);
#569=ORIENTED_EDGE('',*,*,#845,.F.);
#570=ORIENTED_EDGE('',*,*,#849,.F.);
#571=ORIENTED_EDGE('',*,*,#832,.T.);
#572=ORIENTED_EDGE('',*,*,#846,.F.);
#573=ORIENTED_EDGE('',*,*,#850,.T.);
#574=ORIENTED_EDGE('',*,*,#792,.T.);
#575=ORIENTED_EDGE('',*,*,#848,.T.);
#576=ORIENTED_EDGE('',*,*,#842,.F.);
#577=ORIENTED_EDGE('',*,*,#851,.T.);
#578=ORIENTED_EDGE('',*,*,#781,.T.);
#579=ORIENTED_EDGE('',*,*,#782,.F.);
#580=ORIENTED_EDGE('',*,*,#851,.F.);
#581=ORIENTED_EDGE('',*,*,#841,.T.);
#582=ORIENTED_EDGE('',*,*,#799,.F.);
#583=ORIENTED_EDGE('',*,*,#802,.T.);
#584=ORIENTED_EDGE('',*,*,#840,.T.);
#585=ORIENTED_EDGE('',*,*,#852,.T.);
#586=ORIENTED_EDGE('',*,*,#818,.F.);
#587=ORIENTED_EDGE('',*,*,#814,.F.);
#588=ORIENTED_EDGE('',*,*,#853,.F.);
#589=ORIENTED_EDGE('',*,*,#838,.T.);
#590=ORIENTED_EDGE('',*,*,#810,.F.);
#591=ORIENTED_EDGE('',*,*,#813,.F.);
#592=ORIENTED_EDGE('',*,*,#852,.F.);
#593=ORIENTED_EDGE('',*,*,#839,.T.);
#594=ORIENTED_EDGE('',*,*,#853,.T.);
#595=ORIENTED_EDGE('',*,*,#793,.T.);
#596=ORIENTED_EDGE('',*,*,#854,.F.);
#597=ORIENTED_EDGE('',*,*,#836,.F.);
#598=ORIENTED_EDGE('',*,*,#847,.F.);
#599=ORIENTED_EDGE('',*,*,#806,.T.);
#600=ORIENTED_EDGE('',*,*,#837,.T.);
#601=ORIENTED_EDGE('',*,*,#854,.T.);
#602=ORIENTED_EDGE('',*,*,#798,.F.);
#603=ORIENTED_EDGE('',*,*,#855,.F.);
#604=ORIENTED_EDGE('',*,*,#834,.T.);
#605=ORIENTED_EDGE('',*,*,#855,.T.);
#606=ORIENTED_EDGE('',*,*,#740,.F.);
#607=ORIENTED_EDGE('',*,*,#856,.F.);
#608=ORIENTED_EDGE('',*,*,#857,.T.);
#609=ORIENTED_EDGE('',*,*,#858,.T.);
#610=ORIENTED_EDGE('',*,*,#739,.F.);
#611=ORIENTED_EDGE('',*,*,#859,.F.);
#612=ORIENTED_EDGE('',*,*,#860,.T.);
#613=ORIENTED_EDGE('',*,*,#856,.T.);
#614=ORIENTED_EDGE('',*,*,#742,.T.);
#615=ORIENTED_EDGE('',*,*,#861,.F.);
#616=ORIENTED_EDGE('',*,*,#862,.F.);
#617=ORIENTED_EDGE('',*,*,#859,.T.);
#618=ORIENTED_EDGE('',*,*,#741,.T.);
#619=ORIENTED_EDGE('',*,*,#858,.F.);
#620=ORIENTED_EDGE('',*,*,#863,.F.);
#621=ORIENTED_EDGE('',*,*,#861,.T.);
#622=ORIENTED_EDGE('',*,*,#857,.F.);
#623=ORIENTED_EDGE('',*,*,#860,.F.);
#624=ORIENTED_EDGE('',*,*,#862,.T.);
#625=ORIENTED_EDGE('',*,*,#863,.T.);
#626=EDGE_CURVE('',#864,#865,#1036,.T.);
#627=EDGE_CURVE('',#866,#864,#1037,.T.);
#628=EDGE_CURVE('',#866,#867,#1038,.T.);
#629=EDGE_CURVE('',#867,#865,#1039,.T.);
#630=EDGE_CURVE('',#864,#868,#1040,.T.);
#631=EDGE_CURVE('',#869,#868,#1041,.T.);
#632=EDGE_CURVE('',#866,#869,#1042,.T.);
#633=EDGE_CURVE('',#865,#870,#1043,.T.);
#634=EDGE_CURVE('',#867,#871,#1044,.T.);
#635=EDGE_CURVE('',#871,#870,#1045,.T.);
#636=EDGE_CURVE('',#868,#870,#1046,.T.);
#637=EDGE_CURVE('',#869,#871,#1047,.T.);
#638=EDGE_CURVE('',#872,#873,#1048,.T.);
#639=EDGE_CURVE('',#874,#872,#1049,.T.);
#640=EDGE_CURVE('',#874,#875,#1050,.T.);
#641=EDGE_CURVE('',#875,#873,#1051,.T.);
#642=EDGE_CURVE('',#872,#876,#1052,.T.);
#643=EDGE_CURVE('',#877,#876,#1053,.T.);
#644=EDGE_CURVE('',#874,#877,#1054,.T.);
#645=EDGE_CURVE('',#873,#878,#1055,.T.);
#646=EDGE_CURVE('',#875,#879,#1056,.T.);
#647=EDGE_CURVE('',#879,#878,#1057,.T.);
#648=EDGE_CURVE('',#876,#878,#1058,.T.);
#649=EDGE_CURVE('',#877,#879,#1059,.T.);
#650=EDGE_CURVE('',#880,#881,#1060,.T.);
#651=EDGE_CURVE('',#882,#880,#1061,.T.);
#652=EDGE_CURVE('',#882,#883,#1062,.T.);
#653=EDGE_CURVE('',#883,#881,#1063,.T.);
#654=EDGE_CURVE('',#880,#884,#1064,.T.);
#655=EDGE_CURVE('',#885,#884,#1065,.T.);
#656=EDGE_CURVE('',#882,#885,#1066,.T.);
#657=EDGE_CURVE('',#881,#886,#1067,.T.);
#658=EDGE_CURVE('',#883,#887,#1068,.T.);
#659=EDGE_CURVE('',#887,#886,#1069,.T.);
#660=EDGE_CURVE('',#884,#886,#1070,.T.);
#661=EDGE_CURVE('',#885,#887,#1071,.T.);
#662=EDGE_CURVE('',#888,#889,#1072,.T.);
#663=EDGE_CURVE('',#890,#888,#1073,.T.);
#664=EDGE_CURVE('',#890,#891,#1074,.T.);
#665=EDGE_CURVE('',#891,#889,#1075,.T.);
#666=EDGE_CURVE('',#888,#892,#1076,.T.);
#667=EDGE_CURVE('',#893,#892,#1077,.T.);
#668=EDGE_CURVE('',#890,#893,#1078,.T.);
#669=EDGE_CURVE('',#889,#894,#1079,.T.);
#670=EDGE_CURVE('',#891,#895,#1080,.T.);
#671=EDGE_CURVE('',#895,#894,#1081,.T.);
#672=EDGE_CURVE('',#892,#894,#1082,.T.);
#673=EDGE_CURVE('',#893,#895,#1083,.T.);
#674=EDGE_CURVE('',#896,#897,#1084,.T.);
#675=EDGE_CURVE('',#898,#896,#1085,.T.);
#676=EDGE_CURVE('',#898,#899,#1086,.T.);
#677=EDGE_CURVE('',#899,#897,#1087,.T.);
#678=EDGE_CURVE('',#896,#900,#1088,.T.);
#679=EDGE_CURVE('',#901,#900,#1089,.T.);
#680=EDGE_CURVE('',#898,#901,#1090,.T.);
#681=EDGE_CURVE('',#897,#902,#1091,.T.);
#682=EDGE_CURVE('',#899,#903,#1092,.T.);
#683=EDGE_CURVE('',#903,#902,#1093,.T.);
#684=EDGE_CURVE('',#900,#902,#1094,.T.);
#685=EDGE_CURVE('',#901,#903,#1095,.T.);
#686=EDGE_CURVE('',#904,#905,#1096,.T.);
#687=EDGE_CURVE('',#906,#904,#1097,.T.);
#688=EDGE_CURVE('',#906,#907,#1098,.T.);
#689=EDGE_CURVE('',#907,#905,#1099,.T.);
#690=EDGE_CURVE('',#904,#908,#1100,.T.);
#691=EDGE_CURVE('',#909,#908,#1101,.T.);
#692=EDGE_CURVE('',#906,#909,#1102,.T.);
#693=EDGE_CURVE('',#905,#910,#1103,.T.);
#694=EDGE_CURVE('',#907,#911,#1104,.T.);
#695=EDGE_CURVE('',#911,#910,#1105,.T.);
#696=EDGE_CURVE('',#908,#910,#1106,.T.);
#697=EDGE_CURVE('',#909,#911,#1107,.T.);
#698=EDGE_CURVE('',#912,#913,#1108,.T.);
#699=EDGE_CURVE('',#914,#912,#1109,.T.);
#700=EDGE_CURVE('',#914,#915,#1110,.T.);
#701=EDGE_CURVE('',#915,#913,#1111,.T.);
#702=EDGE_CURVE('',#912,#916,#1112,.T.);
#703=EDGE_CURVE('',#917,#916,#1113,.T.);
#704=EDGE_CURVE('',#914,#917,#1114,.T.);
#705=EDGE_CURVE('',#913,#918,#1115,.T.);
#706=EDGE_CURVE('',#915,#919,#1116,.T.);
#707=EDGE_CURVE('',#919,#918,#1117,.T.);
#708=EDGE_CURVE('',#916,#918,#1118,.T.);
#709=EDGE_CURVE('',#917,#919,#1119,.T.);
#710=EDGE_CURVE('',#920,#921,#1120,.T.);
#711=EDGE_CURVE('',#922,#920,#1121,.T.);
#712=EDGE_CURVE('',#922,#923,#1122,.T.);
#713=EDGE_CURVE('',#923,#921,#1123,.T.);
#714=EDGE_CURVE('',#920,#924,#1124,.T.);
#715=EDGE_CURVE('',#925,#924,#1125,.T.);
#716=EDGE_CURVE('',#922,#925,#1126,.T.);
#717=EDGE_CURVE('',#921,#926,#1127,.T.);
#718=EDGE_CURVE('',#923,#927,#1128,.T.);
#719=EDGE_CURVE('',#927,#926,#1129,.T.);
#720=EDGE_CURVE('',#924,#926,#1130,.T.);
#721=EDGE_CURVE('',#925,#927,#1131,.T.);
#722=EDGE_CURVE('',#928,#929,#1132,.T.);
#723=EDGE_CURVE('',#930,#928,#1133,.T.);
#724=EDGE_CURVE('',#930,#931,#1134,.T.);
#725=EDGE_CURVE('',#931,#929,#1135,.T.);
#726=EDGE_CURVE('',#928,#932,#1136,.T.);
#727=EDGE_CURVE('',#933,#932,#1137,.T.);
#728=EDGE_CURVE('',#930,#933,#1138,.T.);
#729=EDGE_CURVE('',#929,#934,#1139,.T.);
#730=EDGE_CURVE('',#931,#935,#1140,.T.);
#731=EDGE_CURVE('',#935,#934,#1141,.T.);
#732=EDGE_CURVE('',#932,#934,#1142,.T.);
#733=EDGE_CURVE('',#933,#935,#1143,.T.);
#734=EDGE_CURVE('',#936,#937,#1144,.T.);
#735=EDGE_CURVE('',#936,#938,#1145,.T.);
#736=EDGE_CURVE('',#938,#939,#1146,.T.);
#737=EDGE_CURVE('',#939,#940,#1147,.T.);
#738=EDGE_CURVE('',#937,#940,#1148,.T.);
#739=EDGE_CURVE('',#941,#942,#1149,.T.);
#740=EDGE_CURVE('',#942,#943,#1150,.T.);
#741=EDGE_CURVE('',#944,#943,#1151,.T.);
#742=EDGE_CURVE('',#941,#944,#1152,.T.);
#743=EDGE_CURVE('',#945,#945,#12,.T.);
#744=EDGE_CURVE('',#946,#946,#13,.F.);
#745=EDGE_CURVE('',#947,#947,#14,.T.);
#746=EDGE_CURVE('',#948,#948,#15,.F.);
#747=EDGE_CURVE('',#949,#949,#16,.T.);
#748=EDGE_CURVE('',#950,#950,#17,.F.);
#749=EDGE_CURVE('',#951,#951,#18,.T.);
#750=EDGE_CURVE('',#952,#952,#19,.F.);
#751=EDGE_CURVE('',#953,#953,#20,.T.);
#752=EDGE_CURVE('',#954,#954,#21,.F.);
#753=EDGE_CURVE('',#955,#955,#22,.T.);
#754=EDGE_CURVE('',#956,#956,#23,.F.);
#755=EDGE_CURVE('',#957,#957,#24,.T.);
#756=EDGE_CURVE('',#958,#958,#25,.F.);
#757=EDGE_CURVE('',#959,#959,#26,.T.);
#758=EDGE_CURVE('',#960,#960,#27,.F.);
#759=EDGE_CURVE('',#961,#961,#28,.T.);
#760=EDGE_CURVE('',#962,#962,#29,.F.);
#761=EDGE_CURVE('',#963,#963,#30,.T.);
#762=EDGE_CURVE('',#964,#964,#31,.F.);
#763=EDGE_CURVE('',#965,#965,#32,.T.);
#764=EDGE_CURVE('',#966,#966,#33,.F.);
#765=EDGE_CURVE('',#967,#967,#34,.T.);
#766=EDGE_CURVE('',#968,#968,#35,.F.);
#767=EDGE_CURVE('',#969,#969,#36,.T.);
#768=EDGE_CURVE('',#970,#970,#37,.F.);
#769=EDGE_CURVE('',#971,#971,#38,.T.);
#770=EDGE_CURVE('',#972,#972,#39,.F.);
#771=EDGE_CURVE('',#973,#973,#40,.T.);
#772=EDGE_CURVE('',#974,#974,#41,.F.);
#773=EDGE_CURVE('',#975,#975,#42,.T.);
#774=EDGE_CURVE('',#976,#976,#43,.F.);
#775=EDGE_CURVE('',#977,#977,#44,.T.);
#776=EDGE_CURVE('',#978,#978,#45,.F.);
#777=EDGE_CURVE('',#979,#979,#46,.T.);
#778=EDGE_CURVE('',#980,#980,#47,.F.);
#779=EDGE_CURVE('',#981,#981,#48,.T.);
#780=EDGE_CURVE('',#982,#982,#49,.F.);
#781=EDGE_CURVE('',#983,#984,#1153,.T.);
#782=EDGE_CURVE('',#983,#985,#1154,.T.);
#783=EDGE_CURVE('',#986,#985,#1155,.T.);
#784=EDGE_CURVE('',#987,#986,#1156,.T.);
#785=EDGE_CURVE('',#988,#987,#1157,.T.);
#786=EDGE_CURVE('',#984,#988,#1158,.T.);
#787=EDGE_CURVE('',#989,#990,#1159,.T.);
#788=EDGE_CURVE('',#989,#991,#1160,.T.);
#789=EDGE_CURVE('',#992,#991,#1161,.T.);
#790=EDGE_CURVE('',#992,#993,#1162,.T.);
#791=EDGE_CURVE('',#994,#993,#1163,.T.);
#792=EDGE_CURVE('',#990,#994,#1164,.T.);
#793=EDGE_CURVE('',#995,#996,#1165,.T.);
#794=EDGE_CURVE('',#995,#997,#1166,.T.);
#795=EDGE_CURVE('',#997,#998,#1167,.T.);
#796=EDGE_CURVE('',#998,#999,#1168,.T.);
#797=EDGE_CURVE('',#999,#1000,#1169,.T.);
#798=EDGE_CURVE('',#1000,#996,#1170,.T.);
#799=EDGE_CURVE('',#985,#1001,#1171,.T.);
#800=EDGE_CURVE('',#1002,#1001,#1172,.T.);
#801=EDGE_CURVE('',#986,#1002,#1173,.T.);
#802=EDGE_CURVE('',#1003,#1004,#1174,.T.);
#803=EDGE_CURVE('',#1005,#1003,#1175,.T.);
#804=EDGE_CURVE('',#1005,#1006,#1176,.T.);
#805=EDGE_CURVE('',#1006,#1004,#1177,.T.);
#806=EDGE_CURVE('',#1000,#1007,#1178,.T.);
#807=EDGE_CURVE('',#1008,#999,#1179,.T.);
#808=EDGE_CURVE('',#1008,#1007,#1180,.T.);
#809=EDGE_CURVE('',#1009,#1010,#1181,.T.);
#810=EDGE_CURVE('',#1010,#1011,#1182,.T.);
#811=EDGE_CURVE('',#1012,#1011,#1183,.T.);
#812=EDGE_CURVE('',#1012,#1009,#1184,.T.);
#813=EDGE_CURVE('',#1013,#1014,#1185,.T.);
#814=EDGE_CURVE('',#1014,#1010,#1186,.T.);
#815=EDGE_CURVE('',#1009,#1015,#1187,.T.);
#816=EDGE_CURVE('',#1016,#1015,#1188,.T.);
#817=EDGE_CURVE('',#1005,#1016,#1189,.T.);
#818=EDGE_CURVE('',#1003,#1013,#1190,.T.);
#819=EDGE_CURVE('',#1017,#1018,#1191,.T.);
#820=EDGE_CURVE('',#1017,#988,#1192,.T.);
#821=EDGE_CURVE('',#987,#938,#1193,.T.);
#822=EDGE_CURVE('',#992,#936,#1194,.T.);
#823=EDGE_CURVE('',#1018,#991,#1195,.T.);
#824=EDGE_CURVE('',#1012,#1008,#1196,.T.);
#825=EDGE_CURVE('',#998,#937,#1197,.T.);
#826=EDGE_CURVE('',#1015,#940,#1198,.T.);
#827=EDGE_CURVE('',#1006,#1002,#1199,.T.);
#828=EDGE_CURVE('',#1016,#939,#1200,.T.);
#829=EDGE_CURVE('',#1019,#1020,#1201,.T.);
#830=EDGE_CURVE('',#1019,#993,#1202,.T.);
#831=EDGE_CURVE('',#1020,#997,#1203,.T.);
#832=EDGE_CURVE('',#994,#1021,#1204,.T.);
#833=EDGE_CURVE('',#1021,#1019,#1205,.T.);
#834=EDGE_CURVE('',#1022,#1022,#50,.F.);
#835=EDGE_CURVE('',#1023,#1020,#1206,.T.);
#836=EDGE_CURVE('',#1023,#1024,#1207,.T.);
#837=EDGE_CURVE('',#1007,#1024,#1208,.T.);
#838=EDGE_CURVE('',#1025,#1011,#1209,.T.);
#839=EDGE_CURVE('',#1026,#1025,#1210,.T.);
#840=EDGE_CURVE('',#1004,#1026,#1211,.T.);
#841=EDGE_CURVE('',#1027,#1001,#1212,.T.);
#842=EDGE_CURVE('',#1027,#1028,#1213,.T.);
#843=EDGE_CURVE('',#1028,#1017,#1214,.T.);
#844=EDGE_CURVE('',#1029,#1018,#1215,.T.);
#845=EDGE_CURVE('',#1029,#1030,#1216,.T.);
#846=EDGE_CURVE('',#1030,#1021,#1217,.T.);
#847=EDGE_CURVE('',#995,#1023,#1218,.T.);
#848=EDGE_CURVE('',#984,#1028,#1219,.T.);
#849=EDGE_CURVE('',#989,#1029,#1220,.T.);
#850=EDGE_CURVE('',#1030,#990,#1221,.T.);
#851=EDGE_CURVE('',#1027,#983,#1222,.T.);
#852=EDGE_CURVE('',#1026,#1013,#1223,.T.);
#853=EDGE_CURVE('',#1025,#1014,#1224,.T.);
#854=EDGE_CURVE('',#1024,#996,#1225,.T.);
#855=EDGE_CURVE('',#1031,#1031,#51,.T.);
#856=EDGE_CURVE('',#1032,#942,#1226,.T.);
#857=EDGE_CURVE('',#1032,#1033,#1227,.T.);
#858=EDGE_CURVE('',#1033,#943,#1228,.T.);
#859=EDGE_CURVE('',#1034,#941,#1229,.T.);
#860=EDGE_CURVE('',#1034,#1032,#1230,.T.);
#861=EDGE_CURVE('',#1035,#944,#1231,.T.);
#862=EDGE_CURVE('',#1034,#1035,#1232,.T.);
#863=EDGE_CURVE('',#1035,#1033,#1233,.T.);
#864=VERTEX_POINT('',#3144);
#865=VERTEX_POINT('',#3145);
#866=VERTEX_POINT('',#3147);
#867=VERTEX_POINT('',#3149);
#868=VERTEX_POINT('',#3153);
#869=VERTEX_POINT('',#3155);
#870=VERTEX_POINT('',#3159);
#871=VERTEX_POINT('',#3161);
#872=VERTEX_POINT('',#3169);
#873=VERTEX_POINT('',#3170);
#874=VERTEX_POINT('',#3172);
#875=VERTEX_POINT('',#3174);
#876=VERTEX_POINT('',#3178);
#877=VERTEX_POINT('',#3180);
#878=VERTEX_POINT('',#3184);
#879=VERTEX_POINT('',#3186);
#880=VERTEX_POINT('',#3194);
#881=VERTEX_POINT('',#3195);
#882=VERTEX_POINT('',#3197);
#883=VERTEX_POINT('',#3199);
#884=VERTEX_POINT('',#3203);
#885=VERTEX_POINT('',#3205);
#886=VERTEX_POINT('',#3209);
#887=VERTEX_POINT('',#3211);
#888=VERTEX_POINT('',#3219);
#889=VERTEX_POINT('',#3220);
#890=VERTEX_POINT('',#3222);
#891=VERTEX_POINT('',#3224);
#892=VERTEX_POINT('',#3228);
#893=VERTEX_POINT('',#3230);
#894=VERTEX_POINT('',#3234);
#895=VERTEX_POINT('',#3236);
#896=VERTEX_POINT('',#3244);
#897=VERTEX_POINT('',#3245);
#898=VERTEX_POINT('',#3247);
#899=VERTEX_POINT('',#3249);
#900=VERTEX_POINT('',#3253);
#901=VERTEX_POINT('',#3255);
#902=VERTEX_POINT('',#3259);
#903=VERTEX_POINT('',#3261);
#904=VERTEX_POINT('',#3269);
#905=VERTEX_POINT('',#3270);
#906=VERTEX_POINT('',#3272);
#907=VERTEX_POINT('',#3274);
#908=VERTEX_POINT('',#3278);
#909=VERTEX_POINT('',#3280);
#910=VERTEX_POINT('',#3284);
#911=VERTEX_POINT('',#3286);
#912=VERTEX_POINT('',#3294);
#913=VERTEX_POINT('',#3295);
#914=VERTEX_POINT('',#3297);
#915=VERTEX_POINT('',#3299);
#916=VERTEX_POINT('',#3303);
#917=VERTEX_POINT('',#3305);
#918=VERTEX_POINT('',#3309);
#919=VERTEX_POINT('',#3311);
#920=VERTEX_POINT('',#3319);
#921=VERTEX_POINT('',#3320);
#922=VERTEX_POINT('',#3322);
#923=VERTEX_POINT('',#3324);
#924=VERTEX_POINT('',#3328);
#925=VERTEX_POINT('',#3330);
#926=VERTEX_POINT('',#3334);
#927=VERTEX_POINT('',#3336);
#928=VERTEX_POINT('',#3344);
#929=VERTEX_POINT('',#3345);
#930=VERTEX_POINT('',#3347);
#931=VERTEX_POINT('',#3349);
#932=VERTEX_POINT('',#3353);
#933=VERTEX_POINT('',#3355);
#934=VERTEX_POINT('',#3359);
#935=VERTEX_POINT('',#3361);
#936=VERTEX_POINT('',#3369);
#937=VERTEX_POINT('',#3370);
#938=VERTEX_POINT('',#3372);
#939=VERTEX_POINT('',#3374);
#940=VERTEX_POINT('',#3376);
#941=VERTEX_POINT('',#3379);
#942=VERTEX_POINT('',#3380);
#943=VERTEX_POINT('',#3382);
#944=VERTEX_POINT('',#3384);
#945=VERTEX_POINT('',#3388);
#946=VERTEX_POINT('',#3390);
#947=VERTEX_POINT('',#3394);
#948=VERTEX_POINT('',#3396);
#949=VERTEX_POINT('',#3400);
#950=VERTEX_POINT('',#3402);
#951=VERTEX_POINT('',#3406);
#952=VERTEX_POINT('',#3408);
#953=VERTEX_POINT('',#3412);
#954=VERTEX_POINT('',#3414);
#955=VERTEX_POINT('',#3418);
#956=VERTEX_POINT('',#3420);
#957=VERTEX_POINT('',#3424);
#958=VERTEX_POINT('',#3426);
#959=VERTEX_POINT('',#3430);
#960=VERTEX_POINT('',#3432);
#961=VERTEX_POINT('',#3436);
#962=VERTEX_POINT('',#3438);
#963=VERTEX_POINT('',#3442);
#964=VERTEX_POINT('',#3444);
#965=VERTEX_POINT('',#3448);
#966=VERTEX_POINT('',#3450);
#967=VERTEX_POINT('',#3454);
#968=VERTEX_POINT('',#3456);
#969=VERTEX_POINT('',#3460);
#970=VERTEX_POINT('',#3462);
#971=VERTEX_POINT('',#3466);
#972=VERTEX_POINT('',#3468);
#973=VERTEX_POINT('',#3472);
#974=VERTEX_POINT('',#3474);
#975=VERTEX_POINT('',#3478);
#976=VERTEX_POINT('',#3480);
#977=VERTEX_POINT('',#3484);
#978=VERTEX_POINT('',#3486);
#979=VERTEX_POINT('',#3490);
#980=VERTEX_POINT('',#3492);
#981=VERTEX_POINT('',#3496);
#982=VERTEX_POINT('',#3498);
#983=VERTEX_POINT('',#3502);
#984=VERTEX_POINT('',#3503);
#985=VERTEX_POINT('',#3505);
#986=VERTEX_POINT('',#3507);
#987=VERTEX_POINT('',#3509);
#988=VERTEX_POINT('',#3511);
#989=VERTEX_POINT('',#3515);
#990=VERTEX_POINT('',#3516);
#991=VERTEX_POINT('',#3518);
#992=VERTEX_POINT('',#3520);
#993=VERTEX_POINT('',#3522);
#994=VERTEX_POINT('',#3524);
#995=VERTEX_POINT('',#3528);
#996=VERTEX_POINT('',#3529);
#997=VERTEX_POINT('',#3531);
#998=VERTEX_POINT('',#3533);
#999=VERTEX_POINT('',#3535);
#1000=VERTEX_POINT('',#3537);
#1001=VERTEX_POINT('',#3541);
#1002=VERTEX_POINT('',#3543);
#1003=VERTEX_POINT('',#3547);
#1004=VERTEX_POINT('',#3548);
#1005=VERTEX_POINT('',#3550);
#1006=VERTEX_POINT('',#3552);
#1007=VERTEX_POINT('',#3556);
#1008=VERTEX_POINT('',#3558);
#1009=VERTEX_POINT('',#3562);
#1010=VERTEX_POINT('',#3563);
#1011=VERTEX_POINT('',#3565);
#1012=VERTEX_POINT('',#3567);
#1013=VERTEX_POINT('',#3571);
#1014=VERTEX_POINT('',#3572);
#1015=VERTEX_POINT('',#3575);
#1016=VERTEX_POINT('',#3577);
#1017=VERTEX_POINT('',#3582);
#1018=VERTEX_POINT('',#3583);
#1019=VERTEX_POINT('',#3597);
#1020=VERTEX_POINT('',#3598);
#1021=VERTEX_POINT('',#3604);
#1022=VERTEX_POINT('',#3608);
#1023=VERTEX_POINT('',#3610);
#1024=VERTEX_POINT('',#3612);
#1025=VERTEX_POINT('',#3615);
#1026=VERTEX_POINT('',#3617);
#1027=VERTEX_POINT('',#3620);
#1028=VERTEX_POINT('',#3622);
#1029=VERTEX_POINT('',#3625);
#1030=VERTEX_POINT('',#3627);
#1031=VERTEX_POINT('',#3651);
#1032=VERTEX_POINT('',#3655);
#1033=VERTEX_POINT('',#3657);
#1034=VERTEX_POINT('',#3661);
#1035=VERTEX_POINT('',#3665);
#1036=LINE('',#3143,#1234);
#1037=LINE('',#3146,#1235);
#1038=LINE('',#3148,#1236);
#1039=LINE('',#3150,#1237);
#1040=LINE('',#3152,#1238);
#1041=LINE('',#3154,#1239);
#1042=LINE('',#3156,#1240);
#1043=LINE('',#3158,#1241);
#1044=LINE('',#3160,#1242);
#1045=LINE('',#3162,#1243);
#1046=LINE('',#3164,#1244);
#1047=LINE('',#3165,#1245);
#1048=LINE('',#3168,#1246);
#1049=LINE('',#3171,#1247);
#1050=LINE('',#3173,#1248);
#1051=LINE('',#3175,#1249);
#1052=LINE('',#3177,#1250);
#1053=LINE('',#3179,#1251);
#1054=LINE('',#3181,#1252);
#1055=LINE('',#3183,#1253);
#1056=LINE('',#3185,#1254);
#1057=LINE('',#3187,#1255);
#1058=LINE('',#3189,#1256);
#1059=LINE('',#3190,#1257);
#1060=LINE('',#3193,#1258);
#1061=LINE('',#3196,#1259);
#1062=LINE('',#3198,#1260);
#1063=LINE('',#3200,#1261);
#1064=LINE('',#3202,#1262);
#1065=LINE('',#3204,#1263);
#1066=LINE('',#3206,#1264);
#1067=LINE('',#3208,#1265);
#1068=LINE('',#3210,#1266);
#1069=LINE('',#3212,#1267);
#1070=LINE('',#3214,#1268);
#1071=LINE('',#3215,#1269);
#1072=LINE('',#3218,#1270);
#1073=LINE('',#3221,#1271);
#1074=LINE('',#3223,#1272);
#1075=LINE('',#3225,#1273);
#1076=LINE('',#3227,#1274);
#1077=LINE('',#3229,#1275);
#1078=LINE('',#3231,#1276);
#1079=LINE('',#3233,#1277);
#1080=LINE('',#3235,#1278);
#1081=LINE('',#3237,#1279);
#1082=LINE('',#3239,#1280);
#1083=LINE('',#3240,#1281);
#1084=LINE('',#3243,#1282);
#1085=LINE('',#3246,#1283);
#1086=LINE('',#3248,#1284);
#1087=LINE('',#3250,#1285);
#1088=LINE('',#3252,#1286);
#1089=LINE('',#3254,#1287);
#1090=LINE('',#3256,#1288);
#1091=LINE('',#3258,#1289);
#1092=LINE('',#3260,#1290);
#1093=LINE('',#3262,#1291);
#1094=LINE('',#3264,#1292);
#1095=LINE('',#3265,#1293);
#1096=LINE('',#3268,#1294);
#1097=LINE('',#3271,#1295);
#1098=LINE('',#3273,#1296);
#1099=LINE('',#3275,#1297);
#1100=LINE('',#3277,#1298);
#1101=LINE('',#3279,#1299);
#1102=LINE('',#3281,#1300);
#1103=LINE('',#3283,#1301);
#1104=LINE('',#3285,#1302);
#1105=LINE('',#3287,#1303);
#1106=LINE('',#3289,#1304);
#1107=LINE('',#3290,#1305);
#1108=LINE('',#3293,#1306);
#1109=LINE('',#3296,#1307);
#1110=LINE('',#3298,#1308);
#1111=LINE('',#3300,#1309);
#1112=LINE('',#3302,#1310);
#1113=LINE('',#3304,#1311);
#1114=LINE('',#3306,#1312);
#1115=LINE('',#3308,#1313);
#1116=LINE('',#3310,#1314);
#1117=LINE('',#3312,#1315);
#1118=LINE('',#3314,#1316);
#1119=LINE('',#3315,#1317);
#1120=LINE('',#3318,#1318);
#1121=LINE('',#3321,#1319);
#1122=LINE('',#3323,#1320);
#1123=LINE('',#3325,#1321);
#1124=LINE('',#3327,#1322);
#1125=LINE('',#3329,#1323);
#1126=LINE('',#3331,#1324);
#1127=LINE('',#3333,#1325);
#1128=LINE('',#3335,#1326);
#1129=LINE('',#3337,#1327);
#1130=LINE('',#3339,#1328);
#1131=LINE('',#3340,#1329);
#1132=LINE('',#3343,#1330);
#1133=LINE('',#3346,#1331);
#1134=LINE('',#3348,#1332);
#1135=LINE('',#3350,#1333);
#1136=LINE('',#3352,#1334);
#1137=LINE('',#3354,#1335);
#1138=LINE('',#3356,#1336);
#1139=LINE('',#3358,#1337);
#1140=LINE('',#3360,#1338);
#1141=LINE('',#3362,#1339);
#1142=LINE('',#3364,#1340);
#1143=LINE('',#3365,#1341);
#1144=LINE('',#3368,#1342);
#1145=LINE('',#3371,#1343);
#1146=LINE('',#3373,#1344);
#1147=LINE('',#3375,#1345);
#1148=LINE('',#3377,#1346);
#1149=LINE('',#3378,#1347);
#1150=LINE('',#3381,#1348);
#1151=LINE('',#3383,#1349);
#1152=LINE('',#3385,#1350);
#1153=LINE('',#3501,#1351);
#1154=LINE('',#3504,#1352);
#1155=LINE('',#3506,#1353);
#1156=LINE('',#3508,#1354);
#1157=LINE('',#3510,#1355);
#1158=LINE('',#3512,#1356);
#1159=LINE('',#3514,#1357);
#1160=LINE('',#3517,#1358);
#1161=LINE('',#3519,#1359);
#1162=LINE('',#3521,#1360);
#1163=LINE('',#3523,#1361);
#1164=LINE('',#3525,#1362);
#1165=LINE('',#3527,#1363);
#1166=LINE('',#3530,#1364);
#1167=LINE('',#3532,#1365);
#1168=LINE('',#3534,#1366);
#1169=LINE('',#3536,#1367);
#1170=LINE('',#3538,#1368);
#1171=LINE('',#3540,#1369);
#1172=LINE('',#3542,#1370);
#1173=LINE('',#3544,#1371);
#1174=LINE('',#3546,#1372);
#1175=LINE('',#3549,#1373);
#1176=LINE('',#3551,#1374);
#1177=LINE('',#3553,#1375);
#1178=LINE('',#3555,#1376);
#1179=LINE('',#3557,#1377);
#1180=LINE('',#3559,#1378);
#1181=LINE('',#3561,#1379);
#1182=LINE('',#3564,#1380);
#1183=LINE('',#3566,#1381);
#1184=LINE('',#3568,#1382);
#1185=LINE('',#3570,#1383);
#1186=LINE('',#3573,#1384);
#1187=LINE('',#3574,#1385);
#1188=LINE('',#3576,#1386);
#1189=LINE('',#3578,#1387);
#1190=LINE('',#3579,#1388);
#1191=LINE('',#3581,#1389);
#1192=LINE('',#3584,#1390);
#1193=LINE('',#3585,#1391);
#1194=LINE('',#3586,#1392);
#1195=LINE('',#3587,#1393);
#1196=LINE('',#3589,#1394);
#1197=LINE('',#3590,#1395);
#1198=LINE('',#3591,#1396);
#1199=LINE('',#3593,#1397);
#1200=LINE('',#3594,#1398);
#1201=LINE('',#3596,#1399);
#1202=LINE('',#3599,#1400);
#1203=LINE('',#3600,#1401);
#1204=LINE('',#3603,#1402);
#1205=LINE('',#3605,#1403);
#1206=LINE('',#3609,#1404);
#1207=LINE('',#3611,#1405);
#1208=LINE('',#3613,#1406);
#1209=LINE('',#3614,#1407);
#1210=LINE('',#3616,#1408);
#1211=LINE('',#3618,#1409);
#1212=LINE('',#3619,#1410);
#1213=LINE('',#3621,#1411);
#1214=LINE('',#3623,#1412);
#1215=LINE('',#3624,#1413);
#1216=LINE('',#3626,#1414);
#1217=LINE('',#3628,#1415);
#1218=LINE('',#3630,#1416);
#1219=LINE('',#3632,#1417);
#1220=LINE('',#3634,#1418);
#1221=LINE('',#3636,#1419);
#1222=LINE('',#3639,#1420);
#1223=LINE('',#3642,#1421);
#1224=LINE('',#3644,#1422);
#1225=LINE('',#3647,#1423);
#1226=LINE('',#3654,#1424);
#1227=LINE('',#3656,#1425);
#1228=LINE('',#3658,#1426);
#1229=LINE('',#3660,#1427);
#1230=LINE('',#3662,#1428);
#1231=LINE('',#3664,#1429);
#1232=LINE('',#3666,#1430);
#1233=LINE('',#3668,#1431);
#1234=VECTOR('',#2629,1.);
#1235=VECTOR('',#2630,1.);
#1236=VECTOR('',#2631,1.);
#1237=VECTOR('',#2632,1.);
#1238=VECTOR('',#2635,1.);
#1239=VECTOR('',#2636,1.);
#1240=VECTOR('',#2637,1.);
#1241=VECTOR('',#2640,1.);
#1242=VECTOR('',#2641,1.);
#1243=VECTOR('',#2642,1.);
#1244=VECTOR('',#2645,1.);
#1245=VECTOR('',#2646,1.);
#1246=VECTOR('',#2651,1.);
#1247=VECTOR('',#2652,1.);
#1248=VECTOR('',#2653,1.);
#1249=VECTOR('',#2654,1.);
#1250=VECTOR('',#2657,1.);
#1251=VECTOR('',#2658,1.);
#1252=VECTOR('',#2659,1.);
#1253=VECTOR('',#2662,1.);
#1254=VECTOR('',#2663,1.);
#1255=VECTOR('',#2664,1.);
#1256=VECTOR('',#2667,1.);
#1257=VECTOR('',#2668,1.);
#1258=VECTOR('',#2673,1.);
#1259=VECTOR('',#2674,1.);
#1260=VECTOR('',#2675,1.);
#1261=VECTOR('',#2676,1.);
#1262=VECTOR('',#2679,1.);
#1263=VECTOR('',#2680,1.);
#1264=VECTOR('',#2681,1.);
#1265=VECTOR('',#2684,1.);
#1266=VECTOR('',#2685,1.);
#1267=VECTOR('',#2686,1.);
#1268=VECTOR('',#2689,1.);
#1269=VECTOR('',#2690,1.);
#1270=VECTOR('',#2695,1.);
#1271=VECTOR('',#2696,1.);
#1272=VECTOR('',#2697,1.);
#1273=VECTOR('',#2698,1.);
#1274=VECTOR('',#2701,1.);
#1275=VECTOR('',#2702,1.);
#1276=VECTOR('',#2703,1.);
#1277=VECTOR('',#2706,1.);
#1278=VECTOR('',#2707,1.);
#1279=VECTOR('',#2708,1.);
#1280=VECTOR('',#2711,1.);
#1281=VECTOR('',#2712,1.);
#1282=VECTOR('',#2717,1.);
#1283=VECTOR('',#2718,1.);
#1284=VECTOR('',#2719,1.);
#1285=VECTOR('',#2720,1.);
#1286=VECTOR('',#2723,1.);
#1287=VECTOR('',#2724,1.);
#1288=VECTOR('',#2725,1.);
#1289=VECTOR('',#2728,1.);
#1290=VECTOR('',#2729,1.);
#1291=VECTOR('',#2730,1.);
#1292=VECTOR('',#2733,1.);
#1293=VECTOR('',#2734,1.);
#1294=VECTOR('',#2739,1.);
#1295=VECTOR('',#2740,1.);
#1296=VECTOR('',#2741,1.);
#1297=VECTOR('',#2742,1.);
#1298=VECTOR('',#2745,1.);
#1299=VECTOR('',#2746,1.);
#1300=VECTOR('',#2747,1.);
#1301=VECTOR('',#2750,1.);
#1302=VECTOR('',#2751,1.);
#1303=VECTOR('',#2752,1.);
#1304=VECTOR('',#2755,1.);
#1305=VECTOR('',#2756,1.);
#1306=VECTOR('',#2761,1.);
#1307=VECTOR('',#2762,1.);
#1308=VECTOR('',#2763,1.);
#1309=VECTOR('',#2764,1.);
#1310=VECTOR('',#2767,1.);
#1311=VECTOR('',#2768,1.);
#1312=VECTOR('',#2769,1.);
#1313=VECTOR('',#2772,1.);
#1314=VECTOR('',#2773,1.);
#1315=VECTOR('',#2774,1.);
#1316=VECTOR('',#2777,1.);
#1317=VECTOR('',#2778,1.);
#1318=VECTOR('',#2783,1.);
#1319=VECTOR('',#2784,1.);
#1320=VECTOR('',#2785,1.);
#1321=VECTOR('',#2786,1.);
#1322=VECTOR('',#2789,1.);
#1323=VECTOR('',#2790,1.);
#1324=VECTOR('',#2791,1.);
#1325=VECTOR('',#2794,1.);
#1326=VECTOR('',#2795,1.);
#1327=VECTOR('',#2796,1.);
#1328=VECTOR('',#2799,1.);
#1329=VECTOR('',#2800,1.);
#1330=VECTOR('',#2805,1.);
#1331=VECTOR('',#2806,1.);
#1332=VECTOR('',#2807,1.);
#1333=VECTOR('',#2808,1.);
#1334=VECTOR('',#2811,1.);
#1335=VECTOR('',#2812,1.);
#1336=VECTOR('',#2813,1.);
#1337=VECTOR('',#2816,1.);
#1338=VECTOR('',#2817,1.);
#1339=VECTOR('',#2818,1.);
#1340=VECTOR('',#2821,1.);
#1341=VECTOR('',#2822,1.);
#1342=VECTOR('',#2827,1.);
#1343=VECTOR('',#2828,1.);
#1344=VECTOR('',#2829,1.);
#1345=VECTOR('',#2830,1.);
#1346=VECTOR('',#2831,1.);
#1347=VECTOR('',#2832,1.);
#1348=VECTOR('',#2833,1.);
#1349=VECTOR('',#2834,1.);
#1350=VECTOR('',#2835,1.);
#1351=VECTOR('',#2990,1.);
#1352=VECTOR('',#2991,1.);
#1353=VECTOR('',#2992,1.);
#1354=VECTOR('',#2993,1.);
#1355=VECTOR('',#2994,1.);
#1356=VECTOR('',#2995,1.);
#1357=VECTOR('',#2998,1.);
#1358=VECTOR('',#2999,1.);
#1359=VECTOR('',#3000,1.);
#1360=VECTOR('',#3001,1.);
#1361=VECTOR('',#3002,1.);
#1362=VECTOR('',#3003,1.);
#1363=VECTOR('',#3006,1.);
#1364=VECTOR('',#3007,1.);
#1365=VECTOR('',#3008,1.);
#1366=VECTOR('',#3009,1.);
#1367=VECTOR('',#3010,1.);
#1368=VECTOR('',#3011,1.);
#1369=VECTOR('',#3014,1.);
#1370=VECTOR('',#3015,1.);
#1371=VECTOR('',#3016,1.);
#1372=VECTOR('',#3019,1.);
#1373=VECTOR('',#3020,1.);
#1374=VECTOR('',#3021,1.);
#1375=VECTOR('',#3022,1.);
#1376=VECTOR('',#3025,1.);
#1377=VECTOR('',#3026,1.);
#1378=VECTOR('',#3027,1.);
#1379=VECTOR('',#3030,1.);
#1380=VECTOR('',#3031,1.);
#1381=VECTOR('',#3032,1.);
#1382=VECTOR('',#3033,1.);
#1383=VECTOR('',#3036,1.);
#1384=VECTOR('',#3037,1.);
#1385=VECTOR('',#3038,1.);
#1386=VECTOR('',#3039,1.);
#1387=VECTOR('',#3040,1.);
#1388=VECTOR('',#3041,1.);
#1389=VECTOR('',#3044,1.);
#1390=VECTOR('',#3045,1.);
#1391=VECTOR('',#3046,1.);
#1392=VECTOR('',#3047,1.);
#1393=VECTOR('',#3048,1.);
#1394=VECTOR('',#3051,1.);
#1395=VECTOR('',#3052,1.);
#1396=VECTOR('',#3053,1.);
#1397=VECTOR('',#3056,1.);
#1398=VECTOR('',#3057,1.);
#1399=VECTOR('',#3060,1.);
#1400=VECTOR('',#3061,1.);
#1401=VECTOR('',#3062,1.);
#1402=VECTOR('',#3067,1.);
#1403=VECTOR('',#3068,1.);
#1404=VECTOR('',#3073,1.);
#1405=VECTOR('',#3074,1.);
#1406=VECTOR('',#3075,1.);
#1407=VECTOR('',#3076,1.);
#1408=VECTOR('',#3077,1.);
#1409=VECTOR('',#3078,1.);
#1410=VECTOR('',#3079,1.);
#1411=VECTOR('',#3080,1.);
#1412=VECTOR('',#3081,1.);
#1413=VECTOR('',#3082,1.);
#1414=VECTOR('',#3083,1.);
#1415=VECTOR('',#3084,1.);
#1416=VECTOR('',#3087,1.);
#1417=VECTOR('',#3090,1.);
#1418=VECTOR('',#3093,1.);
#1419=VECTOR('',#3096,1.);
#1420=VECTOR('',#3101,1.);
#1421=VECTOR('',#3106,1.);
#1422=VECTOR('',#3109,1.);
#1423=VECTOR('',#3114,1.);
#1424=VECTOR('',#3125,1.);
#1425=VECTOR('',#3126,1.);
#1426=VECTOR('',#3127,1.);
#1427=VECTOR('',#3130,1.);
#1428=VECTOR('',#3131,1.);
#1429=VECTOR('',#3134,1.);
#1430=VECTOR('',#3135,1.);
#1431=VECTOR('',#3138,1.);
#1432=EDGE_LOOP('',(#150,#151,#152,#153));
#1433=EDGE_LOOP('',(#154,#155,#156,#157));
#1434=EDGE_LOOP('',(#158,#159,#160,#161));
#1435=EDGE_LOOP('',(#162,#163,#164,#165));
#1436=EDGE_LOOP('',(#166,#167,#168,#169));
#1437=EDGE_LOOP('',(#170,#171,#172,#173));
#1438=EDGE_LOOP('',(#174,#175,#176,#177));
#1439=EDGE_LOOP('',(#178,#179,#180,#181));
#1440=EDGE_LOOP('',(#182,#183,#184,#185));
#1441=EDGE_LOOP('',(#186,#187,#188,#189));
#1442=EDGE_LOOP('',(#190,#191,#192,#193));
#1443=EDGE_LOOP('',(#194,#195,#196,#197));
#1444=EDGE_LOOP('',(#198,#199,#200,#201));
#1445=EDGE_LOOP('',(#202,#203,#204,#205));
#1446=EDGE_LOOP('',(#206,#207,#208,#209));
#1447=EDGE_LOOP('',(#210,#211,#212,#213));
#1448=EDGE_LOOP('',(#214,#215,#216,#217));
#1449=EDGE_LOOP('',(#218,#219,#220,#221));
#1450=EDGE_LOOP('',(#222,#223,#224,#225));
#1451=EDGE_LOOP('',(#226,#227,#228,#229));
#1452=EDGE_LOOP('',(#230,#231,#232,#233));
#1453=EDGE_LOOP('',(#234,#235,#236,#237));
#1454=EDGE_LOOP('',(#238,#239,#240,#241));
#1455=EDGE_LOOP('',(#242,#243,#244,#245));
#1456=EDGE_LOOP('',(#246,#247,#248,#249));
#1457=EDGE_LOOP('',(#250,#251,#252,#253));
#1458=EDGE_LOOP('',(#254,#255,#256,#257));
#1459=EDGE_LOOP('',(#258,#259,#260,#261));
#1460=EDGE_LOOP('',(#262,#263,#264,#265));
#1461=EDGE_LOOP('',(#266,#267,#268,#269));
#1462=EDGE_LOOP('',(#270,#271,#272,#273));
#1463=EDGE_LOOP('',(#274,#275,#276,#277));
#1464=EDGE_LOOP('',(#278,#279,#280,#281));
#1465=EDGE_LOOP('',(#282,#283,#284,#285));
#1466=EDGE_LOOP('',(#286,#287,#288,#289));
#1467=EDGE_LOOP('',(#290,#291,#292,#293));
#1468=EDGE_LOOP('',(#294,#295,#296,#297));
#1469=EDGE_LOOP('',(#298,#299,#300,#301));
#1470=EDGE_LOOP('',(#302,#303,#304,#305));
#1471=EDGE_LOOP('',(#306,#307,#308,#309));
#1472=EDGE_LOOP('',(#310,#311,#312,#313));
#1473=EDGE_LOOP('',(#314,#315,#316,#317));
#1474=EDGE_LOOP('',(#318,#319,#320,#321));
#1475=EDGE_LOOP('',(#322,#323,#324,#325));
#1476=EDGE_LOOP('',(#326,#327,#328,#329));
#1477=EDGE_LOOP('',(#330,#331,#332,#333));
#1478=EDGE_LOOP('',(#334,#335,#336,#337));
#1479=EDGE_LOOP('',(#338,#339,#340,#341));
#1480=EDGE_LOOP('',(#342,#343,#344,#345));
#1481=EDGE_LOOP('',(#346,#347,#348,#349));
#1482=EDGE_LOOP('',(#350,#351,#352,#353));
#1483=EDGE_LOOP('',(#354,#355,#356,#357));
#1484=EDGE_LOOP('',(#358,#359,#360,#361));
#1485=EDGE_LOOP('',(#362,#363,#364,#365));
#1486=EDGE_LOOP('',(#366,#367,#368,#369,#370));
#1487=EDGE_LOOP('',(#371,#372,#373,#374));
#1488=EDGE_LOOP('',(#375));
#1489=EDGE_LOOP('',(#376));
#1490=EDGE_LOOP('',(#377));
#1491=EDGE_LOOP('',(#378));
#1492=EDGE_LOOP('',(#379));
#1493=EDGE_LOOP('',(#380));
#1494=EDGE_LOOP('',(#381));
#1495=EDGE_LOOP('',(#382));
#1496=EDGE_LOOP('',(#383));
#1497=EDGE_LOOP('',(#384));
#1498=EDGE_LOOP('',(#385));
#1499=EDGE_LOOP('',(#386));
#1500=EDGE_LOOP('',(#387));
#1501=EDGE_LOOP('',(#388));
#1502=EDGE_LOOP('',(#389));
#1503=EDGE_LOOP('',(#390));
#1504=EDGE_LOOP('',(#391));
#1505=EDGE_LOOP('',(#392));
#1506=EDGE_LOOP('',(#393));
#1507=EDGE_LOOP('',(#394));
#1508=EDGE_LOOP('',(#395));
#1509=EDGE_LOOP('',(#396));
#1510=EDGE_LOOP('',(#397));
#1511=EDGE_LOOP('',(#398));
#1512=EDGE_LOOP('',(#399));
#1513=EDGE_LOOP('',(#400));
#1514=EDGE_LOOP('',(#401));
#1515=EDGE_LOOP('',(#402));
#1516=EDGE_LOOP('',(#403));
#1517=EDGE_LOOP('',(#404));
#1518=EDGE_LOOP('',(#405));
#1519=EDGE_LOOP('',(#406));
#1520=EDGE_LOOP('',(#407));
#1521=EDGE_LOOP('',(#408));
#1522=EDGE_LOOP('',(#409));
#1523=EDGE_LOOP('',(#410));
#1524=EDGE_LOOP('',(#411));
#1525=EDGE_LOOP('',(#412));
#1526=EDGE_LOOP('',(#413));
#1527=EDGE_LOOP('',(#414));
#1528=EDGE_LOOP('',(#415));
#1529=EDGE_LOOP('',(#416));
#1530=EDGE_LOOP('',(#417));
#1531=EDGE_LOOP('',(#418));
#1532=EDGE_LOOP('',(#419));
#1533=EDGE_LOOP('',(#420));
#1534=EDGE_LOOP('',(#421));
#1535=EDGE_LOOP('',(#422));
#1536=EDGE_LOOP('',(#423));
#1537=EDGE_LOOP('',(#424));
#1538=EDGE_LOOP('',(#425));
#1539=EDGE_LOOP('',(#426));
#1540=EDGE_LOOP('',(#427));
#1541=EDGE_LOOP('',(#428));
#1542=EDGE_LOOP('',(#429));
#1543=EDGE_LOOP('',(#430));
#1544=EDGE_LOOP('',(#431));
#1545=EDGE_LOOP('',(#432,#433,#434,#435,#436,#437));
#1546=EDGE_LOOP('',(#438,#439,#440,#441,#442,#443));
#1547=EDGE_LOOP('',(#444,#445,#446,#447,#448,#449));
#1548=EDGE_LOOP('',(#450,#451,#452,#453));
#1549=EDGE_LOOP('',(#454,#455,#456,#457));
#1550=EDGE_LOOP('',(#458,#459,#460,#461));
#1551=EDGE_LOOP('',(#462,#463,#464,#465));
#1552=EDGE_LOOP('',(#466,#467,#468,#469,#470,#471,#472,#473));
#1553=EDGE_LOOP('',(#474,#475,#476,#477,#478,#479,#480,#481));
#1554=EDGE_LOOP('',(#482,#483,#484,#485,#486,#487,#488,#489));
#1555=EDGE_LOOP('',(#490,#491,#492,#493,#494,#495,#496,#497));
#1556=EDGE_LOOP('',(#498,#499,#500,#501,#502,#503,#504,#505));
#1557=EDGE_LOOP('',(#506,#507,#508,#509));
#1558=EDGE_LOOP('',(#510,#511,#512,#513));
#1559=EDGE_LOOP('',(#514));
#1560=EDGE_LOOP('',(#515));
#1561=EDGE_LOOP('',(#516));
#1562=EDGE_LOOP('',(#517));
#1563=EDGE_LOOP('',(#518));
#1564=EDGE_LOOP('',(#519));
#1565=EDGE_LOOP('',(#520));
#1566=EDGE_LOOP('',(#521));
#1567=EDGE_LOOP('',(#522));
#1568=EDGE_LOOP('',(#523));
#1569=EDGE_LOOP('',(#524));
#1570=EDGE_LOOP('',(#525));
#1571=EDGE_LOOP('',(#526));
#1572=EDGE_LOOP('',(#527));
#1573=EDGE_LOOP('',(#528));
#1574=EDGE_LOOP('',(#529));
#1575=EDGE_LOOP('',(#530));
#1576=EDGE_LOOP('',(#531));
#1577=EDGE_LOOP('',(#532));
#1578=EDGE_LOOP('',(#533));
#1579=EDGE_LOOP('',(#534,#535,#536,#537,#538,#539,#540,#541,#542,#543,#544,
#545,#546,#547,#548,#549,#550,#551,#552,#553,#554));
#1580=EDGE_LOOP('',(#555,#556,#557,#558));
#1581=EDGE_LOOP('',(#559,#560,#561,#562));
#1582=EDGE_LOOP('',(#563,#564,#565,#566));
#1583=EDGE_LOOP('',(#567,#568,#569,#570));
#1584=EDGE_LOOP('',(#571,#572,#573,#574));
#1585=EDGE_LOOP('',(#575,#576,#577,#578));
#1586=EDGE_LOOP('',(#579,#580,#581,#582));
#1587=EDGE_LOOP('',(#583,#584,#585,#586));
#1588=EDGE_LOOP('',(#587,#588,#589,#590));
#1589=EDGE_LOOP('',(#591,#592,#593,#594));
#1590=EDGE_LOOP('',(#595,#596,#597,#598));
#1591=EDGE_LOOP('',(#599,#600,#601,#602));
#1592=EDGE_LOOP('',(#603));
#1593=EDGE_LOOP('',(#604));
#1594=EDGE_LOOP('',(#605));
#1595=EDGE_LOOP('',(#606,#607,#608,#609));
#1596=EDGE_LOOP('',(#610,#611,#612,#613));
#1597=EDGE_LOOP('',(#614,#615,#616,#617));
#1598=EDGE_LOOP('',(#618,#619,#620,#621));
#1599=EDGE_LOOP('',(#622,#623,#624,#625));
#1600=FACE_BOUND('',#1432,.T.);
#1601=FACE_BOUND('',#1433,.T.);
#1602=FACE_BOUND('',#1434,.T.);
#1603=FACE_BOUND('',#1435,.T.);
#1604=FACE_BOUND('',#1436,.T.);
#1605=FACE_BOUND('',#1437,.T.);
#1606=FACE_BOUND('',#1438,.T.);
#1607=FACE_BOUND('',#1439,.T.);
#1608=FACE_BOUND('',#1440,.T.);
#1609=FACE_BOUND('',#1441,.T.);
#1610=FACE_BOUND('',#1442,.T.);
#1611=FACE_BOUND('',#1443,.T.);
#1612=FACE_BOUND('',#1444,.T.);
#1613=FACE_BOUND('',#1445,.T.);
#1614=FACE_BOUND('',#1446,.T.);
#1615=FACE_BOUND('',#1447,.T.);
#1616=FACE_BOUND('',#1448,.T.);
#1617=FACE_BOUND('',#1449,.T.);
#1618=FACE_BOUND('',#1450,.T.);
#1619=FACE_BOUND('',#1451,.T.);
#1620=FACE_BOUND('',#1452,.T.);
#1621=FACE_BOUND('',#1453,.T.);
#1622=FACE_BOUND('',#1454,.T.);
#1623=FACE_BOUND('',#1455,.T.);
#1624=FACE_BOUND('',#1456,.T.);
#1625=FACE_BOUND('',#1457,.T.);
#1626=FACE_BOUND('',#1458,.T.);
#1627=FACE_BOUND('',#1459,.T.);
#1628=FACE_BOUND('',#1460,.T.);
#1629=FACE_BOUND('',#1461,.T.);
#1630=FACE_BOUND('',#1462,.T.);
#1631=FACE_BOUND('',#1463,.T.);
#1632=FACE_BOUND('',#1464,.T.);
#1633=FACE_BOUND('',#1465,.T.);
#1634=FACE_BOUND('',#1466,.T.);
#1635=FACE_BOUND('',#1467,.T.);
#1636=FACE_BOUND('',#1468,.T.);
#1637=FACE_BOUND('',#1469,.T.);
#1638=FACE_BOUND('',#1470,.T.);
#1639=FACE_BOUND('',#1471,.T.);
#1640=FACE_BOUND('',#1472,.T.);
#1641=FACE_BOUND('',#1473,.T.);
#1642=FACE_BOUND('',#1474,.T.);
#1643=FACE_BOUND('',#1475,.T.);
#1644=FACE_BOUND('',#1476,.T.);
#1645=FACE_BOUND('',#1477,.T.);
#1646=FACE_BOUND('',#1478,.T.);
#1647=FACE_BOUND('',#1479,.T.);
#1648=FACE_BOUND('',#1480,.T.);
#1649=FACE_BOUND('',#1481,.T.);
#1650=FACE_BOUND('',#1482,.T.);
#1651=FACE_BOUND('',#1483,.T.);
#1652=FACE_BOUND('',#1484,.T.);
#1653=FACE_BOUND('',#1485,.T.);
#1654=FACE_BOUND('',#1486,.T.);
#1655=FACE_BOUND('',#1487,.T.);
#1656=FACE_BOUND('',#1488,.T.);
#1657=FACE_BOUND('',#1489,.T.);
#1658=FACE_BOUND('',#1490,.T.);
#1659=FACE_BOUND('',#1491,.T.);
#1660=FACE_BOUND('',#1492,.T.);
#1661=FACE_BOUND('',#1493,.T.);
#1662=FACE_BOUND('',#1494,.T.);
#1663=FACE_BOUND('',#1495,.T.);
#1664=FACE_BOUND('',#1496,.T.);
#1665=FACE_BOUND('',#1497,.T.);
#1666=FACE_BOUND('',#1498,.T.);
#1667=FACE_BOUND('',#1499,.T.);
#1668=FACE_BOUND('',#1500,.T.);
#1669=FACE_BOUND('',#1501,.T.);
#1670=FACE_BOUND('',#1502,.T.);
#1671=FACE_BOUND('',#1503,.T.);
#1672=FACE_BOUND('',#1504,.T.);
#1673=FACE_BOUND('',#1505,.T.);
#1674=FACE_BOUND('',#1506,.T.);
#1675=FACE_BOUND('',#1507,.T.);
#1676=FACE_BOUND('',#1508,.T.);
#1677=FACE_BOUND('',#1509,.T.);
#1678=FACE_BOUND('',#1510,.T.);
#1679=FACE_BOUND('',#1511,.T.);
#1680=FACE_BOUND('',#1512,.T.);
#1681=FACE_BOUND('',#1513,.T.);
#1682=FACE_BOUND('',#1514,.T.);
#1683=FACE_BOUND('',#1515,.T.);
#1684=FACE_BOUND('',#1516,.T.);
#1685=FACE_BOUND('',#1517,.T.);
#1686=FACE_BOUND('',#1518,.T.);
#1687=FACE_BOUND('',#1519,.T.);
#1688=FACE_BOUND('',#1520,.T.);
#1689=FACE_BOUND('',#1521,.T.);
#1690=FACE_BOUND('',#1522,.T.);
#1691=FACE_BOUND('',#1523,.T.);
#1692=FACE_BOUND('',#1524,.T.);
#1693=FACE_BOUND('',#1525,.T.);
#1694=FACE_BOUND('',#1526,.T.);
#1695=FACE_BOUND('',#1527,.T.);
#1696=FACE_BOUND('',#1528,.T.);
#1697=FACE_BOUND('',#1529,.T.);
#1698=FACE_BOUND('',#1530,.T.);
#1699=FACE_BOUND('',#1531,.T.);
#1700=FACE_BOUND('',#1532,.T.);
#1701=FACE_BOUND('',#1533,.T.);
#1702=FACE_BOUND('',#1534,.T.);
#1703=FACE_BOUND('',#1535,.T.);
#1704=FACE_BOUND('',#1536,.T.);
#1705=FACE_BOUND('',#1537,.T.);
#1706=FACE_BOUND('',#1538,.T.);
#1707=FACE_BOUND('',#1539,.T.);
#1708=FACE_BOUND('',#1540,.T.);
#1709=FACE_BOUND('',#1541,.T.);
#1710=FACE_BOUND('',#1542,.T.);
#1711=FACE_BOUND('',#1543,.T.);
#1712=FACE_BOUND('',#1544,.T.);
#1713=FACE_BOUND('',#1545,.T.);
#1714=FACE_BOUND('',#1546,.T.);
#1715=FACE_BOUND('',#1547,.T.);
#1716=FACE_BOUND('',#1548,.T.);
#1717=FACE_BOUND('',#1549,.T.);
#1718=FACE_BOUND('',#1550,.T.);
#1719=FACE_BOUND('',#1551,.T.);
#1720=FACE_BOUND('',#1552,.T.);
#1721=FACE_BOUND('',#1553,.T.);
#1722=FACE_BOUND('',#1554,.T.);
#1723=FACE_BOUND('',#1555,.T.);
#1724=FACE_BOUND('',#1556,.T.);
#1725=FACE_BOUND('',#1557,.T.);
#1726=FACE_BOUND('',#1558,.T.);
#1727=FACE_BOUND('',#1559,.T.);
#1728=FACE_BOUND('',#1560,.T.);
#1729=FACE_BOUND('',#1561,.T.);
#1730=FACE_BOUND('',#1562,.T.);
#1731=FACE_BOUND('',#1563,.T.);
#1732=FACE_BOUND('',#1564,.T.);
#1733=FACE_BOUND('',#1565,.T.);
#1734=FACE_BOUND('',#1566,.T.);
#1735=FACE_BOUND('',#1567,.T.);
#1736=FACE_BOUND('',#1568,.T.);
#1737=FACE_BOUND('',#1569,.T.);
#1738=FACE_BOUND('',#1570,.T.);
#1739=FACE_BOUND('',#1571,.T.);
#1740=FACE_BOUND('',#1572,.T.);
#1741=FACE_BOUND('',#1573,.T.);
#1742=FACE_BOUND('',#1574,.T.);
#1743=FACE_BOUND('',#1575,.T.);
#1744=FACE_BOUND('',#1576,.T.);
#1745=FACE_BOUND('',#1577,.T.);
#1746=FACE_BOUND('',#1578,.T.);
#1747=FACE_BOUND('',#1579,.T.);
#1748=FACE_BOUND('',#1580,.T.);
#1749=FACE_BOUND('',#1581,.T.);
#1750=FACE_BOUND('',#1582,.T.);
#1751=FACE_BOUND('',#1583,.T.);
#1752=FACE_BOUND('',#1584,.T.);
#1753=FACE_BOUND('',#1585,.T.);
#1754=FACE_BOUND('',#1586,.T.);
#1755=FACE_BOUND('',#1587,.T.);
#1756=FACE_BOUND('',#1588,.T.);
#1757=FACE_BOUND('',#1589,.T.);
#1758=FACE_BOUND('',#1590,.T.);
#1759=FACE_BOUND('',#1591,.T.);
#1760=FACE_BOUND('',#1592,.T.);
#1761=FACE_BOUND('',#1593,.T.);
#1762=FACE_BOUND('',#1594,.T.);
#1763=FACE_BOUND('',#1595,.T.);
#1764=FACE_BOUND('',#1596,.T.);
#1765=FACE_BOUND('',#1597,.T.);
#1766=FACE_BOUND('',#1598,.T.);
#1767=FACE_BOUND('',#1599,.T.);
#1768=PLANE('',#2467);
#1769=PLANE('',#2468);
#1770=PLANE('',#2469);
#1771=PLANE('',#2470);
#1772=PLANE('',#2471);
#1773=PLANE('',#2472);
#1774=PLANE('',#2473);
#1775=PLANE('',#2474);
#1776=PLANE('',#2475);
#1777=PLANE('',#2476);
#1778=PLANE('',#2477);
#1779=PLANE('',#2478);
#1780=PLANE('',#2479);
#1781=PLANE('',#2480);
#1782=PLANE('',#2481);
#1783=PLANE('',#2482);
#1784=PLANE('',#2483);
#1785=PLANE('',#2484);
#1786=PLANE('',#2485);
#1787=PLANE('',#2486);
#1788=PLANE('',#2487);
#1789=PLANE('',#2488);
#1790=PLANE('',#2489);
#1791=PLANE('',#2490);
#1792=PLANE('',#2491);
#1793=PLANE('',#2492);
#1794=PLANE('',#2493);
#1795=PLANE('',#2494);
#1796=PLANE('',#2495);
#1797=PLANE('',#2496);
#1798=PLANE('',#2497);
#1799=PLANE('',#2498);
#1800=PLANE('',#2499);
#1801=PLANE('',#2500);
#1802=PLANE('',#2501);
#1803=PLANE('',#2502);
#1804=PLANE('',#2503);
#1805=PLANE('',#2504);
#1806=PLANE('',#2505);
#1807=PLANE('',#2506);
#1808=PLANE('',#2507);
#1809=PLANE('',#2508);
#1810=PLANE('',#2509);
#1811=PLANE('',#2510);
#1812=PLANE('',#2511);
#1813=PLANE('',#2512);
#1814=PLANE('',#2516);
#1815=PLANE('',#2520);
#1816=PLANE('',#2524);
#1817=PLANE('',#2528);
#1818=PLANE('',#2532);
#1819=PLANE('',#2536);
#1820=PLANE('',#2540);
#1821=PLANE('',#2544);
#1822=PLANE('',#2548);
#1823=PLANE('',#2552);
#1824=PLANE('',#2556);
#1825=PLANE('',#2560);
#1826=PLANE('',#2564);
#1827=PLANE('',#2568);
#1828=PLANE('',#2572);
#1829=PLANE('',#2576);
#1830=PLANE('',#2580);
#1831=PLANE('',#2584);
#1832=PLANE('',#2588);
#1833=PLANE('',#2589);
#1834=PLANE('',#2590);
#1835=PLANE('',#2591);
#1836=PLANE('',#2592);
#1837=PLANE('',#2593);
#1838=PLANE('',#2594);
#1839=PLANE('',#2595);
#1840=PLANE('',#2596);
#1841=PLANE('',#2597);
#1842=PLANE('',#2598);
#1843=PLANE('',#2599);
#1844=PLANE('',#2600);
#1845=PLANE('',#2601);
#1846=PLANE('',#2602);
#1847=PLANE('',#2603);
#1848=PLANE('',#2605);
#1849=PLANE('',#2606);
#1850=PLANE('',#2607);
#1851=PLANE('',#2608);
#1852=PLANE('',#2609);
#1853=PLANE('',#2610);
#1854=PLANE('',#2611);
#1855=PLANE('',#2612);
#1856=PLANE('',#2613);
#1857=PLANE('',#2614);
#1858=PLANE('',#2615);
#1859=PLANE('',#2616);
#1860=PLANE('',#2619);
#1861=PLANE('',#2620);
#1862=PLANE('',#2621);
#1863=PLANE('',#2622);
#1864=PLANE('',#2623);
#1865=PLANE('',#2624);
#1866=ADVANCED_FACE('',(#1600),#1768,.T.);
#1867=ADVANCED_FACE('',(#1601),#1769,.F.);
#1868=ADVANCED_FACE('',(#1602),#1770,.T.);
#1869=ADVANCED_FACE('',(#1603),#1771,.F.);
#1870=ADVANCED_FACE('',(#1604),#1772,.T.);
#1871=ADVANCED_FACE('',(#1605),#1773,.T.);
#1872=ADVANCED_FACE('',(#1606),#1774,.F.);
#1873=ADVANCED_FACE('',(#1607),#1775,.T.);
#1874=ADVANCED_FACE('',(#1608),#1776,.F.);
#1875=ADVANCED_FACE('',(#1609),#1777,.T.);
#1876=ADVANCED_FACE('',(#1610),#1778,.T.);
#1877=ADVANCED_FACE('',(#1611),#1779,.F.);
#1878=ADVANCED_FACE('',(#1612),#1780,.T.);
#1879=ADVANCED_FACE('',(#1613),#1781,.F.);
#1880=ADVANCED_FACE('',(#1614),#1782,.T.);
#1881=ADVANCED_FACE('',(#1615),#1783,.T.);
#1882=ADVANCED_FACE('',(#1616),#1784,.F.);
#1883=ADVANCED_FACE('',(#1617),#1785,.T.);
#1884=ADVANCED_FACE('',(#1618),#1786,.F.);
#1885=ADVANCED_FACE('',(#1619),#1787,.T.);
#1886=ADVANCED_FACE('',(#1620),#1788,.T.);
#1887=ADVANCED_FACE('',(#1621),#1789,.F.);
#1888=ADVANCED_FACE('',(#1622),#1790,.T.);
#1889=ADVANCED_FACE('',(#1623),#1791,.F.);
#1890=ADVANCED_FACE('',(#1624),#1792,.T.);
#1891=ADVANCED_FACE('',(#1625),#1793,.T.);
#1892=ADVANCED_FACE('',(#1626),#1794,.F.);
#1893=ADVANCED_FACE('',(#1627),#1795,.T.);
#1894=ADVANCED_FACE('',(#1628),#1796,.F.);
#1895=ADVANCED_FACE('',(#1629),#1797,.T.);
#1896=ADVANCED_FACE('',(#1630),#1798,.T.);
#1897=ADVANCED_FACE('',(#1631),#1799,.F.);
#1898=ADVANCED_FACE('',(#1632),#1800,.T.);
#1899=ADVANCED_FACE('',(#1633),#1801,.F.);
#1900=ADVANCED_FACE('',(#1634),#1802,.T.);
#1901=ADVANCED_FACE('',(#1635),#1803,.T.);
#1902=ADVANCED_FACE('',(#1636),#1804,.F.);
#1903=ADVANCED_FACE('',(#1637),#1805,.T.);
#1904=ADVANCED_FACE('',(#1638),#1806,.F.);
#1905=ADVANCED_FACE('',(#1639),#1807,.T.);
#1906=ADVANCED_FACE('',(#1640),#1808,.T.);
#1907=ADVANCED_FACE('',(#1641),#1809,.F.);
#1908=ADVANCED_FACE('',(#1642),#1810,.T.);
#1909=ADVANCED_FACE('',(#1643),#1811,.F.);
#1910=ADVANCED_FACE('',(#1644),#1812,.T.);
#1911=ADVANCED_FACE('',(#1645,#1646,#1647,#1648,#1649,#1650,#1651,#1652,
#1653,#1654,#1655),#1813,.T.);
#1912=ADVANCED_FACE('',(#1656,#1657),#52,.T.);
#1913=ADVANCED_FACE('',(#1658),#1814,.T.);
#1914=ADVANCED_FACE('',(#1659,#1660),#53,.T.);
#1915=ADVANCED_FACE('',(#1661),#1815,.T.);
#1916=ADVANCED_FACE('',(#1662,#1663),#54,.T.);
#1917=ADVANCED_FACE('',(#1664),#1816,.T.);
#1918=ADVANCED_FACE('',(#1665,#1666),#55,.T.);
#1919=ADVANCED_FACE('',(#1667),#1817,.T.);
#1920=ADVANCED_FACE('',(#1668,#1669),#56,.T.);
#1921=ADVANCED_FACE('',(#1670),#1818,.T.);
#1922=ADVANCED_FACE('',(#1671,#1672),#57,.T.);
#1923=ADVANCED_FACE('',(#1673),#1819,.T.);
#1924=ADVANCED_FACE('',(#1674,#1675),#58,.T.);
#1925=ADVANCED_FACE('',(#1676),#1820,.T.);
#1926=ADVANCED_FACE('',(#1677,#1678),#59,.T.);
#1927=ADVANCED_FACE('',(#1679),#1821,.T.);
#1928=ADVANCED_FACE('',(#1680,#1681),#60,.T.);
#1929=ADVANCED_FACE('',(#1682),#1822,.T.);
#1930=ADVANCED_FACE('',(#1683,#1684),#61,.T.);
#1931=ADVANCED_FACE('',(#1685),#1823,.T.);
#1932=ADVANCED_FACE('',(#1686,#1687),#62,.T.);
#1933=ADVANCED_FACE('',(#1688),#1824,.T.);
#1934=ADVANCED_FACE('',(#1689,#1690),#63,.T.);
#1935=ADVANCED_FACE('',(#1691),#1825,.T.);
#1936=ADVANCED_FACE('',(#1692,#1693),#64,.T.);
#1937=ADVANCED_FACE('',(#1694),#1826,.T.);
#1938=ADVANCED_FACE('',(#1695,#1696),#65,.T.);
#1939=ADVANCED_FACE('',(#1697),#1827,.T.);
#1940=ADVANCED_FACE('',(#1698,#1699),#66,.T.);
#1941=ADVANCED_FACE('',(#1700),#1828,.T.);
#1942=ADVANCED_FACE('',(#1701,#1702),#67,.T.);
#1943=ADVANCED_FACE('',(#1703),#1829,.T.);
#1944=ADVANCED_FACE('',(#1704,#1705),#68,.T.);
#1945=ADVANCED_FACE('',(#1706),#1830,.T.);
#1946=ADVANCED_FACE('',(#1707,#1708),#69,.T.);
#1947=ADVANCED_FACE('',(#1709),#1831,.T.);
#1948=ADVANCED_FACE('',(#1710,#1711),#70,.T.);
#1949=ADVANCED_FACE('',(#1712),#1832,.T.);
#1950=ADVANCED_FACE('',(#1713),#1833,.F.);
#1951=ADVANCED_FACE('',(#1714),#1834,.F.);
#1952=ADVANCED_FACE('',(#1715),#1835,.F.);
#1953=ADVANCED_FACE('',(#1716),#1836,.T.);
#1954=ADVANCED_FACE('',(#1717),#1837,.F.);
#1955=ADVANCED_FACE('',(#1718),#1838,.F.);
#1956=ADVANCED_FACE('',(#1719),#1839,.T.);
#1957=ADVANCED_FACE('',(#1720),#1840,.F.);
#1958=ADVANCED_FACE('',(#1721),#1841,.T.);
#1959=ADVANCED_FACE('',(#1722),#1842,.F.);
#1960=ADVANCED_FACE('',(#1723),#1843,.T.);
#1961=ADVANCED_FACE('',(#1724),#1844,.F.);
#1962=ADVANCED_FACE('',(#1725),#1845,.T.);
#1963=ADVANCED_FACE('',(#1726),#1846,.T.);
#1964=ADVANCED_FACE('',(#1727,#1728,#1729,#1730,#1731,#1732,#1733,#1734,
#1735,#1736,#1737,#1738,#1739,#1740,#1741,#1742,#1743,#1744,#1745,#1746,
#1747),#1847,.F.);
#1965=ADVANCED_FACE('',(#1748),#1848,.F.);
#1966=ADVANCED_FACE('',(#1749),#1849,.T.);
#1967=ADVANCED_FACE('',(#1750),#1850,.F.);
#1968=ADVANCED_FACE('',(#1751),#1851,.F.);
#1969=ADVANCED_FACE('',(#1752),#1852,.F.);
#1970=ADVANCED_FACE('',(#1753),#1853,.F.);
#1971=ADVANCED_FACE('',(#1754),#1854,.T.);
#1972=ADVANCED_FACE('',(#1755),#1855,.T.);
#1973=ADVANCED_FACE('',(#1756),#1856,.T.);
#1974=ADVANCED_FACE('',(#1757),#1857,.T.);
#1975=ADVANCED_FACE('',(#1758),#1858,.F.);
#1976=ADVANCED_FACE('',(#1759),#1859,.T.);
#1977=ADVANCED_FACE('',(#1760,#1761),#71,.T.);
#1978=ADVANCED_FACE('',(#1762),#1860,.T.);
#1979=ADVANCED_FACE('',(#1763),#1861,.T.);
#1980=ADVANCED_FACE('',(#1764),#1862,.T.);
#1981=ADVANCED_FACE('',(#1765),#1863,.F.);
#1982=ADVANCED_FACE('',(#1766),#1864,.F.);
#1983=ADVANCED_FACE('',(#1767),#1865,.T.);
#1984=CLOSED_SHELL('',(#1866,#1867,#1868,#1869,#1870,#1871,#1872,#1873,
#1874,#1875,#1876,#1877,#1878,#1879,#1880,#1881,#1882,#1883,#1884,#1885,
#1886,#1887,#1888,#1889,#1890,#1891,#1892,#1893,#1894,#1895,#1896,#1897,
#1898,#1899,#1900,#1901,#1902,#1903,#1904,#1905,#1906,#1907,#1908,#1909,
#1910,#1911,#1912,#1913,#1914,#1915,#1916,#1917,#1918,#1919,#1920,#1921,
#1922,#1923,#1924,#1925,#1926,#1927,#1928,#1929,#1930,#1931,#1932,#1933,
#1934,#1935,#1936,#1937,#1938,#1939,#1940,#1941,#1942,#1943,#1944,#1945,
#1946,#1947,#1948,#1949,#1950,#1951,#1952,#1953,#1954,#1955,#1956,#1957,
#1958,#1959,#1960,#1961,#1962,#1963,#1964,#1965,#1966,#1967,#1968,#1969,
#1970,#1971,#1972,#1973,#1974,#1975,#1976,#1977,#1978,#1979,#1980,#1981,
#1982,#1983));
#1985=STYLED_ITEM('',(#1986),#2463);
#1986=PRESENTATION_STYLE_ASSIGNMENT((#2065));
#1987=PRESENTATION_STYLE_ASSIGNMENT((#2066));
#1988=PRESENTATION_STYLE_ASSIGNMENT((#2067));
#1989=PRESENTATION_STYLE_ASSIGNMENT((#2068));
#1990=PRESENTATION_STYLE_ASSIGNMENT((#2069));
#1991=PRESENTATION_STYLE_ASSIGNMENT((#2070));
#1992=PRESENTATION_STYLE_ASSIGNMENT((#2071));
#1993=PRESENTATION_STYLE_ASSIGNMENT((#2072));
#1994=PRESENTATION_STYLE_ASSIGNMENT((#2073));
#1995=PRESENTATION_STYLE_ASSIGNMENT((#2074));
#1996=PRESENTATION_STYLE_ASSIGNMENT((#2075));
#1997=PRESENTATION_STYLE_ASSIGNMENT((#2076));
#1998=PRESENTATION_STYLE_ASSIGNMENT((#2077));
#1999=PRESENTATION_STYLE_ASSIGNMENT((#2078));
#2000=PRESENTATION_STYLE_ASSIGNMENT((#2079));
#2001=PRESENTATION_STYLE_ASSIGNMENT((#2080));
#2002=PRESENTATION_STYLE_ASSIGNMENT((#2081));
#2003=PRESENTATION_STYLE_ASSIGNMENT((#2082));
#2004=PRESENTATION_STYLE_ASSIGNMENT((#2083));
#2005=PRESENTATION_STYLE_ASSIGNMENT((#2084));
#2006=PRESENTATION_STYLE_ASSIGNMENT((#2085));
#2007=PRESENTATION_STYLE_ASSIGNMENT((#2086));
#2008=PRESENTATION_STYLE_ASSIGNMENT((#2087));
#2009=PRESENTATION_STYLE_ASSIGNMENT((#2088));
#2010=PRESENTATION_STYLE_ASSIGNMENT((#2089));
#2011=PRESENTATION_STYLE_ASSIGNMENT((#2090));
#2012=PRESENTATION_STYLE_ASSIGNMENT((#2091));
#2013=PRESENTATION_STYLE_ASSIGNMENT((#2092));
#2014=PRESENTATION_STYLE_ASSIGNMENT((#2093));
#2015=PRESENTATION_STYLE_ASSIGNMENT((#2094));
#2016=PRESENTATION_STYLE_ASSIGNMENT((#2095));
#2017=PRESENTATION_STYLE_ASSIGNMENT((#2096));
#2018=PRESENTATION_STYLE_ASSIGNMENT((#2097));
#2019=PRESENTATION_STYLE_ASSIGNMENT((#2098));
#2020=PRESENTATION_STYLE_ASSIGNMENT((#2099));
#2021=PRESENTATION_STYLE_ASSIGNMENT((#2100));
#2022=PRESENTATION_STYLE_ASSIGNMENT((#2101));
#2023=PRESENTATION_STYLE_ASSIGNMENT((#2102));
#2024=PRESENTATION_STYLE_ASSIGNMENT((#2103));
#2025=PRESENTATION_STYLE_ASSIGNMENT((#2104));
#2026=PRESENTATION_STYLE_ASSIGNMENT((#2105));
#2027=PRESENTATION_STYLE_ASSIGNMENT((#2106));
#2028=PRESENTATION_STYLE_ASSIGNMENT((#2107));
#2029=PRESENTATION_STYLE_ASSIGNMENT((#2108));
#2030=PRESENTATION_STYLE_ASSIGNMENT((#2109));
#2031=PRESENTATION_STYLE_ASSIGNMENT((#2110));
#2032=PRESENTATION_STYLE_ASSIGNMENT((#2111));
#2033=PRESENTATION_STYLE_ASSIGNMENT((#2112));
#2034=PRESENTATION_STYLE_ASSIGNMENT((#2113));
#2035=PRESENTATION_STYLE_ASSIGNMENT((#2114));
#2036=PRESENTATION_STYLE_ASSIGNMENT((#2115));
#2037=PRESENTATION_STYLE_ASSIGNMENT((#2116));
#2038=PRESENTATION_STYLE_ASSIGNMENT((#2117));
#2039=PRESENTATION_STYLE_ASSIGNMENT((#2118));
#2040=PRESENTATION_STYLE_ASSIGNMENT((#2119));
#2041=PRESENTATION_STYLE_ASSIGNMENT((#2120));
#2042=PRESENTATION_STYLE_ASSIGNMENT((#2121));
#2043=PRESENTATION_STYLE_ASSIGNMENT((#2122));
#2044=PRESENTATION_STYLE_ASSIGNMENT((#2123));
#2045=PRESENTATION_STYLE_ASSIGNMENT((#2124));
#2046=PRESENTATION_STYLE_ASSIGNMENT((#2125));
#2047=PRESENTATION_STYLE_ASSIGNMENT((#2126));
#2048=PRESENTATION_STYLE_ASSIGNMENT((#2127));
#2049=PRESENTATION_STYLE_ASSIGNMENT((#2128));
#2050=PRESENTATION_STYLE_ASSIGNMENT((#2129));
#2051=PRESENTATION_STYLE_ASSIGNMENT((#2130));
#2052=PRESENTATION_STYLE_ASSIGNMENT((#2131));
#2053=PRESENTATION_STYLE_ASSIGNMENT((#2132));
#2054=PRESENTATION_STYLE_ASSIGNMENT((#2133));
#2055=PRESENTATION_STYLE_ASSIGNMENT((#2134));
#2056=PRESENTATION_STYLE_ASSIGNMENT((#2135));
#2057=PRESENTATION_STYLE_ASSIGNMENT((#2136));
#2058=PRESENTATION_STYLE_ASSIGNMENT((#2137));
#2059=PRESENTATION_STYLE_ASSIGNMENT((#2138));
#2060=PRESENTATION_STYLE_ASSIGNMENT((#2139));
#2061=PRESENTATION_STYLE_ASSIGNMENT((#2140));
#2062=PRESENTATION_STYLE_ASSIGNMENT((#2141));
#2063=PRESENTATION_STYLE_ASSIGNMENT((#2142));
#2064=PRESENTATION_STYLE_ASSIGNMENT((#2143));
#2065=SURFACE_STYLE_USAGE(.BOTH.,#2144);
#2066=SURFACE_STYLE_USAGE(.BOTH.,#2145);
#2067=SURFACE_STYLE_USAGE(.BOTH.,#2146);
#2068=SURFACE_STYLE_USAGE(.BOTH.,#2147);
#2069=SURFACE_STYLE_USAGE(.BOTH.,#2148);
#2070=SURFACE_STYLE_USAGE(.BOTH.,#2149);
#2071=SURFACE_STYLE_USAGE(.BOTH.,#2150);
#2072=SURFACE_STYLE_USAGE(.BOTH.,#2151);
#2073=SURFACE_STYLE_USAGE(.BOTH.,#2152);
#2074=SURFACE_STYLE_USAGE(.BOTH.,#2153);
#2075=SURFACE_STYLE_USAGE(.BOTH.,#2154);
#2076=SURFACE_STYLE_USAGE(.BOTH.,#2155);
#2077=SURFACE_STYLE_USAGE(.BOTH.,#2156);
#2078=SURFACE_STYLE_USAGE(.BOTH.,#2157);
#2079=SURFACE_STYLE_USAGE(.BOTH.,#2158);
#2080=SURFACE_STYLE_USAGE(.BOTH.,#2159);
#2081=SURFACE_STYLE_USAGE(.BOTH.,#2160);
#2082=SURFACE_STYLE_USAGE(.BOTH.,#2161);
#2083=SURFACE_STYLE_USAGE(.BOTH.,#2162);
#2084=SURFACE_STYLE_USAGE(.BOTH.,#2163);
#2085=SURFACE_STYLE_USAGE(.BOTH.,#2164);
#2086=SURFACE_STYLE_USAGE(.BOTH.,#2165);
#2087=SURFACE_STYLE_USAGE(.BOTH.,#2166);
#2088=SURFACE_STYLE_USAGE(.BOTH.,#2167);
#2089=SURFACE_STYLE_USAGE(.BOTH.,#2168);
#2090=SURFACE_STYLE_USAGE(.BOTH.,#2169);
#2091=SURFACE_STYLE_USAGE(.BOTH.,#2170);
#2092=SURFACE_STYLE_USAGE(.BOTH.,#2171);
#2093=SURFACE_STYLE_USAGE(.BOTH.,#2172);
#2094=SURFACE_STYLE_USAGE(.BOTH.,#2173);
#2095=SURFACE_STYLE_USAGE(.BOTH.,#2174);
#2096=SURFACE_STYLE_USAGE(.BOTH.,#2175);
#2097=SURFACE_STYLE_USAGE(.BOTH.,#2176);
#2098=SURFACE_STYLE_USAGE(.BOTH.,#2177);
#2099=SURFACE_STYLE_USAGE(.BOTH.,#2178);
#2100=SURFACE_STYLE_USAGE(.BOTH.,#2179);
#2101=SURFACE_STYLE_USAGE(.BOTH.,#2180);
#2102=SURFACE_STYLE_USAGE(.BOTH.,#2181);
#2103=SURFACE_STYLE_USAGE(.BOTH.,#2182);
#2104=SURFACE_STYLE_USAGE(.BOTH.,#2183);
#2105=SURFACE_STYLE_USAGE(.BOTH.,#2184);
#2106=SURFACE_STYLE_USAGE(.BOTH.,#2185);
#2107=SURFACE_STYLE_USAGE(.BOTH.,#2186);
#2108=SURFACE_STYLE_USAGE(.BOTH.,#2187);
#2109=SURFACE_STYLE_USAGE(.BOTH.,#2188);
#2110=SURFACE_STYLE_USAGE(.BOTH.,#2189);
#2111=SURFACE_STYLE_USAGE(.BOTH.,#2190);
#2112=SURFACE_STYLE_USAGE(.BOTH.,#2191);
#2113=SURFACE_STYLE_USAGE(.BOTH.,#2192);
#2114=SURFACE_STYLE_USAGE(.BOTH.,#2193);
#2115=SURFACE_STYLE_USAGE(.BOTH.,#2194);
#2116=SURFACE_STYLE_USAGE(.BOTH.,#2195);
#2117=SURFACE_STYLE_USAGE(.BOTH.,#2196);
#2118=SURFACE_STYLE_USAGE(.BOTH.,#2197);
#2119=SURFACE_STYLE_USAGE(.BOTH.,#2198);
#2120=SURFACE_STYLE_USAGE(.BOTH.,#2199);
#2121=SURFACE_STYLE_USAGE(.BOTH.,#2200);
#2122=SURFACE_STYLE_USAGE(.BOTH.,#2201);
#2123=SURFACE_STYLE_USAGE(.BOTH.,#2202);
#2124=SURFACE_STYLE_USAGE(.BOTH.,#2203);
#2125=SURFACE_STYLE_USAGE(.BOTH.,#2204);
#2126=SURFACE_STYLE_USAGE(.BOTH.,#2205);
#2127=SURFACE_STYLE_USAGE(.BOTH.,#2206);
#2128=SURFACE_STYLE_USAGE(.BOTH.,#2207);
#2129=SURFACE_STYLE_USAGE(.BOTH.,#2208);
#2130=SURFACE_STYLE_USAGE(.BOTH.,#2209);
#2131=SURFACE_STYLE_USAGE(.BOTH.,#2210);
#2132=SURFACE_STYLE_USAGE(.BOTH.,#2211);
#2133=SURFACE_STYLE_USAGE(.BOTH.,#2212);
#2134=SURFACE_STYLE_USAGE(.BOTH.,#2213);
#2135=SURFACE_STYLE_USAGE(.BOTH.,#2214);
#2136=SURFACE_STYLE_USAGE(.BOTH.,#2215);
#2137=SURFACE_STYLE_USAGE(.BOTH.,#2216);
#2138=SURFACE_STYLE_USAGE(.BOTH.,#2217);
#2139=SURFACE_STYLE_USAGE(.BOTH.,#2218);
#2140=SURFACE_STYLE_USAGE(.BOTH.,#2219);
#2141=SURFACE_STYLE_USAGE(.BOTH.,#2220);
#2142=SURFACE_STYLE_USAGE(.BOTH.,#2221);
#2143=SURFACE_STYLE_USAGE(.BOTH.,#2222);
#2144=SURFACE_SIDE_STYLE('',(#2223));
#2145=SURFACE_SIDE_STYLE('',(#2224));
#2146=SURFACE_SIDE_STYLE('',(#2225));
#2147=SURFACE_SIDE_STYLE('',(#2226));
#2148=SURFACE_SIDE_STYLE('',(#2227));
#2149=SURFACE_SIDE_STYLE('',(#2228));
#2150=SURFACE_SIDE_STYLE('',(#2229));
#2151=SURFACE_SIDE_STYLE('',(#2230));
#2152=SURFACE_SIDE_STYLE('',(#2231));
#2153=SURFACE_SIDE_STYLE('',(#2232));
#2154=SURFACE_SIDE_STYLE('',(#2233));
#2155=SURFACE_SIDE_STYLE('',(#2234));
#2156=SURFACE_SIDE_STYLE('',(#2235));
#2157=SURFACE_SIDE_STYLE('',(#2236));
#2158=SURFACE_SIDE_STYLE('',(#2237));
#2159=SURFACE_SIDE_STYLE('',(#2238));
#2160=SURFACE_SIDE_STYLE('',(#2239));
#2161=SURFACE_SIDE_STYLE('',(#2240));
#2162=SURFACE_SIDE_STYLE('',(#2241));
#2163=SURFACE_SIDE_STYLE('',(#2242));
#2164=SURFACE_SIDE_STYLE('',(#2243));
#2165=SURFACE_SIDE_STYLE('',(#2244));
#2166=SURFACE_SIDE_STYLE('',(#2245));
#2167=SURFACE_SIDE_STYLE('',(#2246));
#2168=SURFACE_SIDE_STYLE('',(#2247));
#2169=SURFACE_SIDE_STYLE('',(#2248));
#2170=SURFACE_SIDE_STYLE('',(#2249));
#2171=SURFACE_SIDE_STYLE('',(#2250));
#2172=SURFACE_SIDE_STYLE('',(#2251));
#2173=SURFACE_SIDE_STYLE('',(#2252));
#2174=SURFACE_SIDE_STYLE('',(#2253));
#2175=SURFACE_SIDE_STYLE('',(#2254));
#2176=SURFACE_SIDE_STYLE('',(#2255));
#2177=SURFACE_SIDE_STYLE('',(#2256));
#2178=SURFACE_SIDE_STYLE('',(#2257));
#2179=SURFACE_SIDE_STYLE('',(#2258));
#2180=SURFACE_SIDE_STYLE('',(#2259));
#2181=SURFACE_SIDE_STYLE('',(#2260));
#2182=SURFACE_SIDE_STYLE('',(#2261));
#2183=SURFACE_SIDE_STYLE('',(#2262));
#2184=SURFACE_SIDE_STYLE('',(#2263));
#2185=SURFACE_SIDE_STYLE('',(#2264));
#2186=SURFACE_SIDE_STYLE('',(#2265));
#2187=SURFACE_SIDE_STYLE('',(#2266));
#2188=SURFACE_SIDE_STYLE('',(#2267));
#2189=SURFACE_SIDE_STYLE('',(#2268));
#2190=SURFACE_SIDE_STYLE('',(#2269));
#2191=SURFACE_SIDE_STYLE('',(#2270));
#2192=SURFACE_SIDE_STYLE('',(#2271));
#2193=SURFACE_SIDE_STYLE('',(#2272));
#2194=SURFACE_SIDE_STYLE('',(#2273));
#2195=SURFACE_SIDE_STYLE('',(#2274));
#2196=SURFACE_SIDE_STYLE('',(#2275));
#2197=SURFACE_SIDE_STYLE('',(#2276));
#2198=SURFACE_SIDE_STYLE('',(#2277));
#2199=SURFACE_SIDE_STYLE('',(#2278));
#2200=SURFACE_SIDE_STYLE('',(#2279));
#2201=SURFACE_SIDE_STYLE('',(#2280));
#2202=SURFACE_SIDE_STYLE('',(#2281));
#2203=SURFACE_SIDE_STYLE('',(#2282));
#2204=SURFACE_SIDE_STYLE('',(#2283));
#2205=SURFACE_SIDE_STYLE('',(#2284));
#2206=SURFACE_SIDE_STYLE('',(#2285));
#2207=SURFACE_SIDE_STYLE('',(#2286));
#2208=SURFACE_SIDE_STYLE('',(#2287));
#2209=SURFACE_SIDE_STYLE('',(#2288));
#2210=SURFACE_SIDE_STYLE('',(#2289));
#2211=SURFACE_SIDE_STYLE('',(#2290));
#2212=SURFACE_SIDE_STYLE('',(#2291));
#2213=SURFACE_SIDE_STYLE('',(#2292));
#2214=SURFACE_SIDE_STYLE('',(#2293));
#2215=SURFACE_SIDE_STYLE('',(#2294));
#2216=SURFACE_SIDE_STYLE('',(#2295));
#2217=SURFACE_SIDE_STYLE('',(#2296));
#2218=SURFACE_SIDE_STYLE('',(#2297));
#2219=SURFACE_SIDE_STYLE('',(#2298));
#2220=SURFACE_SIDE_STYLE('',(#2299));
#2221=SURFACE_SIDE_STYLE('',(#2300));
#2222=SURFACE_SIDE_STYLE('',(#2301));
#2223=SURFACE_STYLE_FILL_AREA(#2302);
#2224=SURFACE_STYLE_FILL_AREA(#2303);
#2225=SURFACE_STYLE_FILL_AREA(#2304);
#2226=SURFACE_STYLE_FILL_AREA(#2305);
#2227=SURFACE_STYLE_FILL_AREA(#2306);
#2228=SURFACE_STYLE_FILL_AREA(#2307);
#2229=SURFACE_STYLE_FILL_AREA(#2308);
#2230=SURFACE_STYLE_FILL_AREA(#2309);
#2231=SURFACE_STYLE_FILL_AREA(#2310);
#2232=SURFACE_STYLE_FILL_AREA(#2311);
#2233=SURFACE_STYLE_FILL_AREA(#2312);
#2234=SURFACE_STYLE_FILL_AREA(#2313);
#2235=SURFACE_STYLE_FILL_AREA(#2314);
#2236=SURFACE_STYLE_FILL_AREA(#2315);
#2237=SURFACE_STYLE_FILL_AREA(#2316);
#2238=SURFACE_STYLE_FILL_AREA(#2317);
#2239=SURFACE_STYLE_FILL_AREA(#2318);
#2240=SURFACE_STYLE_FILL_AREA(#2319);
#2241=SURFACE_STYLE_FILL_AREA(#2320);
#2242=SURFACE_STYLE_FILL_AREA(#2321);
#2243=SURFACE_STYLE_FILL_AREA(#2322);
#2244=SURFACE_STYLE_FILL_AREA(#2323);
#2245=SURFACE_STYLE_FILL_AREA(#2324);
#2246=SURFACE_STYLE_FILL_AREA(#2325);
#2247=SURFACE_STYLE_FILL_AREA(#2326);
#2248=SURFACE_STYLE_FILL_AREA(#2327);
#2249=SURFACE_STYLE_FILL_AREA(#2328);
#2250=SURFACE_STYLE_FILL_AREA(#2329);
#2251=SURFACE_STYLE_FILL_AREA(#2330);
#2252=SURFACE_STYLE_FILL_AREA(#2331);
#2253=SURFACE_STYLE_FILL_AREA(#2332);
#2254=SURFACE_STYLE_FILL_AREA(#2333);
#2255=SURFACE_STYLE_FILL_AREA(#2334);
#2256=SURFACE_STYLE_FILL_AREA(#2335);
#2257=SURFACE_STYLE_FILL_AREA(#2336);
#2258=SURFACE_STYLE_FILL_AREA(#2337);
#2259=SURFACE_STYLE_FILL_AREA(#2338);
#2260=SURFACE_STYLE_FILL_AREA(#2339);
#2261=SURFACE_STYLE_FILL_AREA(#2340);
#2262=SURFACE_STYLE_FILL_AREA(#2341);
#2263=SURFACE_STYLE_FILL_AREA(#2342);
#2264=SURFACE_STYLE_FILL_AREA(#2343);
#2265=SURFACE_STYLE_FILL_AREA(#2344);
#2266=SURFACE_STYLE_FILL_AREA(#2345);
#2267=SURFACE_STYLE_FILL_AREA(#2346);
#2268=SURFACE_STYLE_FILL_AREA(#2347);
#2269=SURFACE_STYLE_FILL_AREA(#2348);
#2270=SURFACE_STYLE_FILL_AREA(#2349);
#2271=SURFACE_STYLE_FILL_AREA(#2350);
#2272=SURFACE_STYLE_FILL_AREA(#2351);
#2273=SURFACE_STYLE_FILL_AREA(#2352);
#2274=SURFACE_STYLE_FILL_AREA(#2353);
#2275=SURFACE_STYLE_FILL_AREA(#2354);
#2276=SURFACE_STYLE_FILL_AREA(#2355);
#2277=SURFACE_STYLE_FILL_AREA(#2356);
#2278=SURFACE_STYLE_FILL_AREA(#2357);
#2279=SURFACE_STYLE_FILL_AREA(#2358);
#2280=SURFACE_STYLE_FILL_AREA(#2359);
#2281=SURFACE_STYLE_FILL_AREA(#2360);
#2282=SURFACE_STYLE_FILL_AREA(#2361);
#2283=SURFACE_STYLE_FILL_AREA(#2362);
#2284=SURFACE_STYLE_FILL_AREA(#2363);
#2285=SURFACE_STYLE_FILL_AREA(#2364);
#2286=SURFACE_STYLE_FILL_AREA(#2365);
#2287=SURFACE_STYLE_FILL_AREA(#2366);
#2288=SURFACE_STYLE_FILL_AREA(#2367);
#2289=SURFACE_STYLE_FILL_AREA(#2368);
#2290=SURFACE_STYLE_FILL_AREA(#2369);
#2291=SURFACE_STYLE_FILL_AREA(#2370);
#2292=SURFACE_STYLE_FILL_AREA(#2371);
#2293=SURFACE_STYLE_FILL_AREA(#2372);
#2294=SURFACE_STYLE_FILL_AREA(#2373);
#2295=SURFACE_STYLE_FILL_AREA(#2374);
#2296=SURFACE_STYLE_FILL_AREA(#2375);
#2297=SURFACE_STYLE_FILL_AREA(#2376);
#2298=SURFACE_STYLE_FILL_AREA(#2377);
#2299=SURFACE_STYLE_FILL_AREA(#2378);
#2300=SURFACE_STYLE_FILL_AREA(#2379);
#2301=SURFACE_STYLE_FILL_AREA(#2380);
#2302=FILL_AREA_STYLE('',(#2381));
#2303=FILL_AREA_STYLE('',(#2382));
#2304=FILL_AREA_STYLE('',(#2383));
#2305=FILL_AREA_STYLE('',(#2384));
#2306=FILL_AREA_STYLE('',(#2385));
#2307=FILL_AREA_STYLE('',(#2386));
#2308=FILL_AREA_STYLE('',(#2387));
#2309=FILL_AREA_STYLE('',(#2388));
#2310=FILL_AREA_STYLE('',(#2389));
#2311=FILL_AREA_STYLE('',(#2390));
#2312=FILL_AREA_STYLE('',(#2391));
#2313=FILL_AREA_STYLE('',(#2392));
#2314=FILL_AREA_STYLE('',(#2393));
#2315=FILL_AREA_STYLE('',(#2394));
#2316=FILL_AREA_STYLE('',(#2395));
#2317=FILL_AREA_STYLE('',(#2396));
#2318=FILL_AREA_STYLE('',(#2397));
#2319=FILL_AREA_STYLE('',(#2398));
#2320=FILL_AREA_STYLE('',(#2399));
#2321=FILL_AREA_STYLE('',(#2400));
#2322=FILL_AREA_STYLE('',(#2401));
#2323=FILL_AREA_STYLE('',(#2402));
#2324=FILL_AREA_STYLE('',(#2403));
#2325=FILL_AREA_STYLE('',(#2404));
#2326=FILL_AREA_STYLE('',(#2405));
#2327=FILL_AREA_STYLE('',(#2406));
#2328=FILL_AREA_STYLE('',(#2407));
#2329=FILL_AREA_STYLE('',(#2408));
#2330=FILL_AREA_STYLE('',(#2409));
#2331=FILL_AREA_STYLE('',(#2410));
#2332=FILL_AREA_STYLE('',(#2411));
#2333=FILL_AREA_STYLE('',(#2412));
#2334=FILL_AREA_STYLE('',(#2413));
#2335=FILL_AREA_STYLE('',(#2414));
#2336=FILL_AREA_STYLE('',(#2415));
#2337=FILL_AREA_STYLE('',(#2416));
#2338=FILL_AREA_STYLE('',(#2417));
#2339=FILL_AREA_STYLE('',(#2418));
#2340=FILL_AREA_STYLE('',(#2419));
#2341=FILL_AREA_STYLE('',(#2420));
#2342=FILL_AREA_STYLE('',(#2421));
#2343=FILL_AREA_STYLE('',(#2422));
#2344=FILL_AREA_STYLE('',(#2423));
#2345=FILL_AREA_STYLE('',(#2424));
#2346=FILL_AREA_STYLE('',(#2425));
#2347=FILL_AREA_STYLE('',(#2426));
#2348=FILL_AREA_STYLE('',(#2427));
#2349=FILL_AREA_STYLE('',(#2428));
#2350=FILL_AREA_STYLE('',(#2429));
#2351=FILL_AREA_STYLE('',(#2430));
#2352=FILL_AREA_STYLE('',(#2431));
#2353=FILL_AREA_STYLE('',(#2432));
#2354=FILL_AREA_STYLE('',(#2433));
#2355=FILL_AREA_STYLE('',(#2434));
#2356=FILL_AREA_STYLE('',(#2435));
#2357=FILL_AREA_STYLE('',(#2436));
#2358=FILL_AREA_STYLE('',(#2437));
#2359=FILL_AREA_STYLE('',(#2438));
#2360=FILL_AREA_STYLE('',(#2439));
#2361=FILL_AREA_STYLE('',(#2440));
#2362=FILL_AREA_STYLE('',(#2441));
#2363=FILL_AREA_STYLE('',(#2442));
#2364=FILL_AREA_STYLE('',(#2443));
#2365=FILL_AREA_STYLE('',(#2444));
#2366=FILL_AREA_STYLE('',(#2445));
#2367=FILL_AREA_STYLE('',(#2446));
#2368=FILL_AREA_STYLE('',(#2447));
#2369=FILL_AREA_STYLE('',(#2448));
#2370=FILL_AREA_STYLE('',(#2449));
#2371=FILL_AREA_STYLE('',(#2450));
#2372=FILL_AREA_STYLE('',(#2451));
#2373=FILL_AREA_STYLE('',(#2452));
#2374=FILL_AREA_STYLE('',(#2453));
#2375=FILL_AREA_STYLE('',(#2454));
#2376=FILL_AREA_STYLE('',(#2455));
#2377=FILL_AREA_STYLE('',(#2456));
#2378=FILL_AREA_STYLE('',(#2457));
#2379=FILL_AREA_STYLE('',(#2458));
#2380=FILL_AREA_STYLE('',(#2459));
#2381=FILL_AREA_STYLE_COLOUR('',#2460);
#2382=FILL_AREA_STYLE_COLOUR('',#2461);
#2383=FILL_AREA_STYLE_COLOUR('',#2461);
#2384=FILL_AREA_STYLE_COLOUR('',#2461);
#2385=FILL_AREA_STYLE_COLOUR('',#2461);
#2386=FILL_AREA_STYLE_COLOUR('',#2461);
#2387=FILL_AREA_STYLE_COLOUR('',#2461);
#2388=FILL_AREA_STYLE_COLOUR('',#2461);
#2389=FILL_AREA_STYLE_COLOUR('',#2461);
#2390=FILL_AREA_STYLE_COLOUR('',#2461);
#2391=FILL_AREA_STYLE_COLOUR('',#2462);
#2392=FILL_AREA_STYLE_COLOUR('',#2461);
#2393=FILL_AREA_STYLE_COLOUR('',#2461);
#2394=FILL_AREA_STYLE_COLOUR('',#2461);
#2395=FILL_AREA_STYLE_COLOUR('',#2461);
#2396=FILL_AREA_STYLE_COLOUR('',#2461);
#2397=FILL_AREA_STYLE_COLOUR('',#2461);
#2398=FILL_AREA_STYLE_COLOUR('',#2461);
#2399=FILL_AREA_STYLE_COLOUR('',#2461);
#2400=FILL_AREA_STYLE_COLOUR('',#2461);
#2401=FILL_AREA_STYLE_COLOUR('',#2461);
#2402=FILL_AREA_STYLE_COLOUR('',#2461);
#2403=FILL_AREA_STYLE_COLOUR('',#2461);
#2404=FILL_AREA_STYLE_COLOUR('',#2461);
#2405=FILL_AREA_STYLE_COLOUR('',#2461);
#2406=FILL_AREA_STYLE_COLOUR('',#2461);
#2407=FILL_AREA_STYLE_COLOUR('',#2461);
#2408=FILL_AREA_STYLE_COLOUR('',#2461);
#2409=FILL_AREA_STYLE_COLOUR('',#2461);
#2410=FILL_AREA_STYLE_COLOUR('',#2461);
#2411=FILL_AREA_STYLE_COLOUR('',#2461);
#2412=FILL_AREA_STYLE_COLOUR('',#2461);
#2413=FILL_AREA_STYLE_COLOUR('',#2461);
#2414=FILL_AREA_STYLE_COLOUR('',#2461);
#2415=FILL_AREA_STYLE_COLOUR('',#2461);
#2416=FILL_AREA_STYLE_COLOUR('',#2461);
#2417=FILL_AREA_STYLE_COLOUR('',#2461);
#2418=FILL_AREA_STYLE_COLOUR('',#2461);
#2419=FILL_AREA_STYLE_COLOUR('',#2461);
#2420=FILL_AREA_STYLE_COLOUR('',#2461);
#2421=FILL_AREA_STYLE_COLOUR('',#2461);
#2422=FILL_AREA_STYLE_COLOUR('',#2461);
#2423=FILL_AREA_STYLE_COLOUR('',#2461);
#2424=FILL_AREA_STYLE_COLOUR('',#2461);
#2425=FILL_AREA_STYLE_COLOUR('',#2461);
#2426=FILL_AREA_STYLE_COLOUR('',#2461);
#2427=FILL_AREA_STYLE_COLOUR('',#2461);
#2428=FILL_AREA_STYLE_COLOUR('',#2461);
#2429=FILL_AREA_STYLE_COLOUR('',#2461);
#2430=FILL_AREA_STYLE_COLOUR('',#2461);
#2431=FILL_AREA_STYLE_COLOUR('',#2461);
#2432=FILL_AREA_STYLE_COLOUR('',#2461);
#2433=FILL_AREA_STYLE_COLOUR('',#2461);
#2434=FILL_AREA_STYLE_COLOUR('',#2461);
#2435=FILL_AREA_STYLE_COLOUR('',#2461);
#2436=FILL_AREA_STYLE_COLOUR('',#2461);
#2437=FILL_AREA_STYLE_COLOUR('',#2461);
#2438=FILL_AREA_STYLE_COLOUR('',#2461);
#2439=FILL_AREA_STYLE_COLOUR('',#2461);
#2440=FILL_AREA_STYLE_COLOUR('',#2461);
#2441=FILL_AREA_STYLE_COLOUR('',#2461);
#2442=FILL_AREA_STYLE_COLOUR('',#2461);
#2443=FILL_AREA_STYLE_COLOUR('',#2461);
#2444=FILL_AREA_STYLE_COLOUR('',#2461);
#2445=FILL_AREA_STYLE_COLOUR('',#2461);
#2446=FILL_AREA_STYLE_COLOUR('',#2461);
#2447=FILL_AREA_STYLE_COLOUR('',#2461);
#2448=FILL_AREA_STYLE_COLOUR('',#2461);
#2449=FILL_AREA_STYLE_COLOUR('',#2461);
#2450=FILL_AREA_STYLE_COLOUR('',#2461);
#2451=FILL_AREA_STYLE_COLOUR('',#2461);
#2452=FILL_AREA_STYLE_COLOUR('',#2461);
#2453=FILL_AREA_STYLE_COLOUR('',#2461);
#2454=FILL_AREA_STYLE_COLOUR('',#2461);
#2455=FILL_AREA_STYLE_COLOUR('',#2461);
#2456=FILL_AREA_STYLE_COLOUR('',#2461);
#2457=FILL_AREA_STYLE_COLOUR('',#2461);
#2458=FILL_AREA_STYLE_COLOUR('',#2461);
#2459=FILL_AREA_STYLE_COLOUR('',#2461);
#2460=COLOUR_RGB('',0.615686274509804,0.811764705882353,0.929411764705882);
#2461=COLOUR_RGB('',0.917647058823529,0.917647058823529,0.917647058823529);
#2462=COLOUR_RGB('',0.196078431372549,0.196078431372549,0.196078431372549);
#2463=MANIFOLD_SOLID_BREP('Part 1',#1984);
#2464=SHAPE_DEFINITION_REPRESENTATION(#3676,#2465);
#2465=SHAPE_REPRESENTATION('Part 1',(#2466),#3671);
#2466=AXIS2_PLACEMENT_3D('',#3141,#2625,#2626);
#2467=AXIS2_PLACEMENT_3D('',#3142,#2627,#2628);
#2468=AXIS2_PLACEMENT_3D('',#3151,#2633,#2634);
#2469=AXIS2_PLACEMENT_3D('',#3157,#2638,#2639);
#2470=AXIS2_PLACEMENT_3D('',#3163,#2643,#2644);
#2471=AXIS2_PLACEMENT_3D('',#3166,#2647,#2648);
#2472=AXIS2_PLACEMENT_3D('',#3167,#2649,#2650);
#2473=AXIS2_PLACEMENT_3D('',#3176,#2655,#2656);
#2474=AXIS2_PLACEMENT_3D('',#3182,#2660,#2661);
#2475=AXIS2_PLACEMENT_3D('',#3188,#2665,#2666);
#2476=AXIS2_PLACEMENT_3D('',#3191,#2669,#2670);
#2477=AXIS2_PLACEMENT_3D('',#3192,#2671,#2672);
#2478=AXIS2_PLACEMENT_3D('',#3201,#2677,#2678);
#2479=AXIS2_PLACEMENT_3D('',#3207,#2682,#2683);
#2480=AXIS2_PLACEMENT_3D('',#3213,#2687,#2688);
#2481=AXIS2_PLACEMENT_3D('',#3216,#2691,#2692);
#2482=AXIS2_PLACEMENT_3D('',#3217,#2693,#2694);
#2483=AXIS2_PLACEMENT_3D('',#3226,#2699,#2700);
#2484=AXIS2_PLACEMENT_3D('',#3232,#2704,#2705);
#2485=AXIS2_PLACEMENT_3D('',#3238,#2709,#2710);
#2486=AXIS2_PLACEMENT_3D('',#3241,#2713,#2714);
#2487=AXIS2_PLACEMENT_3D('',#3242,#2715,#2716);
#2488=AXIS2_PLACEMENT_3D('',#3251,#2721,#2722);
#2489=AXIS2_PLACEMENT_3D('',#3257,#2726,#2727);
#2490=AXIS2_PLACEMENT_3D('',#3263,#2731,#2732);
#2491=AXIS2_PLACEMENT_3D('',#3266,#2735,#2736);
#2492=AXIS2_PLACEMENT_3D('',#3267,#2737,#2738);
#2493=AXIS2_PLACEMENT_3D('',#3276,#2743,#2744);
#2494=AXIS2_PLACEMENT_3D('',#3282,#2748,#2749);
#2495=AXIS2_PLACEMENT_3D('',#3288,#2753,#2754);
#2496=AXIS2_PLACEMENT_3D('',#3291,#2757,#2758);
#2497=AXIS2_PLACEMENT_3D('',#3292,#2759,#2760);
#2498=AXIS2_PLACEMENT_3D('',#3301,#2765,#2766);
#2499=AXIS2_PLACEMENT_3D('',#3307,#2770,#2771);
#2500=AXIS2_PLACEMENT_3D('',#3313,#2775,#2776);
#2501=AXIS2_PLACEMENT_3D('',#3316,#2779,#2780);
#2502=AXIS2_PLACEMENT_3D('',#3317,#2781,#2782);
#2503=AXIS2_PLACEMENT_3D('',#3326,#2787,#2788);
#2504=AXIS2_PLACEMENT_3D('',#3332,#2792,#2793);
#2505=AXIS2_PLACEMENT_3D('',#3338,#2797,#2798);
#2506=AXIS2_PLACEMENT_3D('',#3341,#2801,#2802);
#2507=AXIS2_PLACEMENT_3D('',#3342,#2803,#2804);
#2508=AXIS2_PLACEMENT_3D('',#3351,#2809,#2810);
#2509=AXIS2_PLACEMENT_3D('',#3357,#2814,#2815);
#2510=AXIS2_PLACEMENT_3D('',#3363,#2819,#2820);
#2511=AXIS2_PLACEMENT_3D('',#3366,#2823,#2824);
#2512=AXIS2_PLACEMENT_3D('',#3367,#2825,#2826);
#2513=AXIS2_PLACEMENT_3D('',#3386,#2836,#2837);
#2514=AXIS2_PLACEMENT_3D('',#3387,#2838,#2839);
#2515=AXIS2_PLACEMENT_3D('',#3389,#2840,#2841);
#2516=AXIS2_PLACEMENT_3D('',#3391,#2842,#2843);
#2517=AXIS2_PLACEMENT_3D('',#3392,#2844,#2845);
#2518=AXIS2_PLACEMENT_3D('',#3393,#2846,#2847);
#2519=AXIS2_PLACEMENT_3D('',#3395,#2848,#2849);
#2520=AXIS2_PLACEMENT_3D('',#3397,#2850,#2851);
#2521=AXIS2_PLACEMENT_3D('',#3398,#2852,#2853);
#2522=AXIS2_PLACEMENT_3D('',#3399,#2854,#2855);
#2523=AXIS2_PLACEMENT_3D('',#3401,#2856,#2857);
#2524=AXIS2_PLACEMENT_3D('',#3403,#2858,#2859);
#2525=AXIS2_PLACEMENT_3D('',#3404,#2860,#2861);
#2526=AXIS2_PLACEMENT_3D('',#3405,#2862,#2863);
#2527=AXIS2_PLACEMENT_3D('',#3407,#2864,#2865);
#2528=AXIS2_PLACEMENT_3D('',#3409,#2866,#2867);
#2529=AXIS2_PLACEMENT_3D('',#3410,#2868,#2869);
#2530=AXIS2_PLACEMENT_3D('',#3411,#2870,#2871);
#2531=AXIS2_PLACEMENT_3D('',#3413,#2872,#2873);
#2532=AXIS2_PLACEMENT_3D('',#3415,#2874,#2875);
#2533=AXIS2_PLACEMENT_3D('',#3416,#2876,#2877);
#2534=AXIS2_PLACEMENT_3D('',#3417,#2878,#2879);
#2535=AXIS2_PLACEMENT_3D('',#3419,#2880,#2881);
#2536=AXIS2_PLACEMENT_3D('',#3421,#2882,#2883);
#2537=AXIS2_PLACEMENT_3D('',#3422,#2884,#2885);
#2538=AXIS2_PLACEMENT_3D('',#3423,#2886,#2887);
#2539=AXIS2_PLACEMENT_3D('',#3425,#2888,#2889);
#2540=AXIS2_PLACEMENT_3D('',#3427,#2890,#2891);
#2541=AXIS2_PLACEMENT_3D('',#3428,#2892,#2893);
#2542=AXIS2_PLACEMENT_3D('',#3429,#2894,#2895);
#2543=AXIS2_PLACEMENT_3D('',#3431,#2896,#2897);
#2544=AXIS2_PLACEMENT_3D('',#3433,#2898,#2899);
#2545=AXIS2_PLACEMENT_3D('',#3434,#2900,#2901);
#2546=AXIS2_PLACEMENT_3D('',#3435,#2902,#2903);
#2547=AXIS2_PLACEMENT_3D('',#3437,#2904,#2905);
#2548=AXIS2_PLACEMENT_3D('',#3439,#2906,#2907);
#2549=AXIS2_PLACEMENT_3D('',#3440,#2908,#2909);
#2550=AXIS2_PLACEMENT_3D('',#3441,#2910,#2911);
#2551=AXIS2_PLACEMENT_3D('',#3443,#2912,#2913);
#2552=AXIS2_PLACEMENT_3D('',#3445,#2914,#2915);
#2553=AXIS2_PLACEMENT_3D('',#3446,#2916,#2917);
#2554=AXIS2_PLACEMENT_3D('',#3447,#2918,#2919);
#2555=AXIS2_PLACEMENT_3D('',#3449,#2920,#2921);
#2556=AXIS2_PLACEMENT_3D('',#3451,#2922,#2923);
#2557=AXIS2_PLACEMENT_3D('',#3452,#2924,#2925);
#2558=AXIS2_PLACEMENT_3D('',#3453,#2926,#2927);
#2559=AXIS2_PLACEMENT_3D('',#3455,#2928,#2929);
#2560=AXIS2_PLACEMENT_3D('',#3457,#2930,#2931);
#2561=AXIS2_PLACEMENT_3D('',#3458,#2932,#2933);
#2562=AXIS2_PLACEMENT_3D('',#3459,#2934,#2935);
#2563=AXIS2_PLACEMENT_3D('',#3461,#2936,#2937);
#2564=AXIS2_PLACEMENT_3D('',#3463,#2938,#2939);
#2565=AXIS2_PLACEMENT_3D('',#3464,#2940,#2941);
#2566=AXIS2_PLACEMENT_3D('',#3465,#2942,#2943);
#2567=AXIS2_PLACEMENT_3D('',#3467,#2944,#2945);
#2568=AXIS2_PLACEMENT_3D('',#3469,#2946,#2947);
#2569=AXIS2_PLACEMENT_3D('',#3470,#2948,#2949);
#2570=AXIS2_PLACEMENT_3D('',#3471,#2950,#2951);
#2571=AXIS2_PLACEMENT_3D('',#3473,#2952,#2953);
#2572=AXIS2_PLACEMENT_3D('',#3475,#2954,#2955);
#2573=AXIS2_PLACEMENT_3D('',#3476,#2956,#2957);
#2574=AXIS2_PLACEMENT_3D('',#3477,#2958,#2959);
#2575=AXIS2_PLACEMENT_3D('',#3479,#2960,#2961);
#2576=AXIS2_PLACEMENT_3D('',#3481,#2962,#2963);
#2577=AXIS2_PLACEMENT_3D('',#3482,#2964,#2965);
#2578=AXIS2_PLACEMENT_3D('',#3483,#2966,#2967);
#2579=AXIS2_PLACEMENT_3D('',#3485,#2968,#2969);
#2580=AXIS2_PLACEMENT_3D('',#3487,#2970,#2971);
#2581=AXIS2_PLACEMENT_3D('',#3488,#2972,#2973);
#2582=AXIS2_PLACEMENT_3D('',#3489,#2974,#2975);
#2583=AXIS2_PLACEMENT_3D('',#3491,#2976,#2977);
#2584=AXIS2_PLACEMENT_3D('',#3493,#2978,#2979);
#2585=AXIS2_PLACEMENT_3D('',#3494,#2980,#2981);
#2586=AXIS2_PLACEMENT_3D('',#3495,#2982,#2983);
#2587=AXIS2_PLACEMENT_3D('',#3497,#2984,#2985);
#2588=AXIS2_PLACEMENT_3D('',#3499,#2986,#2987);
#2589=AXIS2_PLACEMENT_3D('',#3500,#2988,#2989);
#2590=AXIS2_PLACEMENT_3D('',#3513,#2996,#2997);
#2591=AXIS2_PLACEMENT_3D('',#3526,#3004,#3005);
#2592=AXIS2_PLACEMENT_3D('',#3539,#3012,#3013);
#2593=AXIS2_PLACEMENT_3D('',#3545,#3017,#3018);
#2594=AXIS2_PLACEMENT_3D('',#3554,#3023,#3024);
#2595=AXIS2_PLACEMENT_3D('',#3560,#3028,#3029);
#2596=AXIS2_PLACEMENT_3D('',#3569,#3034,#3035);
#2597=AXIS2_PLACEMENT_3D('',#3580,#3042,#3043);
#2598=AXIS2_PLACEMENT_3D('',#3588,#3049,#3050);
#2599=AXIS2_PLACEMENT_3D('',#3592,#3054,#3055);
#2600=AXIS2_PLACEMENT_3D('',#3595,#3058,#3059);
#2601=AXIS2_PLACEMENT_3D('',#3601,#3063,#3064);
#2602=AXIS2_PLACEMENT_3D('',#3602,#3065,#3066);
#2603=AXIS2_PLACEMENT_3D('',#3606,#3069,#3070);
#2604=AXIS2_PLACEMENT_3D('',#3607,#3071,#3072);
#2605=AXIS2_PLACEMENT_3D('',#3629,#3085,#3086);
#2606=AXIS2_PLACEMENT_3D('',#3631,#3088,#3089);
#2607=AXIS2_PLACEMENT_3D('',#3633,#3091,#3092);
#2608=AXIS2_PLACEMENT_3D('',#3635,#3094,#3095);
#2609=AXIS2_PLACEMENT_3D('',#3637,#3097,#3098);
#2610=AXIS2_PLACEMENT_3D('',#3638,#3099,#3100);
#2611=AXIS2_PLACEMENT_3D('',#3640,#3102,#3103);
#2612=AXIS2_PLACEMENT_3D('',#3641,#3104,#3105);
#2613=AXIS2_PLACEMENT_3D('',#3643,#3107,#3108);
#2614=AXIS2_PLACEMENT_3D('',#3645,#3110,#3111);
#2615=AXIS2_PLACEMENT_3D('',#3646,#3112,#3113);
#2616=AXIS2_PLACEMENT_3D('',#3648,#3115,#3116);
#2617=AXIS2_PLACEMENT_3D('',#3649,#3117,#3118);
#2618=AXIS2_PLACEMENT_3D('',#3650,#3119,#3120);
#2619=AXIS2_PLACEMENT_3D('',#3652,#3121,#3122);
#2620=AXIS2_PLACEMENT_3D('',#3653,#3123,#3124);
#2621=AXIS2_PLACEMENT_3D('',#3659,#3128,#3129);
#2622=AXIS2_PLACEMENT_3D('',#3663,#3132,#3133);
#2623=AXIS2_PLACEMENT_3D('',#3667,#3136,#3137);
#2624=AXIS2_PLACEMENT_3D('',#3669,#3139,#3140);
#2625=DIRECTION('',(0.,0.,1.));
#2626=DIRECTION('',(1.,0.,0.));
#2627=DIRECTION('',(0.,0.,1.));
#2628=DIRECTION('',(0.,-1.,0.));
#2629=DIRECTION('',(1.,0.,0.));
#2630=DIRECTION('',(0.,1.,0.));
#2631=DIRECTION('',(1.,0.,0.));
#2632=DIRECTION('',(0.,1.,0.));
#2633=DIRECTION('',(-1.,0.,0.));
#2634=DIRECTION('',(0.,1.,0.));
#2635=DIRECTION('',(0.,0.,1.));
#2636=DIRECTION('',(0.,1.,0.));
#2637=DIRECTION('',(0.,0.,1.));
#2638=DIRECTION('',(-1.,0.,0.));
#2639=DIRECTION('',(0.,1.,0.));
#2640=DIRECTION('',(0.,0.,1.));
#2641=DIRECTION('',(0.,0.,1.));
#2642=DIRECTION('',(0.,1.,0.));
#2643=DIRECTION('',(0.,0.,1.));
#2644=DIRECTION('',(0.,-1.,0.));
#2645=DIRECTION('',(1.,0.,0.));
#2646=DIRECTION('',(1.,0.,0.));
#2647=DIRECTION('',(0.,1.,0.));
#2648=DIRECTION('',(1.,0.,0.));
#2649=DIRECTION('',(0.,0.,1.));
#2650=DIRECTION('',(0.,-1.,0.));
#2651=DIRECTION('',(1.,0.,0.));
#2652=DIRECTION('',(0.,1.,0.));
#2653=DIRECTION('',(1.,0.,0.));
#2654=DIRECTION('',(0.,1.,0.));
#2655=DIRECTION('',(-1.,0.,0.));
#2656=DIRECTION('',(0.,1.,0.));
#2657=DIRECTION('',(0.,0.,1.));
#2658=DIRECTION('',(0.,1.,0.));
#2659=DIRECTION('',(0.,0.,1.));
#2660=DIRECTION('',(-1.,0.,0.));
#2661=DIRECTION('',(0.,1.,0.));
#2662=DIRECTION('',(0.,0.,1.));
#2663=DIRECTION('',(0.,0.,1.));
#2664=DIRECTION('',(0.,1.,0.));
#2665=DIRECTION('',(0.,0.,1.));
#2666=DIRECTION('',(0.,-1.,0.));
#2667=DIRECTION('',(1.,0.,0.));
#2668=DIRECTION('',(1.,0.,0.));
#2669=DIRECTION('',(0.,1.,0.));
#2670=DIRECTION('',(1.,0.,0.));
#2671=DIRECTION('',(0.,0.,1.));
#2672=DIRECTION('',(0.,-1.,0.));
#2673=DIRECTION('',(1.,0.,0.));
#2674=DIRECTION('',(0.,1.,0.));
#2675=DIRECTION('',(1.,0.,0.));
#2676=DIRECTION('',(0.,1.,0.));
#2677=DIRECTION('',(-1.,0.,0.));
#2678=DIRECTION('',(0.,1.,0.));
#2679=DIRECTION('',(0.,0.,1.));
#2680=DIRECTION('',(0.,1.,0.));
#2681=DIRECTION('',(0.,0.,1.));
#2682=DIRECTION('',(-1.,0.,0.));
#2683=DIRECTION('',(0.,1.,0.));
#2684=DIRECTION('',(0.,0.,1.));
#2685=DIRECTION('',(0.,0.,1.));
#2686=DIRECTION('',(0.,1.,0.));
#2687=DIRECTION('',(0.,0.,1.));
#2688=DIRECTION('',(0.,-1.,0.));
#2689=DIRECTION('',(1.,0.,0.));
#2690=DIRECTION('',(1.,0.,0.));
#2691=DIRECTION('',(0.,1.,0.));
#2692=DIRECTION('',(1.,0.,0.));
#2693=DIRECTION('',(0.,0.,1.));
#2694=DIRECTION('',(0.,-1.,0.));
#2695=DIRECTION('',(1.,0.,0.));
#2696=DIRECTION('',(0.,1.,0.));
#2697=DIRECTION('',(1.,0.,0.));
#2698=DIRECTION('',(0.,1.,0.));
#2699=DIRECTION('',(-1.,0.,0.));
#2700=DIRECTION('',(0.,1.,0.));
#2701=DIRECTION('',(0.,0.,1.));
#2702=DIRECTION('',(0.,1.,0.));
#2703=DIRECTION('',(0.,0.,1.));
#2704=DIRECTION('',(-1.,0.,0.));
#2705=DIRECTION('',(0.,1.,0.));
#2706=DIRECTION('',(0.,0.,1.));
#2707=DIRECTION('',(0.,0.,1.));
#2708=DIRECTION('',(0.,1.,0.));
#2709=DIRECTION('',(0.,0.,1.));
#2710=DIRECTION('',(0.,-1.,0.));
#2711=DIRECTION('',(1.,0.,0.));
#2712=DIRECTION('',(1.,0.,0.));
#2713=DIRECTION('',(0.,1.,0.));
#2714=DIRECTION('',(1.,0.,0.));
#2715=DIRECTION('',(0.,0.,1.));
#2716=DIRECTION('',(0.,-1.,0.));
#2717=DIRECTION('',(1.,0.,0.));
#2718=DIRECTION('',(0.,1.,0.));
#2719=DIRECTION('',(1.,0.,0.));
#2720=DIRECTION('',(0.,1.,0.));
#2721=DIRECTION('',(-1.,0.,0.));
#2722=DIRECTION('',(0.,1.,0.));
#2723=DIRECTION('',(0.,0.,1.));
#2724=DIRECTION('',(0.,1.,0.));
#2725=DIRECTION('',(0.,0.,1.));
#2726=DIRECTION('',(-1.,0.,0.));
#2727=DIRECTION('',(0.,1.,0.));
#2728=DIRECTION('',(0.,0.,1.));
#2729=DIRECTION('',(0.,0.,1.));
#2730=DIRECTION('',(0.,1.,0.));
#2731=DIRECTION('',(0.,0.,1.));
#2732=DIRECTION('',(0.,-1.,0.));
#2733=DIRECTION('',(1.,0.,0.));
#2734=DIRECTION('',(1.,0.,0.));
#2735=DIRECTION('',(0.,1.,0.));
#2736=DIRECTION('',(1.,0.,0.));
#2737=DIRECTION('',(0.,0.,1.));
#2738=DIRECTION('',(0.,-1.,0.));
#2739=DIRECTION('',(1.,0.,0.));
#2740=DIRECTION('',(0.,1.,0.));
#2741=DIRECTION('',(1.,0.,0.));
#2742=DIRECTION('',(0.,1.,0.));
#2743=DIRECTION('',(-1.,0.,0.));
#2744=DIRECTION('',(0.,1.,0.));
#2745=DIRECTION('',(0.,0.,1.));
#2746=DIRECTION('',(0.,1.,0.));
#2747=DIRECTION('',(0.,0.,1.));
#2748=DIRECTION('',(-1.,0.,0.));
#2749=DIRECTION('',(0.,1.,0.));
#2750=DIRECTION('',(0.,0.,1.));
#2751=DIRECTION('',(0.,0.,1.));
#2752=DIRECTION('',(0.,1.,0.));
#2753=DIRECTION('',(0.,0.,1.));
#2754=DIRECTION('',(0.,-1.,0.));
#2755=DIRECTION('',(1.,0.,0.));
#2756=DIRECTION('',(1.,0.,0.));
#2757=DIRECTION('',(0.,1.,0.));
#2758=DIRECTION('',(1.,0.,0.));
#2759=DIRECTION('',(0.,0.,1.));
#2760=DIRECTION('',(0.,-1.,0.));
#2761=DIRECTION('',(1.,0.,0.));
#2762=DIRECTION('',(0.,1.,0.));
#2763=DIRECTION('',(1.,0.,0.));
#2764=DIRECTION('',(0.,1.,0.));
#2765=DIRECTION('',(-1.,0.,0.));
#2766=DIRECTION('',(0.,1.,0.));
#2767=DIRECTION('',(0.,0.,1.));
#2768=DIRECTION('',(0.,1.,0.));
#2769=DIRECTION('',(0.,0.,1.));
#2770=DIRECTION('',(-1.,0.,0.));
#2771=DIRECTION('',(0.,1.,0.));
#2772=DIRECTION('',(0.,0.,1.));
#2773=DIRECTION('',(0.,0.,1.));
#2774=DIRECTION('',(0.,1.,0.));
#2775=DIRECTION('',(0.,0.,1.));
#2776=DIRECTION('',(0.,-1.,0.));
#2777=DIRECTION('',(1.,0.,0.));
#2778=DIRECTION('',(1.,0.,0.));
#2779=DIRECTION('',(0.,1.,0.));
#2780=DIRECTION('',(1.,0.,0.));
#2781=DIRECTION('',(0.,0.,1.));
#2782=DIRECTION('',(0.,-1.,0.));
#2783=DIRECTION('',(1.,0.,0.));
#2784=DIRECTION('',(0.,1.,0.));
#2785=DIRECTION('',(1.,0.,0.));
#2786=DIRECTION('',(0.,1.,0.));
#2787=DIRECTION('',(-1.,0.,0.));
#2788=DIRECTION('',(0.,1.,0.));
#2789=DIRECTION('',(0.,0.,1.));
#2790=DIRECTION('',(0.,1.,0.));
#2791=DIRECTION('',(0.,0.,1.));
#2792=DIRECTION('',(-1.,0.,0.));
#2793=DIRECTION('',(0.,1.,0.));
#2794=DIRECTION('',(0.,0.,1.));
#2795=DIRECTION('',(0.,0.,1.));
#2796=DIRECTION('',(0.,1.,0.));
#2797=DIRECTION('',(0.,0.,1.));
#2798=DIRECTION('',(0.,-1.,0.));
#2799=DIRECTION('',(1.,0.,0.));
#2800=DIRECTION('',(1.,0.,0.));
#2801=DIRECTION('',(0.,1.,0.));
#2802=DIRECTION('',(1.,0.,0.));
#2803=DIRECTION('',(0.,0.,1.));
#2804=DIRECTION('',(0.,-1.,0.));
#2805=DIRECTION('',(1.,0.,0.));
#2806=DIRECTION('',(0.,1.,0.));
#2807=DIRECTION('',(1.,0.,0.));
#2808=DIRECTION('',(0.,1.,0.));
#2809=DIRECTION('',(-1.,0.,0.));
#2810=DIRECTION('',(0.,1.,0.));
#2811=DIRECTION('',(0.,0.,1.));
#2812=DIRECTION('',(0.,1.,0.));
#2813=DIRECTION('',(0.,0.,1.));
#2814=DIRECTION('',(-1.,0.,0.));
#2815=DIRECTION('',(0.,1.,0.));
#2816=DIRECTION('',(0.,0.,1.));
#2817=DIRECTION('',(0.,0.,1.));
#2818=DIRECTION('',(0.,1.,0.));
#2819=DIRECTION('',(0.,0.,1.));
#2820=DIRECTION('',(0.,-1.,0.));
#2821=DIRECTION('',(1.,0.,0.));
#2822=DIRECTION('',(1.,0.,0.));
#2823=DIRECTION('',(0.,1.,0.));
#2824=DIRECTION('',(1.,0.,0.));
#2825=DIRECTION('',(0.,1.,0.));
#2826=DIRECTION('',(1.,0.,0.));
#2827=DIRECTION('',(1.,0.,0.));
#2828=DIRECTION('',(0.,0.,1.));
#2829=DIRECTION('',(1.,0.,0.));
#2830=DIRECTION('',(0.707106781186548,0.,-0.707106781186547));
#2831=DIRECTION('',(0.,0.,1.));
#2832=DIRECTION('',(1.,0.,0.));
#2833=DIRECTION('',(0.,0.,1.));
#2834=DIRECTION('',(1.,0.,0.));
#2835=DIRECTION('',(0.,0.,1.));
#2836=DIRECTION('',(0.,1.,0.));
#2837=DIRECTION('',(1.,0.,0.));
#2838=DIRECTION('',(0.,-1.,0.));
#2839=DIRECTION('',(-1.,0.,0.));
#2840=DIRECTION('',(0.,1.,0.));
#2841=DIRECTION('',(1.,0.,0.));
#2842=DIRECTION('',(0.,-1.,0.));
#2843=DIRECTION('',(1.,0.,0.));
#2844=DIRECTION('',(0.,1.,0.));
#2845=DIRECTION('',(1.,0.,0.));
#2846=DIRECTION('',(0.,-1.,0.));
#2847=DIRECTION('',(-1.,0.,0.));
#2848=DIRECTION('',(0.,1.,0.));
#2849=DIRECTION('',(1.,0.,0.));
#2850=DIRECTION('',(0.,-1.,0.));
#2851=DIRECTION('',(1.,0.,0.));
#2852=DIRECTION('',(0.,1.,0.));
#2853=DIRECTION('',(1.,0.,0.));
#2854=DIRECTION('',(0.,-1.,0.));
#2855=DIRECTION('',(-1.,0.,0.));
#2856=DIRECTION('',(0.,1.,0.));
#2857=DIRECTION('',(1.,0.,0.));
#2858=DIRECTION('',(0.,-1.,0.));
#2859=DIRECTION('',(1.,0.,0.));
#2860=DIRECTION('',(0.,1.,0.));
#2861=DIRECTION('',(1.,0.,0.));
#2862=DIRECTION('',(0.,-1.,0.));
#2863=DIRECTION('',(-1.,0.,0.));
#2864=DIRECTION('',(0.,1.,0.));
#2865=DIRECTION('',(1.,0.,0.));
#2866=DIRECTION('',(0.,-1.,0.));
#2867=DIRECTION('',(1.,0.,0.));
#2868=DIRECTION('',(0.,1.,0.));
#2869=DIRECTION('',(1.,0.,0.));
#2870=DIRECTION('',(0.,-1.,0.));
#2871=DIRECTION('',(-1.,0.,0.));
#2872=DIRECTION('',(0.,1.,0.));
#2873=DIRECTION('',(1.,0.,0.));
#2874=DIRECTION('',(0.,-1.,0.));
#2875=DIRECTION('',(1.,0.,0.));
#2876=DIRECTION('',(0.,1.,0.));
#2877=DIRECTION('',(1.,0.,0.));
#2878=DIRECTION('',(0.,-1.,0.));
#2879=DIRECTION('',(-1.,0.,0.));
#2880=DIRECTION('',(0.,1.,0.));
#2881=DIRECTION('',(1.,0.,0.));
#2882=DIRECTION('',(0.,-1.,0.));
#2883=DIRECTION('',(1.,0.,0.));
#2884=DIRECTION('',(0.,1.,0.));
#2885=DIRECTION('',(1.,0.,0.));
#2886=DIRECTION('',(0.,-1.,0.));
#2887=DIRECTION('',(-1.,0.,0.));
#2888=DIRECTION('',(0.,1.,0.));
#2889=DIRECTION('',(1.,0.,0.));
#2890=DIRECTION('',(0.,-1.,0.));
#2891=DIRECTION('',(1.,0.,0.));
#2892=DIRECTION('',(0.,1.,0.));
#2893=DIRECTION('',(1.,0.,0.));
#2894=DIRECTION('',(0.,-1.,0.));
#2895=DIRECTION('',(-1.,0.,0.));
#2896=DIRECTION('',(0.,1.,0.));
#2897=DIRECTION('',(1.,0.,0.));
#2898=DIRECTION('',(0.,-1.,0.));
#2899=DIRECTION('',(1.,0.,0.));
#2900=DIRECTION('',(0.,1.,0.));
#2901=DIRECTION('',(1.,0.,0.));
#2902=DIRECTION('',(0.,-1.,0.));
#2903=DIRECTION('',(-1.,0.,0.));
#2904=DIRECTION('',(0.,1.,0.));
#2905=DIRECTION('',(1.,0.,0.));
#2906=DIRECTION('',(0.,-1.,0.));
#2907=DIRECTION('',(1.,0.,0.));
#2908=DIRECTION('',(0.,1.,0.));
#2909=DIRECTION('',(1.,0.,0.));
#2910=DIRECTION('',(0.,-1.,0.));
#2911=DIRECTION('',(-1.,0.,0.));
#2912=DIRECTION('',(0.,1.,0.));
#2913=DIRECTION('',(1.,0.,0.));
#2914=DIRECTION('',(0.,-1.,0.));
#2915=DIRECTION('',(1.,0.,0.));
#2916=DIRECTION('',(0.,1.,0.));
#2917=DIRECTION('',(1.,0.,0.));
#2918=DIRECTION('',(0.,-1.,0.));
#2919=DIRECTION('',(-1.,0.,0.));
#2920=DIRECTION('',(0.,1.,0.));
#2921=DIRECTION('',(1.,0.,0.));
#2922=DIRECTION('',(0.,-1.,0.));
#2923=DIRECTION('',(1.,0.,0.));
#2924=DIRECTION('',(0.,1.,0.));
#2925=DIRECTION('',(1.,0.,0.));
#2926=DIRECTION('',(0.,-1.,0.));
#2927=DIRECTION('',(-1.,0.,0.));
#2928=DIRECTION('',(0.,1.,0.));
#2929=DIRECTION('',(1.,0.,0.));
#2930=DIRECTION('',(0.,-1.,0.));
#2931=DIRECTION('',(1.,0.,0.));
#2932=DIRECTION('',(0.,1.,0.));
#2933=DIRECTION('',(1.,0.,0.));
#2934=DIRECTION('',(0.,-1.,0.));
#2935=DIRECTION('',(-1.,0.,0.));
#2936=DIRECTION('',(0.,1.,0.));
#2937=DIRECTION('',(1.,0.,0.));
#2938=DIRECTION('',(0.,-1.,0.));
#2939=DIRECTION('',(1.,0.,0.));
#2940=DIRECTION('',(0.,1.,0.));
#2941=DIRECTION('',(1.,0.,0.));
#2942=DIRECTION('',(0.,-1.,0.));
#2943=DIRECTION('',(-1.,0.,0.));
#2944=DIRECTION('',(0.,1.,0.));
#2945=DIRECTION('',(1.,0.,0.));
#2946=DIRECTION('',(0.,-1.,0.));
#2947=DIRECTION('',(1.,0.,0.));
#2948=DIRECTION('',(0.,1.,0.));
#2949=DIRECTION('',(1.,0.,0.));
#2950=DIRECTION('',(0.,-1.,0.));
#2951=DIRECTION('',(-1.,0.,0.));
#2952=DIRECTION('',(0.,1.,0.));
#2953=DIRECTION('',(1.,0.,0.));
#2954=DIRECTION('',(0.,-1.,0.));
#2955=DIRECTION('',(1.,0.,0.));
#2956=DIRECTION('',(0.,1.,0.));
#2957=DIRECTION('',(1.,0.,0.));
#2958=DIRECTION('',(0.,-1.,0.));
#2959=DIRECTION('',(-1.,0.,0.));
#2960=DIRECTION('',(0.,1.,0.));
#2961=DIRECTION('',(1.,0.,0.));
#2962=DIRECTION('',(0.,-1.,0.));
#2963=DIRECTION('',(1.,0.,0.));
#2964=DIRECTION('',(0.,1.,0.));
#2965=DIRECTION('',(1.,0.,0.));
#2966=DIRECTION('',(0.,-1.,0.));
#2967=DIRECTION('',(-1.,0.,0.));
#2968=DIRECTION('',(0.,1.,0.));
#2969=DIRECTION('',(1.,0.,0.));
#2970=DIRECTION('',(0.,-1.,0.));
#2971=DIRECTION('',(1.,0.,0.));
#2972=DIRECTION('',(0.,1.,0.));
#2973=DIRECTION('',(1.,0.,0.));
#2974=DIRECTION('',(0.,-1.,0.));
#2975=DIRECTION('',(-1.,0.,0.));
#2976=DIRECTION('',(0.,1.,0.));
#2977=DIRECTION('',(1.,0.,0.));
#2978=DIRECTION('',(0.,-1.,0.));
#2979=DIRECTION('',(1.,0.,0.));
#2980=DIRECTION('',(0.,1.,0.));
#2981=DIRECTION('',(1.,0.,0.));
#2982=DIRECTION('',(0.,-1.,0.));
#2983=DIRECTION('',(-1.,0.,0.));
#2984=DIRECTION('',(0.,1.,0.));
#2985=DIRECTION('',(1.,0.,0.));
#2986=DIRECTION('',(0.,-1.,0.));
#2987=DIRECTION('',(1.,0.,0.));
#2988=DIRECTION('',(0.,1.,0.));
#2989=DIRECTION('',(1.,0.,0.));
#2990=DIRECTION('',(1.24095429380871E-16,0.,-1.));
#2991=DIRECTION('',(1.,0.,0.));
#2992=DIRECTION('',(0.,0.,-1.));
#2993=DIRECTION('',(1.,0.,0.));
#2994=DIRECTION('',(0.,0.,1.));
#2995=DIRECTION('',(-1.,0.,0.));
#2996=DIRECTION('',(0.,1.,0.));
#2997=DIRECTION('',(1.,0.,0.));
#2998=DIRECTION('',(1.24095429380871E-16,0.,-1.));
#2999=DIRECTION('',(-1.,0.,0.));
#3000=DIRECTION('',(0.,0.,1.));
#3001=DIRECTION('',(1.,0.,0.));
#3002=DIRECTION('',(0.,0.,-1.));
#3003=DIRECTION('',(1.,0.,0.));
#3004=DIRECTION('',(0.,1.,0.));
#3005=DIRECTION('',(1.,0.,0.));
#3006=DIRECTION('',(1.,0.,0.));
#3007=DIRECTION('',(0.,0.,-1.));
#3008=DIRECTION('',(1.,0.,0.));
#3009=DIRECTION('',(0.,0.,1.));
#3010=DIRECTION('',(-1.,0.,0.));
#3011=DIRECTION('',(7.34049749985245E-17,0.,-1.));
#3012=DIRECTION('',(0.707106781186548,-0.707106781186548,0.));
#3013=DIRECTION('',(-0.707106781186548,-0.707106781186548,0.));
#3014=DIRECTION('',(0.707106781186548,0.707106781186548,0.));
#3015=DIRECTION('',(0.,0.,-1.));
#3016=DIRECTION('',(0.707106781186548,0.707106781186548,0.));
#3017=DIRECTION('',(0.707106781186548,0.707106781186548,0.));
#3018=DIRECTION('',(0.707106781186548,-0.707106781186548,0.));
#3019=DIRECTION('',(-0.707106781186548,0.707106781186548,0.));
#3020=DIRECTION('',(0.,0.,-1.));
#3021=DIRECTION('',(-0.707106781186548,0.707106781186548,0.));
#3022=DIRECTION('',(0.,0.,-1.));
#3023=DIRECTION('',(0.,0.707106781186548,-0.707106781186548));
#3024=DIRECTION('',(0.,0.707106781186548,0.707106781186548));
#3025=DIRECTION('',(-5.19051555942856E-17,0.707106781186548,0.707106781186548));
#3026=DIRECTION('',(0.,-0.707106781186548,-0.707106781186548));
#3027=DIRECTION('',(-1.,0.,0.));
#3028=DIRECTION('',(0.,-0.707106781186548,-0.707106781186547));
#3029=DIRECTION('',(0.,0.707106781186547,-0.707106781186548));
#3030=DIRECTION('',(-1.,0.,0.));
#3031=DIRECTION('',(5.19051555942857E-17,0.707106781186547,-0.707106781186548));
#3032=DIRECTION('',(-1.,0.,0.));
#3033=DIRECTION('',(0.,-0.707106781186547,0.707106781186548));
#3034=DIRECTION('',(0.,1.,0.));
#3035=DIRECTION('',(1.,0.,0.));
#3036=DIRECTION('',(0.707106781186548,0.,-0.707106781186547));
#3037=DIRECTION('',(7.34049749985245E-17,0.,-1.));
#3038=DIRECTION('',(0.,0.,1.));
#3039=DIRECTION('',(0.707106781186548,0.,-0.707106781186547));
#3040=DIRECTION('',(1.,0.,0.));
#3041=DIRECTION('',(1.,0.,0.));
#3042=DIRECTION('',(-1.,0.,0.));
#3043=DIRECTION('',(0.,1.,0.));
#3044=DIRECTION('',(0.,-8.94187358750932E-17,-1.));
#3045=DIRECTION('',(0.,-0.707106781186547,0.707106781186548));
#3046=DIRECTION('',(0.,1.,0.));
#3047=DIRECTION('',(0.,1.,0.));
#3048=DIRECTION('',(0.,-0.707106781186548,-0.707106781186548));
#3049=DIRECTION('',(-1.,0.,0.));
#3050=DIRECTION('',(0.,1.,0.));
#3051=DIRECTION('',(0.,-8.94187358750932E-17,-1.));
#3052=DIRECTION('',(0.,1.,0.));
#3053=DIRECTION('',(0.,1.,0.));
#3054=DIRECTION('',(0.,0.,1.));
#3055=DIRECTION('',(0.,-1.,0.));
#3056=DIRECTION('',(-1.,0.,0.));
#3057=DIRECTION('',(0.,1.,0.));
#3058=DIRECTION('',(0.,0.,1.));
#3059=DIRECTION('',(0.,-1.,0.));
#3060=DIRECTION('',(1.,0.,0.));
#3061=DIRECTION('',(-0.707106781186548,-0.707106781186548,0.));
#3062=DIRECTION('',(0.707106781186548,-0.707106781186548,0.));
#3063=DIRECTION('',(0.707106781186547,0.,0.707106781186548));
#3064=DIRECTION('',(0.707106781186548,0.,-0.707106781186547));
#3065=DIRECTION('',(0.707106781186548,-0.707106781186548,0.));
#3066=DIRECTION('',(-0.707106781186548,-0.707106781186548,0.));
#3067=DIRECTION('',(0.707106781186548,0.707106781186548,0.));
#3068=DIRECTION('',(0.,0.,-1.));
#3069=DIRECTION('',(0.,1.,0.));
#3070=DIRECTION('',(1.,0.,0.));
#3071=DIRECTION('',(0.,1.,0.));
#3072=DIRECTION('',(1.,0.,0.));
#3073=DIRECTION('',(0.,0.,-1.));
#3074=DIRECTION('',(1.,0.,0.));
#3075=DIRECTION('',(7.34049749985245E-17,0.,-1.));
#3076=DIRECTION('',(7.34049749985245E-17,0.,-1.));
#3077=DIRECTION('',(0.707106781186548,0.,-0.707106781186547));
#3078=DIRECTION('',(1.,0.,0.));
#3079=DIRECTION('',(1.,0.,0.));
#3080=DIRECTION('',(1.24095429380871E-16,0.,-1.));
#3081=DIRECTION('',(-1.,0.,0.));
#3082=DIRECTION('',(-1.,0.,0.));
#3083=DIRECTION('',(1.24095429380871E-16,0.,-1.));
#3084=DIRECTION('',(1.,0.,0.));
#3085=DIRECTION('',(0.707106781186548,0.707106781186548,0.));
#3086=DIRECTION('',(0.707106781186548,-0.707106781186548,0.));
#3087=DIRECTION('',(-0.707106781186548,0.707106781186548,0.));
#3088=DIRECTION('',(0.,-0.707106781186548,-0.707106781186547));
#3089=DIRECTION('',(0.,0.707106781186547,-0.707106781186548));
#3090=DIRECTION('',(8.77487196294703E-17,0.707106781186547,-0.707106781186548));
#3091=DIRECTION('',(0.,0.707106781186548,-0.707106781186548));
#3092=DIRECTION('',(0.,0.707106781186548,0.707106781186548));
#3093=DIRECTION('',(-8.77487196294702E-17,0.707106781186548,0.707106781186548));
#3094=DIRECTION('',(-1.,0.,-1.24095429380871E-16));
#3095=DIRECTION('',(-1.24095429380871E-16,0.,1.));
#3096=DIRECTION('',(0.,-1.,0.));
#3097=DIRECTION('',(0.,0.,-1.));
#3098=DIRECTION('',(0.,1.,0.));
#3099=DIRECTION('',(-1.,0.,-1.24095429380871E-16));
#3100=DIRECTION('',(-1.24095429380871E-16,0.,1.));
#3101=DIRECTION('',(0.,-1.,0.));
#3102=DIRECTION('',(0.,0.,-1.));
#3103=DIRECTION('',(0.,1.,0.));
#3104=DIRECTION('',(0.,0.,-1.));
#3105=DIRECTION('',(0.,1.,0.));
#3106=DIRECTION('',(0.,-1.,0.));
#3107=DIRECTION('',(-1.,0.,-7.34049749985245E-17));
#3108=DIRECTION('',(-7.34049749985245E-17,0.,1.));
#3109=DIRECTION('',(0.,-1.,0.));
#3110=DIRECTION('',(-0.707106781186547,0.,-0.707106781186548));
#3111=DIRECTION('',(-0.707106781186548,0.,0.707106781186547));
#3112=DIRECTION('',(0.,0.,-1.));
#3113=DIRECTION('',(0.,1.,0.));
#3114=DIRECTION('',(0.,-1.,0.));
#3115=DIRECTION('',(-1.,0.,-7.34049749985245E-17));
#3116=DIRECTION('',(-7.34049749985245E-17,0.,1.));
#3117=DIRECTION('',(0.,1.,0.));
#3118=DIRECTION('',(1.,0.,0.));
#3119=DIRECTION('',(0.,-1.,0.));
#3120=DIRECTION('',(-1.,0.,0.));
#3121=DIRECTION('',(0.,-1.,0.));
#3122=DIRECTION('',(1.,0.,0.));
#3123=DIRECTION('',(-1.,0.,0.));
#3124=DIRECTION('',(0.,1.,0.));
#3125=DIRECTION('',(0.,1.,0.));
#3126=DIRECTION('',(0.,0.,1.));
#3127=DIRECTION('',(0.,1.,0.));
#3128=DIRECTION('',(0.,0.,1.));
#3129=DIRECTION('',(0.,-1.,0.));
#3130=DIRECTION('',(0.,1.,0.));
#3131=DIRECTION('',(1.,0.,0.));
#3132=DIRECTION('',(-1.,0.,0.));
#3133=DIRECTION('',(0.,1.,0.));
#3134=DIRECTION('',(0.,1.,0.));
#3135=DIRECTION('',(0.,0.,1.));
#3136=DIRECTION('',(0.,0.,1.));
#3137=DIRECTION('',(0.,-1.,0.));
#3138=DIRECTION('',(1.,0.,0.));
#3139=DIRECTION('',(0.,1.,0.));
#3140=DIRECTION('',(1.,0.,0.));
#3141=CARTESIAN_POINT('',(0.,0.,0.));
#3142=CARTESIAN_POINT('',(0.0038,-0.0001,0.02326));
#3143=CARTESIAN_POINT('',(0.0038,0.,0.02326));
#3144=CARTESIAN_POINT('',(0.00255,0.,0.02326));
#3145=CARTESIAN_POINT('',(0.00755,0.,0.02326));
#3146=CARTESIAN_POINT('',(0.00255,-0.0001,0.02326));
#3147=CARTESIAN_POINT('',(0.00255,-0.0001,0.02326));
#3148=CARTESIAN_POINT('',(0.0038,-0.0001,0.02326));
#3149=CARTESIAN_POINT('',(0.00755,-0.0001,0.02326));
#3150=CARTESIAN_POINT('',(0.00755,-0.0001,0.02326));
#3151=CARTESIAN_POINT('',(0.00255,-0.0001,0.023695));
#3152=CARTESIAN_POINT('',(0.00255,0.,0.023695));
#3153=CARTESIAN_POINT('',(0.00255,0.,0.025));
#3154=CARTESIAN_POINT('',(0.00255,-0.0001,0.025));
#3155=CARTESIAN_POINT('',(0.00255,-0.0001,0.025));
#3156=CARTESIAN_POINT('',(0.00255,-0.0001,0.023695));
#3157=CARTESIAN_POINT('',(0.00755,-0.0001,0.023695));
#3158=CARTESIAN_POINT('',(0.00755,0.,0.023695));
#3159=CARTESIAN_POINT('',(0.00755,0.,0.025));
#3160=CARTESIAN_POINT('',(0.00755,-0.0001,0.023695));
#3161=CARTESIAN_POINT('',(0.00755,-0.0001,0.025));
#3162=CARTESIAN_POINT('',(0.00755,-0.0001,0.025));
#3163=CARTESIAN_POINT('',(0.0038,-0.0001,0.025));
#3164=CARTESIAN_POINT('',(0.0038,0.,0.025));
#3165=CARTESIAN_POINT('',(0.0038,-0.0001,0.025));
#3166=CARTESIAN_POINT('',(0.00505,-0.0001,0.03556));
#3167=CARTESIAN_POINT('',(0.0038,-0.0001,0.02072));
#3168=CARTESIAN_POINT('',(0.0038,0.,0.02072));
#3169=CARTESIAN_POINT('',(0.00255,0.,0.02072));
#3170=CARTESIAN_POINT('',(0.00755,0.,0.02072));
#3171=CARTESIAN_POINT('',(0.00255,-0.0001,0.02072));
#3172=CARTESIAN_POINT('',(0.00255,-0.0001,0.02072));
#3173=CARTESIAN_POINT('',(0.0038,-0.0001,0.02072));
#3174=CARTESIAN_POINT('',(0.00755,-0.0001,0.02072));
#3175=CARTESIAN_POINT('',(0.00755,-0.0001,0.02072));
#3176=CARTESIAN_POINT('',(0.00255,-0.0001,0.021155));
#3177=CARTESIAN_POINT('',(0.00255,0.,0.021155));
#3178=CARTESIAN_POINT('',(0.00255,0.,0.02246));
#3179=CARTESIAN_POINT('',(0.00255,-0.0001,0.02246));
#3180=CARTESIAN_POINT('',(0.00255,-0.0001,0.02246));
#3181=CARTESIAN_POINT('',(0.00255,-0.0001,0.021155));
#3182=CARTESIAN_POINT('',(0.00755,-0.0001,0.021155));
#3183=CARTESIAN_POINT('',(0.00755,0.,0.021155));
#3184=CARTESIAN_POINT('',(0.00755,0.,0.02246));
#3185=CARTESIAN_POINT('',(0.00755,-0.0001,0.021155));
#3186=CARTESIAN_POINT('',(0.00755,-0.0001,0.02246));
#3187=CARTESIAN_POINT('',(0.00755,-0.0001,0.02246));
#3188=CARTESIAN_POINT('',(0.0038,-0.0001,0.02246));
#3189=CARTESIAN_POINT('',(0.0038,0.,0.02246));
#3190=CARTESIAN_POINT('',(0.0038,-0.0001,0.02246));
#3191=CARTESIAN_POINT('',(0.00505,-0.0001,0.03302));
#3192=CARTESIAN_POINT('',(0.0038,-0.0001,0.01818));
#3193=CARTESIAN_POINT('',(0.0038,0.,0.01818));
#3194=CARTESIAN_POINT('',(0.00255,0.,0.01818));
#3195=CARTESIAN_POINT('',(0.00755,0.,0.01818));
#3196=CARTESIAN_POINT('',(0.00255,-0.0001,0.01818));
#3197=CARTESIAN_POINT('',(0.00255,-0.0001,0.01818));
#3198=CARTESIAN_POINT('',(0.0038,-0.0001,0.01818));
#3199=CARTESIAN_POINT('',(0.00755,-0.0001,0.01818));
#3200=CARTESIAN_POINT('',(0.00755,-0.0001,0.01818));
#3201=CARTESIAN_POINT('',(0.00255,-0.0001,0.018615));
#3202=CARTESIAN_POINT('',(0.00255,0.,0.018615));
#3203=CARTESIAN_POINT('',(0.00255,0.,0.01992));
#3204=CARTESIAN_POINT('',(0.00255,-0.0001,0.01992));
#3205=CARTESIAN_POINT('',(0.00255,-0.0001,0.01992));
#3206=CARTESIAN_POINT('',(0.00255,-0.0001,0.018615));
#3207=CARTESIAN_POINT('',(0.00755,-0.0001,0.018615));
#3208=CARTESIAN_POINT('',(0.00755,0.,0.018615));
#3209=CARTESIAN_POINT('',(0.00755,0.,0.01992));
#3210=CARTESIAN_POINT('',(0.00755,-0.0001,0.018615));
#3211=CARTESIAN_POINT('',(0.00755,-0.0001,0.01992));
#3212=CARTESIAN_POINT('',(0.00755,-0.0001,0.01992));
#3213=CARTESIAN_POINT('',(0.0038,-0.0001,0.01992));
#3214=CARTESIAN_POINT('',(0.0038,0.,0.01992));
#3215=CARTESIAN_POINT('',(0.0038,-0.0001,0.01992));
#3216=CARTESIAN_POINT('',(0.00505,-0.0001,0.03048));
#3217=CARTESIAN_POINT('',(0.0038,-0.0001,0.01564));
#3218=CARTESIAN_POINT('',(0.0038,0.,0.01564));
#3219=CARTESIAN_POINT('',(0.00255,0.,0.01564));
#3220=CARTESIAN_POINT('',(0.00755,0.,0.01564));
#3221=CARTESIAN_POINT('',(0.00255,-0.0001,0.01564));
#3222=CARTESIAN_POINT('',(0.00255,-0.0001,0.01564));
#3223=CARTESIAN_POINT('',(0.0038,-0.0001,0.01564));
#3224=CARTESIAN_POINT('',(0.00755,-0.0001,0.01564));
#3225=CARTESIAN_POINT('',(0.00755,-0.0001,0.01564));
#3226=CARTESIAN_POINT('',(0.00255,-0.0001,0.016075));
#3227=CARTESIAN_POINT('',(0.00255,0.,0.016075));
#3228=CARTESIAN_POINT('',(0.00255,0.,0.01738));
#3229=CARTESIAN_POINT('',(0.00255,-0.0001,0.01738));
#3230=CARTESIAN_POINT('',(0.00255,-0.0001,0.01738));
#3231=CARTESIAN_POINT('',(0.00255,-0.0001,0.016075));
#3232=CARTESIAN_POINT('',(0.00755,-0.0001,0.016075));
#3233=CARTESIAN_POINT('',(0.00755,0.,0.016075));
#3234=CARTESIAN_POINT('',(0.00755,0.,0.01738));
#3235=CARTESIAN_POINT('',(0.00755,-0.0001,0.016075));
#3236=CARTESIAN_POINT('',(0.00755,-0.0001,0.01738));
#3237=CARTESIAN_POINT('',(0.00755,-0.0001,0.01738));
#3238=CARTESIAN_POINT('',(0.0038,-0.0001,0.01738));
#3239=CARTESIAN_POINT('',(0.0038,0.,0.01738));
#3240=CARTESIAN_POINT('',(0.0038,-0.0001,0.01738));
#3241=CARTESIAN_POINT('',(0.00505,-0.0001,0.02794));
#3242=CARTESIAN_POINT('',(0.0038,-0.0001,0.0131));
#3243=CARTESIAN_POINT('',(0.0038,0.,0.0131));
#3244=CARTESIAN_POINT('',(0.00255,0.,0.0131));
#3245=CARTESIAN_POINT('',(0.00755,0.,0.0131));
#3246=CARTESIAN_POINT('',(0.00255,-0.0001,0.0131));
#3247=CARTESIAN_POINT('',(0.00255,-0.0001,0.0131));
#3248=CARTESIAN_POINT('',(0.0038,-0.0001,0.0131));
#3249=CARTESIAN_POINT('',(0.00755,-0.0001,0.0131));
#3250=CARTESIAN_POINT('',(0.00755,-0.0001,0.0131));
#3251=CARTESIAN_POINT('',(0.00255,-0.0001,0.013535));
#3252=CARTESIAN_POINT('',(0.00255,0.,0.013535));
#3253=CARTESIAN_POINT('',(0.00255,0.,0.01484));
#3254=CARTESIAN_POINT('',(0.00255,-0.0001,0.01484));
#3255=CARTESIAN_POINT('',(0.00255,-0.0001,0.01484));
#3256=CARTESIAN_POINT('',(0.00255,-0.0001,0.013535));
#3257=CARTESIAN_POINT('',(0.00755,-0.0001,0.013535));
#3258=CARTESIAN_POINT('',(0.00755,0.,0.013535));
#3259=CARTESIAN_POINT('',(0.00755,0.,0.01484));
#3260=CARTESIAN_POINT('',(0.00755,-0.0001,0.013535));
#3261=CARTESIAN_POINT('',(0.00755,-0.0001,0.01484));
#3262=CARTESIAN_POINT('',(0.00755,-0.0001,0.01484));
#3263=CARTESIAN_POINT('',(0.0038,-0.0001,0.01484));
#3264=CARTESIAN_POINT('',(0.0038,0.,0.01484));
#3265=CARTESIAN_POINT('',(0.0038,-0.0001,0.01484));
#3266=CARTESIAN_POINT('',(0.00505,-0.0001,0.0254));
#3267=CARTESIAN_POINT('',(0.0038,-0.0001,0.01056));
#3268=CARTESIAN_POINT('',(0.0038,0.,0.01056));
#3269=CARTESIAN_POINT('',(0.00255,0.,0.01056));
#3270=CARTESIAN_POINT('',(0.00755,0.,0.01056));
#3271=CARTESIAN_POINT('',(0.00255,-0.0001,0.01056));
#3272=CARTESIAN_POINT('',(0.00255,-0.0001,0.01056));
#3273=CARTESIAN_POINT('',(0.0038,-0.0001,0.01056));
#3274=CARTESIAN_POINT('',(0.00755,-0.0001,0.01056));
#3275=CARTESIAN_POINT('',(0.00755,-0.0001,0.01056));
#3276=CARTESIAN_POINT('',(0.00255,-0.0001,0.010995));
#3277=CARTESIAN_POINT('',(0.00255,0.,0.010995));
#3278=CARTESIAN_POINT('',(0.00255,0.,0.0123));
#3279=CARTESIAN_POINT('',(0.00255,-0.0001,0.0123));
#3280=CARTESIAN_POINT('',(0.00255,-0.0001,0.0123));
#3281=CARTESIAN_POINT('',(0.00255,-0.0001,0.010995));
#3282=CARTESIAN_POINT('',(0.00755,-0.0001,0.010995));
#3283=CARTESIAN_POINT('',(0.00755,0.,0.010995));
#3284=CARTESIAN_POINT('',(0.00755,0.,0.0123));
#3285=CARTESIAN_POINT('',(0.00755,-0.0001,0.010995));
#3286=CARTESIAN_POINT('',(0.00755,-0.0001,0.0123));
#3287=CARTESIAN_POINT('',(0.00755,-0.0001,0.0123));
#3288=CARTESIAN_POINT('',(0.0038,-0.0001,0.0123));
#3289=CARTESIAN_POINT('',(0.0038,0.,0.0123));
#3290=CARTESIAN_POINT('',(0.0038,-0.0001,0.0123));
#3291=CARTESIAN_POINT('',(0.00505,-0.0001,0.02286));
#3292=CARTESIAN_POINT('',(0.0038,-0.0001,0.00802));
#3293=CARTESIAN_POINT('',(0.0038,0.,0.00802));
#3294=CARTESIAN_POINT('',(0.00255,0.,0.00802));
#3295=CARTESIAN_POINT('',(0.00755,0.,0.00802));
#3296=CARTESIAN_POINT('',(0.00255,-0.0001,0.00802));
#3297=CARTESIAN_POINT('',(0.00255,-0.0001,0.00802));
#3298=CARTESIAN_POINT('',(0.0038,-0.0001,0.00802));
#3299=CARTESIAN_POINT('',(0.00755,-0.0001,0.00802));
#3300=CARTESIAN_POINT('',(0.00755,-0.0001,0.00802));
#3301=CARTESIAN_POINT('',(0.00255,-0.0001,0.008455));
#3302=CARTESIAN_POINT('',(0.00255,0.,0.008455));
#3303=CARTESIAN_POINT('',(0.00255,0.,0.00976));
#3304=CARTESIAN_POINT('',(0.00255,-0.0001,0.00976));
#3305=CARTESIAN_POINT('',(0.00255,-0.0001,0.00976));
#3306=CARTESIAN_POINT('',(0.00255,-0.0001,0.008455));
#3307=CARTESIAN_POINT('',(0.00755,-0.0001,0.008455));
#3308=CARTESIAN_POINT('',(0.00755,0.,0.008455));
#3309=CARTESIAN_POINT('',(0.00755,0.,0.00976));
#3310=CARTESIAN_POINT('',(0.00755,-0.0001,0.008455));
#3311=CARTESIAN_POINT('',(0.00755,-0.0001,0.00976));
#3312=CARTESIAN_POINT('',(0.00755,-0.0001,0.00976));
#3313=CARTESIAN_POINT('',(0.0038,-0.0001,0.00976));
#3314=CARTESIAN_POINT('',(0.0038,0.,0.00976));
#3315=CARTESIAN_POINT('',(0.0038,-0.0001,0.00976));
#3316=CARTESIAN_POINT('',(0.00505,-0.0001,0.02032));
#3317=CARTESIAN_POINT('',(0.0038,-0.0001,0.00548));
#3318=CARTESIAN_POINT('',(0.0038,0.,0.00548));
#3319=CARTESIAN_POINT('',(0.00255,0.,0.00548));
#3320=CARTESIAN_POINT('',(0.00755,0.,0.00548));
#3321=CARTESIAN_POINT('',(0.00255,-0.0001,0.00548));
#3322=CARTESIAN_POINT('',(0.00255,-0.0001,0.00548));
#3323=CARTESIAN_POINT('',(0.0038,-0.0001,0.00548));
#3324=CARTESIAN_POINT('',(0.00755,-0.0001,0.00548));
#3325=CARTESIAN_POINT('',(0.00755,-0.0001,0.00548));
#3326=CARTESIAN_POINT('',(0.00255,-0.0001,0.005915));
#3327=CARTESIAN_POINT('',(0.00255,0.,0.005915));
#3328=CARTESIAN_POINT('',(0.00255,0.,0.00722));
#3329=CARTESIAN_POINT('',(0.00255,-0.0001,0.00722));
#3330=CARTESIAN_POINT('',(0.00255,-0.0001,0.00722));
#3331=CARTESIAN_POINT('',(0.00255,-0.0001,0.005915));
#3332=CARTESIAN_POINT('',(0.00755,-0.0001,0.005915));
#3333=CARTESIAN_POINT('',(0.00755,0.,0.005915));
#3334=CARTESIAN_POINT('',(0.00755,0.,0.00722));
#3335=CARTESIAN_POINT('',(0.00755,-0.0001,0.005915));
#3336=CARTESIAN_POINT('',(0.00755,-0.0001,0.00722));
#3337=CARTESIAN_POINT('',(0.00755,-0.0001,0.00722));
#3338=CARTESIAN_POINT('',(0.0038,-0.0001,0.00722));
#3339=CARTESIAN_POINT('',(0.0038,0.,0.00722));
#3340=CARTESIAN_POINT('',(0.0038,-0.0001,0.00722));
#3341=CARTESIAN_POINT('',(0.00505,-0.0001,0.01778));
#3342=CARTESIAN_POINT('',(0.0038,-0.0001,0.00294));
#3343=CARTESIAN_POINT('',(0.0038,0.,0.00294));
#3344=CARTESIAN_POINT('',(0.00255,0.,0.00294));
#3345=CARTESIAN_POINT('',(0.00755,0.,0.00294));
#3346=CARTESIAN_POINT('',(0.00255,-0.0001,0.00294));
#3347=CARTESIAN_POINT('',(0.00255,-0.0001,0.00294));
#3348=CARTESIAN_POINT('',(0.0038,-0.0001,0.00294));
#3349=CARTESIAN_POINT('',(0.00755,-0.0001,0.00294));
#3350=CARTESIAN_POINT('',(0.00755,-0.0001,0.00294));
#3351=CARTESIAN_POINT('',(0.00255,-0.0001,0.003375));
#3352=CARTESIAN_POINT('',(0.00255,0.,0.003375));
#3353=CARTESIAN_POINT('',(0.00255,0.,0.00468));
#3354=CARTESIAN_POINT('',(0.00255,-0.0001,0.00468));
#3355=CARTESIAN_POINT('',(0.00255,-0.0001,0.00468));
#3356=CARTESIAN_POINT('',(0.00255,-0.0001,0.003375));
#3357=CARTESIAN_POINT('',(0.00755,-0.0001,0.003375));
#3358=CARTESIAN_POINT('',(0.00755,0.,0.003375));
#3359=CARTESIAN_POINT('',(0.00755,0.,0.00468));
#3360=CARTESIAN_POINT('',(0.00755,-0.0001,0.003375));
#3361=CARTESIAN_POINT('',(0.00755,-0.0001,0.00468));
#3362=CARTESIAN_POINT('',(0.00755,-0.0001,0.00468));
#3363=CARTESIAN_POINT('',(0.0038,-0.0001,0.00468));
#3364=CARTESIAN_POINT('',(0.0038,0.,0.00468));
#3365=CARTESIAN_POINT('',(0.0038,-0.0001,0.00468));
#3366=CARTESIAN_POINT('',(0.00505,-0.0001,0.01524));
#3367=CARTESIAN_POINT('',(0.00505,0.,0.0127));
#3368=CARTESIAN_POINT('',(0.00505,0.,0.));
#3369=CARTESIAN_POINT('',(0.,0.,0.));
#3370=CARTESIAN_POINT('',(0.0101,0.,0.));
#3371=CARTESIAN_POINT('',(0.,0.,0.0127));
#3372=CARTESIAN_POINT('',(0.,0.,0.0254));
#3373=CARTESIAN_POINT('',(0.00434289321881345,0.,0.0254));
#3374=CARTESIAN_POINT('',(0.0086857864376269,0.,0.0254));
#3375=CARTESIAN_POINT('',(0.00939289321881345,0.,0.0246928932188135));
#3376=CARTESIAN_POINT('',(0.0101,0.,0.0239857864376269));
#3377=CARTESIAN_POINT('',(0.0101,0.,0.0119928932188134));
#3378=CARTESIAN_POINT('',(0.0038,0.,0.0004));
#3379=CARTESIAN_POINT('',(0.00255,0.,0.0004));
#3380=CARTESIAN_POINT('',(0.00755,0.,0.0004));
#3381=CARTESIAN_POINT('',(0.00755,0.,0.000835));
#3382=CARTESIAN_POINT('',(0.00755,0.,0.00214));
#3383=CARTESIAN_POINT('',(0.0038,0.,0.00214));
#3384=CARTESIAN_POINT('',(0.00255,0.,0.00214));
#3385=CARTESIAN_POINT('',(0.00255,0.,0.000835));
#3386=CARTESIAN_POINT('',(0.00123,-0.0125,0.00127));
#3387=CARTESIAN_POINT('',(0.00123,-0.0125,0.00127));
#3388=CARTESIAN_POINT('',(0.000975,-0.0125,0.00127));
#3389=CARTESIAN_POINT('',(0.00123,-0.0069,0.00127));
#3390=CARTESIAN_POINT('',(0.001485,-0.0069,0.00127));
#3391=CARTESIAN_POINT('',(-0.00257,-0.0125,-0.01016));
#3392=CARTESIAN_POINT('',(0.00123,-0.0125,0.00381));
#3393=CARTESIAN_POINT('',(0.00123,-0.0125,0.00381));
#3394=CARTESIAN_POINT('',(0.000975,-0.0125,0.00381));
#3395=CARTESIAN_POINT('',(0.00123,-0.0069,0.00381));
#3396=CARTESIAN_POINT('',(0.001485,-0.0069,0.00381));
#3397=CARTESIAN_POINT('',(-0.00257,-0.0125,-0.00762));
#3398=CARTESIAN_POINT('',(0.00123,-0.0125,0.00635));
#3399=CARTESIAN_POINT('',(0.00123,-0.0125,0.00635));
#3400=CARTESIAN_POINT('',(0.000975,-0.0125,0.00635));
#3401=CARTESIAN_POINT('',(0.00123,-0.0069,0.00635));
#3402=CARTESIAN_POINT('',(0.001485,-0.0069,0.00635));
#3403=CARTESIAN_POINT('',(-0.00257,-0.0125,-0.00508));
#3404=CARTESIAN_POINT('',(0.00123,-0.0125,0.00889));
#3405=CARTESIAN_POINT('',(0.00123,-0.0125,0.00889));
#3406=CARTESIAN_POINT('',(0.000975,-0.0125,0.00889));
#3407=CARTESIAN_POINT('',(0.00123,-0.0069,0.00889));
#3408=CARTESIAN_POINT('',(0.001485,-0.0069,0.00889));
#3409=CARTESIAN_POINT('',(-0.00257,-0.0125,-0.00254));
#3410=CARTESIAN_POINT('',(0.00123,-0.0125,0.01143));
#3411=CARTESIAN_POINT('',(0.00123,-0.0125,0.01143));
#3412=CARTESIAN_POINT('',(0.000975,-0.0125,0.01143));
#3413=CARTESIAN_POINT('',(0.00123,-0.0069,0.01143));
#3414=CARTESIAN_POINT('',(0.001485,-0.0069,0.01143));
#3415=CARTESIAN_POINT('',(-0.00257,-0.0125,-1.7347234759768E-18));
#3416=CARTESIAN_POINT('',(0.00123,-0.0125,0.01397));
#3417=CARTESIAN_POINT('',(0.00123,-0.0125,0.01397));
#3418=CARTESIAN_POINT('',(0.000975,-0.0125,0.01397));
#3419=CARTESIAN_POINT('',(0.00123,-0.0069,0.01397));
#3420=CARTESIAN_POINT('',(0.001485,-0.0069,0.01397));
#3421=CARTESIAN_POINT('',(-0.00257,-0.0125,0.00254));
#3422=CARTESIAN_POINT('',(0.00123,-0.0125,0.01651));
#3423=CARTESIAN_POINT('',(0.00123,-0.0125,0.01651));
#3424=CARTESIAN_POINT('',(0.000975,-0.0125,0.01651));
#3425=CARTESIAN_POINT('',(0.00123,-0.0069,0.01651));
#3426=CARTESIAN_POINT('',(0.001485,-0.0069,0.01651));
#3427=CARTESIAN_POINT('',(-0.00257,-0.0125,0.00508));
#3428=CARTESIAN_POINT('',(0.00123,-0.0125,0.01905));
#3429=CARTESIAN_POINT('',(0.00123,-0.0125,0.01905));
#3430=CARTESIAN_POINT('',(0.000975,-0.0125,0.01905));
#3431=CARTESIAN_POINT('',(0.00123,-0.0069,0.01905));
#3432=CARTESIAN_POINT('',(0.001485,-0.0069,0.01905));
#3433=CARTESIAN_POINT('',(-0.00257,-0.0125,0.00762));
#3434=CARTESIAN_POINT('',(0.00123,-0.0125,0.02159));
#3435=CARTESIAN_POINT('',(0.00123,-0.0125,0.02159));
#3436=CARTESIAN_POINT('',(0.000975,-0.0125,0.02159));
#3437=CARTESIAN_POINT('',(0.00123,-0.0069,0.02159));
#3438=CARTESIAN_POINT('',(0.001485,-0.0069,0.02159));
#3439=CARTESIAN_POINT('',(-0.00257,-0.0125,0.01016));
#3440=CARTESIAN_POINT('',(0.00123,-0.0125,0.02413));
#3441=CARTESIAN_POINT('',(0.00123,-0.0125,0.02413));
#3442=CARTESIAN_POINT('',(0.000975,-0.0125,0.02413));
#3443=CARTESIAN_POINT('',(0.00123,-0.0069,0.02413));
#3444=CARTESIAN_POINT('',(0.001485,-0.0069,0.02413));
#3445=CARTESIAN_POINT('',(-0.00257,-0.0125,0.0127));
#3446=CARTESIAN_POINT('',(0.00885,-0.0125,0.00127));
#3447=CARTESIAN_POINT('',(0.00885,-0.0125,0.00127));
#3448=CARTESIAN_POINT('',(0.008595,-0.0125,0.00127));
#3449=CARTESIAN_POINT('',(0.00885,-0.0069,0.00127));
#3450=CARTESIAN_POINT('',(0.009105,-0.0069,0.00127));
#3451=CARTESIAN_POINT('',(0.00505,-0.0125,-0.01016));
#3452=CARTESIAN_POINT('',(0.00885,-0.0125,0.00381));
#3453=CARTESIAN_POINT('',(0.00885,-0.0125,0.00381));
#3454=CARTESIAN_POINT('',(0.008595,-0.0125,0.00381));
#3455=CARTESIAN_POINT('',(0.00885,-0.0069,0.00381));
#3456=CARTESIAN_POINT('',(0.009105,-0.0069,0.00381));
#3457=CARTESIAN_POINT('',(0.00505,-0.0125,-0.00762));
#3458=CARTESIAN_POINT('',(0.00885,-0.0125,0.00635));
#3459=CARTESIAN_POINT('',(0.00885,-0.0125,0.00635));
#3460=CARTESIAN_POINT('',(0.008595,-0.0125,0.00635));
#3461=CARTESIAN_POINT('',(0.00885,-0.0069,0.00635));
#3462=CARTESIAN_POINT('',(0.009105,-0.0069,0.00635));
#3463=CARTESIAN_POINT('',(0.00505,-0.0125,-0.00508));
#3464=CARTESIAN_POINT('',(0.00885,-0.0125,0.00889));
#3465=CARTESIAN_POINT('',(0.00885,-0.0125,0.00889));
#3466=CARTESIAN_POINT('',(0.008595,-0.0125,0.00889));
#3467=CARTESIAN_POINT('',(0.00885,-0.0069,0.00889));
#3468=CARTESIAN_POINT('',(0.009105,-0.0069,0.00889));
#3469=CARTESIAN_POINT('',(0.00505,-0.0125,-0.00254));
#3470=CARTESIAN_POINT('',(0.00885,-0.0125,0.01143));
#3471=CARTESIAN_POINT('',(0.00885,-0.0125,0.01143));
#3472=CARTESIAN_POINT('',(0.008595,-0.0125,0.01143));
#3473=CARTESIAN_POINT('',(0.00885,-0.0069,0.01143));
#3474=CARTESIAN_POINT('',(0.009105,-0.0069,0.01143));
#3475=CARTESIAN_POINT('',(0.00505,-0.0125,-1.7347234759768E-18));
#3476=CARTESIAN_POINT('',(0.00885,-0.0125,0.01397));
#3477=CARTESIAN_POINT('',(0.00885,-0.0125,0.01397));
#3478=CARTESIAN_POINT('',(0.008595,-0.0125,0.01397));
#3479=CARTESIAN_POINT('',(0.00885,-0.0069,0.01397));
#3480=CARTESIAN_POINT('',(0.009105,-0.0069,0.01397));
#3481=CARTESIAN_POINT('',(0.00505,-0.0125,0.00254));
#3482=CARTESIAN_POINT('',(0.00885,-0.0125,0.01651));
#3483=CARTESIAN_POINT('',(0.00885,-0.0125,0.01651));
#3484=CARTESIAN_POINT('',(0.008595,-0.0125,0.01651));
#3485=CARTESIAN_POINT('',(0.00885,-0.0069,0.01651));
#3486=CARTESIAN_POINT('',(0.009105,-0.0069,0.01651));
#3487=CARTESIAN_POINT('',(0.00505,-0.0125,0.00508));
#3488=CARTESIAN_POINT('',(0.00885,-0.0125,0.01905));
#3489=CARTESIAN_POINT('',(0.00885,-0.0125,0.01905));
#3490=CARTESIAN_POINT('',(0.008595,-0.0125,0.01905));
#3491=CARTESIAN_POINT('',(0.00885,-0.0069,0.01905));
#3492=CARTESIAN_POINT('',(0.009105,-0.0069,0.01905));
#3493=CARTESIAN_POINT('',(0.00505,-0.0125,0.00762));
#3494=CARTESIAN_POINT('',(0.00885,-0.0125,0.02159));
#3495=CARTESIAN_POINT('',(0.00885,-0.0125,0.02159));
#3496=CARTESIAN_POINT('',(0.008595,-0.0125,0.02159));
#3497=CARTESIAN_POINT('',(0.00885,-0.0069,0.02159));
#3498=CARTESIAN_POINT('',(0.009105,-0.0069,0.02159));
#3499=CARTESIAN_POINT('',(0.00505,-0.0125,0.01016));
#3500=CARTESIAN_POINT('',(0.00505,-0.0079,0.0127));
#3501=CARTESIAN_POINT('',(0.00025,-0.0079,0.0127));
#3502=CARTESIAN_POINT('',(0.000249999999999998,-0.0079,0.02515));
#3503=CARTESIAN_POINT('',(0.00025,-0.0079,0.0234));
#3504=CARTESIAN_POINT('',(0.00441611652351682,-0.0079,0.02515));
#3505=CARTESIAN_POINT('',(0.002,-0.0079,0.02515));
#3506=CARTESIAN_POINT('',(0.002,-0.0079,0.0284631193369022));
#3507=CARTESIAN_POINT('',(0.002,-0.0079,0.0254));
#3508=CARTESIAN_POINT('',(0.00434289321881345,-0.0079,0.0254));
#3509=CARTESIAN_POINT('',(0.,-0.0079,0.0254));
#3510=CARTESIAN_POINT('',(0.,-0.0079,0.0127));
#3511=CARTESIAN_POINT('',(0.,-0.0079,0.0234));
#3512=CARTESIAN_POINT('',(0.0284631193369022,-0.0079,0.0234));
#3513=CARTESIAN_POINT('',(0.00505,-0.0079,0.0127));
#3514=CARTESIAN_POINT('',(0.00025,-0.0079,0.0127));
#3515=CARTESIAN_POINT('',(0.00025,-0.0079,0.002));
#3516=CARTESIAN_POINT('',(0.00025,-0.0079,0.000249999999999998));
#3517=CARTESIAN_POINT('',(0.0284631193369022,-0.0079,0.002));
#3518=CARTESIAN_POINT('',(0.,-0.0079,0.002));
#3519=CARTESIAN_POINT('',(0.,-0.0079,0.0127));
#3520=CARTESIAN_POINT('',(0.,-0.0079,0.));
#3521=CARTESIAN_POINT('',(0.00505,-0.0079,0.));
#3522=CARTESIAN_POINT('',(0.002,-0.0079,0.));
#3523=CARTESIAN_POINT('',(0.002,-0.0079,0.0284631193369022));
#3524=CARTESIAN_POINT('',(0.002,-0.0079,0.00025));
#3525=CARTESIAN_POINT('',(0.00505,-0.0079,0.00025));
#3526=CARTESIAN_POINT('',(0.00505,-0.0079,0.0127));
#3527=CARTESIAN_POINT('',(0.00505,-0.0079,0.00025));
#3528=CARTESIAN_POINT('',(0.0081,-0.0079,0.00025));
#3529=CARTESIAN_POINT('',(0.00985,-0.0079,0.00025));
#3530=CARTESIAN_POINT('',(0.0081,-0.0079,0.0284631193369022));
#3531=CARTESIAN_POINT('',(0.0081,-0.0079,0.));
#3532=CARTESIAN_POINT('',(0.00505,-0.0079,0.));
#3533=CARTESIAN_POINT('',(0.0101,-0.0079,0.));
#3534=CARTESIAN_POINT('',(0.0101,-0.0079,0.0119928932188134));
#3535=CARTESIAN_POINT('',(0.0101,-0.0079,0.002));
#3536=CARTESIAN_POINT('',(0.0284631193369022,-0.0079,0.002));
#3537=CARTESIAN_POINT('',(0.00985,-0.0079,0.002));
#3538=CARTESIAN_POINT('',(0.00985,-0.0079,0.0120661165235168));
#3539=CARTESIAN_POINT('',(0.0025,-0.0074,0.0284631193369022));
#3540=CARTESIAN_POINT('',(0.0025,-0.0074,0.02515));
#3541=CARTESIAN_POINT('',(0.003,-0.0069,0.02515));
#3542=CARTESIAN_POINT('',(0.003,-0.0069,0.0284631193369022));
#3543=CARTESIAN_POINT('',(0.003,-0.0069,0.0254));
#3544=CARTESIAN_POINT('',(0.00317144660940672,-0.00672855339059327,0.0254));
#3545=CARTESIAN_POINT('',(0.0076,-0.0074,0.0284631193369022));
#3546=CARTESIAN_POINT('',(0.0076,-0.0074,0.02515));
#3547=CARTESIAN_POINT('',(0.0081,-0.0079,0.02515));
#3548=CARTESIAN_POINT('',(0.0071,-0.0069,0.02515));
#3549=CARTESIAN_POINT('',(0.0081,-0.0079,0.0284631193369022));
#3550=CARTESIAN_POINT('',(0.0081,-0.0079,0.0254));
#3551=CARTESIAN_POINT('',(0.00622144660940673,-0.00602144660940673,0.0254));
#3552=CARTESIAN_POINT('',(0.0071,-0.0069,0.0254));
#3553=CARTESIAN_POINT('',(0.0071,-0.0069,0.0284631193369022));
#3554=CARTESIAN_POINT('',(0.0284631193369022,-0.0074,0.0025));
#3555=CARTESIAN_POINT('',(0.00985,-0.0074,0.0025));
#3556=CARTESIAN_POINT('',(0.00985,-0.0069,0.003));
#3557=CARTESIAN_POINT('',(0.0101,-0.00290355339059327,0.00699644660940673));
#3558=CARTESIAN_POINT('',(0.0101,-0.0069,0.003));
#3559=CARTESIAN_POINT('',(0.0284631193369022,-0.0069,0.003));
#3560=CARTESIAN_POINT('',(0.0284631193369022,-0.0074,0.0229));
#3561=CARTESIAN_POINT('',(0.0284631193369022,-0.0079,0.0234));
#3562=CARTESIAN_POINT('',(0.0101,-0.0079,0.0234));
#3563=CARTESIAN_POINT('',(0.00985,-0.0079,0.0234));
#3564=CARTESIAN_POINT('',(0.00985,-0.0074,0.0229));
#3565=CARTESIAN_POINT('',(0.00985,-0.0069,0.0224));
#3566=CARTESIAN_POINT('',(0.0284631193369022,-0.0069,0.0224));
#3567=CARTESIAN_POINT('',(0.0101,-0.0069,0.0224));
#3568=CARTESIAN_POINT('',(0.0101,-0.00219644660940673,0.0176964466094067));
#3569=CARTESIAN_POINT('',(0.00505,-0.0079,0.0127));
#3570=CARTESIAN_POINT('',(0.00921611652351682,-0.0079,0.0245161165235168));
#3571=CARTESIAN_POINT('',(0.00858223304703363,-0.0079,0.02515));
#3572=CARTESIAN_POINT('',(0.00985,-0.0079,0.0238822330470337));
#3573=CARTESIAN_POINT('',(0.00985,-0.0079,0.0120661165235168));
#3574=CARTESIAN_POINT('',(0.0101,-0.0079,0.0119928932188134));
#3575=CARTESIAN_POINT('',(0.0101,-0.0079,0.0239857864376269));
#3576=CARTESIAN_POINT('',(0.00939289321881345,-0.0079,0.0246928932188135));
#3577=CARTESIAN_POINT('',(0.0086857864376269,-0.0079,0.0254));
#3578=CARTESIAN_POINT('',(0.00434289321881345,-0.0079,0.0254));
#3579=CARTESIAN_POINT('',(0.00441611652351682,-0.0079,0.02515));
#3580=CARTESIAN_POINT('',(0.,-0.0079,0.0127));
#3581=CARTESIAN_POINT('',(0.,-0.0069,0.00785));
#3582=CARTESIAN_POINT('',(0.,-0.0069,0.0224));
#3583=CARTESIAN_POINT('',(0.,-0.0069,0.003));
#3584=CARTESIAN_POINT('',(0.,-0.0074,0.0229));
#3585=CARTESIAN_POINT('',(0.,-0.0079,0.0254));
#3586=CARTESIAN_POINT('',(0.,-0.0079,0.));
#3587=CARTESIAN_POINT('',(0.,-0.0074,0.0025));
#3588=CARTESIAN_POINT('',(0.0101,-0.0079,0.0119928932188134));
#3589=CARTESIAN_POINT('',(0.0101,-0.0069,0.0119928932188134));
#3590=CARTESIAN_POINT('',(0.0101,-0.0079,0.));
#3591=CARTESIAN_POINT('',(0.0101,-0.0079,0.0239857864376269));
#3592=CARTESIAN_POINT('',(0.00434289321881345,-0.0079,0.0254));
#3593=CARTESIAN_POINT('',(0.00434289321881345,-0.0069,0.0254));
#3594=CARTESIAN_POINT('',(0.0086857864376269,-0.0079,0.0254));
#3595=CARTESIAN_POINT('',(0.00505,-0.0079,0.));
#3596=CARTESIAN_POINT('',(0.006075,-0.0069,0.));
#3597=CARTESIAN_POINT('',(0.003,-0.0069,0.));
#3598=CARTESIAN_POINT('',(0.0071,-0.0069,0.));
#3599=CARTESIAN_POINT('',(0.0025,-0.0074,0.));
#3600=CARTESIAN_POINT('',(0.0076,-0.0074,0.));
#3601=CARTESIAN_POINT('',(0.00939289321881345,-0.0079,0.0246928932188135));
#3602=CARTESIAN_POINT('',(0.0025,-0.0074,0.0284631193369022));
#3603=CARTESIAN_POINT('',(0.0025,-0.0074,0.00025));
#3604=CARTESIAN_POINT('',(0.003,-0.0069,0.00025));
#3605=CARTESIAN_POINT('',(0.003,-0.0069,0.0284631193369022));
#3606=CARTESIAN_POINT('',(0.006075,-0.0069,0.0284631193369022));
#3607=CARTESIAN_POINT('',(0.00885,-0.0069,0.02413));
#3608=CARTESIAN_POINT('',(0.009105,-0.0069,0.02413));
#3609=CARTESIAN_POINT('',(0.0071,-0.0069,0.0284631193369022));
#3610=CARTESIAN_POINT('',(0.0071,-0.0069,0.00025));
#3611=CARTESIAN_POINT('',(0.00505,-0.0069,0.00025));
#3612=CARTESIAN_POINT('',(0.00985,-0.0069,0.00025));
#3613=CARTESIAN_POINT('',(0.00985,-0.0069,0.0120661165235168));
#3614=CARTESIAN_POINT('',(0.00985,-0.0069,0.0120661165235168));
#3615=CARTESIAN_POINT('',(0.00985,-0.0069,0.0238822330470337));
#3616=CARTESIAN_POINT('',(0.00921611652351682,-0.0069,0.0245161165235168));
#3617=CARTESIAN_POINT('',(0.00858223304703363,-0.0069,0.02515));
#3618=CARTESIAN_POINT('',(0.00441611652351682,-0.0069,0.02515));
#3619=CARTESIAN_POINT('',(0.00441611652351682,-0.0069,0.02515));
#3620=CARTESIAN_POINT('',(0.000249999999999998,-0.0069,0.02515));
#3621=CARTESIAN_POINT('',(0.00025,-0.0069,0.0127));
#3622=CARTESIAN_POINT('',(0.00025,-0.0069,0.0224));
#3623=CARTESIAN_POINT('',(0.0284631193369022,-0.0069,0.0224));
#3624=CARTESIAN_POINT('',(0.0284631193369022,-0.0069,0.003));
#3625=CARTESIAN_POINT('',(0.00025,-0.0069,0.003));
#3626=CARTESIAN_POINT('',(0.00025,-0.0069,0.0127));
#3627=CARTESIAN_POINT('',(0.00025,-0.0069,0.000249999999999998));
#3628=CARTESIAN_POINT('',(0.00505,-0.0069,0.00025));
#3629=CARTESIAN_POINT('',(0.0076,-0.0074,0.0284631193369022));
#3630=CARTESIAN_POINT('',(0.0076,-0.0074,0.00025));
#3631=CARTESIAN_POINT('',(0.0284631193369022,-0.0074,0.0229));
#3632=CARTESIAN_POINT('',(0.00025,-0.0074,0.0229));
#3633=CARTESIAN_POINT('',(0.0284631193369022,-0.0074,0.0025));
#3634=CARTESIAN_POINT('',(0.00025,-0.0074,0.0025));
#3635=CARTESIAN_POINT('',(0.00025,-0.0069,0.0127));
#3636=CARTESIAN_POINT('',(0.00025,-0.0069,0.000249999999999998));
#3637=CARTESIAN_POINT('',(0.00505,-0.0069,0.00025));
#3638=CARTESIAN_POINT('',(0.00025,-0.0069,0.0127));
#3639=CARTESIAN_POINT('',(0.000249999999999998,-0.0069,0.02515));
#3640=CARTESIAN_POINT('',(0.00441611652351682,-0.0069,0.02515));
#3641=CARTESIAN_POINT('',(0.00441611652351682,-0.0069,0.02515));
#3642=CARTESIAN_POINT('',(0.00858223304703363,-0.0069,0.02515));
#3643=CARTESIAN_POINT('',(0.00985,-0.0069,0.0120661165235168));
#3644=CARTESIAN_POINT('',(0.00985,-0.0069,0.0238822330470337));
#3645=CARTESIAN_POINT('',(0.00921611652351682,-0.0069,0.0245161165235168));
#3646=CARTESIAN_POINT('',(0.00505,-0.0069,0.00025));
#3647=CARTESIAN_POINT('',(0.00985,-0.0069,0.00025));
#3648=CARTESIAN_POINT('',(0.00985,-0.0069,0.0120661165235168));
#3649=CARTESIAN_POINT('',(0.00885,-0.0125,0.02413));
#3650=CARTESIAN_POINT('',(0.00885,-0.0125,0.02413));
#3651=CARTESIAN_POINT('',(0.008595,-0.0125,0.02413));
#3652=CARTESIAN_POINT('',(0.00505,-0.0125,0.0127));
#3653=CARTESIAN_POINT('',(0.00755,-0.0001,0.000835));
#3654=CARTESIAN_POINT('',(0.00755,-0.0001,0.0004));
#3655=CARTESIAN_POINT('',(0.00755,-0.0001,0.0004));
#3656=CARTESIAN_POINT('',(0.00755,-0.0001,0.000835));
#3657=CARTESIAN_POINT('',(0.00755,-0.0001,0.00214));
#3658=CARTESIAN_POINT('',(0.00755,-0.0001,0.00214));
#3659=CARTESIAN_POINT('',(0.0038,-0.0001,0.0004));
#3660=CARTESIAN_POINT('',(0.00255,-0.0001,0.0004));
#3661=CARTESIAN_POINT('',(0.00255,-0.0001,0.0004));
#3662=CARTESIAN_POINT('',(0.0038,-0.0001,0.0004));
#3663=CARTESIAN_POINT('',(0.00255,-0.0001,0.000835));
#3664=CARTESIAN_POINT('',(0.00255,-0.0001,0.00214));
#3665=CARTESIAN_POINT('',(0.00255,-0.0001,0.00214));
#3666=CARTESIAN_POINT('',(0.00255,-0.0001,0.000835));
#3667=CARTESIAN_POINT('',(0.0038,-0.0001,0.00214));
#3668=CARTESIAN_POINT('',(0.0038,-0.0001,0.00214));
#3669=CARTESIAN_POINT('',(0.00505,-0.0001,0.0127));
#3670=MECHANICAL_DESIGN_GEOMETRIC_PRESENTATION_REPRESENTATION('',(#1985,
#72,#73,#74,#75,#76,#77,#78,#79,#80,#81,#82,#83,#84,#85,#86,#87,#88,#89,
#90,#91,#92,#93,#94,#95,#96,#97,#98,#99,#100,#101,#102,#103,#104,#105,#106,
#107,#108,#109,#110,#111,#112,#113,#114,#115,#116,#117,#118,#119,#120,#121,
#122,#123,#124,#125,#126,#127,#128,#129,#130,#131,#132,#133,#134,#135,#136,
#137,#138,#139,#140,#141,#142,#143,#144,#145,#146,#147,#148,#149),#3671);
#3671=(
GEOMETRIC_REPRESENTATION_CONTEXT(3)
GLOBAL_UNCERTAINTY_ASSIGNED_CONTEXT((#3672))
GLOBAL_UNIT_ASSIGNED_CONTEXT((#3675,#3674,#3673))
REPRESENTATION_CONTEXT('Part 1','TOP_LEVEL_ASSEMBLY_PART')
);
#3672=UNCERTAINTY_MEASURE_WITH_UNIT(LENGTH_MEASURE(1.E-8),#3675,
'DISTANCE_ACCURACY_VALUE','Maximum Tolerance applied to model');
#3673=(
NAMED_UNIT(*)
SI_UNIT($,.STERADIAN.)
SOLID_ANGLE_UNIT()
);
#3674=(
NAMED_UNIT(*)
PLANE_ANGLE_UNIT()
SI_UNIT($,.RADIAN.)
);
#3675=(
LENGTH_UNIT()
NAMED_UNIT(*)
SI_UNIT($,.METRE.)
);
#3676=PRODUCT_DEFINITION_SHAPE('','',#3677);
#3677=PRODUCT_DEFINITION('','',#3679,#3678);
#3678=PRODUCT_DEFINITION_CONTEXT('',#3685,'design');
#3679=PRODUCT_DEFINITION_FORMATION_WITH_SPECIFIED_SOURCE('','',#3681,
 .NOT_KNOWN.);
#3680=PRODUCT_RELATED_PRODUCT_CATEGORY('','',(#3681));
#3681=PRODUCT('Part 1','Part 1','Part 1',(#3683));
#3682=PRODUCT_CATEGORY('','');
#3683=PRODUCT_CONTEXT('',#3685,'mechanical');
#3684=APPLICATION_PROTOCOL_DEFINITION('international standard',
'ap242_managed_model_based_3d_engineering',2011,#3685);
#3685=APPLICATION_CONTEXT('managed model based 3d engineering');
ENDSEC;
END-ISO-10303-21;
