ISO-10303-21;
HEADER;
FILE_DESCRIPTION (( 'STEP AP214' ),
    '1' );
FILE_NAME ('ESMQ451VSN681MA50S.STEP',
    '2023-08-31T12:40:09',
    ( '' ),
    ( '' ),
    'SwSTEP 2.0',
    'SolidWorks 2021',
    '' );
FILE_SCHEMA (( 'AUTOMOTIVE_DESIGN' ));
ENDSEC;

DATA;
#1 = DIRECTION ( 'NONE',  ( 0.000000000000000000, 0.000000000000000000, 1.000000000000000000 ) ) ;
#2 = LINE ( 'NONE', #2107, #1499 ) ;
#3 = SURFACE_SIDE_STYLE ('',( #2135 ) ) ;
#4 = ORIENTED_EDGE ( 'NONE', *, *, #594, .T. ) ;
#5 = FILL_AREA_STYLE_COLOUR ( '', #1231 ) ;
#6 = SURFACE_SIDE_STYLE ('',( #1589 ) ) ;
#7 = ADVANCED_FACE ( 'NONE', ( #1310 ), #1133, .F. ) ;
#8 =( NAMED_UNIT ( * ) SI_UNIT ( $, .STERADIAN. ) SOLID_ANGLE_UNIT ( ) );
#9 = ORIENTED_EDGE ( 'NONE', *, *, #1804, .T. ) ;
#10 =( LENGTH_UNIT ( ) NAMED_UNIT ( * ) SI_UNIT ( .MILLI., .METRE. ) );
#11 = CARTESIAN_POINT ( 'NONE',  ( 16.50000000000000711, 0.000000000000000000, 50.00000000000000711 ) ) ;
#12 = CARTESIAN_POINT ( 'NONE',  ( -4.034999999999999254, 1.936491673103708511, 50.00000000000000711 ) ) ;
#13 = DIRECTION ( 'NONE',  ( -0.6447015249951881799, 0.000000000000000000, -0.7644343946140040869 ) ) ;
#14 = CARTESIAN_POINT ( 'NONE',  ( 17.50000000000000711, 2.143131898507869037E-15, 50.00000000000000711 ) ) ;
#15 = CLOSED_SHELL ( 'NONE', ( #2062, #1676, #498, #1311, #2223, #245 ) ) ;
#16 = DIRECTION ( 'NONE',  ( -1.301042606982606701E-15, 1.000000000000000000, 0.000000000000000000 ) ) ;
#17 = SURFACE_SIDE_STYLE ('',( #1600 ) ) ;
#18 = AXIS2_PLACEMENT_3D ( 'NONE', #1062, #1787, #715 ) ;
#19 =( NAMED_UNIT ( * ) PLANE_ANGLE_UNIT ( ) SI_UNIT ( $, .RADIAN. ) );
#20 = ORIENTED_EDGE ( 'NONE', *, *, #896, .T. ) ;
#21 = FACE_OUTER_BOUND ( 'NONE', #92, .T. ) ;
#22 =( GEOMETRIC_REPRESENTATION_CONTEXT ( 3 ) GLOBAL_UNCERTAINTY_ASSIGNED_CONTEXT ( ( #1795 ) ) GLOBAL_UNIT_ASSIGNED_CONTEXT ( ( #2016, #617, #811 ) ) REPRESENTATION_CONTEXT ( 'NONE', 'WORKASPACE' ) );
#23 = VECTOR ( 'NONE', #163, 1000.000000000000000 ) ;
#24 = SURFACE_STYLE_USAGE ( .BOTH. , #1812 ) ;
#25 = CIRCLE ( 'NONE', #314, 17.50000000000000355 ) ;
#26 = FILL_AREA_STYLE ('',( #371 ) ) ;
#27 = CARTESIAN_POINT ( 'NONE',  ( -14.99999999999999645, 1.836970198721029194E-15, 40.00000000000000711 ) ) ;
#28 = STYLED_ITEM ( 'NONE', ( #1808 ), #1854 ) ;
#29 = EDGE_LOOP ( 'NONE', ( #307, #1317 ) ) ;
#30 =( LENGTH_UNIT ( ) NAMED_UNIT ( * ) SI_UNIT ( .MILLI., .METRE. ) );
#31 = COLOUR_RGB ( '',0.2980392156862745057, 0.2980392156862745057, 0.2980392156862745057 ) ;
#32 =( NAMED_UNIT ( * ) SI_UNIT ( $, .STERADIAN. ) SOLID_ANGLE_UNIT ( ) );
#33 = STYLED_ITEM ( 'NONE', ( #1179 ), #2232 ) ;
#34 = SURFACE_STYLE_FILL_AREA ( #1092 ) ;
#35 = FILL_AREA_STYLE ('',( #2117 ) ) ;
#36 = CARTESIAN_POINT ( 'NONE',  ( -3.035000000000000586, 1.936491673103709843, 50.00000000000000711 ) ) ;
#37 = CARTESIAN_POINT ( 'NONE',  ( -5.534999999999996589, 1.110513133409594097E-15, 51.00000000000000711 ) ) ;
#38 = UNCERTAINTY_MEASURE_WITH_UNIT (LENGTH_MEASURE( 1.000000000000000082E-05 ), #2180, 'distance_accuracy_value', 'NONE');
#39 = SURFACE_STYLE_FILL_AREA ( #697 ) ;
#40 = DIRECTION ( 'NONE',  ( 0.000000000000000000, 0.000000000000000000, 1.000000000000000000 ) ) ;
#41 = SURFACE_SIDE_STYLE ('',( #2152 ) ) ;
#42 = SURFACE_STYLE_USAGE ( .BOTH. , #2115 ) ;
#43 = ORIENTED_EDGE ( 'NONE', *, *, #361, .T. ) ;
#44 = DIRECTION ( 'NONE',  ( 1.000000000000000000, -8.673617379883934892E-16, 0.000000000000000000 ) ) ;
#45 = DIRECTION ( 'NONE',  ( 0.000000000000000000, 0.000000000000000000, 1.000000000000000000 ) ) ;
#46 = DIRECTION ( 'NONE',  ( -0.000000000000000000, -0.000000000000000000, -1.000000000000000000 ) ) ;
#47 = SURFACE_STYLE_FILL_AREA ( #26 ) ;
#48 = APPLICATION_PROTOCOL_DEFINITION ( 'draft international standard', 'automotive_design', 1998, #664 ) ;
#49 = ADVANCED_FACE ( 'NONE', ( #1176 ), #929, .T. ) ;
#50 = FILL_AREA_STYLE_COLOUR ( '', #1560 ) ;
#51 = CARTESIAN_POINT ( 'NONE',  ( 4.034999999999999254, -1.936491673103708733, 51.00000000000000711 ) ) ;
#52 =( GEOMETRIC_REPRESENTATION_CONTEXT ( 3 ) GLOBAL_UNCERTAINTY_ASSIGNED_CONTEXT ( ( #1582 ) ) GLOBAL_UNIT_ASSIGNED_CONTEXT ( ( #2005, #2019, #2038 ) ) REPRESENTATION_CONTEXT ( 'NONE', 'WORKASPACE' ) );
#53 = VERTEX_POINT ( 'NONE', #1663 ) ;
#54 = MECHANICAL_DESIGN_GEOMETRIC_PRESENTATION_REPRESENTATION (  '', ( #1561 ), #1792 ) ;
#55 =( GEOMETRIC_REPRESENTATION_CONTEXT ( 3 ) GLOBAL_UNCERTAINTY_ASSIGNED_CONTEXT ( ( #357 ) ) GLOBAL_UNIT_ASSIGNED_CONTEXT ( ( #215, #2137, #385 ) ) REPRESENTATION_CONTEXT ( 'NONE', 'WORKASPACE' ) );
#56 = CARTESIAN_POINT ( 'NONE',  ( 0.000000000000000000, 0.000000000000000000, 42.50000000000000711 ) ) ;
#57 =( GEOMETRIC_REPRESENTATION_CONTEXT ( 3 ) GLOBAL_UNCERTAINTY_ASSIGNED_CONTEXT ( ( #381 ) ) GLOBAL_UNIT_ASSIGNED_CONTEXT ( ( #1890, #2195, #1671 ) ) REPRESENTATION_CONTEXT ( 'NONE', 'WORKASPACE' ) );
#58 = AXIS2_PLACEMENT_3D ( 'NONE', #1501, #2069, #433 ) ;
#59 = DIRECTION ( 'NONE',  ( -0.000000000000000000, 0.000000000000000000, -1.000000000000000000 ) ) ;
#60 = VERTEX_POINT ( 'NONE', #763 ) ;
#61 = VECTOR ( 'NONE', #1182, 1000.000000000000000 ) ;
#62 = AXIS2_PLACEMENT_3D ( 'NONE', #1235, #364, #1599 ) ;
#63 = CYLINDRICAL_SURFACE ( 'NONE', #69, 14.99999999999999645 ) ;
#64 = EDGE_CURVE ( 'NONE', #1371, #103, #2205, .T. ) ;
#65 = SURFACE_STYLE_FILL_AREA ( #1439 ) ;
#66 = EDGE_LOOP ( 'NONE', ( #225, #1100 ) ) ;
#67 = STYLED_ITEM ( 'NONE', ( #1900 ), #2073 ) ;
#68 = CARTESIAN_POINT ( 'NONE',  ( 24.54721667731728374, 5.936491673103746258, 20.70240185129923205 ) ) ;
#69 = AXIS2_PLACEMENT_3D ( 'NONE', #1050, #1590, #2249 ) ;
#70 = EDGE_CURVE ( 'NONE', #991, #430, #2207, .T. ) ;
#71 = SURFACE_STYLE_USAGE ( .BOTH. , #1102 ) ;
#72 = FACE_OUTER_BOUND ( 'NONE', #107, .T. ) ;
#73 = DIRECTION ( 'NONE',  ( -0.000000000000000000, -0.000000000000000000, -1.000000000000000000 ) ) ;
#74 = CARTESIAN_POINT ( 'NONE',  ( 0.000000000000000000, 2.936491673103708511, 51.00000000000000711 ) ) ;
#75 = DIRECTION ( 'NONE',  ( -0.000000000000000000, -0.000000000000000000, -1.000000000000000000 ) ) ;
#76 = DIRECTION ( 'NONE',  ( -1.000000000000000000, 0.000000000000000000, 0.000000000000000000 ) ) ;
#77 = VERTEX_POINT ( 'NONE', #2187 ) ;
#78 = CARTESIAN_POINT ( 'NONE',  ( 0.000000000000000000, 0.000000000000000000, 35.00000000000000000 ) ) ;
#79 = PRESENTATION_STYLE_ASSIGNMENT (( #71 ) ) ;
#80 = CARTESIAN_POINT ( 'NONE',  ( -3.534999999999997922, 1.110513133409594097E-15, 51.00000000000000711 ) ) ;
#81 = ADVANCED_FACE ( 'NONE', ( #619 ), #1321, .T. ) ;
#82 = CYLINDRICAL_SURFACE ( 'NONE', #143, 17.50000000000000711 ) ;
#83 = UNCERTAINTY_MEASURE_WITH_UNIT (LENGTH_MEASURE( 1.000000000000000082E-05 ), #515, 'distance_accuracy_value', 'NONE');
#84 = CARTESIAN_POINT ( 'NONE',  ( 0.000000000000000000, 0.000000000000000000, 35.00000000000000000 ) ) ;
#85 = LINE ( 'NONE', #1641, #819 ) ;
#86 = CARTESIAN_POINT ( 'NONE',  ( 3.183750651464684744E-14, -2.936491673103752920, 50.00000000000000711 ) ) ;
#87 = ORIENTED_EDGE ( 'NONE', *, *, #826, .T. ) ;
#88 = FILL_AREA_STYLE_COLOUR ( '', #1273 ) ;
#89 = SURFACE_STYLE_USAGE ( .BOTH. , #418 ) ;
#90 = EDGE_LOOP ( 'NONE', ( #2040, #1329, #661, #631 ) ) ;
#91 = FACE_OUTER_BOUND ( 'NONE', #1626, .T. ) ;
#92 = EDGE_LOOP ( 'NONE', ( #510, #1229, #1180, #1928 ) ) ;
#93 = EDGE_CURVE ( 'NONE', #1709, #981, #2221, .T. ) ;
#94 = DIRECTION ( 'NONE',  ( 1.000000000000000000, 0.000000000000000000, 0.000000000000000000 ) ) ;
#95 = ADVANCED_FACE ( 'NONE', ( #1580 ), #665, .F. ) ;
#96 = MECHANICAL_DESIGN_GEOMETRIC_PRESENTATION_REPRESENTATION (  '', ( #1112 ), #527 ) ;
#97 = DIRECTION ( 'NONE',  ( 0.000000000000000000, 0.000000000000000000, 1.000000000000000000 ) ) ;
#98 = DIRECTION ( 'NONE',  ( -8.673617379883934892E-16, -1.000000000000000000, 0.000000000000000000 ) ) ;
#99 = CIRCLE ( 'NONE', #58, 14.99999999999999645 ) ;
#100 = EDGE_CURVE ( 'NONE', #60, #222, #1789, .T. ) ;
#101 = VECTOR ( 'NONE', #744, 1000.000000000000000 ) ;
#102 = VECTOR ( 'NONE', #1209, 1000.000000000000000 ) ;
#103 = VERTEX_POINT ( 'NONE', #1065 ) ;
#104 = FILL_AREA_STYLE ('',( #88 ) ) ;
#105 = CIRCLE ( 'NONE', #642, 17.50000000000000711 ) ;
#106 = CIRCLE ( 'NONE', #1973, 17.50000000000000355 ) ;
#107 = EDGE_LOOP ( 'NONE', ( #1784, #487, #138, #1365 ) ) ;
#108 = FILL_AREA_STYLE ('',( #1326 ) ) ;
#109 = VECTOR ( 'NONE', #1282, 999.9999999999998863 ) ;
#110 = DIRECTION ( 'NONE',  ( -0.000000000000000000, -0.000000000000000000, -1.000000000000000000 ) ) ;
#111 = ORIENTED_EDGE ( 'NONE', *, *, #1586, .F. ) ;
#112 =( LENGTH_UNIT ( ) NAMED_UNIT ( * ) SI_UNIT ( .MILLI., .METRE. ) );
#113 =( NAMED_UNIT ( * ) PLANE_ANGLE_UNIT ( ) SI_UNIT ( $, .RADIAN. ) );
#114 = STYLED_ITEM ( 'NONE', ( #327 ), #2106 ) ;
#115 = UNCERTAINTY_MEASURE_WITH_UNIT (LENGTH_MEASURE( 1.000000000000000082E-05 ), #30, 'distance_accuracy_value', 'NONE');
#116 = CARTESIAN_POINT ( 'NONE',  ( 4.034999999999999254, 0.000000000000000000, 54.00000000000000711 ) ) ;
#117 = VERTEX_POINT ( 'NONE', #1455 ) ;
#118 = DIRECTION ( 'NONE',  ( -1.000000000000000000, 0.000000000000000000, 0.000000000000000000 ) ) ;
#119 = CARTESIAN_POINT ( 'NONE',  ( -2.519458174774966042E-15, 1.936491673103713618, 54.00000000000000711 ) ) ;
#120 = ORIENTED_EDGE ( 'NONE', *, *, #949, .F. ) ;
#121 = CARTESIAN_POINT ( 'NONE',  ( 0.000000000000000000, 0.000000000000000000, 40.00000000000000711 ) ) ;
#122 = LINE ( 'NONE', #838, #1445 ) ;
#123 = DIRECTION ( 'NONE',  ( -0.000000000000000000, 0.000000000000000000, 1.000000000000000000 ) ) ;
#124 = ORIENTED_EDGE ( 'NONE', *, *, #917, .F. ) ;
#125 =( NAMED_UNIT ( * ) SI_UNIT ( $, .STERADIAN. ) SOLID_ANGLE_UNIT ( ) );
#126 = EDGE_CURVE ( 'NONE', #2165, #991, #1253, .T. ) ;
#127 = CARTESIAN_POINT ( 'NONE',  ( 3.534999999999985487, 4.599185615683497187E-15, 54.00000000000000711 ) ) ;
#128 = ADVANCED_FACE ( 'NONE', ( #1593 ), #863, .F. ) ;
#129 = SURFACE_STYLE_USAGE ( .BOTH. , #809 ) ;
#130 = ORIENTED_EDGE ( 'NONE', *, *, #220, .T. ) ;
#131 = EDGE_CURVE ( 'NONE', #1440, #1091, #1773, .T. ) ;
#132 = PRESENTATION_LAYER_ASSIGNMENT (  '', '', ( #636 ) ) ;
#133 = LINE ( 'NONE', #2257, #1234 ) ;
#134 = COLOUR_RGB ( '',0.4980392156862745168, 0.4980392156862745168, 0.4980392156862745168 ) ;
#135 = ORIENTED_EDGE ( 'NONE', *, *, #1829, .F. ) ;
#136 = CARTESIAN_POINT ( 'NONE',  ( -3.035000000000001474, 2.936491673103708511, 53.40714085124918853 ) ) ;
#137 = MECHANICAL_DESIGN_GEOMETRIC_PRESENTATION_REPRESENTATION (  '', ( #2102 ), #1609 ) ;
#138 = ORIENTED_EDGE ( 'NONE', *, *, #629, .T. ) ;
#139 =( NAMED_UNIT ( * ) PLANE_ANGLE_UNIT ( ) SI_UNIT ( $, .RADIAN. ) );
#140 = EDGE_CURVE ( 'NONE', #1281, #1289, #2169, .T. ) ;
#141 = ORIENTED_EDGE ( 'NONE', *, *, #689, .F. ) ;
#142 = AXIS2_PLACEMENT_3D ( 'NONE', #394, #1399, #708 ) ;
#143 = AXIS2_PLACEMENT_3D ( 'NONE', #481, #331, #2067 ) ;
#144 = SURFACE_SIDE_STYLE ('',( #1391 ) ) ;
#145 = DIRECTION ( 'NONE',  ( 1.000000000000000000, 0.000000000000000000, -0.000000000000000000 ) ) ;
#146 = DIRECTION ( 'NONE',  ( -1.000000000000000000, -1.084202172485505223E-14, 0.000000000000000000 ) ) ;
#147 = FILL_AREA_STYLE_COLOUR ( '', #1449 ) ;
#148 = VERTEX_POINT ( 'NONE', #36 ) ;
#149 = DIRECTION ( 'NONE',  ( 0.000000000000000000, 0.000000000000000000, 1.000000000000000000 ) ) ;
#150 = ADVANCED_FACE ( 'NONE', ( #706 ), #1241, .F. ) ;
#151 = FILL_AREA_STYLE_COLOUR ( '', #1480 ) ;
#152 = FILL_AREA_STYLE_COLOUR ( '', #674 ) ;
#153 = SURFACE_STYLE_USAGE ( .BOTH. , #479 ) ;
#154 = ORIENTED_EDGE ( 'NONE', *, *, #100, .F. ) ;
#155 = DIRECTION ( 'NONE',  ( -1.000000000000000000, 0.000000000000000000, 0.000000000000000000 ) ) ;
#156 = DIRECTION ( 'NONE',  ( 1.000000000000000000, 0.000000000000000000, 0.000000000000000000 ) ) ;
#157 = SURFACE_STYLE_USAGE ( .BOTH. , #915 ) ;
#158 = ORIENTED_EDGE ( 'NONE', *, *, #2007, .F. ) ;
#159 = LINE ( 'NONE', #267, #1457 ) ;
#160 =( NAMED_UNIT ( * ) SI_UNIT ( $, .STERADIAN. ) SOLID_ANGLE_UNIT ( ) );
#161 = DIRECTION ( 'NONE',  ( -0.000000000000000000, -0.000000000000000000, -1.000000000000000000 ) ) ;
#162 = EDGE_CURVE ( 'NONE', #53, #787, #1863, .T. ) ;
#163 = DIRECTION ( 'NONE',  ( -0.7071067811865487940, 8.659560562354948882E-17, 0.7071067811865463515 ) ) ;
#164 =( LENGTH_UNIT ( ) NAMED_UNIT ( * ) SI_UNIT ( .MILLI., .METRE. ) );
#165 = ORIENTED_EDGE ( 'NONE', *, *, #300, .F. ) ;
#166 = SURFACE_STYLE_FILL_AREA ( #1895 ) ;
#167 = CIRCLE ( 'NONE', #393, 2.000000000000000000 ) ;
#168 = MECHANICAL_DESIGN_GEOMETRIC_PRESENTATION_REPRESENTATION (  '', ( #1154 ), #2141 ) ;
#169 = VERTEX_POINT ( 'NONE', #1430 ) ;
#170 = SURFACE_STYLE_FILL_AREA ( #1556 ) ;
#171 = VERTEX_POINT ( 'NONE', #1990 ) ;
#172 = AXIS2_PLACEMENT_3D ( 'NONE', #119, #935, #1127 ) ;
#173 = STYLED_ITEM ( 'NONE', ( #2095 ), #835 ) ;
#174 = DIRECTION ( 'NONE',  ( 0.000000000000000000, 0.000000000000000000, 1.000000000000000000 ) ) ;
#175 = CARTESIAN_POINT ( 'NONE',  ( 0.000000000000000000, 0.000000000000000000, 40.00000000000000711 ) ) ;
#176 = COLOUR_RGB ( '',0.2980392156862745057, 0.2980392156862745057, 0.2980392156862745057 ) ;
#177 = PRESENTATION_STYLE_ASSIGNMENT (( #2123 ) ) ;
#178 = COLOUR_RGB ( '',0.2980392156862745057, 0.2980392156862745057, 0.2980392156862745057 ) ;
#179 = CARTESIAN_POINT ( 'NONE',  ( 3.035000000000000586, -1.936491673103708511, 53.40714085124918853 ) ) ;
#180 = STYLED_ITEM ( 'NONE', ( #210 ), #1692 ) ;
#181 = EDGE_LOOP ( 'NONE', ( #2159, #212, #1185, #190, #1828 ) ) ;
#182 = FACE_OUTER_BOUND ( 'NONE', #181, .T. ) ;
#183 = FILL_AREA_STYLE ('',( #349 ) ) ;
#184 =( NAMED_UNIT ( * ) SI_UNIT ( $, .STERADIAN. ) SOLID_ANGLE_UNIT ( ) );
#185 = ORIENTED_EDGE ( 'NONE', *, *, #131, .F. ) ;
#186 = CARTESIAN_POINT ( 'NONE',  ( -3.035000000000000586, 1.936491673103709843, 50.00000000000000711 ) ) ;
#187 = CARTESIAN_POINT ( 'NONE',  ( -16.50000000000000711, 2.020667218593133889E-15, 49.00000000000000711 ) ) ;
#188 =( NAMED_UNIT ( * ) SI_UNIT ( $, .STERADIAN. ) SOLID_ANGLE_UNIT ( ) );
#189 =( NAMED_UNIT ( * ) SI_UNIT ( $, .STERADIAN. ) SOLID_ANGLE_UNIT ( ) );
#190 = ORIENTED_EDGE ( 'NONE', *, *, #687, .T. ) ;
#191 = FILL_AREA_STYLE_COLOUR ( '', #1940 ) ;
#192 = DIRECTION ( 'NONE',  ( -1.000000000000000000, 0.000000000000000000, 0.000000000000000000 ) ) ;
#193 =( LENGTH_UNIT ( ) NAMED_UNIT ( * ) SI_UNIT ( .MILLI., .METRE. ) );
#194 = ORIENTED_EDGE ( 'NONE', *, *, #1924, .T. ) ;
#195 = CARTESIAN_POINT ( 'NONE',  ( 3.035000000000002807, -2.632442874794776761E-15, 50.00000000000000711 ) ) ;
#196 = DIRECTION ( 'NONE',  ( -0.000000000000000000, -0.000000000000000000, -1.000000000000000000 ) ) ;
#197 =( LENGTH_UNIT ( ) NAMED_UNIT ( * ) SI_UNIT ( .MILLI., .METRE. ) );
#198 = VERTEX_POINT ( 'NONE', #1094 ) ;
#199 = SURFACE_SIDE_STYLE ('',( #2112 ) ) ;
#200 = COLOUR_RGB ( '',1.000000000000000000, 1.000000000000000000, 1.000000000000000000 ) ;
#201 = DIRECTION ( 'NONE',  ( 1.000000000000000000, 0.000000000000000000, 0.000000000000000000 ) ) ;
#202 = MANIFOLD_SOLID_BREP ( 'Boss-Extrude4', #346 ) ;
#203 =( GEOMETRIC_REPRESENTATION_CONTEXT ( 3 ) GLOBAL_UNCERTAINTY_ASSIGNED_CONTEXT ( ( #238 ) ) GLOBAL_UNIT_ASSIGNED_CONTEXT ( ( #534, #1388, #1542 ) ) REPRESENTATION_CONTEXT ( 'NONE', 'WORKASPACE' ) );
#204 = COLOUR_RGB ( '',1.000000000000000000, 1.000000000000000000, 1.000000000000000000 ) ;
#205 = PRESENTATION_LAYER_ASSIGNMENT (  '', '', ( #2148 ) ) ;
#206 =( GEOMETRIC_REPRESENTATION_CONTEXT ( 3 ) GLOBAL_UNCERTAINTY_ASSIGNED_CONTEXT ( ( #2018 ) ) GLOBAL_UNIT_ASSIGNED_CONTEXT ( ( #415, #1816, #755 ) ) REPRESENTATION_CONTEXT ( 'NONE', 'WORKASPACE' ) );
#207 = DIRECTION ( 'NONE',  ( 0.000000000000000000, 0.000000000000000000, -1.000000000000000000 ) ) ;
#208 = ADVANCED_FACE ( 'NONE', ( #1843 ), #2100, .T. ) ;
#209 = CONICAL_SURFACE ( 'NONE', #1038, 17.50000000000000355, 0.7853981633974500554 ) ;
#210 = PRESENTATION_STYLE_ASSIGNMENT (( #1968 ) ) ;
#211 =( NAMED_UNIT ( * ) PLANE_ANGLE_UNIT ( ) SI_UNIT ( $, .RADIAN. ) );
#212 = ORIENTED_EDGE ( 'NONE', *, *, #403, .T. ) ;
#213 = CIRCLE ( 'NONE', #541, 1.999999999999999112 ) ;
#214 = PRESENTATION_LAYER_ASSIGNMENT (  '', '', ( #180 ) ) ;
#215 =( LENGTH_UNIT ( ) NAMED_UNIT ( * ) SI_UNIT ( .MILLI., .METRE. ) );
#216 = ADVANCED_FACE ( 'NONE', ( #1049 ), #564, .T. ) ;
#217 =( NAMED_UNIT ( * ) SI_UNIT ( $, .STERADIAN. ) SOLID_ANGLE_UNIT ( ) );
#218 = MANIFOLD_SOLID_BREP ( 'Cut-Extrude4', #1749 ) ;
#219 = UNCERTAINTY_MEASURE_WITH_UNIT (LENGTH_MEASURE( 1.000000000000000082E-05 ), #1290, 'distance_accuracy_value', 'NONE');
#220 = EDGE_CURVE ( 'NONE', #2147, #430, #584, .T. ) ;
#221 = CARTESIAN_POINT ( 'NONE',  ( 0.000000000000000000, 0.000000000000000000, 50.00000000000000711 ) ) ;
#222 = VERTEX_POINT ( 'NONE', #1464 ) ;
#223 = DIRECTION ( 'NONE',  ( 0.000000000000000000, 0.000000000000000000, 1.000000000000000000 ) ) ;
#224 =( NAMED_UNIT ( * ) PLANE_ANGLE_UNIT ( ) SI_UNIT ( $, .RADIAN. ) );
#225 = ORIENTED_EDGE ( 'NONE', *, *, #949, .T. ) ;
#226 = DIRECTION ( 'NONE',  ( 1.000000000000000000, 0.000000000000000000, 0.000000000000000000 ) ) ;
#227 = CARTESIAN_POINT ( 'NONE',  ( 5.535000000000001030, 5.502294261931797038E-16, 51.00000000000000711 ) ) ;
#228 =( NAMED_UNIT ( * ) SI_UNIT ( $, .STERADIAN. ) SOLID_ANGLE_UNIT ( ) );
#229 = SURFACE_STYLE_FILL_AREA ( #1405 ) ;
#230 = CARTESIAN_POINT ( 'NONE',  ( -4.034999999999999254, 0.000000000000000000, 51.00000000000000711 ) ) ;
#231 = ADVANCED_FACE ( 'NONE', ( #1452 ), #1429, .F. ) ;
#232 = SURFACE_STYLE_FILL_AREA ( #376 ) ;
#233 = ORIENTED_EDGE ( 'NONE', *, *, #1841, .F. ) ;
#234 = CARTESIAN_POINT ( 'NONE',  ( -3.534999999999995257, -4.599185615683508231E-15, 54.00000000000000711 ) ) ;
#235 = CONICAL_SURFACE ( 'NONE', #2008, 14.99999999999999645, 0.7853981633974500554 ) ;
#236 = COLOUR_RGB ( '',0.4980392156862745168, 0.4980392156862745168, 0.4980392156862745168 ) ;
#237 =( NAMED_UNIT ( * ) SI_UNIT ( $, .STERADIAN. ) SOLID_ANGLE_UNIT ( ) );
#238 = UNCERTAINTY_MEASURE_WITH_UNIT (LENGTH_MEASURE( 1.000000000000000082E-05 ), #534, 'distance_accuracy_value', 'NONE');
#239 = FILL_AREA_STYLE_COLOUR ( '', #1859 ) ;
#240 = AXIS2_PLACEMENT_3D ( 'NONE', #1537, #653, #1929 ) ;
#241 = VECTOR ( 'NONE', #1018, 1000.000000000000000 ) ;
#242 = CIRCLE ( 'NONE', #1534, 14.99999999999999645 ) ;
#243 =( NAMED_UNIT ( * ) PLANE_ANGLE_UNIT ( ) SI_UNIT ( $, .RADIAN. ) );
#244 = AXIS2_PLACEMENT_3D ( 'NONE', #2004, #1993, #1813 ) ;
#245 = ADVANCED_FACE ( 'NONE', ( #1111 ), #1073, .T. ) ;
#246 = VECTOR ( 'NONE', #2020, 1000.000000000000000 ) ;
#247 = SURFACE_SIDE_STYLE ('',( #1118 ) ) ;
#248 = CYLINDRICAL_SURFACE ( 'NONE', #1070, 1.999999999999998668 ) ;
#249 = DIRECTION ( 'NONE',  ( -0.000000000000000000, 0.000000000000000000, 1.000000000000000000 ) ) ;
#250 = DIRECTION ( 'NONE',  ( 1.000000000000000000, 1.084202172485505223E-14, 0.000000000000000000 ) ) ;
#251 = LINE ( 'NONE', #1496, #1421 ) ;
#252 = ORIENTED_EDGE ( 'NONE', *, *, #70, .F. ) ;
#253 = CARTESIAN_POINT ( 'NONE',  ( 3.535000000000001030, 3.053000663637090623E-16, 51.00000000000000711 ) ) ;
#254 = SURFACE_STYLE_FILL_AREA ( #1324 ) ;
#255 = EDGE_LOOP ( 'NONE', ( #1334, #516, #87, #1909 ) ) ;
#256 = CARTESIAN_POINT ( 'NONE',  ( -14.99999999999999645, 0.000000000000000000, 40.00000000000000711 ) ) ;
#257 = EDGE_CURVE ( 'NONE', #1250, #1098, #99, .T. ) ;
#258 = ORIENTED_EDGE ( 'NONE', *, *, #1020, .F. ) ;
#259 =( NAMED_UNIT ( * ) SI_UNIT ( $, .STERADIAN. ) SOLID_ANGLE_UNIT ( ) );
#260 = PLANE ( 'NONE',  #723 ) ;
#261 = UNCERTAINTY_MEASURE_WITH_UNIT (LENGTH_MEASURE( 1.000000000000000082E-05 ), #197, 'distance_accuracy_value', 'NONE');
#262 = DIRECTION ( 'NONE',  ( 8.673617379883934892E-16, 1.000000000000000000, 0.000000000000000000 ) ) ;
#263 = FACE_OUTER_BOUND ( 'NONE', #337, .T. ) ;
#264 = SURFACE_SIDE_STYLE ('',( #2039 ) ) ;
#265 = ORIENTED_EDGE ( 'NONE', *, *, #621, .T. ) ;
#266 = FILL_AREA_STYLE ('',( #622 ) ) ;
#267 = CARTESIAN_POINT ( 'NONE',  ( -17.50000000000000711, 0.000000000000000000, 50.00000000000000711 ) ) ;
#268 = VERTEX_POINT ( 'NONE', #600 ) ;
#269 = SURFACE_STYLE_USAGE ( .BOTH. , #438 ) ;
#270 =( LENGTH_UNIT ( ) NAMED_UNIT ( * ) SI_UNIT ( .MILLI., .METRE. ) );
#271 = DIRECTION ( 'NONE',  ( -1.000000000000000000, 0.000000000000000000, 0.000000000000000000 ) ) ;
#272 =( LENGTH_UNIT ( ) NAMED_UNIT ( * ) SI_UNIT ( .MILLI., .METRE. ) );
#273 = PRESENTATION_LAYER_ASSIGNMENT (  '', '', ( #784 ) ) ;
#274 = MECHANICAL_DESIGN_GEOMETRIC_PRESENTATION_REPRESENTATION (  '', ( #1715 ), #55 ) ;
#275 = SURFACE_STYLE_USAGE ( .BOTH. , #1857 ) ;
#276 = MECHANICAL_DESIGN_GEOMETRIC_PRESENTATION_REPRESENTATION (  '', ( #994 ), #22 ) ;
#277 = AXIS2_PLACEMENT_3D ( 'NONE', #2259, #1, #1776 ) ;
#278 = CARTESIAN_POINT ( 'NONE',  ( 1.535000000000000808, 3.053000663637090623E-16, 50.00000000000000711 ) ) ;
#279 =( GEOMETRIC_REPRESENTATION_CONTEXT ( 3 ) GLOBAL_UNCERTAINTY_ASSIGNED_CONTEXT ( ( #1105 ) ) GLOBAL_UNIT_ASSIGNED_CONTEXT ( ( #795, #1498, #767 ) ) REPRESENTATION_CONTEXT ( 'NONE', 'WORKASPACE' ) );
#280 =( NAMED_UNIT ( * ) PLANE_ANGLE_UNIT ( ) SI_UNIT ( $, .RADIAN. ) );
#281 = COLOUR_RGB ( '',0.2980392156862745057, 0.2980392156862745057, 0.2980392156862745057 ) ;
#282 = ORIENTED_EDGE ( 'NONE', *, *, #689, .T. ) ;
#283 =( NAMED_UNIT ( * ) PLANE_ANGLE_UNIT ( ) SI_UNIT ( $, .RADIAN. ) );
#284 =( GEOMETRIC_REPRESENTATION_CONTEXT ( 3 ) GLOBAL_UNCERTAINTY_ASSIGNED_CONTEXT ( ( #1724 ) ) GLOBAL_UNIT_ASSIGNED_CONTEXT ( ( #2174, #978, #1478 ) ) REPRESENTATION_CONTEXT ( 'NONE', 'WORKASPACE' ) );
#285 = DIRECTION ( 'NONE',  ( -0.000000000000000000, -0.000000000000000000, -1.000000000000000000 ) ) ;
#286 = ADVANCED_FACE ( 'NONE', ( #1198 ), #1849, .T. ) ;
#287 =( LENGTH_UNIT ( ) NAMED_UNIT ( * ) SI_UNIT ( .MILLI., .METRE. ) );
#288 = VERTEX_POINT ( 'NONE', #866 ) ;
#289 = ADVANCED_FACE ( 'NONE', ( #1400 ), #1067, .F. ) ;
#290 = SURFACE_STYLE_FILL_AREA ( #1114 ) ;
#291 = ADVANCED_FACE ( 'NONE', ( #1217 ), #1045, .F. ) ;
#292 = FACE_OUTER_BOUND ( 'NONE', #335, .T. ) ;
#293 = ORIENTED_EDGE ( 'NONE', *, *, #1528, .T. ) ;
#294 = SURFACE_STYLE_USAGE ( .BOTH. , #1882 ) ;
#295 = LINE ( 'NONE', #1551, #2083 ) ;
#296 = FILL_AREA_STYLE ('',( #152 ) ) ;
#297 = ORIENTED_EDGE ( 'NONE', *, *, #1992, .F. ) ;
#298 =( NAMED_UNIT ( * ) SI_UNIT ( $, .STERADIAN. ) SOLID_ANGLE_UNIT ( ) );
#299 = FILL_AREA_STYLE ('',( #5 ) ) ;
#300 = EDGE_CURVE ( 'NONE', #981, #1046, #1745, .T. ) ;
#301 = EDGE_LOOP ( 'NONE', ( #1822, #884, #1063, #1894 ) ) ;
#302 = DIRECTION ( 'NONE',  ( 0.000000000000000000, 0.000000000000000000, 1.000000000000000000 ) ) ;
#303 = CARTESIAN_POINT ( 'NONE',  ( -3.035000000000000586, 2.936491673103708511, 50.00000000000000711 ) ) ;
#304 = CARTESIAN_POINT ( 'NONE',  ( 0.000000000000000000, 0.000000000000000000, 49.00000000000000711 ) ) ;
#305 = AXIS2_PLACEMENT_3D ( 'NONE', #2256, #1781, #226 ) ;
#306 = PLANE ( 'NONE',  #1732 ) ;
#307 = ORIENTED_EDGE ( 'NONE', *, *, #478, .T. ) ;
#308 = PLANE ( 'NONE',  #1723 ) ;
#309 = CIRCLE ( 'NONE', #745, 14.99999999999999645 ) ;
#310 = COLOUR_RGB ( '',0.4980392156862745168, 0.4980392156862745168, 0.4980392156862745168 ) ;
#311 = VECTOR ( 'NONE', #1177, 1000.000000000000000 ) ;
#312 = SURFACE_STYLE_USAGE ( .BOTH. , #989 ) ;
#313 = AXIS2_PLACEMENT_3D ( 'NONE', #954, #431, #1707 ) ;
#314 = AXIS2_PLACEMENT_3D ( 'NONE', #1711, #1157, #803 ) ;
#315 = VERTEX_POINT ( 'NONE', #874 ) ;
#316 =( GEOMETRIC_REPRESENTATION_CONTEXT ( 3 ) GLOBAL_UNCERTAINTY_ASSIGNED_CONTEXT ( ( #1835 ) ) GLOBAL_UNIT_ASSIGNED_CONTEXT ( ( #1632, #1958, #1435 ) ) REPRESENTATION_CONTEXT ( 'NONE', 'WORKASPACE' ) );
#317 = FILL_AREA_STYLE ('',( #1579 ) ) ;
#318 = CIRCLE ( 'NONE', #1206, 17.50000000000000711 ) ;
#319 = PRESENTATION_STYLE_ASSIGNMENT (( #1354 ) ) ;
#320 = DIRECTION ( 'NONE',  ( -0.000000000000000000, -0.000000000000000000, -1.000000000000000000 ) ) ;
#321 =( GEOMETRIC_REPRESENTATION_CONTEXT ( 3 ) GLOBAL_UNCERTAINTY_ASSIGNED_CONTEXT ( ( #332 ) ) GLOBAL_UNIT_ASSIGNED_CONTEXT ( ( #844, #1908, #836 ) ) REPRESENTATION_CONTEXT ( 'NONE', 'WORKASPACE' ) );
#322 = FACE_OUTER_BOUND ( 'NONE', #29, .T. ) ;
#323 = ORIENTED_EDGE ( 'NONE', *, *, #1106, .F. ) ;
#324 =( NAMED_UNIT ( * ) SI_UNIT ( $, .STERADIAN. ) SOLID_ANGLE_UNIT ( ) );
#325 = ORIENTED_EDGE ( 'NONE', *, *, #494, .F. ) ;
#326 = CARTESIAN_POINT ( 'NONE',  ( 3.035000000000001030, -1.936491673103708733, 50.00000000000000711 ) ) ;
#327 = PRESENTATION_STYLE_ASSIGNMENT (( #2151 ) ) ;
#328 = ORIENTED_EDGE ( 'NONE', *, *, #93, .T. ) ;
#329 = DIRECTION ( 'NONE',  ( 0.6447015249951881799, 8.376495500671112525E-16, 0.7644343946140040869 ) ) ;
#330 = EDGE_CURVE ( 'NONE', #2189, #1189, #1612, .T. ) ;
#331 = DIRECTION ( 'NONE',  ( -0.000000000000000000, -0.000000000000000000, -1.000000000000000000 ) ) ;
#332 = UNCERTAINTY_MEASURE_WITH_UNIT (LENGTH_MEASURE( 1.000000000000000082E-05 ), #844, 'distance_accuracy_value', 'NONE');
#333 = DIRECTION ( 'NONE',  ( -0.000000000000000000, 0.000000000000000000, 1.000000000000000000 ) ) ;
#334 = CARTESIAN_POINT ( 'NONE',  ( 0.000000000000000000, 0.000000000000000000, 37.50000000000000711 ) ) ;
#335 = EDGE_LOOP ( 'NONE', ( #825, #1522, #1649, #1878 ) ) ;
#336 = LINE ( 'NONE', #821, #2258 ) ;
#337 = EDGE_LOOP ( 'NONE', ( #158, #154 ) ) ;
#338 = DIRECTION ( 'NONE',  ( 0.000000000000000000, -0.000000000000000000, -1.000000000000000000 ) ) ;
#339 =( NAMED_UNIT ( * ) SI_UNIT ( $, .STERADIAN. ) SOLID_ANGLE_UNIT ( ) );
#340 = ORIENTED_EDGE ( 'NONE', *, *, #2199, .T. ) ;
#341 = LINE ( 'NONE', #1361, #1524 ) ;
#342 = PRESENTATION_STYLE_ASSIGNMENT (( #1925 ) ) ;
#343 = CARTESIAN_POINT ( 'NONE',  ( 3.035000000000001030, -1.936491673103708733, 51.00000000000000711 ) ) ;
#344 = ADVANCED_FACE ( 'NONE', ( #684 ), #1147, .F. ) ;
#345 = ORIENTED_EDGE ( 'NONE', *, *, #478, .F. ) ;
#346 = CLOSED_SHELL ( 'NONE', ( #988, #208, #2232, #289 ) ) ;
#347 = STYLED_ITEM ( 'NONE', ( #2240 ), #988 ) ;
#348 = CARTESIAN_POINT ( 'NONE',  ( 0.000000000000000000, -1.936491673103708733, 54.00000000000000711 ) ) ;
#349 = FILL_AREA_STYLE_COLOUR ( '', #1905 ) ;
#350 = MECHANICAL_DESIGN_GEOMETRIC_PRESENTATION_REPRESENTATION (  '', ( #1717 ), #1269 ) ;
#351 = EDGE_LOOP ( 'NONE', ( #1014, #2201, #1238, #1142 ) ) ;
#352 = STYLED_ITEM ( 'NONE', ( #701 ), #1367 ) ;
#353 = MECHANICAL_DESIGN_GEOMETRIC_PRESENTATION_REPRESENTATION (  '', ( #783 ), #279 ) ;
#354 = LINE ( 'NONE', #1782, #1304 ) ;
#355 = COLOUR_RGB ( '',0.2980392156862745057, 0.2980392156862745057, 0.2980392156862745057 ) ;
#356 = LINE ( 'NONE', #1255, #1080 ) ;
#357 = UNCERTAINTY_MEASURE_WITH_UNIT (LENGTH_MEASURE( 1.000000000000000082E-05 ), #215, 'distance_accuracy_value', 'NONE');
#358 =( NAMED_UNIT ( * ) PLANE_ANGLE_UNIT ( ) SI_UNIT ( $, .RADIAN. ) );
#359 = TOROIDAL_SURFACE ( 'NONE', #244, 16.50000000000000711, 1.000000000000000000 ) ;
#360 = SURFACE_STYLE_FILL_AREA ( #507 ) ;
#361 = EDGE_CURVE ( 'NONE', #1443, #1487, #782, .T. ) ;
#362 = STYLED_ITEM ( 'NONE', ( #464 ), #2191 ) ;
#363 = ORIENTED_EDGE ( 'NONE', *, *, #1513, .T. ) ;
#364 = DIRECTION ( 'NONE',  ( 0.000000000000000000, 0.000000000000000000, 1.000000000000000000 ) ) ;
#365 =( LENGTH_UNIT ( ) NAMED_UNIT ( * ) SI_UNIT ( .MILLI., .METRE. ) );
#366 = FILL_AREA_STYLE_COLOUR ( '', #1527 ) ;
#367 = SURFACE_STYLE_USAGE ( .BOTH. , #1024 ) ;
#368 = ORIENTED_EDGE ( 'NONE', *, *, #519, .T. ) ;
#369 = FILL_AREA_STYLE_COLOUR ( '', #2210 ) ;
#370 = FILL_AREA_STYLE_COLOUR ( '', #236 ) ;
#371 = FILL_AREA_STYLE_COLOUR ( '', #2014 ) ;
#372 = DIRECTION ( 'NONE',  ( -0.000000000000000000, -0.000000000000000000, -1.000000000000000000 ) ) ;
#373 =( LENGTH_UNIT ( ) NAMED_UNIT ( * ) SI_UNIT ( .MILLI., .METRE. ) );
#374 = ORIENTED_EDGE ( 'NONE', *, *, #1523, .T. ) ;
#375 = LINE ( 'NONE', #561, #852 ) ;
#376 = FILL_AREA_STYLE ('',( #50 ) ) ;
#377 = ORIENTED_EDGE ( 'NONE', *, *, #563, .T. ) ;
#378 = EDGE_CURVE ( 'NONE', #1091, #169, #1494, .T. ) ;
#379 = CARTESIAN_POINT ( 'NONE',  ( 16.50000000000000711, 0.000000000000000000, 49.00000000000000711 ) ) ;
#380 =( NAMED_UNIT ( * ) PLANE_ANGLE_UNIT ( ) SI_UNIT ( $, .RADIAN. ) );
#381 = UNCERTAINTY_MEASURE_WITH_UNIT (LENGTH_MEASURE( 1.000000000000000082E-05 ), #1890, 'distance_accuracy_value', 'NONE');
#382 = VERTEX_POINT ( 'NONE', #1858 ) ;
#383 = DIRECTION ( 'NONE',  ( -0.000000000000000000, -0.000000000000000000, -1.000000000000000000 ) ) ;
#384 = COLOUR_RGB ( '',0.7921568627450980005, 0.8196078431372548767, 0.9333333333333333481 ) ;
#385 =( NAMED_UNIT ( * ) SI_UNIT ( $, .STERADIAN. ) SOLID_ANGLE_UNIT ( ) );
#386 = FILL_AREA_STYLE_COLOUR ( '', #961 ) ;
#387 = STYLED_ITEM ( 'NONE', ( #547 ), #231 ) ;
#388 = EDGE_CURVE ( 'NONE', #1618, #1211, #2010, .T. ) ;
#389 = AXIS2_PLACEMENT_3D ( 'NONE', #976, #805, #666 ) ;
#390 =( LENGTH_UNIT ( ) NAMED_UNIT ( * ) SI_UNIT ( .MILLI., .METRE. ) );
#391 =( NAMED_UNIT ( * ) PLANE_ANGLE_UNIT ( ) SI_UNIT ( $, .RADIAN. ) );
#392 = CIRCLE ( 'NONE', #574, 2.000000000000000000 ) ;
#393 = AXIS2_PLACEMENT_3D ( 'NONE', #2036, #458, #1385 ) ;
#394 = CARTESIAN_POINT ( 'NONE',  ( -16.50000000000000355, 2.020667218593133494E-15, 1.000000000000000888 ) ) ;
#395 = AXIS2_PLACEMENT_3D ( 'NONE', #1412, #737, #2092 ) ;
#396 = ORIENTED_EDGE ( 'NONE', *, *, #2157, .F. ) ;
#397 = LINE ( 'NONE', #699, #109 ) ;
#398 = MECHANICAL_DESIGN_GEOMETRIC_PRESENTATION_REPRESENTATION (  '', ( #1728 ), #971 ) ;
#399 = PRESENTATION_LAYER_ASSIGNMENT (  '', '', ( #1622 ) ) ;
#400 = DIRECTION ( 'NONE',  ( 0.7071067811865487940, 0.000000000000000000, -0.7071067811865463515 ) ) ;
#401 = CARTESIAN_POINT ( 'NONE',  ( 4.034999999999999254, -2.936491673103709399, 51.00000000000000711 ) ) ;
#402 = PRODUCT_DEFINITION_CONTEXT ( 'detailed design', #2237, 'design' ) ;
#403 = EDGE_CURVE ( 'NONE', #268, #1709, #85, .T. ) ;
#404 = SURFACE_SIDE_STYLE ('',( #2132 ) ) ;
#405 = LINE ( 'NONE', #227, #1682 ) ;
#406 = SURFACE_SIDE_STYLE ('',( #2158 ) ) ;
#407 = UNCERTAINTY_MEASURE_WITH_UNIT (LENGTH_MEASURE( 1.000000000000000082E-05 ), #2030, 'distance_accuracy_value', 'NONE');
#408 = EDGE_LOOP ( 'NONE', ( #501, #1035, #1103, #1173 ) ) ;
#409 = SURFACE_STYLE_USAGE ( .BOTH. , #1057 ) ;
#410 = DIRECTION ( 'NONE',  ( -1.000000000000000000, -1.084202172485505223E-14, 0.000000000000000000 ) ) ;
#411 = EDGE_LOOP ( 'NONE', ( #822, #634, #111, #698 ) ) ;
#412 = EDGE_LOOP ( 'NONE', ( #368, #2065, #1511, #377 ) ) ;
#413 = DIRECTION ( 'NONE',  ( 0.000000000000000000, 0.000000000000000000, 1.000000000000000000 ) ) ;
#414 =( NAMED_UNIT ( * ) PLANE_ANGLE_UNIT ( ) SI_UNIT ( $, .RADIAN. ) );
#415 =( LENGTH_UNIT ( ) NAMED_UNIT ( * ) SI_UNIT ( .MILLI., .METRE. ) );
#416 = ORIENTED_EDGE ( 'NONE', *, *, #1178, .T. ) ;
#417 = SURFACE_SIDE_STYLE ('',( #1848 ) ) ;
#418 = SURFACE_SIDE_STYLE ('',( #254 ) ) ;
#419 = ORIENTED_EDGE ( 'NONE', *, *, #1436, .F. ) ;
#420 = AXIS2_PLACEMENT_3D ( 'NONE', #939, #1295, #1837 ) ;
#421 = MECHANICAL_DESIGN_GEOMETRIC_PRESENTATION_REPRESENTATION (  '', ( #568 ), #2041 ) ;
#422 = STYLED_ITEM ( 'NONE', ( #1335 ), #286 ) ;
#423 = FILL_AREA_STYLE ('',( #370 ) ) ;
#424 = PRESENTATION_STYLE_ASSIGNMENT (( #749 ) ) ;
#425 = PRESENTATION_LAYER_ASSIGNMENT (  '', '', ( #1117 ) ) ;
#426 =( LENGTH_UNIT ( ) NAMED_UNIT ( * ) SI_UNIT ( .MILLI., .METRE. ) );
#427 =( GEOMETRIC_REPRESENTATION_CONTEXT ( 3 ) GLOBAL_UNCERTAINTY_ASSIGNED_CONTEXT ( ( #558 ) ) GLOBAL_UNIT_ASSIGNED_CONTEXT ( ( #1985, #741, #582 ) ) REPRESENTATION_CONTEXT ( 'NONE', 'WORKASPACE' ) );
#428 = PRESENTATION_LAYER_ASSIGNMENT (  '', '', ( #1571 ) ) ;
#429 = LINE ( 'NONE', #941, #2017 ) ;
#430 = VERTEX_POINT ( 'NONE', #793 ) ;
#431 = DIRECTION ( 'NONE',  ( 0.000000000000000000, 0.000000000000000000, 1.000000000000000000 ) ) ;
#432 = VECTOR ( 'NONE', #928, 1000.000000000000000 ) ;
#433 = DIRECTION ( 'NONE',  ( 1.000000000000000000, 0.000000000000000000, 0.000000000000000000 ) ) ;
#434 = ADVANCED_FACE ( 'NONE', ( #263 ), #1461, .F. ) ;
#435 = PRESENTATION_LAYER_ASSIGNMENT (  '', '', ( #1770 ) ) ;
#436 = CARTESIAN_POINT ( 'NONE',  ( -14.99999999999999645, 0.000000000000000000, 40.00000000000000711 ) ) ;
#437 = ORIENTED_EDGE ( 'NONE', *, *, #1736, .T. ) ;
#438 = SURFACE_SIDE_STYLE ('',( #2217 ) ) ;
#439 = FILL_AREA_STYLE ('',( #2167 ) ) ;
#440 =( NAMED_UNIT ( * ) SI_UNIT ( $, .STERADIAN. ) SOLID_ANGLE_UNIT ( ) );
#441 = DIRECTION ( 'NONE',  ( 1.000000000000000000, -8.673617379883934892E-16, 0.000000000000000000 ) ) ;
#442 = DIRECTION ( 'NONE',  ( -1.000000000000000000, 0.000000000000000000, 0.000000000000000000 ) ) ;
#443 = CARTESIAN_POINT ( 'NONE',  ( -3.035000000000000586, 2.936491673103708511, 50.00000000000000711 ) ) ;
#444 = ORIENTED_EDGE ( 'NONE', *, *, #1765, .F. ) ;
#445 = DIRECTION ( 'NONE',  ( 1.000000000000000000, 0.000000000000000000, -0.000000000000000000 ) ) ;
#446 = EDGE_CURVE ( 'NONE', #1881, #1440, #1677, .T. ) ;
#447 = EDGE_LOOP ( 'NONE', ( #2194, #942 ) ) ;
#448 = FACE_OUTER_BOUND ( 'NONE', #1587, .T. ) ;
#449 = UNCERTAINTY_MEASURE_WITH_UNIT (LENGTH_MEASURE( 1.000000000000000082E-05 ), #2130, 'distance_accuracy_value', 'NONE');
#450 = FILL_AREA_STYLE ('',( #2027 ) ) ;
#451 =( LENGTH_UNIT ( ) NAMED_UNIT ( * ) SI_UNIT ( .MILLI., .METRE. ) );
#452 = CARTESIAN_POINT ( 'NONE',  ( -14.99999999999999645, 1.990051048614449313E-15, 40.00000000000000711 ) ) ;
#453 = ORIENTED_EDGE ( 'NONE', *, *, #330, .T. ) ;
#454 = PLANE ( 'NONE',  #1453 ) ;
#455 = PRESENTATION_STYLE_ASSIGNMENT (( #89 ) ) ;
#456 = EDGE_LOOP ( 'NONE', ( #1734, #124, #1767, #1246 ) ) ;
#457 = FILL_AREA_STYLE ('',( #1318 ) ) ;
#458 = DIRECTION ( 'NONE',  ( -0.000000000000000000, 0.000000000000000000, 1.000000000000000000 ) ) ;
#459 = CARTESIAN_POINT ( 'NONE',  ( -4.034999999999999254, 1.936491673103708511, 51.00000000000000711 ) ) ;
#460 = PRESENTATION_LAYER_ASSIGNMENT (  '', '', ( #565 ) ) ;
#461 = SURFACE_STYLE_USAGE ( .BOTH. , #595 ) ;
#462 = CARTESIAN_POINT ( 'NONE',  ( 2.065712400869495369, -2.936491673103730715, 52.25783880941872894 ) ) ;
#463 = PRESENTATION_LAYER_ASSIGNMENT (  '', '', ( #1561 ) ) ;
#464 = PRESENTATION_STYLE_ASSIGNMENT (( #1679 ) ) ;
#465 = STYLED_ITEM ( 'NONE', ( #2264 ), #1327 ) ;
#466 = CIRCLE ( 'NONE', #1559, 1.000000000000000888 ) ;
#467 = VECTOR ( 'NONE', #1314, 1000.000000000000000 ) ;
#468 = VECTOR ( 'NONE', #1398, 1000.000000000000000 ) ;
#469 = EDGE_LOOP ( 'NONE', ( #437, #1596, #973, #340 ) ) ;
#470 = PLANE ( 'NONE',  #1343 ) ;
#471 = PRESENTATION_LAYER_ASSIGNMENT (  '', '', ( #67 ) ) ;
#472 =( LENGTH_UNIT ( ) NAMED_UNIT ( * ) SI_UNIT ( .MILLI., .METRE. ) );
#473 = ORIENTED_EDGE ( 'NONE', *, *, #687, .F. ) ;
#474 = PRESENTATION_STYLE_ASSIGNMENT (( #294 ) ) ;
#475 = COLOUR_RGB ( '',0.2980392156862745057, 0.2980392156862745057, 0.2980392156862745057 ) ;
#476 = UNCERTAINTY_MEASURE_WITH_UNIT (LENGTH_MEASURE( 1.000000000000000082E-05 ), #472, 'distance_accuracy_value', 'NONE');
#477 = CYLINDRICAL_SURFACE ( 'NONE', #1075, 17.50000000000000355 ) ;
#478 = EDGE_CURVE ( 'NONE', #528, #171, #497, .T. ) ;
#479 = SURFACE_SIDE_STYLE ('',( #2050 ) ) ;
#480 = ORIENTED_EDGE ( 'NONE', *, *, #1383, .F. ) ;
#481 = CARTESIAN_POINT ( 'NONE',  ( 0.000000000000000000, 0.000000000000000000, 50.00000000000000711 ) ) ;
#482 =( NAMED_UNIT ( * ) SI_UNIT ( $, .STERADIAN. ) SOLID_ANGLE_UNIT ( ) );
#483 = EDGE_LOOP ( 'NONE', ( #1557, #766, #669, #591 ) ) ;
#484 = DIRECTION ( 'NONE',  ( 0.6447015249951881799, 0.000000000000000000, 0.7644343946140040869 ) ) ;
#485 = EDGE_CURVE ( 'NONE', #1211, #1525, #1875, .T. ) ;
#486 = CARTESIAN_POINT ( 'NONE',  ( 3.535000000000001030, 3.053000663637090623E-16, 50.00000000000000711 ) ) ;
#487 = ORIENTED_EDGE ( 'NONE', *, *, #1528, .F. ) ;
#488 = FACE_OUTER_BOUND ( 'NONE', #351, .T. ) ;
#489 = FACE_OUTER_BOUND ( 'NONE', #411, .T. ) ;
#490 = DIRECTION ( 'NONE',  ( 0.000000000000000000, 0.000000000000000000, 1.000000000000000000 ) ) ;
#491 = DIRECTION ( 'NONE',  ( 0.000000000000000000, -1.000000000000000000, 0.000000000000000000 ) ) ;
#492 = AXIS2_PLACEMENT_3D ( 'NONE', #187, #1081, #555 ) ;
#493 = FACE_BOUND ( 'NONE', #1497, .T. ) ;
#494 = EDGE_CURVE ( 'NONE', #2189, #524, #925, .T. ) ;
#495 = EDGE_LOOP ( 'NONE', ( #560, #1406, #1860, #2246 ) ) ;
#496 =( GEOMETRIC_REPRESENTATION_CONTEXT ( 3 ) GLOBAL_UNCERTAINTY_ASSIGNED_CONTEXT ( ( #1055 ) ) GLOBAL_UNIT_ASSIGNED_CONTEXT ( ( #1831, #1482, #933 ) ) REPRESENTATION_CONTEXT ( 'NONE', 'WORKASPACE' ) );
#497 = CIRCLE ( 'NONE', #1983, 16.50000000000000355 ) ;
#498 = ADVANCED_FACE ( 'NONE', ( #2206 ), #477, .T. ) ;
#499 =( NAMED_UNIT ( * ) SI_UNIT ( $, .STERADIAN. ) SOLID_ANGLE_UNIT ( ) );
#500 = AXIS2_PLACEMENT_3D ( 'NONE', #230, #2099, #529 ) ;
#501 = ORIENTED_EDGE ( 'NONE', *, *, #676, .T. ) ;
#502 = MECHANICAL_DESIGN_GEOMETRIC_PRESENTATION_REPRESENTATION (  '', ( #927 ), #1648 ) ;
#503 = AXIS2_PLACEMENT_3D ( 'NONE', #74, #765, #1468 ) ;
#504 = DIRECTION ( 'NONE',  ( -1.000000000000000000, 0.000000000000000000, 0.000000000000000000 ) ) ;
#505 = AXIS2_PLACEMENT_3D ( 'NONE', #739, #40, #905 ) ;
#506 = ORIENTED_EDGE ( 'NONE', *, *, #1893, .F. ) ;
#507 = FILL_AREA_STYLE ('',( #1381 ) ) ;
#508 = DIRECTION ( 'NONE',  ( 0.000000000000000000, -1.000000000000000000, 0.000000000000000000 ) ) ;
#509 = CYLINDRICAL_SURFACE ( 'NONE', #1984, 2.000000000000000000 ) ;
#510 = ORIENTED_EDGE ( 'NONE', *, *, #1017, .F. ) ;
#511 = SURFACE_STYLE_FILL_AREA ( #317 ) ;
#512 = UNCERTAINTY_MEASURE_WITH_UNIT (LENGTH_MEASURE( 1.000000000000000082E-05 ), #1583, 'distance_accuracy_value', 'NONE');
#513 =( LENGTH_UNIT ( ) NAMED_UNIT ( * ) SI_UNIT ( .MILLI., .METRE. ) );
#514 = PRESENTATION_STYLE_ASSIGNMENT (( #2059 ) ) ;
#515 =( LENGTH_UNIT ( ) NAMED_UNIT ( * ) SI_UNIT ( .MILLI., .METRE. ) );
#516 = ORIENTED_EDGE ( 'NONE', *, *, #770, .T. ) ;
#517 = SURFACE_STYLE_FILL_AREA ( #2251 ) ;
#518 = EDGE_CURVE ( 'NONE', #1396, #117, #1885, .T. ) ;
#519 = EDGE_CURVE ( 'NONE', #1572, #103, #133, .T. ) ;
#520 =( LENGTH_UNIT ( ) NAMED_UNIT ( * ) SI_UNIT ( .MILLI., .METRE. ) );
#521 = CARTESIAN_POINT ( 'NONE',  ( 16.50000000000000355, 0.000000000000000000, 1.000000000000000888 ) ) ;
#522 =( NAMED_UNIT ( * ) PLANE_ANGLE_UNIT ( ) SI_UNIT ( $, .RADIAN. ) );
#523 = EDGE_CURVE ( 'NONE', #1815, #1847, #1744, .T. ) ;
#524 = VERTEX_POINT ( 'NONE', #1533 ) ;
#525 = FILL_AREA_STYLE_COLOUR ( '', #1236 ) ;
#526 = COLOUR_RGB ( '',1.000000000000000000, 1.000000000000000000, 1.000000000000000000 ) ;
#527 =( GEOMETRIC_REPRESENTATION_CONTEXT ( 3 ) GLOBAL_UNCERTAINTY_ASSIGNED_CONTEXT ( ( #1652 ) ) GLOBAL_UNIT_ASSIGNED_CONTEXT ( ( #1306, #1672, #1090 ) ) REPRESENTATION_CONTEXT ( 'NONE', 'WORKASPACE' ) );
#528 = VERTEX_POINT ( 'NONE', #833 ) ;
#529 = DIRECTION ( 'NONE',  ( -0.000000000000000000, 0.000000000000000000, -1.000000000000000000 ) ) ;
#530 = CARTESIAN_POINT ( 'NONE',  ( 0.000000000000000000, 0.000000000000000000, 50.00000000000000711 ) ) ;
#531 = VECTOR ( 'NONE', #1955, 1000.000000000000000 ) ;
#532 = SURFACE_STYLE_FILL_AREA ( #581 ) ;
#533 = VERTEX_POINT ( 'NONE', #1564 ) ;
#534 =( LENGTH_UNIT ( ) NAMED_UNIT ( * ) SI_UNIT ( .MILLI., .METRE. ) );
#535 = VECTOR ( 'NONE', #2021, 1000.000000000000000 ) ;
#536 = PRESENTATION_LAYER_ASSIGNMENT (  '', '', ( #1344 ) ) ;
#537 = SURFACE_STYLE_FILL_AREA ( #556 ) ;
#538 = AXIS2_PLACEMENT_3D ( 'NONE', #648, #1172, #1514 ) ;
#539 = EDGE_CURVE ( 'NONE', #1211, #1881, #1941, .T. ) ;
#540 = SURFACE_STYLE_FILL_AREA ( #1759 ) ;
#541 = AXIS2_PLACEMENT_3D ( 'NONE', #1313, #123, #1135 ) ;
#542 = DIRECTION ( 'NONE',  ( 1.000000000000000000, 0.000000000000000000, -0.000000000000000000 ) ) ;
#543 = FACE_OUTER_BOUND ( 'NONE', #408, .T. ) ;
#544 = PRESENTATION_LAYER_ASSIGNMENT (  '', '', ( #1088 ) ) ;
#545 = EDGE_CURVE ( 'NONE', #2029, #1155, #1543, .T. ) ;
#546 = CARTESIAN_POINT ( 'NONE',  ( 0.000000000000000000, 0.000000000000000000, 35.00000000000000000 ) ) ;
#547 = PRESENTATION_STYLE_ASSIGNMENT (( #1260 ) ) ;
#548 = CARTESIAN_POINT ( 'NONE',  ( 0.000000000000000000, 0.000000000000000000, 40.00000000000000711 ) ) ;
#549 =( LENGTH_UNIT ( ) NAMED_UNIT ( * ) SI_UNIT ( .MILLI., .METRE. ) );
#550 = ORIENTED_EDGE ( 'NONE', *, *, #1016, .T. ) ;
#551 = FILL_AREA_STYLE_COLOUR ( '', #1727 ) ;
#552 = LINE ( 'NONE', #1778, #1869 ) ;
#553 = FILL_AREA_STYLE ('',( #366 ) ) ;
#554 = PLANE ( 'NONE',  #848 ) ;
#555 = DIRECTION ( 'NONE',  ( -1.000000000000000000, 1.224646799147353454E-16, 0.000000000000000000 ) ) ;
#556 = FILL_AREA_STYLE ('',( #2103 ) ) ;
#557 = SURFACE_SIDE_STYLE ('',( #47 ) ) ;
#558 = UNCERTAINTY_MEASURE_WITH_UNIT (LENGTH_MEASURE( 1.000000000000000082E-05 ), #1985, 'distance_accuracy_value', 'NONE');
#559 = SHAPE_DEFINITION_REPRESENTATION ( #2063, #1692 ) ;
#560 = ORIENTED_EDGE ( 'NONE', *, *, #1205, .F. ) ;
#561 = CARTESIAN_POINT ( 'NONE',  ( 14.99999999999999645, 0.000000000000000000, 40.00000000000000711 ) ) ;
#562 = AXIS2_PLACEMENT_3D ( 'NONE', #771, #441, #262 ) ;
#563 = EDGE_CURVE ( 'NONE', #533, #1572, #1195, .T. ) ;
#564 = PLANE ( 'NONE',  #18 ) ;
#565 = STYLED_ITEM ( 'NONE', ( #1646 ), #218 ) ;
#566 = ORIENTED_EDGE ( 'NONE', *, *, #446, .T. ) ;
#567 = DIRECTION ( 'NONE',  ( -0.000000000000000000, 0.000000000000000000, 1.000000000000000000 ) ) ;
#568 = STYLED_ITEM ( 'NONE', ( #1933 ), #980 ) ;
#569 = MECHANICAL_DESIGN_GEOMETRIC_PRESENTATION_REPRESENTATION (  '', ( #1685 ), #496 ) ;
#570 = EDGE_LOOP ( 'NONE', ( #1613, #840, #1919, #2109 ) ) ;
#571 = COLOUR_RGB ( '',0.2980392156862745057, 0.2980392156862745057, 0.2980392156862745057 ) ;
#572 = AXIS2_PLACEMENT_3D ( 'NONE', #1423, #864, #1607 ) ;
#573 = CARTESIAN_POINT ( 'NONE',  ( 4.034999999999999254, -1.936491673103708733, 54.00000000000000711 ) ) ;
#574 = AXIS2_PLACEMENT_3D ( 'NONE', #253, #613, #932 ) ;
#575 = PRESENTATION_LAYER_ASSIGNMENT (  '', '', ( #173 ) ) ;
#576 =( NAMED_UNIT ( * ) PLANE_ANGLE_UNIT ( ) SI_UNIT ( $, .RADIAN. ) );
#577 = AXIS2_PLACEMENT_3D ( 'NONE', #1981, #1402, #579 ) ;
#578 = ORIENTED_EDGE ( 'NONE', *, *, #693, .F. ) ;
#579 = DIRECTION ( 'NONE',  ( 1.000000000000000000, 0.000000000000000000, 0.000000000000000000 ) ) ;
#580 =( GEOMETRIC_REPRESENTATION_CONTEXT ( 3 ) GLOBAL_UNCERTAINTY_ASSIGNED_CONTEXT ( ( #1252 ) ) GLOBAL_UNIT_ASSIGNED_CONTEXT ( ( #993, #2056, #2131 ) ) REPRESENTATION_CONTEXT ( 'NONE', 'WORKASPACE' ) );
#581 = FILL_AREA_STYLE ('',( #1950 ) ) ;
#582 =( NAMED_UNIT ( * ) SI_UNIT ( $, .STERADIAN. ) SOLID_ANGLE_UNIT ( ) );
#583 = MECHANICAL_DESIGN_GEOMETRIC_PRESENTATION_REPRESENTATION (  '', ( #1577 ), #284 ) ;
#584 = LINE ( 'NONE', #759, #880 ) ;
#585 = DIRECTION ( 'NONE',  ( -0.000000000000000000, 0.000000000000000000, 1.000000000000000000 ) ) ;
#586 = PRESENTATION_STYLE_ASSIGNMENT (( #1096 ) ) ;
#587 = UNCERTAINTY_MEASURE_WITH_UNIT (LENGTH_MEASURE( 1.000000000000000082E-05 ), #112, 'distance_accuracy_value', 'NONE');
#588 = VERTEX_POINT ( 'NONE', #652 ) ;
#589 = CARTESIAN_POINT ( 'NONE',  ( 3.035000000000002807, -2.632442874794776761E-15, 51.00000000000000711 ) ) ;
#590 = EDGE_LOOP ( 'NONE', ( #1039, #807, #1720, #194 ) ) ;
#591 = ORIENTED_EDGE ( 'NONE', *, *, #2199, .F. ) ;
#592 =( NAMED_UNIT ( * ) SI_UNIT ( $, .STERADIAN. ) SOLID_ANGLE_UNIT ( ) );
#593 = DIRECTION ( 'NONE',  ( 1.000000000000000000, 0.000000000000000000, -0.000000000000000000 ) ) ;
#594 = EDGE_CURVE ( 'NONE', #1371, #2029, #996, .T. ) ;
#595 = SURFACE_SIDE_STYLE ('',( #1704 ) ) ;
#596 = FILL_AREA_STYLE ('',( #951 ) ) ;
#597 = CARTESIAN_POINT ( 'NONE',  ( -3.534999999999997922, 1.110513133409594097E-15, 51.00000000000000711 ) ) ;
#598 = EDGE_LOOP ( 'NONE', ( #946, #1748, #2096, #914 ) ) ;
#599 = CARTESIAN_POINT ( 'NONE',  ( 4.034999999999999254, 0.000000000000000000, 51.00000000000000711 ) ) ;
#600 = CARTESIAN_POINT ( 'NONE',  ( -3.534999999999987264, 2.936491673103708511, 54.00000000000001421 ) ) ;
#601 = CARTESIAN_POINT ( 'NONE',  ( 14.99999999999999645, 1.836970198721029194E-15, 37.50000000000000711 ) ) ;
#602 = FILL_AREA_STYLE_COLOUR ( '', #1716 ) ;
#603 = CIRCLE ( 'NONE', #1898, 17.50000000000000355 ) ;
#604 = AXIS2_PLACEMENT_3D ( 'NONE', #116, #1654, #2197 ) ;
#605 = DIRECTION ( 'NONE',  ( 1.000000000000000000, 0.000000000000000000, 0.000000000000000000 ) ) ;
#606 = STYLED_ITEM ( 'NONE', ( #909 ), #1126 ) ;
#607 =( LENGTH_UNIT ( ) NAMED_UNIT ( * ) SI_UNIT ( .MILLI., .METRE. ) );
#608 = VECTOR ( 'NONE', #733, 1000.000000000000000 ) ;
#609 = COLOUR_RGB ( '',1.000000000000000000, 1.000000000000000000, 1.000000000000000000 ) ;
#610 = VECTOR ( 'NONE', #1794, 1000.000000000000000 ) ;
#611 = DIRECTION ( 'NONE',  ( 1.000000000000000000, 1.084202172485505223E-14, 0.000000000000000000 ) ) ;
#612 = ORIENTED_EDGE ( 'NONE', *, *, #1140, .F. ) ;
#613 = DIRECTION ( 'NONE',  ( -0.000000000000000000, 0.000000000000000000, 1.000000000000000000 ) ) ;
#614 = FILL_AREA_STYLE_COLOUR ( '', #2042 ) ;
#615 =( GEOMETRIC_REPRESENTATION_CONTEXT ( 3 ) GLOBAL_UNCERTAINTY_ASSIGNED_CONTEXT ( ( #512 ) ) GLOBAL_UNIT_ASSIGNED_CONTEXT ( ( #1583, #522, #1956 ) ) REPRESENTATION_CONTEXT ( 'NONE', 'WORKASPACE' ) );
#616 = ORIENTED_EDGE ( 'NONE', *, *, #1438, .T. ) ;
#617 =( NAMED_UNIT ( * ) PLANE_ANGLE_UNIT ( ) SI_UNIT ( $, .RADIAN. ) );
#618 = DIRECTION ( 'NONE',  ( -0.000000000000000000, -0.000000000000000000, -1.000000000000000000 ) ) ;
#619 = FACE_OUTER_BOUND ( 'NONE', #923, .T. ) ;
#620 = SURFACE_STYLE_FILL_AREA ( #1467 ) ;
#621 = EDGE_CURVE ( 'NONE', #1701, #53, #1375, .T. ) ;
#622 = FILL_AREA_STYLE_COLOUR ( '', #2254 ) ;
#623 = SURFACE_STYLE_USAGE ( .BOTH. , #956 ) ;
#624 = ORIENTED_EDGE ( 'NONE', *, *, #1140, .T. ) ;
#625 = ADVANCED_FACE ( 'NONE', ( #1737 ), #1254, .T. ) ;
#626 = SURFACE_STYLE_USAGE ( .BOTH. , #1769 ) ;
#627 = DIRECTION ( 'NONE',  ( 0.000000000000000000, 0.000000000000000000, 1.000000000000000000 ) ) ;
#628 = UNCERTAINTY_MEASURE_WITH_UNIT (LENGTH_MEASURE( 1.000000000000000082E-05 ), #549, 'distance_accuracy_value', 'NONE');
#629 = EDGE_CURVE ( 'NONE', #315, #1670, #1216, .T. ) ;
#630 = CARTESIAN_POINT ( 'NONE',  ( 0.000000000000000000, 0.000000000000000000, 49.00000000000000711 ) ) ;
#631 = ORIENTED_EDGE ( 'NONE', *, *, #1474, .T. ) ;
#632 = LINE ( 'NONE', #1298, #467 ) ;
#633 = DIRECTION ( 'NONE',  ( -0.000000000000000000, -0.000000000000000000, -1.000000000000000000 ) ) ;
#634 = ORIENTED_EDGE ( 'NONE', *, *, #162, .T. ) ;
#635 = DIRECTION ( 'NONE',  ( 1.000000000000000000, 0.000000000000000000, 0.000000000000000000 ) ) ;
#636 = STYLED_ITEM ( 'NONE', ( #1466 ), #49 ) ;
#637 = CARTESIAN_POINT ( 'NONE',  ( -2.519458174774966042E-15, 1.936491673103713618, 50.00000000000000711 ) ) ;
#638 = DIRECTION ( 'NONE',  ( -0.000000000000000000, -0.000000000000000000, -1.000000000000000000 ) ) ;
#639 = STYLED_ITEM ( 'NONE', ( #1850 ), #1311 ) ;
#640 = AXIS2_PLACEMENT_3D ( 'NONE', #773, #1300, #2012 ) ;
#641 = FILL_AREA_STYLE ('',( #827 ) ) ;
#642 = AXIS2_PLACEMENT_3D ( 'NONE', #1960, #223, #1633 ) ;
#643 = MECHANICAL_DESIGN_GEOMETRIC_PRESENTATION_REPRESENTATION (  '', ( #1722 ), #1758 ) ;
#644 = ORIENTED_EDGE ( 'NONE', *, *, #1097, .F. ) ;
#645 = DIRECTION ( 'NONE',  ( 1.000000000000000000, 0.000000000000000000, 0.000000000000000000 ) ) ;
#646 =( GEOMETRIC_REPRESENTATION_CONTEXT ( 3 ) GLOBAL_UNCERTAINTY_ASSIGNED_CONTEXT ( ( #115 ) ) GLOBAL_UNIT_ASSIGNED_CONTEXT ( ( #30, #740, #1597 ) ) REPRESENTATION_CONTEXT ( 'NONE', 'WORKASPACE' ) );
#647 = VECTOR ( 'NONE', #1362, 1000.000000000000000 ) ;
#648 = CARTESIAN_POINT ( 'NONE',  ( 0.000000000000000000, 0.000000000000000000, 1.000000000000000888 ) ) ;
#649 = EDGE_LOOP ( 'NONE', ( #1901, #252 ) ) ;
#650 = ADVANCED_FACE ( 'NONE', ( #1411 ), #883, .T. ) ;
#651 = EDGE_CURVE ( 'NONE', #859, #1360, #1939, .T. ) ;
#652 = CARTESIAN_POINT ( 'NONE',  ( -4.035000000000001918, 1.936491673103708511, 53.40714085124917432 ) ) ;
#653 = DIRECTION ( 'NONE',  ( 0.000000000000000000, 0.000000000000000000, 1.000000000000000000 ) ) ;
#654 = VERTEX_POINT ( 'NONE', #11 ) ;
#655 = DIRECTION ( 'NONE',  ( -0.000000000000000000, -0.000000000000000000, -1.000000000000000000 ) ) ;
#656 =( LENGTH_UNIT ( ) NAMED_UNIT ( * ) SI_UNIT ( .MILLI., .METRE. ) );
#657 = EDGE_CURVE ( 'NONE', #859, #1025, #2119, .T. ) ;
#658 = FILL_AREA_STYLE ('',( #1520 ) ) ;
#659 = SURFACE_STYLE_USAGE ( .BOTH. , #1521 ) ;
#660 = EDGE_CURVE ( 'NONE', #1701, #654, #466, .T. ) ;
#661 = ORIENTED_EDGE ( 'NONE', *, *, #1187, .T. ) ;
#662 = LINE ( 'NONE', #830, #2044 ) ;
#663 = ORIENTED_EDGE ( 'NONE', *, *, #2129, .T. ) ;
#664 = APPLICATION_CONTEXT ( 'automotive_design' ) ;
#665 = PLANE ( 'NONE',  #305 ) ;
#666 = DIRECTION ( 'NONE',  ( 1.000000000000000000, 0.000000000000000000, 0.000000000000000000 ) ) ;
#667 = STYLED_ITEM ( 'NONE', ( #937 ), #796 ) ;
#668 = PRESENTATION_LAYER_ASSIGNMENT (  '', '', ( #920 ) ) ;
#669 = ORIENTED_EDGE ( 'NONE', *, *, #1661, .T. ) ;
#670 = PLANE ( 'NONE',  #1947 ) ;
#671 = VECTOR ( 'NONE', #1251, 1000.000000000000000 ) ;
#672 = MECHANICAL_DESIGN_GEOMETRIC_PRESENTATION_REPRESENTATION (  '', ( #422 ), #1193 ) ;
#673 = AXIS2_PLACEMENT_3D ( 'NONE', #1741, #1555, #156 ) ;
#674 = COLOUR_RGB ( '',0.2980392156862745057, 0.2980392156862745057, 0.2980392156862745057 ) ;
#675 = SURFACE_STYLE_FILL_AREA ( #299 ) ;
#676 = EDGE_CURVE ( 'NONE', #1396, #1048, #1242, .T. ) ;
#677 =( NAMED_UNIT ( * ) PLANE_ANGLE_UNIT ( ) SI_UNIT ( $, .RADIAN. ) );
#678 = STYLED_ITEM ( 'NONE', ( #424 ), #785 ) ;
#679 = PRESENTATION_STYLE_ASSIGNMENT (( #367 ) ) ;
#680 = ORIENTED_EDGE ( 'NONE', *, *, #1016, .F. ) ;
#681 = PRESENTATION_LAYER_ASSIGNMENT (  '', '', ( #1693 ) ) ;
#682 =( GEOMETRIC_REPRESENTATION_CONTEXT ( 3 ) GLOBAL_UNCERTAINTY_ASSIGNED_CONTEXT ( ( #1532 ) ) GLOBAL_UNIT_ASSIGNED_CONTEXT ( ( #193, #19, #8 ) ) REPRESENTATION_CONTEXT ( 'NONE', 'WORKASPACE' ) );
#683 = AXIS2_PLACEMENT_3D ( 'NONE', #1739, #2208, #1761 ) ;
#684 = FACE_OUTER_BOUND ( 'NONE', #754, .T. ) ;
#685 = DIRECTION ( 'NONE',  ( 0.000000000000000000, 0.000000000000000000, 1.000000000000000000 ) ) ;
#686 =( LENGTH_UNIT ( ) NAMED_UNIT ( * ) SI_UNIT ( .MILLI., .METRE. ) );
#687 = EDGE_CURVE ( 'NONE', #1959, #1670, #354, .T. ) ;
#688 = CARTESIAN_POINT ( 'NONE',  ( 3.035000000000001030, -1.936491673103708733, 51.00000000000000711 ) ) ;
#689 = EDGE_CURVE ( 'NONE', #1847, #77, #106, .T. ) ;
#690 = SURFACE_SIDE_STYLE ('',( #869 ) ) ;
#691 = ORIENTED_EDGE ( 'NONE', *, *, #1097, .T. ) ;
#692 = CARTESIAN_POINT ( 'NONE',  ( 0.000000000000000000, 0.000000000000000000, 1.000000000000000888 ) ) ;
#693 = EDGE_CURVE ( 'NONE', #1025, #1048, #960, .T. ) ;
#694 = CARTESIAN_POINT ( 'NONE',  ( 0.000000000000000000, 0.000000000000000000, 49.00000000000000711 ) ) ;
#695 = DIRECTION ( 'NONE',  ( -0.000000000000000000, -0.000000000000000000, -1.000000000000000000 ) ) ;
#696 = CARTESIAN_POINT ( 'NONE',  ( -4.034999999999999254, 0.000000000000000000, 50.00000000000000711 ) ) ;
#697 = FILL_AREA_STYLE ('',( #1019 ) ) ;
#698 = ORIENTED_EDGE ( 'NONE', *, *, #660, .F. ) ;
#699 = CARTESIAN_POINT ( 'NONE',  ( 24.54721667731729084, 1.936491673103745592, 20.70240185129923205 ) ) ;
#700 = ORIENTED_EDGE ( 'NONE', *, *, #388, .T. ) ;
#701 = PRESENTATION_STYLE_ASSIGNMENT (( #312 ) ) ;
#702 = SURFACE_STYLE_USAGE ( .BOTH. , #6 ) ;
#703 = FILL_AREA_STYLE_COLOUR ( '', #1911 ) ;
#704 = ORIENTED_EDGE ( 'NONE', *, *, #1661, .F. ) ;
#705 =( NAMED_UNIT ( * ) SI_UNIT ( $, .STERADIAN. ) SOLID_ANGLE_UNIT ( ) );
#706 = FACE_OUTER_BOUND ( 'NONE', #469, .T. ) ;
#707 =( NAMED_UNIT ( * ) PLANE_ANGLE_UNIT ( ) SI_UNIT ( $, .RADIAN. ) );
#708 = DIRECTION ( 'NONE',  ( -1.000000000000000000, 1.224646799147353454E-16, 0.000000000000000000 ) ) ;
#709 = CARTESIAN_POINT ( 'NONE',  ( 4.034999999999999254, -1.936491673103708733, 51.00000000000000711 ) ) ;
#710 = MECHANICAL_DESIGN_GEOMETRIC_PRESENTATION_REPRESENTATION (  '', ( #775 ), #1225 ) ;
#711 = ORIENTED_EDGE ( 'NONE', *, *, #1942, .F. ) ;
#712 = DIRECTION ( 'NONE',  ( 0.7071067811865487940, 0.000000000000000000, 0.7071067811865463515 ) ) ;
#713 = CIRCLE ( 'NONE', #1866, 2.000000000000000000 ) ;
#714 = AXIS2_PLACEMENT_3D ( 'NONE', #814, #333, #1011 ) ;
#715 = DIRECTION ( 'NONE',  ( 1.000000000000000000, 0.000000000000000000, -0.000000000000000000 ) ) ;
#716 = EDGE_LOOP ( 'NONE', ( #1763, #1022, #1868, #1957, #2182, #4 ) ) ;
#717 = SURFACE_SIDE_STYLE ('',( #34 ) ) ;
#718 = MECHANICAL_DESIGN_GEOMETRIC_PRESENTATION_REPRESENTATION (  '', ( #1488 ), #427 ) ;
#719 = AXIS2_PLACEMENT_3D ( 'NONE', #1319, #1660, #2184 ) ;
#720 = STYLED_ITEM ( 'NONE', ( #1945 ), #1747 ) ;
#721 = PRESENTATION_STYLE_ASSIGNMENT (( #24 ) ) ;
#722 = CARTESIAN_POINT ( 'NONE',  ( -4.034999999999999254, 2.936491673103708511, 54.00000000000000711 ) ) ;
#723 = AXIS2_PLACEMENT_3D ( 'NONE', #1638, #593, #59 ) ;
#724 = UNCERTAINTY_MEASURE_WITH_UNIT (LENGTH_MEASURE( 1.000000000000000082E-05 ), #520, 'distance_accuracy_value', 'NONE');
#725 =( GEOMETRIC_REPRESENTATION_CONTEXT ( 3 ) GLOBAL_UNCERTAINTY_ASSIGNED_CONTEXT ( ( #985 ) ) GLOBAL_UNIT_ASSIGNED_CONTEXT ( ( #1214, #1578, #184 ) ) REPRESENTATION_CONTEXT ( 'NONE', 'WORKASPACE' ) );
#726 = ORIENTED_EDGE ( 'NONE', *, *, #64, .T. ) ;
#727 = CARTESIAN_POINT ( 'NONE',  ( -28.67864147905627448, 5.936491673103676092, 24.18672423246184522 ) ) ;
#728 =( GEOMETRIC_REPRESENTATION_CONTEXT ( 3 ) GLOBAL_UNCERTAINTY_ASSIGNED_CONTEXT ( ( #1027 ) ) GLOBAL_UNIT_ASSIGNED_CONTEXT ( ( #373, #1783, #1228 ) ) REPRESENTATION_CONTEXT ( 'NONE', 'WORKASPACE' ) );
#729 = SURFACE_STYLE_USAGE ( .BOTH. , #717 ) ;
#730 = SURFACE_STYLE_FILL_AREA ( #857 ) ;
#731 = EDGE_CURVE ( 'NONE', #901, #1189, #2178, .T. ) ;
#732 = DIRECTION ( 'NONE',  ( 0.000000000000000000, -1.000000000000000000, 0.000000000000000000 ) ) ;
#733 = DIRECTION ( 'NONE',  ( 1.000000000000000000, 1.084202172485505223E-14, 0.000000000000000000 ) ) ;
#734 = EDGE_LOOP ( 'NONE', ( #1680, #2034, #1666, #726 ) ) ;
#735 = DIRECTION ( 'NONE',  ( 8.673617379883934892E-16, 1.000000000000000000, 0.000000000000000000 ) ) ;
#736 = CARTESIAN_POINT ( 'NONE',  ( -24.54721667731729440, -4.063508326896318579, 20.70240185129922850 ) ) ;
#737 = DIRECTION ( 'NONE',  ( 0.000000000000000000, 0.000000000000000000, 1.000000000000000000 ) ) ;
#738 = UNCERTAINTY_MEASURE_WITH_UNIT (LENGTH_MEASURE( 1.000000000000000082E-05 ), #1265, 'distance_accuracy_value', 'NONE');
#739 = CARTESIAN_POINT ( 'NONE',  ( 0.000000000000000000, 0.000000000000000000, 0.000000000000000000 ) ) ;
#740 =( NAMED_UNIT ( * ) PLANE_ANGLE_UNIT ( ) SI_UNIT ( $, .RADIAN. ) );
#741 =( NAMED_UNIT ( * ) PLANE_ANGLE_UNIT ( ) SI_UNIT ( $, .RADIAN. ) );
#742 = COLOUR_RGB ( '',1.000000000000000000, 1.000000000000000000, 1.000000000000000000 ) ;
#743 = PRESENTATION_LAYER_ASSIGNMENT (  '', '', ( #775 ) ) ;
#744 = DIRECTION ( 'NONE',  ( -0.000000000000000000, -0.000000000000000000, -1.000000000000000000 ) ) ;
#745 = AXIS2_PLACEMENT_3D ( 'NONE', #1472, #302, #635 ) ;
#746 =( GEOMETRIC_REPRESENTATION_CONTEXT ( 3 ) GLOBAL_UNCERTAINTY_ASSIGNED_CONTEXT ( ( #762 ) ) GLOBAL_UNIT_ASSIGNED_CONTEXT ( ( #1540, #1013, #499 ) ) REPRESENTATION_CONTEXT ( 'NONE', 'WORKASPACE' ) );
#747 = VECTOR ( 'NONE', #161, 1000.000000000000000 ) ;
#748 = DIRECTION ( 'NONE',  ( 1.000000000000000000, 0.000000000000000000, 0.000000000000000000 ) ) ;
#749 = SURFACE_STYLE_USAGE ( .BOTH. , #778 ) ;
#750 = MECHANICAL_DESIGN_GEOMETRIC_PRESENTATION_REPRESENTATION (  '', ( #924 ), #1644 ) ;
#751 = MECHANICAL_DESIGN_GEOMETRIC_PRESENTATION_REPRESENTATION (  '', ( #784 ), #1862 ) ;
#752 = FILL_AREA_STYLE_COLOUR ( '', #2260 ) ;
#753 = AXIS2_PLACEMENT_3D ( 'NONE', #1713, #1349, #155 ) ;
#754 = EDGE_LOOP ( 'NONE', ( #578, #944, #1601, #1123 ) ) ;
#755 =( NAMED_UNIT ( * ) SI_UNIT ( $, .STERADIAN. ) SOLID_ANGLE_UNIT ( ) );
#756 = MECHANICAL_DESIGN_GEOMETRIC_PRESENTATION_REPRESENTATION (  '', ( #892 ), #580 ) ;
#757 = MECHANICAL_DESIGN_GEOMETRIC_PRESENTATION_REPRESENTATION (  '', ( #1622 ), #1042 ) ;
#758 = PRESENTATION_LAYER_ASSIGNMENT (  '', '', ( #33 ) ) ;
#759 = CARTESIAN_POINT ( 'NONE',  ( 17.50000000000000355, 0.000000000000000000, 35.00000000000000000 ) ) ;
#760 =( LENGTH_UNIT ( ) NAMED_UNIT ( * ) SI_UNIT ( .MILLI., .METRE. ) );
#761 = FILL_AREA_STYLE ('',( #1491 ) ) ;
#762 = UNCERTAINTY_MEASURE_WITH_UNIT (LENGTH_MEASURE( 1.000000000000000082E-05 ), #1540, 'distance_accuracy_value', 'NONE');
#763 = CARTESIAN_POINT ( 'NONE',  ( 17.50000000000000711, 2.143131898507869037E-15, 42.50000000000000711 ) ) ;
#764 = SURFACE_SIDE_STYLE ('',( #1476 ) ) ;
#765 = DIRECTION ( 'NONE',  ( 0.000000000000000000, -1.000000000000000000, 0.000000000000000000 ) ) ;
#766 = ORIENTED_EDGE ( 'NONE', *, *, #1805, .T. ) ;
#767 =( NAMED_UNIT ( * ) SI_UNIT ( $, .STERADIAN. ) SOLID_ANGLE_UNIT ( ) );
#768 = DIRECTION ( 'NONE',  ( -0.000000000000000000, -0.000000000000000000, -1.000000000000000000 ) ) ;
#769 = FILL_AREA_STYLE ('',( #752 ) ) ;
#770 = EDGE_CURVE ( 'NONE', #1618, #2239, #405, .T. ) ;
#771 = CARTESIAN_POINT ( 'NONE',  ( 3.035000000000002807, -2.632442874794776761E-15, 51.00000000000000711 ) ) ;
#772 = DIRECTION ( 'NONE',  ( 0.6447015249951878468, 0.000000000000000000, -0.7644343946140043089 ) ) ;
#773 = CARTESIAN_POINT ( 'NONE',  ( 0.000000000000000000, 0.000000000000000000, 1.000000000000000888 ) ) ;
#774 = FILL_AREA_STYLE_COLOUR ( '', #1270 ) ;
#775 = STYLED_ITEM ( 'NONE', ( #721 ), #202 ) ;
#776 = ORIENTED_EDGE ( 'NONE', *, *, #731, .T. ) ;
#777 = FILL_AREA_STYLE_COLOUR ( '', #384 ) ;
#778 = SURFACE_SIDE_STYLE ('',( #1144 ) ) ;
#779 =( GEOMETRIC_REPRESENTATION_CONTEXT ( 3 ) GLOBAL_UNCERTAINTY_ASSIGNED_CONTEXT ( ( #1432 ) ) GLOBAL_UNIT_ASSIGNED_CONTEXT ( ( #1502, #1152, #1699 ) ) REPRESENTATION_CONTEXT ( 'NONE', 'WORKASPACE' ) );
#780 = PRESENTATION_LAYER_ASSIGNMENT (  '', '', ( #1722 ) ) ;
#781 = SURFACE_STYLE_USAGE ( .BOTH. , #1286 ) ;
#782 = LINE ( 'NONE', #462, #1899 ) ;
#783 = STYLED_ITEM ( 'NONE', ( #979 ), #1574 ) ;
#784 = STYLED_ITEM ( 'NONE', ( #2202 ), #799 ) ;
#785 = ADVANCED_FACE ( 'NONE', ( #926 ), #1820, .T. ) ;
#786 = DIRECTION ( 'NONE',  ( 1.000000000000000000, 0.000000000000000000, 0.000000000000000000 ) ) ;
#787 = VERTEX_POINT ( 'NONE', #2143 ) ;
#788 =( GEOMETRIC_REPRESENTATION_CONTEXT ( 3 ) GLOBAL_UNCERTAINTY_ASSIGNED_CONTEXT ( ( #1031 ) ) GLOBAL_UNIT_ASSIGNED_CONTEXT ( ( #607, #414, #1651 ) ) REPRESENTATION_CONTEXT ( 'NONE', 'WORKASPACE' ) );
#789 = COLOUR_RGB ( '',1.000000000000000000, 1.000000000000000000, 1.000000000000000000 ) ;
#790 = EDGE_LOOP ( 'NONE', ( #1656, #1460, #2046, #1922, #444 ) ) ;
#791 =( LENGTH_UNIT ( ) NAMED_UNIT ( * ) SI_UNIT ( .MILLI., .METRE. ) );
#792 = SURFACE_STYLE_FILL_AREA ( #450 ) ;
#793 = CARTESIAN_POINT ( 'NONE',  ( 17.50000000000000355, 0.000000000000000000, 35.00000000000000000 ) ) ;
#794 = DIRECTION ( 'NONE',  ( -0.000000000000000000, -0.000000000000000000, -1.000000000000000000 ) ) ;
#795 =( LENGTH_UNIT ( ) NAMED_UNIT ( * ) SI_UNIT ( .MILLI., .METRE. ) );
#796 = ADVANCED_FACE ( 'NONE', ( #912 ), #248, .T. ) ;
#797 = SURFACE_SIDE_STYLE ('',( #1839 ) ) ;
#798 = FACE_OUTER_BOUND ( 'NONE', #1215, .T. ) ;
#799 = ADVANCED_FACE ( 'NONE', ( #448 ), #1673, .F. ) ;
#800 = SURFACE_STYLE_USAGE ( .BOTH. , #2045 ) ;
#801 = ORIENTED_EDGE ( 'NONE', *, *, #1624, .F. ) ;
#802 = PRODUCT ( 'ESMQ451VSN681MA50S', 'ESMQ451VSN681MA50S', '', ( #875 ) ) ;
#803 = DIRECTION ( 'NONE',  ( 1.000000000000000000, 0.000000000000000000, 0.000000000000000000 ) ) ;
#804 = SURFACE_STYLE_FILL_AREA ( #1703 ) ;
#805 = DIRECTION ( 'NONE',  ( 0.000000000000000000, 0.000000000000000000, 1.000000000000000000 ) ) ;
#806 = FILL_AREA_STYLE_COLOUR ( '', #1280 ) ;
#807 = ORIENTED_EDGE ( 'NONE', *, *, #1160, .F. ) ;
#808 = SURFACE_STYLE_USAGE ( .BOTH. , #2031 ) ;
#809 = SURFACE_SIDE_STYLE ('',( #1328 ) ) ;
#810 = ORIENTED_EDGE ( 'NONE', *, *, #2155, .F. ) ;
#811 =( NAMED_UNIT ( * ) SI_UNIT ( $, .STERADIAN. ) SOLID_ANGLE_UNIT ( ) );
#812 = CLOSED_SHELL ( 'NONE', ( #796, #2120, #625, #150, #2191, #1471, #785, #95 ) ) ;
#813 = MECHANICAL_DESIGN_GEOMETRIC_PRESENTATION_REPRESENTATION (  '', ( #2101 ), #1110 ) ;
#814 = CARTESIAN_POINT ( 'NONE',  ( 3.535000000000001030, 3.053000663637090623E-16, 51.00000000000000711 ) ) ;
#815 = CIRCLE ( 'NONE', #1416, 1.999999999999999112 ) ;
#816 =( GEOMETRIC_REPRESENTATION_CONTEXT ( 3 ) GLOBAL_UNCERTAINTY_ASSIGNED_CONTEXT ( ( #1084 ) ) GLOBAL_UNIT_ASSIGNED_CONTEXT ( ( #1634, #224, #1987 ) ) REPRESENTATION_CONTEXT ( 'NONE', 'WORKASPACE' ) );
#817 = CARTESIAN_POINT ( 'NONE',  ( 0.000000000000000000, 0.000000000000000000, 42.50000000000000711 ) ) ;
#818 = COLOUR_RGB ( '',1.000000000000000000, 1.000000000000000000, 1.000000000000000000 ) ;
#819 = VECTOR ( 'NONE', #772, 1000.000000000000000 ) ;
#820 = EDGE_LOOP ( 'NONE', ( #293, #550, #1357, #801 ) ) ;
#821 = CARTESIAN_POINT ( 'NONE',  ( -2.065712400869486487, 2.936491673103708511, 55.74216119058130658 ) ) ;
#822 = ORIENTED_EDGE ( 'NONE', *, *, #2173, .F. ) ;
#823 = SURFACE_SIDE_STYLE ('',( #850 ) ) ;
#824 = PRESENTATION_LAYER_ASSIGNMENT (  '', '', ( #1621 ) ) ;
#825 = ORIENTED_EDGE ( 'NONE', *, *, #2173, .T. ) ;
#826 = EDGE_CURVE ( 'NONE', #2239, #1525, #167, .T. ) ;
#827 = FILL_AREA_STYLE_COLOUR ( '', #1462 ) ;
#828 = FILL_AREA_STYLE ('',( #1358 ) ) ;
#829 = ORIENTED_EDGE ( 'NONE', *, *, #2007, .T. ) ;
#830 = CARTESIAN_POINT ( 'NONE',  ( 2.065712400869499810, -2.936491673103730715, 55.74216119058129237 ) ) ;
#831 = ORIENTED_EDGE ( 'NONE', *, *, #1017, .T. ) ;
#832 =( NAMED_UNIT ( * ) SI_UNIT ( $, .STERADIAN. ) SOLID_ANGLE_UNIT ( ) );
#833 = CARTESIAN_POINT ( 'NONE',  ( 16.50000000000000355, 0.000000000000000000, 0.000000000000000000 ) ) ;
#834 =( NAMED_UNIT ( * ) PLANE_ANGLE_UNIT ( ) SI_UNIT ( $, .RADIAN. ) );
#835 = ADVANCED_FACE ( 'NONE', ( #1872 ), #509, .T. ) ;
#836 =( NAMED_UNIT ( * ) SI_UNIT ( $, .STERADIAN. ) SOLID_ANGLE_UNIT ( ) );
#837 = FACE_OUTER_BOUND ( 'NONE', #820, .T. ) ;
#838 = CARTESIAN_POINT ( 'NONE',  ( 0.000000000000000000, 2.936491673103708511, 51.00000000000000711 ) ) ;
#839 = PLANE ( 'NONE',  #972 ) ;
#840 = ORIENTED_EDGE ( 'NONE', *, *, #1961, .T. ) ;
#841 = FILL_AREA_STYLE ('',( #1190 ) ) ;
#842 = CARTESIAN_POINT ( 'NONE',  ( -3.035000000000005471, 5.936491673103709843, 53.40714085124918853 ) ) ;
#843 = EDGE_CURVE ( 'NONE', #2000, #1815, #25, .T. ) ;
#844 =( LENGTH_UNIT ( ) NAMED_UNIT ( * ) SI_UNIT ( .MILLI., .METRE. ) );
#845 = CARTESIAN_POINT ( 'NONE',  ( 3.183750651464684744E-14, -2.936491673103752920, 51.00000000000000711 ) ) ;
#846 = PRESENTATION_LAYER_ASSIGNMENT (  '', '', ( #568 ) ) ;
#847 = STYLED_ITEM ( 'NONE', ( #177 ), #291 ) ;
#848 = AXIS2_PLACEMENT_3D ( 'NONE', #885, #44, #735 ) ;
#849 = PRESENTATION_LAYER_ASSIGNMENT (  '', '', ( #1486 ) ) ;
#850 = SURFACE_STYLE_FILL_AREA ( #1186 ) ;
#851 = CARTESIAN_POINT ( 'NONE',  ( 4.035000000000000142, -2.936491673103709399, 53.40714085124918853 ) ) ;
#852 = VECTOR ( 'NONE', #712, 1000.000000000000000 ) ;
#853 = CARTESIAN_POINT ( 'NONE',  ( 3.535000000000001030, 3.053000663637090623E-16, 51.00000000000000711 ) ) ;
#854 = PRESENTATION_LAYER_ASSIGNMENT (  '', '', ( #927 ) ) ;
#855 = VECTOR ( 'NONE', #2203, 1000.000000000000000 ) ;
#856 = DIRECTION ( 'NONE',  ( 1.000000000000000000, 0.000000000000000000, -0.000000000000000000 ) ) ;
#857 = FILL_AREA_STYLE ('',( #1976 ) ) ;
#858 = SURFACE_SIDE_STYLE ('',( #540 ) ) ;
#859 = VERTEX_POINT ( 'NONE', #851 ) ;
#860 = LINE ( 'NONE', #1887, #61 ) ;
#861 = EDGE_LOOP ( 'NONE', ( #1997, #328, #2076, #663 ) ) ;
#862 = CARTESIAN_POINT ( 'NONE',  ( 4.034999999999999254, -1.936491673103708733, 50.00000000000000711 ) ) ;
#863 = PLANE ( 'NONE',  #1825 ) ;
#864 = DIRECTION ( 'NONE',  ( -0.000000000000000000, -0.000000000000000000, -1.000000000000000000 ) ) ;
#865 = LINE ( 'NONE', #696, #889 ) ;
#866 = CARTESIAN_POINT ( 'NONE',  ( 4.034999999999999254, -1.936491673103708733, 50.00000000000000711 ) ) ;
#867 = DIRECTION ( 'NONE',  ( 0.000000000000000000, 0.000000000000000000, 1.000000000000000000 ) ) ;
#868 = DIRECTION ( 'NONE',  ( 1.000000000000000000, 0.000000000000000000, 0.000000000000000000 ) ) ;
#869 = SURFACE_STYLE_FILL_AREA ( #1915 ) ;
#870 = EDGE_LOOP ( 'NONE', ( #396, #1257, #141, #135 ) ) ;
#871 = CARTESIAN_POINT ( 'NONE',  ( 0.000000000000000000, 0.000000000000000000, 37.50000000000000711 ) ) ;
#872 = DIRECTION ( 'NONE',  ( 1.000000000000000000, 0.000000000000000000, 0.000000000000000000 ) ) ;
#873 = DIRECTION ( 'NONE',  ( -1.000000000000000000, 0.000000000000000000, 0.000000000000000000 ) ) ;
#874 = CARTESIAN_POINT ( 'NONE',  ( -4.035000000000002807, 2.936491673103708511, 53.40714085124917432 ) ) ;
#875 = PRODUCT_CONTEXT ( 'NONE', #664, 'mechanical' ) ;
#876 = CLOSED_SHELL ( 'NONE', ( #1500, #2088, #81, #291 ) ) ;
#877 = EDGE_LOOP ( 'NONE', ( #987, #120, #130, #2024 ) ) ;
#878 = VECTOR ( 'NONE', #1938, 1000.000000000000000 ) ;
#879 = VECTOR ( 'NONE', #2229, 1000.000000000000000 ) ;
#880 = VECTOR ( 'NONE', #400, 1000.000000000000000 ) ;
#881 = FACE_OUTER_BOUND ( 'NONE', #931, .T. ) ;
#882 = MECHANICAL_DESIGN_GEOMETRIC_PRESENTATION_REPRESENTATION (  '', ( #2148 ), #1485 ) ;
#883 = CONICAL_SURFACE ( 'NONE', #2176, 17.50000000000000355, 0.7853981633974500554 ) ;
#884 = ORIENTED_EDGE ( 'NONE', *, *, #494, .T. ) ;
#885 = CARTESIAN_POINT ( 'NONE',  ( 3.035000000000002807, -2.632442874794776761E-15, 54.00000000000000711 ) ) ;
#886 = EDGE_CURVE ( 'NONE', #533, #1371, #122, .T. ) ;
#887 = STYLED_ITEM ( 'NONE', ( #2190 ), #1500 ) ;
#888 = MECHANICAL_DESIGN_GEOMETRIC_PRESENTATION_REPRESENTATION (  '', ( #667 ), #1153 ) ;
#889 = VECTOR ( 'NONE', #732, 1000.000000000000000 ) ;
#890 =( NAMED_UNIT ( * ) SI_UNIT ( $, .STERADIAN. ) SOLID_ANGLE_UNIT ( ) );
#891 = CARTESIAN_POINT ( 'NONE',  ( 0.000000000000000000, 0.000000000000000000, 35.00000000000000000 ) ) ;
#892 = STYLED_ITEM ( 'NONE', ( #2220 ), #2032 ) ;
#893 = UNCERTAINTY_MEASURE_WITH_UNIT (LENGTH_MEASURE( 1.000000000000000082E-05 ), #2116, 'distance_accuracy_value', 'NONE');
#894 = FILL_AREA_STYLE_COLOUR ( '', #310 ) ;
#895 = AXIS2_PLACEMENT_3D ( 'NONE', #1148, #1846, #786 ) ;
#896 = EDGE_CURVE ( 'NONE', #787, #654, #1870, .T. ) ;
#897 = DIRECTION ( 'NONE',  ( 0.000000000000000000, 1.000000000000000000, -0.000000000000000000 ) ) ;
#898 = EDGE_LOOP ( 'NONE', ( #1183, #325 ) ) ;
#899 = FILL_AREA_STYLE ('',( #1259 ) ) ;
#900 = PRESENTATION_STYLE_ASSIGNMENT (( #42 ) ) ;
#901 = VERTEX_POINT ( 'NONE', #1576 ) ;
#902 = CARTESIAN_POINT ( 'NONE',  ( -3.035000000000000586, 0.000000000000000000, 51.00000000000000711 ) ) ;
#903 = CARTESIAN_POINT ( 'NONE',  ( 4.035000000000001918, -4.063508326896281275, 53.40714085124918853 ) ) ;
#904 =( NAMED_UNIT ( * ) SI_UNIT ( $, .STERADIAN. ) SOLID_ANGLE_UNIT ( ) );
#905 = DIRECTION ( 'NONE',  ( 1.000000000000000000, 0.000000000000000000, 0.000000000000000000 ) ) ;
#906 = ORIENTED_EDGE ( 'NONE', *, *, #731, .F. ) ;
#907 = FACE_OUTER_BOUND ( 'NONE', #734, .T. ) ;
#908 = MANIFOLD_SOLID_BREP ( 'Boss-Extrude6[1]', #812 ) ;
#909 = PRESENTATION_STYLE_ASSIGNMENT (( #729 ) ) ;
#910 = UNCERTAINTY_MEASURE_WITH_UNIT (LENGTH_MEASURE( 1.000000000000000082E-05 ), #2134, 'distance_accuracy_value', 'NONE');
#911 = DIRECTION ( 'NONE',  ( 0.7644343946140044199, 9.945617176357750112E-16, -0.6447015249951878468 ) ) ;
#912 = FACE_OUTER_BOUND ( 'NONE', #483, .T. ) ;
#913 = UNCERTAINTY_MEASURE_WITH_UNIT (LENGTH_MEASURE( 1.000000000000000082E-05 ), #1023, 'distance_accuracy_value', 'NONE');
#914 = ORIENTED_EDGE ( 'NONE', *, *, #896, .F. ) ;
#915 = SURFACE_SIDE_STYLE ('',( #229 ) ) ;
#916 = PRESENTATION_STYLE_ASSIGNMENT (( #2128 ) ) ;
#917 = EDGE_CURVE ( 'NONE', #1487, #2226, #1931, .T. ) ;
#918 = CLOSED_SHELL ( 'NONE', ( #1451, #650, #216, #1854 ) ) ;
#919 = FILL_AREA_STYLE_COLOUR ( '', #134 ) ;
#920 = STYLED_ITEM ( 'NONE', ( #1222 ), #150 ) ;
#921 = DIRECTION ( 'NONE',  ( -1.301042606982606701E-15, 1.000000000000000000, 0.000000000000000000 ) ) ;
#922 = AXIS2_PLACEMENT_3D ( 'NONE', #1921, #508, #338 ) ;
#923 = EDGE_LOOP ( 'NONE', ( #1325, #2089 ) ) ;
#924 = STYLED_ITEM ( 'NONE', ( #916 ), #1451 ) ;
#925 = CIRCLE ( 'NONE', #389, 14.99999999999999645 ) ;
#926 = FACE_OUTER_BOUND ( 'NONE', #716, .T. ) ;
#927 = STYLED_ITEM ( 'NONE', ( #1366 ), #1676 ) ;
#928 = DIRECTION ( 'NONE',  ( -0.000000000000000000, -0.000000000000000000, -1.000000000000000000 ) ) ;
#929 = CYLINDRICAL_SURFACE ( 'NONE', #420, 2.000000000000000000 ) ;
#930 = DIRECTION ( 'NONE',  ( -0.000000000000000000, 0.000000000000000000, 1.000000000000000000 ) ) ;
#931 = EDGE_LOOP ( 'NONE', ( #1740, #1842, #1166, #1598 ) ) ;
#932 = DIRECTION ( 'NONE',  ( 1.000000000000000000, 0.000000000000000000, 0.000000000000000000 ) ) ;
#933 =( NAMED_UNIT ( * ) SI_UNIT ( $, .STERADIAN. ) SOLID_ANGLE_UNIT ( ) );
#934 = VERTEX_POINT ( 'NONE', #1305 ) ;
#935 = DIRECTION ( 'NONE',  ( 1.301042606982606899E-15, -1.000000000000000000, 0.000000000000000000 ) ) ;
#936 = SURFACE_STYLE_USAGE ( .BOTH. , #247 ) ;
#937 = PRESENTATION_STYLE_ASSIGNMENT (( #1292 ) ) ;
#938 = UNCERTAINTY_MEASURE_WITH_UNIT (LENGTH_MEASURE( 1.000000000000000082E-05 ), #1258, 'distance_accuracy_value', 'NONE');
#939 = CARTESIAN_POINT ( 'NONE',  ( 3.535000000000001030, 3.053000663637090623E-16, 51.00000000000000711 ) ) ;
#940 = DIRECTION ( 'NONE',  ( -0.6447015249951877358, -6.989867940045008951E-15, -0.7644343946140043089 ) ) ;
#941 = CARTESIAN_POINT ( 'NONE',  ( -3.035000000000000586, 1.936491673103709843, 51.00000000000000711 ) ) ;
#942 = ORIENTED_EDGE ( 'NONE', *, *, #257, .F. ) ;
#943 =( NAMED_UNIT ( * ) PLANE_ANGLE_UNIT ( ) SI_UNIT ( $, .RADIAN. ) );
#944 = ORIENTED_EDGE ( 'NONE', *, *, #657, .F. ) ;
#945 = CARTESIAN_POINT ( 'NONE',  ( -5.534999999999996589, 1.110513133409594097E-15, 51.00000000000000711 ) ) ;
#946 = ORIENTED_EDGE ( 'NONE', *, *, #162, .F. ) ;
#947 = MANIFOLD_SOLID_BREP ( 'Fillet1', #15 ) ;
#948 = SURFACE_STYLE_FILL_AREA ( #1095 ) ;
#949 = EDGE_CURVE ( 'NONE', #2147, #2165, #309, .T. ) ;
#950 = FACE_OUTER_BOUND ( 'NONE', #1245, .T. ) ;
#951 = FILL_AREA_STYLE_COLOUR ( '', #1645 ) ;
#952 = CARTESIAN_POINT ( 'NONE',  ( 14.99999999999999645, 0.000000000000000000, 37.50000000000000711 ) ) ;
#953 = ORIENTED_EDGE ( 'NONE', *, *, #1397, .F. ) ;
#954 = CARTESIAN_POINT ( 'NONE',  ( 0.000000000000000000, 0.000000000000000000, 35.00000000000000000 ) ) ;
#955 = ORIENTED_EDGE ( 'NONE', *, *, #1436, .T. ) ;
#956 = SURFACE_SIDE_STYLE ('',( #290 ) ) ;
#957 = MECHANICAL_DESIGN_GEOMETRIC_PRESENTATION_REPRESENTATION (  '', ( #920 ), #2245 ) ;
#958 = ORIENTED_EDGE ( 'NONE', *, *, #1736, .F. ) ;
#959 = PRESENTATION_LAYER_ASSIGNMENT (  '', '', ( #422 ) ) ;
#960 = LINE ( 'NONE', #573, #1753 ) ;
#961 = COLOUR_RGB ( '',1.000000000000000000, 1.000000000000000000, 1.000000000000000000 ) ;
#962 = MECHANICAL_DESIGN_GEOMETRIC_PRESENTATION_REPRESENTATION (  '', ( #1117 ), #1197 ) ;
#963 = CARTESIAN_POINT ( 'NONE',  ( -4.034999999999999254, 0.000000000000000000, 50.00000000000000711 ) ) ;
#964 = UNCERTAINTY_MEASURE_WITH_UNIT (LENGTH_MEASURE( 1.000000000000000082E-05 ), #390, 'distance_accuracy_value', 'NONE');
#965 = EDGE_CURVE ( 'NONE', #1289, #1281, #1224, .T. ) ;
#966 = CARTESIAN_POINT ( 'NONE',  ( 3.535000000000001030, 3.053000663637090623E-16, 51.00000000000000711 ) ) ;
#967 = AXIS2_PLACEMENT_3D ( 'NONE', #1167, #75, #1667 ) ;
#968 = MANIFOLD_SOLID_BREP ( 'Fillet2', #990 ) ;
#969 = PRESENTATION_LAYER_ASSIGNMENT (  '', '', ( #1489 ) ) ;
#970 = DIRECTION ( 'NONE',  ( -0.000000000000000000, 0.000000000000000000, 1.000000000000000000 ) ) ;
#971 =( GEOMETRIC_REPRESENTATION_CONTEXT ( 3 ) GLOBAL_UNCERTAINTY_ASSIGNED_CONTEXT ( ( #2204 ) ) GLOBAL_UNIT_ASSIGNED_CONTEXT ( ( #1141, #1851, #1700 ) ) REPRESENTATION_CONTEXT ( 'NONE', 'WORKASPACE' ) );
#972 = AXIS2_PLACEMENT_3D ( 'NONE', #1283, #1220, #410 ) ;
#973 = ORIENTED_EDGE ( 'NONE', *, *, #2192, .F. ) ;
#974 =( NAMED_UNIT ( * ) SI_UNIT ( $, .STERADIAN. ) SOLID_ANGLE_UNIT ( ) );
#975 =( NAMED_UNIT ( * ) SI_UNIT ( $, .STERADIAN. ) SOLID_ANGLE_UNIT ( ) );
#976 = CARTESIAN_POINT ( 'NONE',  ( 0.000000000000000000, 0.000000000000000000, 40.00000000000000711 ) ) ;
#977 = MANIFOLD_SOLID_BREP ( 'Boss-Extrude2', #918 ) ;
#978 =( NAMED_UNIT ( * ) PLANE_ANGLE_UNIT ( ) SI_UNIT ( $, .RADIAN. ) );
#979 = PRESENTATION_STYLE_ASSIGNMENT (( #1681 ) ) ;
#980 = MANIFOLD_SOLID_BREP ( 'Cut-Extrude3', #1639 ) ;
#981 = VERTEX_POINT ( 'NONE', #1490 ) ;
#982 = FILL_AREA_STYLE_COLOUR ( '', #1119 ) ;
#983 = ORIENTED_EDGE ( 'NONE', *, *, #1442, .F. ) ;
#984 = CARTESIAN_POINT ( 'NONE',  ( 3.535000000000001030, 3.053000663637090623E-16, 51.00000000000000711 ) ) ;
#985 = UNCERTAINTY_MEASURE_WITH_UNIT (LENGTH_MEASURE( 1.000000000000000082E-05 ), #1214, 'distance_accuracy_value', 'NONE');
#986 =( NAMED_UNIT ( * ) PLANE_ANGLE_UNIT ( ) SI_UNIT ( $, .RADIAN. ) );
#987 = ORIENTED_EDGE ( 'NONE', *, *, #126, .F. ) ;
#988 = ADVANCED_FACE ( 'NONE', ( #1526 ), #235, .T. ) ;
#989 = SURFACE_SIDE_STYLE ('',( #675 ) ) ;
#990 = CLOSED_SHELL ( 'NONE', ( #2032, #835, #49, #2073, #2244, #1946, #434, #286, #7, #1603, #1574, #2085, #1877 ) ) ;
#991 = VERTEX_POINT ( 'NONE', #1052 ) ;
#992 = SURFACE_SIDE_STYLE ('',( #1143 ) ) ;
#993 =( LENGTH_UNIT ( ) NAMED_UNIT ( * ) SI_UNIT ( .MILLI., .METRE. ) );
#994 = STYLED_ITEM ( 'NONE', ( #1710 ), #968 ) ;
#995 = AXIS2_PLACEMENT_3D ( 'NONE', #334, #1413, #2105 ) ;
#996 = LINE ( 'NONE', #1891, #1566 ) ;
#997 = PRESENTATION_LAYER_ASSIGNMENT (  '', '', ( #639 ) ) ;
#998 =( GEOMETRIC_REPRESENTATION_CONTEXT ( 3 ) GLOBAL_UNCERTAINTY_ASSIGNED_CONTEXT ( ( #738 ) ) GLOBAL_UNIT_ASSIGNED_CONTEXT ( ( #1265, #391, #1756 ) ) REPRESENTATION_CONTEXT ( 'NONE', 'WORKASPACE' ) );
#999 = CARTESIAN_POINT ( 'NONE',  ( 5.535000000000001030, 5.502294261931797038E-16, 50.00000000000000711 ) ) ;
#1000 =( GEOMETRIC_REPRESENTATION_CONTEXT ( 3 ) GLOBAL_UNCERTAINTY_ASSIGNED_CONTEXT ( ( #219 ) ) GLOBAL_UNIT_ASSIGNED_CONTEXT ( ( #1290, #943, #125 ) ) REPRESENTATION_CONTEXT ( 'NONE', 'WORKASPACE' ) );
#1001 =( GEOMETRIC_REPRESENTATION_CONTEXT ( 3 ) GLOBAL_UNCERTAINTY_ASSIGNED_CONTEXT ( ( #83 ) ) GLOBAL_UNIT_ASSIGNED_CONTEXT ( ( #515, #283, #1341 ) ) REPRESENTATION_CONTEXT ( 'NONE', 'WORKASPACE' ) );
#1002 = VERTEX_POINT ( 'NONE', #1743 ) ;
#1003 = STYLED_ITEM ( 'NONE', ( #1087 ), #1718 ) ;
#1004 = ORIENTED_EDGE ( 'NONE', *, *, #1347, .T. ) ;
#1005 = PRESENTATION_LAYER_ASSIGNMENT (  '', '', ( #1168 ) ) ;
#1006 = MECHANICAL_DESIGN_GEOMETRIC_PRESENTATION_REPRESENTATION (  '', ( #1770 ), #1171 ) ;
#1007 = EDGE_CURVE ( 'NONE', #1709, #1959, #1916, .T. ) ;
#1008 =( NAMED_UNIT ( * ) PLANE_ANGLE_UNIT ( ) SI_UNIT ( $, .RADIAN. ) );
#1009 = UNCERTAINTY_MEASURE_WITH_UNIT (LENGTH_MEASURE( 1.000000000000000082E-05 ), #164, 'distance_accuracy_value', 'NONE');
#1010 =( LENGTH_UNIT ( ) NAMED_UNIT ( * ) SI_UNIT ( .MILLI., .METRE. ) );
#1011 = DIRECTION ( 'NONE',  ( 1.000000000000000000, 0.000000000000000000, 0.000000000000000000 ) ) ;
#1012 = SURFACE_STYLE_FILL_AREA ( #658 ) ;
#1013 =( NAMED_UNIT ( * ) PLANE_ANGLE_UNIT ( ) SI_UNIT ( $, .RADIAN. ) );
#1014 = ORIENTED_EDGE ( 'NONE', *, *, #1165, .F. ) ;
#1015 = PLANE ( 'NONE',  #1481 ) ;
#1016 = EDGE_CURVE ( 'NONE', #588, #1002, #1735, .T. ) ;
#1017 = EDGE_CURVE ( 'NONE', #1487, #117, #341, .T. ) ;
#1018 = DIRECTION ( 'NONE',  ( -0.000000000000000000, -0.000000000000000000, -1.000000000000000000 ) ) ;
#1019 = FILL_AREA_STYLE_COLOUR ( '', #1937 ) ;
#1020 = EDGE_CURVE ( 'NONE', #77, #1847, #603, .T. ) ;
#1021 = DIRECTION ( 'NONE',  ( 0.000000000000000000, 0.000000000000000000, 1.000000000000000000 ) ) ;
#1022 = ORIENTED_EDGE ( 'NONE', *, *, #1942, .T. ) ;
#1023 =( LENGTH_UNIT ( ) NAMED_UNIT ( * ) SI_UNIT ( .MILLI., .METRE. ) );
#1024 = SURFACE_SIDE_STYLE ('',( #532 ) ) ;
#1025 = VERTEX_POINT ( 'NONE', #2066 ) ;
#1026 = SURFACE_SIDE_STYLE ('',( #517 ) ) ;
#1027 = UNCERTAINTY_MEASURE_WITH_UNIT (LENGTH_MEASURE( 1.000000000000000082E-05 ), #373, 'distance_accuracy_value', 'NONE');
#1028 = STYLED_ITEM ( 'NONE', ( #1475 ), #7 ) ;
#1029 = PRESENTATION_LAYER_ASSIGNMENT (  '', '', ( #994 ) ) ;
#1030 = FILL_AREA_STYLE_COLOUR ( '', #355 ) ;
#1031 = UNCERTAINTY_MEASURE_WITH_UNIT (LENGTH_MEASURE( 1.000000000000000082E-05 ), #607, 'distance_accuracy_value', 'NONE');
#1032 =( NAMED_UNIT ( * ) PLANE_ANGLE_UNIT ( ) SI_UNIT ( $, .RADIAN. ) );
#1033 = ORIENTED_EDGE ( 'NONE', *, *, #1397, .T. ) ;
#1034 = FACE_OUTER_BOUND ( 'NONE', #1886, .T. ) ;
#1035 = ORIENTED_EDGE ( 'NONE', *, *, #2267, .F. ) ;
#1036 = CARTESIAN_POINT ( 'NONE',  ( -4.034999999999999254, 2.936491673103708511, 51.00000000000000711 ) ) ;
#1037 = SURFACE_SIDE_STYLE ('',( #170 ) ) ;
#1038 = AXIS2_PLACEMENT_3D ( 'NONE', #546, #1428, #868 ) ;
#1039 = ORIENTED_EDGE ( 'NONE', *, *, #1427, .T. ) ;
#1040 = COLOUR_RGB ( '',1.000000000000000000, 1.000000000000000000, 1.000000000000000000 ) ;
#1041 = DIRECTION ( 'NONE',  ( 1.000000000000000000, 0.000000000000000000, 0.000000000000000000 ) ) ;
#1042 =( GEOMETRIC_REPRESENTATION_CONTEXT ( 3 ) GLOBAL_UNCERTAINTY_ASSIGNED_CONTEXT ( ( #1884 ) ) GLOBAL_UNIT_ASSIGNED_CONTEXT ( ( #1888, #1719, #1463 ) ) REPRESENTATION_CONTEXT ( 'NONE', 'WORKASPACE' ) );
#1043 = DIRECTION ( 'NONE',  ( -0.6447015249951877358, 0.000000000000000000, -0.7644343946140043089 ) ) ;
#1044 = DIRECTION ( 'NONE',  ( 1.000000000000000000, 0.000000000000000000, 0.000000000000000000 ) ) ;
#1045 = PLANE ( 'NONE',  #995 ) ;
#1046 = VERTEX_POINT ( 'NONE', #186 ) ;
#1047 = SURFACE_SIDE_STYLE ('',( #360 ) ) ;
#1048 = VERTEX_POINT ( 'NONE', #862 ) ;
#1049 = FACE_OUTER_BOUND ( 'NONE', #66, .T. ) ;
#1050 = CARTESIAN_POINT ( 'NONE',  ( 0.000000000000000000, 0.000000000000000000, 40.00000000000000711 ) ) ;
#1051 = EDGE_LOOP ( 'NONE', ( #776, #616 ) ) ;
#1052 = CARTESIAN_POINT ( 'NONE',  ( -17.50000000000000355, -2.143131898507868643E-15, 35.00000000000000000 ) ) ;
#1053 = SURFACE_STYLE_USAGE ( .BOTH. , #404 ) ;
#1054 = SURFACE_STYLE_USAGE ( .BOTH. , #557 ) ;
#1055 = UNCERTAINTY_MEASURE_WITH_UNIT (LENGTH_MEASURE( 1.000000000000000082E-05 ), #1831, 'distance_accuracy_value', 'NONE');
#1056 = SURFACE_STYLE_FILL_AREA ( #1760 ) ;
#1057 = SURFACE_SIDE_STYLE ('',( #1230 ) ) ;
#1058 = ADVANCED_FACE ( 'NONE', ( #488 ), #1015, .F. ) ;
#1059 = VERTEX_POINT ( 'NONE', #401 ) ;
#1060 = FILL_AREA_STYLE ('',( #191 ) ) ;
#1061 = CARTESIAN_POINT ( 'NONE',  ( 3.035000000000003251, -4.063508326896283052, 53.40714085124918853 ) ) ;
#1062 = CARTESIAN_POINT ( 'NONE',  ( 0.000000000000000000, 0.000000000000000000, 37.50000000000000711 ) ) ;
#1063 = ORIENTED_EDGE ( 'NONE', *, *, #1442, .T. ) ;
#1064 =( NAMED_UNIT ( * ) SI_UNIT ( $, .STERADIAN. ) SOLID_ANGLE_UNIT ( ) );
#1065 = CARTESIAN_POINT ( 'NONE',  ( -4.034999999999999254, 2.936491673103708511, 50.00000000000000711 ) ) ;
#1066 = DIRECTION ( 'NONE',  ( 0.000000000000000000, -1.000000000000000000, 0.000000000000000000 ) ) ;
#1067 = PLANE ( 'NONE',  #277 ) ;
#1068 = EDGE_LOOP ( 'NONE', ( #1591, #185, #1631, #1536 ) ) ;
#1069 = DIRECTION ( 'NONE',  ( 0.7644343946140040869, 9.945617176357746168E-16, -0.6447015249951881799 ) ) ;
#1070 = AXIS2_PLACEMENT_3D ( 'NONE', #80, #768, #271 ) ;
#1071 = PRESENTATION_LAYER_ASSIGNMENT (  '', '', ( #1112 ) ) ;
#1072 = AXIS2_PLACEMENT_3D ( 'NONE', #1972, #585, #1964 ) ;
#1073 = TOROIDAL_SURFACE ( 'NONE', #640, 16.50000000000000355, 1.000000000000000000 ) ;
#1074 = PRESENTATION_LAYER_ASSIGNMENT (  '', '', ( #606 ) ) ;
#1075 = AXIS2_PLACEMENT_3D ( 'NONE', #2081, #320, #504 ) ;
#1076 = SURFACE_STYLE_USAGE ( .BOTH. , #1420 ) ;
#1077 = CARTESIAN_POINT ( 'NONE',  ( 3.035000000000000586, -2.936491673103720057, 50.00000000000000711 ) ) ;
#1078 = MECHANICAL_DESIGN_GEOMETRIC_PRESENTATION_REPRESENTATION (  '', ( #887 ), #1000 ) ;
#1079 = AXIS2_PLACEMENT_3D ( 'NONE', #1702, #1330, #2047 ) ;
#1080 = VECTOR ( 'NONE', #1610, 1000.000000000000114 ) ;
#1081 = DIRECTION ( 'NONE',  ( 1.224646799147353207E-16, 1.000000000000000000, -0.000000000000000000 ) ) ;
#1082 = EDGE_CURVE ( 'NONE', #382, #1549, #2074, .T. ) ;
#1083 = LINE ( 'NONE', #2104, #610 ) ;
#1084 = UNCERTAINTY_MEASURE_WITH_UNIT (LENGTH_MEASURE( 1.000000000000000082E-05 ), #1634, 'distance_accuracy_value', 'NONE');
#1085 =( NAMED_UNIT ( * ) PLANE_ANGLE_UNIT ( ) SI_UNIT ( $, .RADIAN. ) );
#1086 = ORIENTED_EDGE ( 'NONE', *, *, #1160, .T. ) ;
#1087 = PRESENTATION_STYLE_ASSIGNMENT (( #2110 ) ) ;
#1088 = STYLED_ITEM ( 'NONE', ( #1377 ), #2244 ) ;
#1089 = LINE ( 'NONE', #1247, #608 ) ;
#1090 =( NAMED_UNIT ( * ) SI_UNIT ( $, .STERADIAN. ) SOLID_ANGLE_UNIT ( ) );
#1091 = VERTEX_POINT ( 'NONE', #1077 ) ;
#1092 = FILL_AREA_STYLE ('',( #386 ) ) ;
#1093 = PRODUCT_DEFINITION ( 'UNKNOWN', '', #1880, #402 ) ;
#1094 = CARTESIAN_POINT ( 'NONE',  ( 3.534999999999996589, -1.936491673103708511, 54.00000000000000711 ) ) ;
#1095 = FILL_AREA_STYLE ('',( #1130 ) ) ;
#1096 = SURFACE_STYLE_USAGE ( .BOTH. , #406 ) ;
#1097 = EDGE_CURVE ( 'NONE', #2000, #77, #1811, .T. ) ;
#1098 = VERTEX_POINT ( 'NONE', #1780 ) ;
#1099 = CYLINDRICAL_SURFACE ( 'NONE', #2185, 1.999999999999998668 ) ;
#1100 = ORIENTED_EDGE ( 'NONE', *, *, #1109, .T. ) ;
#1101 = LINE ( 'NONE', #195, #671 ) ;
#1102 = SURFACE_SIDE_STYLE ('',( #1263 ) ) ;
#1103 = ORIENTED_EDGE ( 'NONE', *, *, #2127, .F. ) ;
#1104 = FILL_AREA_STYLE_COLOUR ( '', #1200 ) ;
#1105 = UNCERTAINTY_MEASURE_WITH_UNIT (LENGTH_MEASURE( 1.000000000000000082E-05 ), #795, 'distance_accuracy_value', 'NONE');
#1106 = EDGE_CURVE ( 'NONE', #1136, #1091, #1101, .T. ) ;
#1107 = LINE ( 'NONE', #1122, #246 ) ;
#1108 = CARTESIAN_POINT ( 'NONE',  ( 3.035000000000001918, -2.936491673103720057, 53.40714085124918853 ) ) ;
#1109 = EDGE_CURVE ( 'NONE', #2165, #2147, #1903, .T. ) ;
#1110 =( GEOMETRIC_REPRESENTATION_CONTEXT ( 3 ) GLOBAL_UNCERTAINTY_ASSIGNED_CONTEXT ( ( #449 ) ) GLOBAL_UNIT_ASSIGNED_CONTEXT ( ( #2130, #1602, #592 ) ) REPRESENTATION_CONTEXT ( 'NONE', 'WORKASPACE' ) );
#1111 = FACE_OUTER_BOUND ( 'NONE', #1387, .T. ) ;
#1112 = STYLED_ITEM ( 'NONE', ( #1659 ), #208 ) ;
#1113 = ORIENTED_EDGE ( 'NONE', *, *, #1020, .T. ) ;
#1114 = FILL_AREA_STYLE ('',( #774 ) ) ;
#1115 = PRESENTATION_LAYER_ASSIGNMENT (  '', '', ( #465 ) ) ;
#1116 = PRESENTATION_LAYER_ASSIGNMENT (  '', '', ( #2102 ) ) ;
#1117 = STYLED_ITEM ( 'NONE', ( #1444 ), #625 ) ;
#1118 = SURFACE_STYLE_FILL_AREA ( #423 ) ;
#1119 = COLOUR_RGB ( '',1.000000000000000000, 1.000000000000000000, 1.000000000000000000 ) ;
#1120 = CARTESIAN_POINT ( 'NONE',  ( -4.034999999999999254, 2.936491673103708511, 51.00000000000000711 ) ) ;
#1121 =( NAMED_UNIT ( * ) PLANE_ANGLE_UNIT ( ) SI_UNIT ( $, .RADIAN. ) );
#1122 = CARTESIAN_POINT ( 'NONE',  ( -3.035000000000000586, 0.000000000000000000, 50.00000000000000711 ) ) ;
#1123 = ORIENTED_EDGE ( 'NONE', *, *, #2267, .T. ) ;
#1124 = SURFACE_STYLE_USAGE ( .BOTH. , #2161 ) ;
#1125 = FILL_AREA_STYLE ('',( #1150 ) ) ;
#1126 = ADVANCED_FACE ( 'NONE', ( #21 ), #554, .F. ) ;
#1127 = DIRECTION ( 'NONE',  ( 1.000000000000000000, 1.301042606982606899E-15, 0.000000000000000000 ) ) ;
#1128 = ORIENTED_EDGE ( 'NONE', *, *, #2129, .F. ) ;
#1129 = SURFACE_STYLE_FILL_AREA ( #1174 ) ;
#1130 = FILL_AREA_STYLE_COLOUR ( '', #609 ) ;
#1131 = LINE ( 'NONE', #963, #1575 ) ;
#1132 = UNCERTAINTY_MEASURE_WITH_UNIT (LENGTH_MEASURE( 1.000000000000000082E-05 ), #10, 'distance_accuracy_value', 'NONE');
#1133 = PLANE ( 'NONE',  #562 ) ;
#1134 = DIRECTION ( 'NONE',  ( 0.000000000000000000, 0.000000000000000000, 1.000000000000000000 ) ) ;
#1135 = DIRECTION ( 'NONE',  ( 1.000000000000000000, 0.000000000000000000, 0.000000000000000000 ) ) ;
#1136 = VERTEX_POINT ( 'NONE', #1441 ) ;
#1137 = FACE_OUTER_BOUND ( 'NONE', #590, .T. ) ;
#1138 =( NAMED_UNIT ( * ) SI_UNIT ( $, .STERADIAN. ) SOLID_ANGLE_UNIT ( ) );
#1139 = CARTESIAN_POINT ( 'NONE',  ( -3.534999999999997922, 1.110513133409594097E-15, 50.00000000000000711 ) ) ;
#1140 = EDGE_CURVE ( 'NONE', #1525, #1136, #713, .T. ) ;
#1141 =( LENGTH_UNIT ( ) NAMED_UNIT ( * ) SI_UNIT ( .MILLI., .METRE. ) );
#1142 = ORIENTED_EDGE ( 'NONE', *, *, #403, .F. ) ;
#1143 = SURFACE_STYLE_FILL_AREA ( #457 ) ;
#1144 = SURFACE_STYLE_FILL_AREA ( #1307 ) ;
#1145 = LINE ( 'NONE', #1855, #432 ) ;
#1146 =( NAMED_UNIT ( * ) PLANE_ANGLE_UNIT ( ) SI_UNIT ( $, .RADIAN. ) );
#1147 = PLANE ( 'NONE',  #604 ) ;
#1148 = CARTESIAN_POINT ( 'NONE',  ( 0.000000000000000000, 0.000000000000000000, 0.000000000000000000 ) ) ;
#1149 = ORIENTED_EDGE ( 'NONE', *, *, #519, .F. ) ;
#1150 = FILL_AREA_STYLE_COLOUR ( '', #204 ) ;
#1151 =( GEOMETRIC_REPRESENTATION_CONTEXT ( 3 ) GLOBAL_UNCERTAINTY_ASSIGNED_CONTEXT ( ( #1954 ) ) GLOBAL_UNIT_ASSIGNED_CONTEXT ( ( #426, #1146, #975 ) ) REPRESENTATION_CONTEXT ( 'NONE', 'WORKASPACE' ) );
#1152 =( NAMED_UNIT ( * ) PLANE_ANGLE_UNIT ( ) SI_UNIT ( $, .RADIAN. ) );
#1153 =( GEOMETRIC_REPRESENTATION_CONTEXT ( 3 ) GLOBAL_UNCERTAINTY_ASSIGNED_CONTEXT ( ( #2122 ) ) GLOBAL_UNIT_ASSIGNED_CONTEXT ( ( #760, #113, #1285 ) ) REPRESENTATION_CONTEXT ( 'NONE', 'WORKASPACE' ) );
#1154 = STYLED_ITEM ( 'NONE', ( #319 ), #95 ) ;
#1155 = VERTEX_POINT ( 'NONE', #1988 ) ;
#1156 =( NAMED_UNIT ( * ) SI_UNIT ( $, .STERADIAN. ) SOLID_ANGLE_UNIT ( ) );
#1157 = DIRECTION ( 'NONE',  ( 0.000000000000000000, 0.000000000000000000, 1.000000000000000000 ) ) ;
#1158 = VECTOR ( 'NONE', #695, 1000.000000000000000 ) ;
#1159 = FACE_OUTER_BOUND ( 'NONE', #870, .T. ) ;
#1160 = EDGE_CURVE ( 'NONE', #1742, #288, #1635, .T. ) ;
#1161 = SURFACE_STYLE_FILL_AREA ( #1332 ) ;
#1162 = CIRCLE ( 'NONE', #313, 17.50000000000000355 ) ;
#1163 = AXIS2_PLACEMENT_3D ( 'NONE', #1277, #413, #605 ) ;
#1164 = MECHANICAL_DESIGN_GEOMETRIC_PRESENTATION_REPRESENTATION (  '', ( #1571 ), #316 ) ;
#1165 = EDGE_CURVE ( 'NONE', #1002, #268, #1819, .T. ) ;
#1166 = ORIENTED_EDGE ( 'NONE', *, *, #70, .T. ) ;
#1167 = CARTESIAN_POINT ( 'NONE',  ( 0.000000000000000000, 0.000000000000000000, 40.00000000000000711 ) ) ;
#1168 = STYLED_ITEM ( 'NONE', ( #1309 ), #1946 ) ;
#1169 = AXIS2_PLACEMENT_3D ( 'NONE', #1356, #1927, #2224 ) ;
#1170 = CARTESIAN_POINT ( 'NONE',  ( 14.99999999999999645, 1.836970198721029194E-15, 40.00000000000000711 ) ) ;
#1171 =( GEOMETRIC_REPRESENTATION_CONTEXT ( 3 ) GLOBAL_UNCERTAINTY_ASSIGNED_CONTEXT ( ( #1009 ) ) GLOBAL_UNIT_ASSIGNED_CONTEXT ( ( #164, #1032, #1210 ) ) REPRESENTATION_CONTEXT ( 'NONE', 'WORKASPACE' ) );
#1172 = DIRECTION ( 'NONE',  ( 0.000000000000000000, 0.000000000000000000, 1.000000000000000000 ) ) ;
#1173 = ORIENTED_EDGE ( 'NONE', *, *, #518, .F. ) ;
#1174 = FILL_AREA_STYLE ('',( #777 ) ) ;
#1175 = EDGE_CURVE ( 'NONE', #1443, #198, #1647, .T. ) ;
#1176 = FACE_OUTER_BOUND ( 'NONE', #1353, .T. ) ;
#1177 = DIRECTION ( 'NONE',  ( -0.000000000000000000, -0.000000000000000000, -1.000000000000000000 ) ) ;
#1178 = EDGE_CURVE ( 'NONE', #1201, #934, #815, .T. ) ;
#1179 = PRESENTATION_STYLE_ASSIGNMENT (( #153 ) ) ;
#1180 = ORIENTED_EDGE ( 'NONE', *, *, #2022, .T. ) ;
#1181 =( NAMED_UNIT ( * ) PLANE_ANGLE_UNIT ( ) SI_UNIT ( $, .RADIAN. ) );
#1182 = DIRECTION ( 'NONE',  ( -0.6447015249951880689, 0.000000000000000000, 0.7644343946140040869 ) ) ;
#1183 = ORIENTED_EDGE ( 'NONE', *, *, #1804, .F. ) ;
#1184 = CARTESIAN_POINT ( 'NONE',  ( -4.034999999999999254, 1.936491673103708511, 51.00000000000000711 ) ) ;
#1185 = ORIENTED_EDGE ( 'NONE', *, *, #1007, .T. ) ;
#1186 = FILL_AREA_STYLE ('',( #147 ) ) ;
#1187 = EDGE_CURVE ( 'NONE', #1281, #1098, #1840, .T. ) ;
#1188 = FILL_AREA_STYLE_COLOUR ( '', #281 ) ;
#1189 = VERTEX_POINT ( 'NONE', #2043 ) ;
#1190 = FILL_AREA_STYLE_COLOUR ( '', #526 ) ;
#1191 = FILL_AREA_STYLE_COLOUR ( '', #31 ) ;
#1192 = COLOUR_RGB ( '',0.7921568627450980005, 0.8196078431372548767, 0.9333333333333333481 ) ;
#1193 =( GEOMETRIC_REPRESENTATION_CONTEXT ( 3 ) GLOBAL_UNCERTAINTY_ASSIGNED_CONTEXT ( ( #407 ) ) GLOBAL_UNIT_ASSIGNED_CONTEXT ( ( #2030, #280, #1967 ) ) REPRESENTATION_CONTEXT ( 'NONE', 'WORKASPACE' ) );
#1194 = FILL_AREA_STYLE ('',( #151 ) ) ;
#1195 = LINE ( 'NONE', #2222, #747 ) ;
#1196 = CIRCLE ( 'NONE', #2077, 2.000000000000000000 ) ;
#1197 =( GEOMETRIC_REPRESENTATION_CONTEXT ( 3 ) GLOBAL_UNCERTAINTY_ASSIGNED_CONTEXT ( ( #724 ) ) GLOBAL_UNIT_ASSIGNED_CONTEXT ( ( #520, #707, #217 ) ) REPRESENTATION_CONTEXT ( 'NONE', 'WORKASPACE' ) );
#1198 = FACE_OUTER_BOUND ( 'NONE', #1380, .T. ) ;
#1199 = PLANE ( 'NONE',  #1912 ) ;
#1200 = COLOUR_RGB ( '',1.000000000000000000, 1.000000000000000000, 1.000000000000000000 ) ;
#1201 = VERTEX_POINT ( 'NONE', #2013 ) ;
#1202 = CARTESIAN_POINT ( 'NONE',  ( -3.534999999999997922, 1.110513133409594097E-15, 50.00000000000000711 ) ) ;
#1203 = MECHANICAL_DESIGN_GEOMETRIC_PRESENTATION_REPRESENTATION (  '', ( #28 ), #1382 ) ;
#1204 = PRESENTATION_LAYER_ASSIGNMENT (  '', '', ( #892 ) ) ;
#1205 = EDGE_CURVE ( 'NONE', #1779, #1201, #2053, .T. ) ;
#1206 = AXIS2_PLACEMENT_3D ( 'NONE', #630, #2028, #2188 ) ;
#1207 = FACE_OUTER_BOUND ( 'NONE', #90, .T. ) ;
#1208 = DIRECTION ( 'NONE',  ( 1.000000000000000000, 0.000000000000000000, 0.000000000000000000 ) ) ;
#1209 = DIRECTION ( 'NONE',  ( -8.673617379883934892E-16, -1.000000000000000000, 0.000000000000000000 ) ) ;
#1210 =( NAMED_UNIT ( * ) SI_UNIT ( $, .STERADIAN. ) SOLID_ANGLE_UNIT ( ) );
#1211 = VERTEX_POINT ( 'NONE', #1669 ) ;
#1212 = FILL_AREA_STYLE_COLOUR ( '', #1762 ) ;
#1213 = DIRECTION ( 'NONE',  ( -1.000000000000000000, 0.000000000000000000, 0.000000000000000000 ) ) ;
#1214 =( LENGTH_UNIT ( ) NAMED_UNIT ( * ) SI_UNIT ( .MILLI., .METRE. ) );
#1215 = EDGE_LOOP ( 'NONE', ( #2098, #1033 ) ) ;
#1216 = LINE ( 'NONE', #722, #1271 ) ;
#1217 = FACE_OUTER_BOUND ( 'NONE', #447, .T. ) ;
#1218 = FACE_OUTER_BOUND ( 'NONE', #1969, .T. ) ;
#1219 = SURFACE_SIDE_STYLE ('',( #1545 ) ) ;
#1220 = DIRECTION ( 'NONE',  ( -1.084202172485505223E-14, 1.000000000000000000, 0.000000000000000000 ) ) ;
#1221 = ORIENTED_EDGE ( 'NONE', *, *, #523, .F. ) ;
#1222 = PRESENTATION_STYLE_ASSIGNMENT (( #1053 ) ) ;
#1223 = SURFACE_SIDE_STYLE ('',( #537 ) ) ;
#1224 = CIRCLE ( 'NONE', #1934, 14.99999999999999645 ) ;
#1225 =( GEOMETRIC_REPRESENTATION_CONTEXT ( 3 ) GLOBAL_UNCERTAINTY_ASSIGNED_CONTEXT ( ( #1294 ) ) GLOBAL_UNIT_ASSIGNED_CONTEXT ( ( #270, #1998, #237 ) ) REPRESENTATION_CONTEXT ( 'NONE', 'WORKASPACE' ) );
#1226 =( NAMED_UNIT ( * ) SI_UNIT ( $, .STERADIAN. ) SOLID_ANGLE_UNIT ( ) );
#1227 = SURFACE_SIDE_STYLE ('',( #1056 ) ) ;
#1228 =( NAMED_UNIT ( * ) SI_UNIT ( $, .STERADIAN. ) SOLID_ANGLE_UNIT ( ) );
#1229 = ORIENTED_EDGE ( 'NONE', *, *, #917, .T. ) ;
#1230 = SURFACE_STYLE_FILL_AREA ( #1994 ) ;
#1231 = COLOUR_RGB ( '',1.000000000000000000, 1.000000000000000000, 1.000000000000000000 ) ;
#1232 =( GEOMETRIC_REPRESENTATION_CONTEXT ( 3 ) GLOBAL_UNCERTAINTY_ASSIGNED_CONTEXT ( ( #628 ) ) GLOBAL_UNIT_ASSIGNED_CONTEXT ( ( #549, #358, #188 ) ) REPRESENTATION_CONTEXT ( 'NONE', 'WORKASPACE' ) );
#1233 = MECHANICAL_DESIGN_GEOMETRIC_PRESENTATION_REPRESENTATION (  '', ( #1830 ), #1417 ) ;
#1234 = VECTOR ( 'NONE', #1355, 1000.000000000000000 ) ;
#1235 = CARTESIAN_POINT ( 'NONE',  ( 0.000000000000000000, 0.000000000000000000, 37.50000000000000711 ) ) ;
#1236 = COLOUR_RGB ( '',1.000000000000000000, 1.000000000000000000, 1.000000000000000000 ) ;
#1237 = DIRECTION ( 'NONE',  ( 1.000000000000000000, 0.000000000000000000, -0.000000000000000000 ) ) ;
#1238 = ORIENTED_EDGE ( 'NONE', *, *, #93, .F. ) ;
#1239 = TOROIDAL_SURFACE ( 'NONE', #1535, 16.50000000000000711, 1.000000000000000000 ) ;
#1240 = SURFACE_STYLE_USAGE ( .BOTH. , #1923 ) ;
#1241 = PLANE ( 'NONE',  #1974 ) ;
#1242 = LINE ( 'NONE', #1629, #468 ) ;
#1243 = DIRECTION ( 'NONE',  ( 0.000000000000000000, 0.000000000000000000, -1.000000000000000000 ) ) ;
#1244 = CARTESIAN_POINT ( 'NONE',  ( -3.035000000000000586, 1.936491673103709843, 54.00000000000000711 ) ) ;
#1245 = EDGE_LOOP ( 'NONE', ( #1484, #265, #1751, #829 ) ) ;
#1246 = ORIENTED_EDGE ( 'NONE', *, *, #1175, .T. ) ;
#1247 = CARTESIAN_POINT ( 'NONE',  ( 3.183750651464684744E-14, -2.936491673103752920, 51.00000000000000711 ) ) ;
#1248 =( NAMED_UNIT ( * ) SI_UNIT ( $, .STERADIAN. ) SOLID_ANGLE_UNIT ( ) );
#1249 =( LENGTH_UNIT ( ) NAMED_UNIT ( * ) SI_UNIT ( .MILLI., .METRE. ) );
#1250 = VERTEX_POINT ( 'NONE', #601 ) ;
#1251 = DIRECTION ( 'NONE',  ( -8.673617379883934892E-16, -1.000000000000000000, 0.000000000000000000 ) ) ;
#1252 = UNCERTAINTY_MEASURE_WITH_UNIT (LENGTH_MEASURE( 1.000000000000000082E-05 ), #993, 'distance_accuracy_value', 'NONE');
#1253 = LINE ( 'NONE', #1636, #878 ) ;
#1254 = CYLINDRICAL_SURFACE ( 'NONE', #572, 1.999999999999998668 ) ;
#1255 = CARTESIAN_POINT ( 'NONE',  ( 2.065712400869479826, -1.936491673103708733, 52.25783880941871473 ) ) ;
#1256 = SURFACE_STYLE_FILL_AREA ( #1401 ) ;
#1257 = ORIENTED_EDGE ( 'NONE', *, *, #1841, .T. ) ;
#1258 =( LENGTH_UNIT ( ) NAMED_UNIT ( * ) SI_UNIT ( .MILLI., .METRE. ) );
#1259 = FILL_AREA_STYLE_COLOUR ( '', #818 ) ;
#1260 = SURFACE_STYLE_USAGE ( .BOTH. , #17 ) ;
#1261 = ADVANCED_FACE ( 'NONE', ( #91 ), #1316, .T. ) ;
#1262 =( NAMED_UNIT ( * ) PLANE_ANGLE_UNIT ( ) SI_UNIT ( $, .RADIAN. ) );
#1263 = SURFACE_STYLE_FILL_AREA ( #35 ) ;
#1264 = FILL_AREA_STYLE ('',( #1606 ) ) ;
#1265 =( LENGTH_UNIT ( ) NAMED_UNIT ( * ) SI_UNIT ( .MILLI., .METRE. ) );
#1266 = MECHANICAL_DESIGN_GEOMETRIC_PRESENTATION_REPRESENTATION (  '', ( #1028 ), #52 ) ;
#1267 = PLANE ( 'NONE',  #577 ) ;
#1268 = AXIS2_PLACEMENT_3D ( 'NONE', #2183, #1284, #1962 ) ;
#1269 =( GEOMETRIC_REPRESENTATION_CONTEXT ( 3 ) GLOBAL_UNCERTAINTY_ASSIGNED_CONTEXT ( ( #1630 ) ) GLOBAL_UNIT_ASSIGNED_CONTEXT ( ( #513, #1567, #1392 ) ) REPRESENTATION_CONTEXT ( 'NONE', 'WORKASPACE' ) );
#1270 = COLOUR_RGB ( '',1.000000000000000000, 1.000000000000000000, 1.000000000000000000 ) ;
#1271 = VECTOR ( 'NONE', #46, 1000.000000000000000 ) ;
#1272 = DIRECTION ( 'NONE',  ( 1.000000000000000000, 0.000000000000000000, 0.000000000000000000 ) ) ;
#1273 = COLOUR_RGB ( '',0.4980392156862745168, 0.4980392156862745168, 0.4980392156862745168 ) ;
#1274 = MECHANICAL_DESIGN_GEOMETRIC_PRESENTATION_REPRESENTATION (  '', ( #1489 ), #1454 ) ;
#1275 = PRESENTATION_LAYER_ASSIGNMENT (  '', '', ( #1003 ) ) ;
#1276 = DIRECTION ( 'NONE',  ( 0.000000000000000000, 0.000000000000000000, 1.000000000000000000 ) ) ;
#1277 = CARTESIAN_POINT ( 'NONE',  ( 0.000000000000000000, 0.000000000000000000, 42.50000000000000711 ) ) ;
#1278 = TOROIDAL_SURFACE ( 'NONE', #538, 16.50000000000000355, 1.000000000000000000 ) ;
#1279 = UNCERTAINTY_MEASURE_WITH_UNIT (LENGTH_MEASURE( 1.000000000000000082E-05 ), #365, 'distance_accuracy_value', 'NONE');
#1280 = COLOUR_RGB ( '',1.000000000000000000, 1.000000000000000000, 1.000000000000000000 ) ;
#1281 = VERTEX_POINT ( 'NONE', #436 ) ;
#1282 = DIRECTION ( 'NONE',  ( 0.6447015249951878468, 8.376495500671109567E-16, -0.7644343946140043089 ) ) ;
#1283 = CARTESIAN_POINT ( 'NONE',  ( 3.183750651464684744E-14, -2.936491673103752920, 54.00000000000000711 ) ) ;
#1284 = DIRECTION ( 'NONE',  ( 0.000000000000000000, 0.000000000000000000, 1.000000000000000000 ) ) ;
#1285 =( NAMED_UNIT ( * ) SI_UNIT ( $, .STERADIAN. ) SOLID_ANGLE_UNIT ( ) );
#1286 = SURFACE_SIDE_STYLE ('',( #1473 ) ) ;
#1287 = CARTESIAN_POINT ( 'NONE',  ( 0.000000000000000000, 0.000000000000000000, 0.000000000000000000 ) ) ;
#1288 =( NAMED_UNIT ( * ) SI_UNIT ( $, .STERADIAN. ) SOLID_ANGLE_UNIT ( ) );
#1289 = VERTEX_POINT ( 'NONE', #1170 ) ;
#1290 =( LENGTH_UNIT ( ) NAMED_UNIT ( * ) SI_UNIT ( .MILLI., .METRE. ) );
#1291 = CARTESIAN_POINT ( 'NONE',  ( -17.50000000000000355, 0.000000000000000000, 35.00000000000000000 ) ) ;
#1292 = SURFACE_STYLE_USAGE ( .BOTH. , #1637 ) ;
#1293 = PRESENTATION_STYLE_ASSIGNMENT (( #2146 ) ) ;
#1294 = UNCERTAINTY_MEASURE_WITH_UNIT (LENGTH_MEASURE( 1.000000000000000082E-05 ), #270, 'distance_accuracy_value', 'NONE');
#1295 = DIRECTION ( 'NONE',  ( -0.000000000000000000, -0.000000000000000000, -1.000000000000000000 ) ) ;
#1296 = COLOUR_RGB ( '',0.4980392156862745168, 0.4980392156862745168, 0.4980392156862745168 ) ;
#1297 = FILL_AREA_STYLE ('',( #806 ) ) ;
#1298 = CARTESIAN_POINT ( 'NONE',  ( 4.034999999999999254, 0.000000000000000000, 51.00000000000000711 ) ) ;
#1299 =( GEOMETRIC_REPRESENTATION_CONTEXT ( 3 ) GLOBAL_UNCERTAINTY_ASSIGNED_CONTEXT ( ( #1814 ) ) GLOBAL_UNIT_ASSIGNED_CONTEXT ( ( #1725, #986, #160 ) ) REPRESENTATION_CONTEXT ( 'NONE', 'WORKASPACE' ) );
#1300 = DIRECTION ( 'NONE',  ( 0.000000000000000000, 0.000000000000000000, 1.000000000000000000 ) ) ;
#1301 =( NAMED_UNIT ( * ) PLANE_ANGLE_UNIT ( ) SI_UNIT ( $, .RADIAN. ) );
#1302 = AXIS2_PLACEMENT_3D ( 'NONE', #348, #1369, #2072 ) ;
#1303 = VECTOR ( 'NONE', #98, 1000.000000000000000 ) ;
#1304 = VECTOR ( 'NONE', #2097, 1000.000000000000000 ) ;
#1305 = CARTESIAN_POINT ( 'NONE',  ( -1.534999999999998588, 1.355442493239064590E-15, 50.00000000000000711 ) ) ;
#1306 =( LENGTH_UNIT ( ) NAMED_UNIT ( * ) SI_UNIT ( .MILLI., .METRE. ) );
#1307 = FILL_AREA_STYLE ('',( #1104 ) ) ;
#1308 = PRESENTATION_LAYER_ASSIGNMENT (  '', '', ( #28 ) ) ;
#1309 = PRESENTATION_STYLE_ASSIGNMENT (( #781 ) ) ;
#1310 = FACE_OUTER_BOUND ( 'NONE', #1068, .T. ) ;
#1311 = ADVANCED_FACE ( 'NONE', ( #798 ), #470, .T. ) ;
#1312 = COLOUR_RGB ( '',0.4980392156862745168, 0.4980392156862745168, 0.4980392156862745168 ) ;
#1313 = CARTESIAN_POINT ( 'NONE',  ( -3.534999999999997922, 1.110513133409594097E-15, 50.00000000000000711 ) ) ;
#1314 = DIRECTION ( 'NONE',  ( 0.000000000000000000, 1.000000000000000000, -0.000000000000000000 ) ) ;
#1315 = EDGE_CURVE ( 'NONE', #1881, #1136, #2166, .T. ) ;
#1316 = PLANE ( 'NONE',  #172 ) ;
#1317 = ORIENTED_EDGE ( 'NONE', *, *, #2157, .T. ) ;
#1318 = FILL_AREA_STYLE_COLOUR ( '', #1192 ) ;
#1319 = CARTESIAN_POINT ( 'NONE',  ( 0.000000000000000000, 0.000000000000000000, 51.00000000000000711 ) ) ;
#1320 = UNCERTAINTY_MEASURE_WITH_UNIT (LENGTH_MEASURE( 1.000000000000000082E-05 ), #1910, 'distance_accuracy_value', 'NONE');
#1321 = PLANE ( 'NONE',  #1897 ) ;
#1322 = CARTESIAN_POINT ( 'NONE',  ( -3.534999999999997922, 1.110513133409594097E-15, 51.00000000000000711 ) ) ;
#1323 = ORIENTED_EDGE ( 'NONE', *, *, #1427, .F. ) ;
#1324 = FILL_AREA_STYLE ('',( #614 ) ) ;
#1325 = ORIENTED_EDGE ( 'NONE', *, *, #140, .T. ) ;
#1326 = FILL_AREA_STYLE_COLOUR ( '', #571 ) ;
#1327 = ADVANCED_FACE ( 'NONE', ( #182 ), #2094, .F. ) ;
#1328 = SURFACE_STYLE_FILL_AREA ( #2193 ) ;
#1329 = ORIENTED_EDGE ( 'NONE', *, *, #140, .F. ) ;
#1330 = DIRECTION ( 'NONE',  ( -0.000000000000000000, 0.000000000000000000, 1.000000000000000000 ) ) ;
#1331 = DIRECTION ( 'NONE',  ( 1.000000000000000000, 0.000000000000000000, 0.000000000000000000 ) ) ;
#1332 = FILL_AREA_STYLE ('',( #239 ) ) ;
#1333 = FACE_OUTER_BOUND ( 'NONE', #412, .T. ) ;
#1334 = ORIENTED_EDGE ( 'NONE', *, *, #388, .F. ) ;
#1335 = PRESENTATION_STYLE_ASSIGNMENT (( #2179 ) ) ;
#1336 = MECHANICAL_DESIGN_GEOMETRIC_PRESENTATION_REPRESENTATION (  '', ( #1824 ), #57 ) ;
#1337 = MECHANICAL_DESIGN_GEOMETRIC_PRESENTATION_REPRESENTATION (  '', ( #565 ), #816 ) ;
#1338 = ORIENTED_EDGE ( 'NONE', *, *, #1342, .T. ) ;
#1339 = PRESENTATION_STYLE_ASSIGNMENT (( #269 ) ) ;
#1340 = PRESENTATION_LAYER_ASSIGNMENT (  '', '', ( #352 ) ) ;
#1341 =( NAMED_UNIT ( * ) SI_UNIT ( $, .STERADIAN. ) SOLID_ANGLE_UNIT ( ) );
#1342 = EDGE_CURVE ( 'NONE', #859, #1443, #662, .T. ) ;
#1343 = AXIS2_PLACEMENT_3D ( 'NONE', #78, #1470, #445 ) ;
#1344 = STYLED_ITEM ( 'NONE', ( #2170 ), #434 ) ;
#1345 = LINE ( 'NONE', #637, #647 ) ;
#1346 = FILL_AREA_STYLE ('',( #1695 ) ) ;
#1347 = EDGE_CURVE ( 'NONE', #1025, #198, #860, .T. ) ;
#1348 = FACE_OUTER_BOUND ( 'NONE', #1051, .T. ) ;
#1349 = DIRECTION ( 'NONE',  ( -0.000000000000000000, -0.000000000000000000, -1.000000000000000000 ) ) ;
#1350 = CIRCLE ( 'NONE', #895, 16.50000000000000355 ) ;
#1351 = PRESENTATION_STYLE_ASSIGNMENT (( #623 ) ) ;
#1352 = FACE_OUTER_BOUND ( 'NONE', #1963, .T. ) ;
#1353 = EDGE_LOOP ( 'NONE', ( #1640, #1546, #624, #2060 ) ) ;
#1354 = SURFACE_STYLE_USAGE ( .BOTH. , #144 ) ;
#1355 = DIRECTION ( 'NONE',  ( -1.000000000000000000, 0.000000000000000000, 0.000000000000000000 ) ) ;
#1356 = CARTESIAN_POINT ( 'NONE',  ( 28.67864147905626737, -4.063508326896249301, 24.18672423246184167 ) ) ;
#1357 = ORIENTED_EDGE ( 'NONE', *, *, #1165, .T. ) ;
#1358 = FILL_AREA_STYLE_COLOUR ( '', #176 ) ;
#1359 = DIRECTION ( 'NONE',  ( -0.6447015249951880689, -6.989867940045011317E-15, 0.7644343946140040869 ) ) ;
#1360 = VERTEX_POINT ( 'NONE', #1588 ) ;
#1361 = CARTESIAN_POINT ( 'NONE',  ( 3.035000000000000586, -2.936491673103720057, 54.00000000000000711 ) ) ;
#1362 = DIRECTION ( 'NONE',  ( -1.000000000000000000, -1.301042606982606899E-15, 0.000000000000000000 ) ) ;
#1363 = PRESENTATION_STYLE_ASSIGNMENT (( #275 ) ) ;
#1364 = DIRECTION ( 'NONE',  ( 1.000000000000000000, 0.000000000000000000, 0.000000000000000000 ) ) ;
#1365 = ORIENTED_EDGE ( 'NONE', *, *, #1788, .T. ) ;
#1366 = PRESENTATION_STYLE_ASSIGNMENT (( #2243 ) ) ;
#1367 = ADVANCED_FACE ( 'NONE', ( #1395 ), #2227, .T. ) ;
#1368 = EDGE_LOOP ( 'NONE', ( #1504, #20 ) ) ;
#1369 = DIRECTION ( 'NONE',  ( 0.000000000000000000, 1.000000000000000000, 0.000000000000000000 ) ) ;
#1370 = CARTESIAN_POINT ( 'NONE',  ( 0.000000000000000000, 0.000000000000000000, 50.00000000000000711 ) ) ;
#1371 = VERTEX_POINT ( 'NONE', #1036 ) ;
#1372 = VECTOR ( 'NONE', #16, 1000.000000000000000 ) ;
#1373 = PRESENTATION_LAYER_ASSIGNMENT (  '', '', ( #1154 ) ) ;
#1374 = MECHANICAL_DESIGN_GEOMETRIC_PRESENTATION_REPRESENTATION (  '', ( #639 ), #779 ) ;
#1375 = CIRCLE ( 'NONE', #1530, 17.50000000000000711 ) ;
#1376 = SURFACE_STYLE_USAGE ( .BOTH. , #1796 ) ;
#1377 = PRESENTATION_STYLE_ASSIGNMENT (( #2242 ) ) ;
#1378 = PRESENTATION_LAYER_ASSIGNMENT (  '', '', ( #887 ) ) ;
#1379 = PRESENTATION_LAYER_ASSIGNMENT (  '', '', ( #678 ) ) ;
#1380 = EDGE_LOOP ( 'NONE', ( #2216, #1996, #1086, #1889 ) ) ;
#1381 = FILL_AREA_STYLE_COLOUR ( '', #1040 ) ;
#1382 =( GEOMETRIC_REPRESENTATION_CONTEXT ( 3 ) GLOBAL_UNCERTAINTY_ASSIGNED_CONTEXT ( ( #261 ) ) GLOBAL_UNIT_ASSIGNED_CONTEXT ( ( #197, #380, #904 ) ) REPRESENTATION_CONTEXT ( 'NONE', 'WORKASPACE' ) );
#1383 = EDGE_CURVE ( 'NONE', #288, #2239, #1196, .T. ) ;
#1384 = PRESENTATION_LAYER_ASSIGNMENT (  '', '', ( #1728 ) ) ;
#1385 = DIRECTION ( 'NONE',  ( 1.000000000000000000, 0.000000000000000000, 0.000000000000000000 ) ) ;
#1386 = AXIS2_PLACEMENT_3D ( 'NONE', #1370, #633, #2075 ) ;
#1387 = EDGE_LOOP ( 'NONE', ( #233, #345, #1852, #258 ) ) ;
#1388 =( NAMED_UNIT ( * ) PLANE_ANGLE_UNIT ( ) SI_UNIT ( $, .RADIAN. ) );
#1389 = COLOUR_RGB ( '',0.7921568627450980005, 0.8196078431372548767, 0.9333333333333333481 ) ;
#1390 = UNCERTAINTY_MEASURE_WITH_UNIT (LENGTH_MEASURE( 1.000000000000000082E-05 ), #2080, 'distance_accuracy_value', 'NONE');
#1391 = SURFACE_STYLE_FILL_AREA ( #1194 ) ;
#1392 =( NAMED_UNIT ( * ) SI_UNIT ( $, .STERADIAN. ) SOLID_ANGLE_UNIT ( ) );
#1393 = FILL_AREA_STYLE ('',( #1554 ) ) ;
#1394 = DIRECTION ( 'NONE',  ( -0.000000000000000000, 0.000000000000000000, 1.000000000000000000 ) ) ;
#1395 = FACE_OUTER_BOUND ( 'NONE', #790, .T. ) ;
#1396 = VERTEX_POINT ( 'NONE', #326 ) ;
#1397 = EDGE_CURVE ( 'NONE', #1815, #2000, #1687, .T. ) ;
#1398 = DIRECTION ( 'NONE',  ( 1.000000000000000000, 0.000000000000000000, 0.000000000000000000 ) ) ;
#1399 = DIRECTION ( 'NONE',  ( 1.224646799147353207E-16, 1.000000000000000000, -0.000000000000000000 ) ) ;
#1400 = FACE_OUTER_BOUND ( 'NONE', #898, .T. ) ;
#1401 = FILL_AREA_STYLE ('',( #2124 ) ) ;
#1402 = DIRECTION ( 'NONE',  ( -0.000000000000000000, 0.000000000000000000, 1.000000000000000000 ) ) ;
#1403 = DIRECTION ( 'NONE',  ( -0.000000000000000000, -0.000000000000000000, -1.000000000000000000 ) ) ;
#1404 = DIRECTION ( 'NONE',  ( -0.000000000000000000, -0.000000000000000000, -1.000000000000000000 ) ) ;
#1405 = FILL_AREA_STYLE ('',( #703 ) ) ;
#1406 = ORIENTED_EDGE ( 'NONE', *, *, #2138, .F. ) ;
#1407 =( NAMED_UNIT ( * ) PLANE_ANGLE_UNIT ( ) SI_UNIT ( $, .RADIAN. ) );
#1408 = MECHANICAL_DESIGN_GEOMETRIC_PRESENTATION_REPRESENTATION (  '', ( #636 ), #1151 ) ;
#1409 = EDGE_CURVE ( 'NONE', #1701, #60, #2087, .T. ) ;
#1410 =( NAMED_UNIT ( * ) PLANE_ANGLE_UNIT ( ) SI_UNIT ( $, .RADIAN. ) );
#1411 = FACE_OUTER_BOUND ( 'NONE', #877, .T. ) ;
#1412 = CARTESIAN_POINT ( 'NONE',  ( 0.000000000000000000, 0.000000000000000000, 35.00000000000000000 ) ) ;
#1413 = DIRECTION ( 'NONE',  ( 0.000000000000000000, 0.000000000000000000, 1.000000000000000000 ) ) ;
#1414 = EDGE_LOOP ( 'NONE', ( #1425, #1980, #419, #2236 ) ) ;
#1415 = SURFACE_STYLE_USAGE ( .BOTH. , #3 ) ;
#1416 = AXIS2_PLACEMENT_3D ( 'NONE', #1139, #1832, #645 ) ;
#1417 =( GEOMETRIC_REPRESENTATION_CONTEXT ( 3 ) GLOBAL_UNCERTAINTY_ASSIGNED_CONTEXT ( ( #2162 ) ) GLOBAL_UNIT_ASSIGNED_CONTEXT ( ( #686, #2235, #298 ) ) REPRESENTATION_CONTEXT ( 'NONE', 'WORKASPACE' ) );
#1418 = CARTESIAN_POINT ( 'NONE',  ( 3.534999999999997922, -2.936491673103720501, 54.00000000000000711 ) ) ;
#1419 = CIRCLE ( 'NONE', #142, 1.000000000000000888 ) ;
#1420 = SURFACE_SIDE_STYLE ('',( #232 ) ) ;
#1421 = VECTOR ( 'NONE', #2164, 1000.000000000000000 ) ;
#1422 = MECHANICAL_DESIGN_GEOMETRIC_PRESENTATION_REPRESENTATION (  '', ( #180 ), #2186 ) ;
#1423 = CARTESIAN_POINT ( 'NONE',  ( -3.534999999999997922, 1.110513133409594097E-15, 51.00000000000000711 ) ) ;
#1424 = CARTESIAN_POINT ( 'NONE',  ( 3.535000000000001030, 3.053000663637090623E-16, 51.00000000000000711 ) ) ;
#1425 = ORIENTED_EDGE ( 'NONE', *, *, #378, .T. ) ;
#1426 = CARTESIAN_POINT ( 'NONE',  ( -3.035000000000000586, 0.000000000000000000, 50.00000000000000711 ) ) ;
#1427 = EDGE_CURVE ( 'NONE', #169, #288, #552, .T. ) ;
#1428 = DIRECTION ( 'NONE',  ( -0.000000000000000000, -0.000000000000000000, -1.000000000000000000 ) ) ;
#1429 = PLANE ( 'NONE',  #1448 ) ;
#1430 = CARTESIAN_POINT ( 'NONE',  ( 4.034999999999999254, -2.936491673103709399, 50.00000000000000711 ) ) ;
#1431 = CARTESIAN_POINT ( 'NONE',  ( 17.50000000000000355, 2.143131898507868643E-15, 35.00000000000000000 ) ) ;
#1432 = UNCERTAINTY_MEASURE_WITH_UNIT (LENGTH_MEASURE( 1.000000000000000082E-05 ), #1502, 'distance_accuracy_value', 'NONE');
#1433 = APPLICATION_PROTOCOL_DEFINITION ( 'draft international standard', 'automotive_design', 1998, #2237 ) ;
#1434 = ORIENTED_EDGE ( 'NONE', *, *, #1175, .F. ) ;
#1435 =( NAMED_UNIT ( * ) SI_UNIT ( $, .STERADIAN. ) SOLID_ANGLE_UNIT ( ) );
#1436 = EDGE_CURVE ( 'NONE', #1440, #1059, #1089, .T. ) ;
#1437 = EDGE_LOOP ( 'NONE', ( #9, #453, #906, #983 ) ) ;
#1438 = EDGE_CURVE ( 'NONE', #1189, #901, #105, .T. ) ;
#1439 = FILL_AREA_STYLE ('',( #919 ) ) ;
#1440 = VERTEX_POINT ( 'NONE', #1785 ) ;
#1441 = CARTESIAN_POINT ( 'NONE',  ( 3.035000000000001030, -1.936491673103708733, 50.00000000000000711 ) ) ;
#1442 = EDGE_CURVE ( 'NONE', #524, #901, #375, .T. ) ;
#1443 = VERTEX_POINT ( 'NONE', #1418 ) ;
#1444 = PRESENTATION_STYLE_ASSIGNMENT (( #1791 ) ) ;
#1445 = VECTOR ( 'NONE', #192, 1000.000000000000000 ) ;
#1446 = VECTOR ( 'NONE', #196, 1000.000000000000000 ) ;
#1447 = PRESENTATION_LAYER_ASSIGNMENT (  '', '', ( #347 ) ) ;
#1448 = AXIS2_PLACEMENT_3D ( 'NONE', #1553, #76, #1668 ) ;
#1449 = COLOUR_RGB ( '',1.000000000000000000, 1.000000000000000000, 1.000000000000000000 ) ;
#1450 = VECTOR ( 'NONE', #1965, 1000.000000000000000 ) ;
#1451 = ADVANCED_FACE ( 'NONE', ( #881 ), #209, .T. ) ;
#1452 = FACE_OUTER_BOUND ( 'NONE', #861, .T. ) ;
#1453 = AXIS2_PLACEMENT_3D ( 'NONE', #599, #118, #1021 ) ;
#1454 =( GEOMETRIC_REPRESENTATION_CONTEXT ( 3 ) GLOBAL_UNCERTAINTY_ASSIGNED_CONTEXT ( ( #1507 ) ) GLOBAL_UNIT_ASSIGNED_CONTEXT ( ( #1786, #2114, #1248 ) ) REPRESENTATION_CONTEXT ( 'NONE', 'WORKASPACE' ) );
#1455 = CARTESIAN_POINT ( 'NONE',  ( 3.035000000000000586, -2.936491673103720057, 50.00000000000000711 ) ) ;
#1456 =( NAMED_UNIT ( * ) PLANE_ANGLE_UNIT ( ) SI_UNIT ( $, .RADIAN. ) );
#1457 = VECTOR ( 'NONE', #110, 1000.000000000000000 ) ;
#1458 = UNCERTAINTY_MEASURE_WITH_UNIT (LENGTH_MEASURE( 1.000000000000000082E-05 ), #1010, 'distance_accuracy_value', 'NONE');
#1459 = MECHANICAL_DESIGN_GEOMETRIC_PRESENTATION_REPRESENTATION (  '', ( #1697 ), #725 ) ;
#1460 = ORIENTED_EDGE ( 'NONE', *, *, #693, .T. ) ;
#1461 = PLANE ( 'NONE',  #2253 ) ;
#1462 = COLOUR_RGB ( '',0.4980392156862745168, 0.4980392156862745168, 0.4980392156862745168 ) ;
#1463 =( NAMED_UNIT ( * ) SI_UNIT ( $, .STERADIAN. ) SOLID_ANGLE_UNIT ( ) );
#1464 = CARTESIAN_POINT ( 'NONE',  ( -17.50000000000000711, 0.000000000000000000, 42.50000000000000711 ) ) ;
#1465 = DIRECTION ( 'NONE',  ( -0.6447015249951878468, 0.000000000000000000, 0.7644343946140043089 ) ) ;
#1466 = PRESENTATION_STYLE_ASSIGNMENT (( #1653 ) ) ;
#1467 = FILL_AREA_STYLE ('',( #2006 ) ) ;
#1468 = DIRECTION ( 'NONE',  ( 0.000000000000000000, -0.000000000000000000, -1.000000000000000000 ) ) ;
#1469 = CARTESIAN_POINT ( 'NONE',  ( -4.035000000000007248, 5.936491673103708955, 53.40714085124917432 ) ) ;
#1470 = DIRECTION ( 'NONE',  ( 0.000000000000000000, 0.000000000000000000, 1.000000000000000000 ) ) ;
#1471 = ADVANCED_FACE ( 'NONE', ( #907 ), #1818, .F. ) ;
#1472 = CARTESIAN_POINT ( 'NONE',  ( 0.000000000000000000, 0.000000000000000000, 37.50000000000000711 ) ) ;
#1473 = SURFACE_STYLE_FILL_AREA ( #769 ) ;
#1474 = EDGE_CURVE ( 'NONE', #1098, #1250, #2150, .T. ) ;
#1475 = PRESENTATION_STYLE_ASSIGNMENT (( #461 ) ) ;
#1476 = SURFACE_STYLE_FILL_AREA ( #596 ) ;
#1477 = EDGE_CURVE ( 'NONE', #430, #991, #1162, .T. ) ;
#1478 =( NAMED_UNIT ( * ) SI_UNIT ( $, .STERADIAN. ) SOLID_ANGLE_UNIT ( ) );
#1479 = ORIENTED_EDGE ( 'NONE', *, *, #378, .F. ) ;
#1480 = COLOUR_RGB ( '',1.000000000000000000, 1.000000000000000000, 1.000000000000000000 ) ;
#1481 = AXIS2_PLACEMENT_3D ( 'NONE', #68, #2154, #1465 ) ;
#1482 =( NAMED_UNIT ( * ) PLANE_ANGLE_UNIT ( ) SI_UNIT ( $, .RADIAN. ) );
#1483 =( GEOMETRIC_REPRESENTATION_CONTEXT ( 3 ) GLOBAL_UNCERTAINTY_ASSIGNED_CONTEXT ( ( #1775 ) ) GLOBAL_UNIT_ASSIGNED_CONTEXT ( ( #1249, #834, #1138 ) ) REPRESENTATION_CONTEXT ( 'NONE', 'WORKASPACE' ) );
#1484 = ORIENTED_EDGE ( 'NONE', *, *, #1409, .F. ) ;
#1485 =( GEOMETRIC_REPRESENTATION_CONTEXT ( 3 ) GLOBAL_UNCERTAINTY_ASSIGNED_CONTEXT ( ( #38 ) ) GLOBAL_UNIT_ASSIGNED_CONTEXT ( ( #2180, #1301, #2213 ) ) REPRESENTATION_CONTEXT ( 'NONE', 'WORKASPACE' ) );
#1486 = STYLED_ITEM ( 'NONE', ( #342 ), #650 ) ;
#1487 = VERTEX_POINT ( 'NONE', #1108 ) ;
#1488 = STYLED_ITEM ( 'NONE', ( #2136 ), #1471 ) ;
#1489 = STYLED_ITEM ( 'NONE', ( #1949 ), #908 ) ;
#1490 = CARTESIAN_POINT ( 'NONE',  ( -3.035000000000000586, 1.936491673103709843, 53.40714085124918853 ) ) ;
#1491 = FILL_AREA_STYLE_COLOUR ( '', #2153 ) ;
#1492 = MECHANICAL_DESIGN_GEOMETRIC_PRESENTATION_REPRESENTATION (  '', ( #1621 ), #788 ) ;
#1493 = DIRECTION ( 'NONE',  ( 1.000000000000000000, 0.000000000000000000, 0.000000000000000000 ) ) ;
#1494 = LINE ( 'NONE', #1823, #1615 ) ;
#1495 = MECHANICAL_DESIGN_GEOMETRIC_PRESENTATION_REPRESENTATION (  '', ( #362 ), #2156 ) ;
#1496 = CARTESIAN_POINT ( 'NONE',  ( -3.035000000000000586, 0.000000000000000000, 51.00000000000000711 ) ) ;
#1497 = EDGE_LOOP ( 'NONE', ( #323, #612, #2261, #480, #1323, #1479 ) ) ;
#1498 =( NAMED_UNIT ( * ) PLANE_ANGLE_UNIT ( ) SI_UNIT ( $, .RADIAN. ) );
#1499 = VECTOR ( 'NONE', #1797, 1000.000000000000000 ) ;
#1500 = ADVANCED_FACE ( 'NONE', ( #1657 ), #1838, .T. ) ;
#1501 = CARTESIAN_POINT ( 'NONE',  ( 0.000000000000000000, 0.000000000000000000, 37.50000000000000711 ) ) ;
#1502 =( LENGTH_UNIT ( ) NAMED_UNIT ( * ) SI_UNIT ( .MILLI., .METRE. ) );
#1503 = PLANE ( 'NONE',  #1833 ) ;
#1504 = ORIENTED_EDGE ( 'NONE', *, *, #1586, .T. ) ;
#1505 =( NAMED_UNIT ( * ) PLANE_ANGLE_UNIT ( ) SI_UNIT ( $, .RADIAN. ) );
#1506 = DIRECTION ( 'NONE',  ( -0.000000000000000000, -0.000000000000000000, -1.000000000000000000 ) ) ;
#1507 = UNCERTAINTY_MEASURE_WITH_UNIT (LENGTH_MEASURE( 1.000000000000000082E-05 ), #1786, 'distance_accuracy_value', 'NONE');
#1508 = SURFACE_STYLE_USAGE ( .BOTH. , #764 ) ;
#1509 = DIRECTION ( 'NONE',  ( 1.000000000000000000, 0.000000000000000000, 0.000000000000000000 ) ) ;
#1510 = EDGE_CURVE ( 'NONE', #588, #1772, #2177, .T. ) ;
#1511 = ORIENTED_EDGE ( 'NONE', *, *, #886, .F. ) ;
#1512 = DIRECTION ( 'NONE',  ( -0.000000000000000000, -0.000000000000000000, -1.000000000000000000 ) ) ;
#1513 = EDGE_CURVE ( 'NONE', #1059, #1742, #632, .T. ) ;
#1514 = DIRECTION ( 'NONE',  ( 1.000000000000000000, 0.000000000000000000, 0.000000000000000000 ) ) ;
#1515 = ORIENTED_EDGE ( 'NONE', *, *, #1205, .T. ) ;
#1516 = FILL_AREA_STYLE ('',( #602 ) ) ;
#1517 = DIRECTION ( 'NONE',  ( 0.000000000000000000, 0.000000000000000000, 1.000000000000000000 ) ) ;
#1518 = SURFACE_SIDE_STYLE ('',( #804 ) ) ;
#1519 = CARTESIAN_POINT ( 'NONE',  ( 3.035000000000002807, -2.632442874794776761E-15, 50.00000000000000711 ) ) ;
#1520 = FILL_AREA_STYLE_COLOUR ( '', #475 ) ;
#1521 = SURFACE_SIDE_STYLE ('',( #166 ) ) ;
#1522 = ORIENTED_EDGE ( 'NONE', *, *, #1409, .T. ) ;
#1523 = EDGE_CURVE ( 'NONE', #1742, #1618, #392, .T. ) ;
#1524 = VECTOR ( 'NONE', #655, 1000.000000000000000 ) ;
#1525 = VERTEX_POINT ( 'NONE', #278 ) ;
#1526 = FACE_OUTER_BOUND ( 'NONE', #1437, .T. ) ;
#1527 = COLOUR_RGB ( '',1.000000000000000000, 1.000000000000000000, 1.000000000000000000 ) ;
#1528 = EDGE_CURVE ( 'NONE', #315, #588, #1698, .T. ) ;
#1529 = PRESENTATION_LAYER_ASSIGNMENT (  '', '', ( #1830 ) ) ;
#1530 = AXIS2_PLACEMENT_3D ( 'NONE', #304, #2231, #1364 ) ;
#1531 = LINE ( 'NONE', #2037, #855 ) ;
#1532 = UNCERTAINTY_MEASURE_WITH_UNIT (LENGTH_MEASURE( 1.000000000000000082E-05 ), #193, 'distance_accuracy_value', 'NONE');
#1533 = CARTESIAN_POINT ( 'NONE',  ( 14.99999999999999645, 0.000000000000000000, 40.00000000000000711 ) ) ;
#1534 = AXIS2_PLACEMENT_3D ( 'NONE', #1953, #2121, #1044 ) ;
#1535 = AXIS2_PLACEMENT_3D ( 'NONE', #694, #174, #872 ) ;
#1536 = ORIENTED_EDGE ( 'NONE', *, *, #1315, .T. ) ;
#1537 = CARTESIAN_POINT ( 'NONE',  ( 0.000000000000000000, 0.000000000000000000, 50.00000000000000711 ) ) ;
#1538 = CIRCLE ( 'NONE', #1876, 1.999999999999999112 ) ;
#1539 = PRESENTATION_LAYER_ASSIGNMENT (  '', '', ( #114 ) ) ;
#1540 =( LENGTH_UNIT ( ) NAMED_UNIT ( * ) SI_UNIT ( .MILLI., .METRE. ) );
#1541 = EDGE_LOOP ( 'NONE', ( #1932, #711, #1515, #416 ) ) ;
#1542 =( NAMED_UNIT ( * ) SI_UNIT ( $, .STERADIAN. ) SOLID_ANGLE_UNIT ( ) );
#1543 = LINE ( 'NONE', #1184, #241 ) ;
#1544 = SURFACE_STYLE_FILL_AREA ( #1393 ) ;
#1545 = SURFACE_STYLE_FILL_AREA ( #828 ) ;
#1546 = ORIENTED_EDGE ( 'NONE', *, *, #485, .T. ) ;
#1547 =( NAMED_UNIT ( * ) SI_UNIT ( $, .STERADIAN. ) SOLID_ANGLE_UNIT ( ) );
#1548 =( NAMED_UNIT ( * ) SI_UNIT ( $, .STERADIAN. ) SOLID_ANGLE_UNIT ( ) );
#1549 = VERTEX_POINT ( 'NONE', #1879 ) ;
#1550 = CARTESIAN_POINT ( 'NONE',  ( -28.67864147905626737, 1.936491673103676314, 24.18672423246184522 ) ) ;
#1551 = CARTESIAN_POINT ( 'NONE',  ( 14.99999999999999645, 1.836970198721029194E-15, 40.00000000000000711 ) ) ;
#1552 = CARTESIAN_POINT ( 'NONE',  ( 1.535000000000000808, 3.053000663637090623E-16, 51.00000000000000711 ) ) ;
#1553 = CARTESIAN_POINT ( 'NONE',  ( -3.035000000000000586, 0.000000000000000000, 54.00000000000000711 ) ) ;
#1554 = FILL_AREA_STYLE_COLOUR ( '', #2052 ) ;
#1555 = DIRECTION ( 'NONE',  ( 0.000000000000000000, 0.000000000000000000, 1.000000000000000000 ) ) ;
#1556 = FILL_AREA_STYLE ('',( #2265 ) ) ;
#1557 = ORIENTED_EDGE ( 'NONE', *, *, #1082, .F. ) ;
#1558 = SURFACE_STYLE_FILL_AREA ( #841 ) ;
#1559 = AXIS2_PLACEMENT_3D ( 'NONE', #379, #1066, #207 ) ;
#1560 = COLOUR_RGB ( '',0.7921568627450980005, 0.8196078431372548767, 0.9333333333333333481 ) ;
#1561 = STYLED_ITEM ( 'NONE', ( #1339 ), #977 ) ;
#1562 = MECHANICAL_DESIGN_GEOMETRIC_PRESENTATION_REPRESENTATION (  '', ( #847 ), #1232 ) ;
#1563 = DIRECTION ( 'NONE',  ( 1.301042606982606899E-15, -1.000000000000000000, -0.000000000000000000 ) ) ;
#1564 = CARTESIAN_POINT ( 'NONE',  ( -3.035000000000000586, 2.936491673103708511, 51.00000000000000711 ) ) ;
#1565 = VECTOR ( 'NONE', #921, 1000.000000000000000 ) ;
#1566 = VECTOR ( 'NONE', #491, 1000.000000000000000 ) ;
#1567 =( NAMED_UNIT ( * ) PLANE_ANGLE_UNIT ( ) SI_UNIT ( $, .RADIAN. ) );
#1568 = MECHANICAL_DESIGN_GEOMETRIC_PRESENTATION_REPRESENTATION (  '', ( #678 ), #2140 ) ;
#1569 = ORIENTED_EDGE ( 'NONE', *, *, #1342, .F. ) ;
#1570 = CARTESIAN_POINT ( 'NONE',  ( 5.535000000000001030, 5.502294261931797038E-16, 51.00000000000000711 ) ) ;
#1571 = STYLED_ITEM ( 'NONE', ( #1809 ), #1738 ) ;
#1572 = VERTEX_POINT ( 'NONE', #443 ) ;
#1573 = SURFACE_STYLE_USAGE ( .BOTH. , #823 ) ;
#1574 = ADVANCED_FACE ( 'NONE', ( #1137 ), #454, .F. ) ;
#1575 = VECTOR ( 'NONE', #1674, 1000.000000000000000 ) ;
#1576 = CARTESIAN_POINT ( 'NONE',  ( 17.50000000000000711, 0.000000000000000000, 42.50000000000000711 ) ) ;
#1577 = STYLED_ITEM ( 'NONE', ( #1642 ), #2120 ) ;
#1578 =( NAMED_UNIT ( * ) PLANE_ANGLE_UNIT ( ) SI_UNIT ( $, .RADIAN. ) );
#1579 = FILL_AREA_STYLE_COLOUR ( '', #1864 ) ;
#1580 = FACE_OUTER_BOUND ( 'NONE', #2209, .T. ) ;
#1581 = CARTESIAN_POINT ( 'NONE',  ( 4.034999999999999254, -2.936491673103709399, 54.00000000000000711 ) ) ;
#1582 = UNCERTAINTY_MEASURE_WITH_UNIT (LENGTH_MEASURE( 1.000000000000000082E-05 ), #2005, 'distance_accuracy_value', 'NONE');
#1583 =( LENGTH_UNIT ( ) NAMED_UNIT ( * ) SI_UNIT ( .MILLI., .METRE. ) );
#1584 = ORIENTED_EDGE ( 'NONE', *, *, #1992, .T. ) ;
#1585 = LINE ( 'NONE', #1426, #1620 ) ;
#1586 = EDGE_CURVE ( 'NONE', #654, #787, #1616, .T. ) ;
#1587 = EDGE_LOOP ( 'NONE', ( #1584, #2234, #473, #1128 ) ) ;
#1588 = CARTESIAN_POINT ( 'NONE',  ( 4.034999999999999254, -2.936491673103709399, 50.00000000000000711 ) ) ;
#1589 = SURFACE_STYLE_FILL_AREA ( #183 ) ;
#1590 = DIRECTION ( 'NONE',  ( -0.000000000000000000, -0.000000000000000000, -1.000000000000000000 ) ) ;
#1591 = ORIENTED_EDGE ( 'NONE', *, *, #1106, .T. ) ;
#1592 = SURFACE_STYLE_USAGE ( .BOTH. , #1026 ) ;
#1593 = FACE_OUTER_BOUND ( 'NONE', #456, .T. ) ;
#1594 = PLANE ( 'NONE',  #395 ) ;
#1595 = PRESENTATION_STYLE_ASSIGNMENT (( #1376 ) ) ;
#1596 = ORIENTED_EDGE ( 'NONE', *, *, #563, .F. ) ;
#1597 =( NAMED_UNIT ( * ) SI_UNIT ( $, .STERADIAN. ) SOLID_ANGLE_UNIT ( ) );
#1598 = ORIENTED_EDGE ( 'NONE', *, *, #220, .F. ) ;
#1599 = DIRECTION ( 'NONE',  ( 1.000000000000000000, 0.000000000000000000, 0.000000000000000000 ) ) ;
#1600 = SURFACE_STYLE_FILL_AREA ( #553 ) ;
#1601 = ORIENTED_EDGE ( 'NONE', *, *, #651, .T. ) ;
#1602 =( NAMED_UNIT ( * ) PLANE_ANGLE_UNIT ( ) SI_UNIT ( $, .RADIAN. ) );
#1603 = ADVANCED_FACE ( 'NONE', ( #2262 ), #308, .F. ) ;
#1604 = STYLED_ITEM ( 'NONE', ( #1363 ), #81 ) ;
#1605 = AXIS2_PLACEMENT_3D ( 'NONE', #56, #1628, #2118 ) ;
#1606 = FILL_AREA_STYLE_COLOUR ( '', #1754 ) ;
#1607 = DIRECTION ( 'NONE',  ( -1.000000000000000000, 0.000000000000000000, 0.000000000000000000 ) ) ;
#1608 = VECTOR ( 'NONE', #329, 1000.000000000000000 ) ;
#1609 =( GEOMETRIC_REPRESENTATION_CONTEXT ( 3 ) GLOBAL_UNCERTAINTY_ASSIGNED_CONTEXT ( ( #1611 ) ) GLOBAL_UNIT_ASSIGNED_CONTEXT ( ( #451, #1121, #228 ) ) REPRESENTATION_CONTEXT ( 'NONE', 'WORKASPACE' ) );
#1610 = DIRECTION ( 'NONE',  ( -0.6447015249951877358, 0.000000000000000000, -0.7644343946140043089 ) ) ;
#1611 = UNCERTAINTY_MEASURE_WITH_UNIT (LENGTH_MEASURE( 1.000000000000000082E-05 ), #451, 'distance_accuracy_value', 'NONE');
#1612 = LINE ( 'NONE', #27, #23 ) ;
#1613 = ORIENTED_EDGE ( 'NONE', *, *, #965, .F. ) ;
#1614 = VECTOR ( 'NONE', #2023, 1000.000000000000000 ) ;
#1615 = VECTOR ( 'NONE', #250, 1000.000000000000000 ) ;
#1616 = CIRCLE ( 'NONE', #240, 16.50000000000000711 ) ;
#1617 = AXIS2_PLACEMENT_3D ( 'NONE', #530, #1517, #2247 ) ;
#1618 = VERTEX_POINT ( 'NONE', #1570 ) ;
#1619 =( NAMED_UNIT ( * ) PLANE_ANGLE_UNIT ( ) SI_UNIT ( $, .RADIAN. ) );
#1620 = VECTOR ( 'NONE', #897, 1000.000000000000000 ) ;
#1621 = STYLED_ITEM ( 'NONE', ( #586 ), #1930 ) ;
#1622 = STYLED_ITEM ( 'NONE', ( #2054 ), #2085 ) ;
#1623 = MECHANICAL_DESIGN_GEOMETRIC_PRESENTATION_REPRESENTATION (  '', ( #1088 ), #615 ) ;
#1624 = EDGE_CURVE ( 'NONE', #315, #268, #336, .T. ) ;
#1625 = SURFACE_SIDE_STYLE ('',( #1256 ) ) ;
#1626 = EDGE_LOOP ( 'NONE', ( #2086, #680, #1798, #297, #165 ) ) ;
#1627 = DIRECTION ( 'NONE',  ( 0.000000000000000000, 0.000000000000000000, 1.000000000000000000 ) ) ;
#1628 = DIRECTION ( 'NONE',  ( 0.000000000000000000, 0.000000000000000000, 1.000000000000000000 ) ) ;
#1629 = CARTESIAN_POINT ( 'NONE',  ( 0.000000000000000000, -1.936491673103708733, 50.00000000000000711 ) ) ;
#1630 = UNCERTAINTY_MEASURE_WITH_UNIT (LENGTH_MEASURE( 1.000000000000000082E-05 ), #513, 'distance_accuracy_value', 'NONE');
#1631 = ORIENTED_EDGE ( 'NONE', *, *, #446, .F. ) ;
#1632 =( LENGTH_UNIT ( ) NAMED_UNIT ( * ) SI_UNIT ( .MILLI., .METRE. ) );
#1633 = DIRECTION ( 'NONE',  ( 1.000000000000000000, 0.000000000000000000, 0.000000000000000000 ) ) ;
#1634 =( LENGTH_UNIT ( ) NAMED_UNIT ( * ) SI_UNIT ( .MILLI., .METRE. ) );
#1635 = LINE ( 'NONE', #51, #101 ) ;
#1636 = CARTESIAN_POINT ( 'NONE',  ( -17.50000000000000355, -2.143131898507868643E-15, 35.00000000000000000 ) ) ;
#1637 = SURFACE_SIDE_STYLE ('',( #948 ) ) ;
#1638 = CARTESIAN_POINT ( 'NONE',  ( -4.034999999999999254, 0.000000000000000000, 54.00000000000000711 ) ) ;
#1639 = CLOSED_SHELL ( 'NONE', ( #1261, #231, #1327, #1930, #799, #1718, #1058 ) ) ;
#1640 = ORIENTED_EDGE ( 'NONE', *, *, #539, .F. ) ;
#1641 = CARTESIAN_POINT ( 'NONE',  ( -2.065712400869484711, 2.936491673103708511, 52.25783880941870763 ) ) ;
#1642 = PRESENTATION_STYLE_ASSIGNMENT (( #157 ) ) ;
#1643 = MECHANICAL_DESIGN_GEOMETRIC_PRESENTATION_REPRESENTATION (  '', ( #352 ), #1721 ) ;
#1644 =( GEOMETRIC_REPRESENTATION_CONTEXT ( 3 ) GLOBAL_UNCERTAINTY_ASSIGNED_CONTEXT ( ( #1999 ) ) GLOBAL_UNIT_ASSIGNED_CONTEXT ( ( #1995, #1619, #32 ) ) REPRESENTATION_CONTEXT ( 'NONE', 'WORKASPACE' ) );
#1645 = COLOUR_RGB ( '',0.2980392156862745057, 0.2980392156862745057, 0.2980392156862745057 ) ;
#1646 = PRESENTATION_STYLE_ASSIGNMENT (( #1076 ) ) ;
#1647 = LINE ( 'NONE', #127, #1826 ) ;
#1648 =( GEOMETRIC_REPRESENTATION_CONTEXT ( 3 ) GLOBAL_UNCERTAINTY_ASSIGNED_CONTEXT ( ( #1320 ) ) GLOBAL_UNIT_ASSIGNED_CONTEXT ( ( #1910, #1181, #324 ) ) REPRESENTATION_CONTEXT ( 'NONE', 'WORKASPACE' ) );
#1649 = ORIENTED_EDGE ( 'NONE', *, *, #100, .T. ) ;
#1650 = AXIS2_PLACEMENT_3D ( 'NONE', #1834, #249, #1662 ) ;
#1651 =( NAMED_UNIT ( * ) SI_UNIT ( $, .STERADIAN. ) SOLID_ANGLE_UNIT ( ) );
#1652 = UNCERTAINTY_MEASURE_WITH_UNIT (LENGTH_MEASURE( 1.000000000000000082E-05 ), #1306, 'distance_accuracy_value', 'NONE');
#1653 = SURFACE_STYLE_USAGE ( .BOTH. , #1874 ) ;
#1654 = DIRECTION ( 'NONE',  ( -1.000000000000000000, 0.000000000000000000, 0.000000000000000000 ) ) ;
#1655 = PLANE ( 'NONE',  #503 ) ;
#1656 = ORIENTED_EDGE ( 'NONE', *, *, #1347, .F. ) ;
#1657 = FACE_OUTER_BOUND ( 'NONE', #570, .T. ) ;
#1658 = SURFACE_STYLE_FILL_AREA ( #108 ) ;
#1659 = PRESENTATION_STYLE_ASSIGNMENT (( #936 ) ) ;
#1660 = DIRECTION ( 'NONE',  ( -0.000000000000000000, 0.000000000000000000, 1.000000000000000000 ) ) ;
#1661 = EDGE_CURVE ( 'NONE', #934, #148, #1907, .T. ) ;
#1662 = DIRECTION ( 'NONE',  ( 1.000000000000000000, 0.000000000000000000, 0.000000000000000000 ) ) ;
#1663 = CARTESIAN_POINT ( 'NONE',  ( -17.50000000000000711, 0.000000000000000000, 49.00000000000000711 ) ) ;
#1664 = PRESENTATION_STYLE_ASSIGNMENT (( #2001 ) ) ;
#1665 = DIRECTION ( 'NONE',  ( -0.000000000000000000, -0.000000000000000000, -1.000000000000000000 ) ) ;
#1666 = ORIENTED_EDGE ( 'NONE', *, *, #594, .F. ) ;
#1667 = DIRECTION ( 'NONE',  ( -1.000000000000000000, 0.000000000000000000, 0.000000000000000000 ) ) ;
#1668 = DIRECTION ( 'NONE',  ( 0.000000000000000000, 0.000000000000000000, 1.000000000000000000 ) ) ;
#1669 = CARTESIAN_POINT ( 'NONE',  ( 1.535000000000000808, 3.053000663637090623E-16, 51.00000000000000711 ) ) ;
#1670 = VERTEX_POINT ( 'NONE', #2061 ) ;
#1671 =( NAMED_UNIT ( * ) SI_UNIT ( $, .STERADIAN. ) SOLID_ANGLE_UNIT ( ) );
#1672 =( NAMED_UNIT ( * ) PLANE_ANGLE_UNIT ( ) SI_UNIT ( $, .RADIAN. ) );
#1673 = PLANE ( 'NONE',  #1079 ) ;
#1674 = DIRECTION ( 'NONE',  ( 0.000000000000000000, -1.000000000000000000, 0.000000000000000000 ) ) ;
#1675 = UNCERTAINTY_MEASURE_WITH_UNIT (LENGTH_MEASURE( 1.000000000000000082E-05 ), #272, 'distance_accuracy_value', 'NONE');
#1676 = ADVANCED_FACE ( 'NONE', ( #1034 ), #2070, .T. ) ;
#1677 = LINE ( 'NONE', #589, #1303 ) ;
#1678 = COLOUR_RGB ( '',1.000000000000000000, 1.000000000000000000, 1.000000000000000000 ) ;
#1679 = SURFACE_STYLE_USAGE ( .BOTH. , #264 ) ;
#1680 = ORIENTED_EDGE ( 'NONE', *, *, #1893, .T. ) ;
#1681 = SURFACE_STYLE_USAGE ( .BOTH. , #417 ) ;
#1682 = VECTOR ( 'NONE', #1991, 1000.000000000000000 ) ;
#1683 = PRESENTATION_LAYER_ASSIGNMENT (  '', '', ( #1715 ) ) ;
#1684 = VECTOR ( 'NONE', #2002, 1000.000000000000000 ) ;
#1685 = STYLED_ITEM ( 'NONE', ( #455 ), #245 ) ;
#1686 = DIRECTION ( 'NONE',  ( -1.301042606982606899E-15, 1.000000000000000000, 0.000000000000000000 ) ) ;
#1687 = CIRCLE ( 'NONE', #673, 17.50000000000000355 ) ;
#1688 = COLOUR_RGB ( '',1.000000000000000000, 1.000000000000000000, 1.000000000000000000 ) ;
#1689 = ORIENTED_EDGE ( 'NONE', *, *, #843, .F. ) ;
#1690 = PRESENTATION_LAYER_ASSIGNMENT (  '', '', ( #924 ) ) ;
#1691 = COLOUR_RGB ( '',1.000000000000000000, 1.000000000000000000, 1.000000000000000000 ) ;
#1692 = ADVANCED_BREP_SHAPE_REPRESENTATION ( 'ESMQ451VSN681MA50S', ( #947, #977, #1747, #202, #908, #980, #218, #968, #505 ), #728 ) ;
#1693 = STYLED_ITEM ( 'NONE', ( #1293 ), #1877 ) ;
#1694 = CIRCLE ( 'NONE', #1650, 1.999999999999999112 ) ;
#1695 = FILL_AREA_STYLE_COLOUR ( '', #1678 ) ;
#1696 = SURFACE_SIDE_STYLE ('',( #620 ) ) ;
#1697 = STYLED_ITEM ( 'NONE', ( #679 ), #2088 ) ;
#1698 = LINE ( 'NONE', #1469, #535 ) ;
#1699 =( NAMED_UNIT ( * ) SI_UNIT ( $, .STERADIAN. ) SOLID_ANGLE_UNIT ( ) );
#1700 =( NAMED_UNIT ( * ) SI_UNIT ( $, .STERADIAN. ) SOLID_ANGLE_UNIT ( ) );
#1701 = VERTEX_POINT ( 'NONE', #2051 ) ;
#1702 = CARTESIAN_POINT ( 'NONE',  ( 0.000000000000000000, 0.000000000000000000, 50.00000000000000711 ) ) ;
#1703 = FILL_AREA_STYLE ('',( #1191 ) ) ;
#1704 = SURFACE_STYLE_FILL_AREA ( #1346 ) ;
#1705 = LINE ( 'NONE', #86, #2263 ) ;
#1706 = ORIENTED_EDGE ( 'NONE', *, *, #651, .F. ) ;
#1707 = DIRECTION ( 'NONE',  ( 1.000000000000000000, 0.000000000000000000, 0.000000000000000000 ) ) ;
#1708 = SURFACE_STYLE_FILL_AREA ( #2033 ) ;
#1709 = VERTEX_POINT ( 'NONE', #136 ) ;
#1710 = PRESENTATION_STYLE_ASSIGNMENT (( #1853 ) ) ;
#1711 = CARTESIAN_POINT ( 'NONE',  ( 0.000000000000000000, 0.000000000000000000, 35.00000000000000000 ) ) ;
#1712 = PRESENTATION_STYLE_ASSIGNMENT (( #2068 ) ) ;
#1713 = CARTESIAN_POINT ( 'NONE',  ( 0.000000000000000000, 0.000000000000000000, 35.00000000000000000 ) ) ;
#1714 = AXIS2_PLACEMENT_3D ( 'NONE', #84, #97, #1493 ) ;
#1715 = STYLED_ITEM ( 'NONE', ( #900 ), #216 ) ;
#1716 = COLOUR_RGB ( '',0.7921568627450980005, 0.8196078431372548767, 0.9333333333333333481 ) ;
#1717 = STYLED_ITEM ( 'NONE', ( #1595 ), #289 ) ;
#1718 = ADVANCED_FACE ( 'NONE', ( #837 ), #670, .F. ) ;
#1719 =( NAMED_UNIT ( * ) PLANE_ANGLE_UNIT ( ) SI_UNIT ( $, .RADIAN. ) );
#1720 = ORIENTED_EDGE ( 'NONE', *, *, #1513, .F. ) ;
#1721 =( GEOMETRIC_REPRESENTATION_CONTEXT ( 3 ) GLOBAL_UNCERTAINTY_ASSIGNED_CONTEXT ( ( #913 ) ) GLOBAL_UNIT_ASSIGNED_CONTEXT ( ( #1023, #139, #1547 ) ) REPRESENTATION_CONTEXT ( 'NONE', 'WORKASPACE' ) );
#1722 = STYLED_ITEM ( 'NONE', ( #1712 ), #498 ) ;
#1723 = AXIS2_PLACEMENT_3D ( 'NONE', #845, #1730, #146 ) ;
#1724 = UNCERTAINTY_MEASURE_WITH_UNIT (LENGTH_MEASURE( 1.000000000000000082E-05 ), #2174, 'distance_accuracy_value', 'NONE');
#1725 =( LENGTH_UNIT ( ) NAMED_UNIT ( * ) SI_UNIT ( .MILLI., .METRE. ) );
#1726 = SURFACE_STYLE_FILL_AREA ( #296 ) ;
#1727 = COLOUR_RGB ( '',0.7921568627450980005, 0.8196078431372548767, 0.9333333333333333481 ) ;
#1728 = STYLED_ITEM ( 'NONE', ( #79 ), #2062 ) ;
#1729 = FACE_OUTER_BOUND ( 'NONE', #1368, .T. ) ;
#1730 = DIRECTION ( 'NONE',  ( -1.084202172485505223E-14, 1.000000000000000000, 0.000000000000000000 ) ) ;
#1731 = MECHANICAL_DESIGN_GEOMETRIC_PRESENTATION_REPRESENTATION (  '', ( #114 ), #682 ) ;
#1732 = AXIS2_PLACEMENT_3D ( 'NONE', #817, #685, #145 ) ;
#1733 = DIRECTION ( 'NONE',  ( -0.000000000000000000, 0.000000000000000000, 1.000000000000000000 ) ) ;
#1734 = ORIENTED_EDGE ( 'NONE', *, *, #1765, .T. ) ;
#1735 = LINE ( 'NONE', #1550, #1608 ) ;
#1736 = EDGE_CURVE ( 'NONE', #148, #1572, #1585, .T. ) ;
#1737 = FACE_OUTER_BOUND ( 'NONE', #495, .T. ) ;
#1738 = ADVANCED_FACE ( 'NONE', ( #543 ), #1267, .F. ) ;
#1739 = CARTESIAN_POINT ( 'NONE',  ( 0.000000000000000000, 0.000000000000000000, 0.000000000000000000 ) ) ;
#1740 = ORIENTED_EDGE ( 'NONE', *, *, #1109, .F. ) ;
#1741 = CARTESIAN_POINT ( 'NONE',  ( 0.000000000000000000, 0.000000000000000000, 35.00000000000000000 ) ) ;
#1742 = VERTEX_POINT ( 'NONE', #709 ) ;
#1743 = CARTESIAN_POINT ( 'NONE',  ( -3.534999999999985931, 1.936491673103709177, 54.00000000000001421 ) ) ;
#1744 = LINE ( 'NONE', #2091, #311 ) ;
#1745 = LINE ( 'NONE', #1244, #531 ) ;
#1746 = EDGE_CURVE ( 'NONE', #1002, #981, #397, .T. ) ;
#1747 = MANIFOLD_SOLID_BREP ( 'Boss-Extrude3', #876 ) ;
#1748 = ORIENTED_EDGE ( 'NONE', *, *, #621, .F. ) ;
#1749 = CLOSED_SHELL ( 'NONE', ( #1367, #1126, #2106, #344, #1738, #128, #2218 ) ) ;
#1750 = FACE_OUTER_BOUND ( 'NONE', #1920, .T. ) ;
#1751 = ORIENTED_EDGE ( 'NONE', *, *, #2064, .T. ) ;
#1752 = PRESENTATION_STYLE_ASSIGNMENT (( #2090 ) ) ;
#1753 = VECTOR ( 'NONE', #618, 1000.000000000000000 ) ;
#1754 = COLOUR_RGB ( '',0.7921568627450980005, 0.8196078431372548767, 0.9333333333333333481 ) ;
#1755 = MECHANICAL_DESIGN_GEOMETRIC_PRESENTATION_REPRESENTATION (  '', ( #347 ), #203 ) ;
#1756 =( NAMED_UNIT ( * ) SI_UNIT ( $, .STERADIAN. ) SOLID_ANGLE_UNIT ( ) );
#1757 = MECHANICAL_DESIGN_GEOMETRIC_PRESENTATION_REPRESENTATION (  '', ( #465 ), #746 ) ;
#1758 =( GEOMETRIC_REPRESENTATION_CONTEXT ( 3 ) GLOBAL_UNCERTAINTY_ASSIGNED_CONTEXT ( ( #1856 ) ) GLOBAL_UNIT_ASSIGNED_CONTEXT ( ( #656, #1906, #482 ) ) REPRESENTATION_CONTEXT ( 'NONE', 'WORKASPACE' ) );
#1759 = FILL_AREA_STYLE ('',( #1030 ) ) ;
#1760 = FILL_AREA_STYLE ('',( #894 ) ) ;
#1761 = DIRECTION ( 'NONE',  ( 1.000000000000000000, 0.000000000000000000, -0.000000000000000000 ) ) ;
#1762 = COLOUR_RGB ( '',1.000000000000000000, 1.000000000000000000, 1.000000000000000000 ) ;
#1763 = ORIENTED_EDGE ( 'NONE', *, *, #2138, .T. ) ;
#1764 = PRESENTATION_STYLE_ASSIGNMENT (( #659 ) ) ;
#1765 = EDGE_CURVE ( 'NONE', #198, #2226, #356, .T. ) ;
#1766 = CIRCLE ( 'NONE', #2048, 1.000000000000000000 ) ;
#1767 = ORIENTED_EDGE ( 'NONE', *, *, #361, .F. ) ;
#1768 = MECHANICAL_DESIGN_GEOMETRIC_PRESENTATION_REPRESENTATION (  '', ( #67 ), #2219 ) ;
#1769 = SURFACE_SIDE_STYLE ('',( #1844 ) ) ;
#1770 = STYLED_ITEM ( 'NONE', ( #514 ), #2223 ) ;
#1771 = DIRECTION ( 'NONE',  ( 0.000000000000000000, 0.000000000000000000, 1.000000000000000000 ) ) ;
#1772 = VERTEX_POINT ( 'NONE', #12 ) ;
#1773 = LINE ( 'NONE', #1975, #1446 ) ;
#1774 = SURFACE_SIDE_STYLE ('',( #730 ) ) ;
#1775 = UNCERTAINTY_MEASURE_WITH_UNIT (LENGTH_MEASURE( 1.000000000000000082E-05 ), #1249, 'distance_accuracy_value', 'NONE');
#1776 = DIRECTION ( 'NONE',  ( 1.000000000000000000, 0.000000000000000000, -0.000000000000000000 ) ) ;
#1777 = ORIENTED_EDGE ( 'NONE', *, *, #657, .T. ) ;
#1778 = CARTESIAN_POINT ( 'NONE',  ( 4.034999999999999254, 0.000000000000000000, 50.00000000000000711 ) ) ;
#1779 = VERTEX_POINT ( 'NONE', #37 ) ;
#1780 = CARTESIAN_POINT ( 'NONE',  ( -14.99999999999999645, 0.000000000000000000, 37.50000000000000711 ) ) ;
#1781 = DIRECTION ( 'NONE',  ( -0.000000000000000000, 0.000000000000000000, 1.000000000000000000 ) ) ;
#1782 = CARTESIAN_POINT ( 'NONE',  ( 0.000000000000000000, 2.936491673103708511, 50.00000000000000711 ) ) ;
#1783 =( NAMED_UNIT ( * ) PLANE_ANGLE_UNIT ( ) SI_UNIT ( $, .RADIAN. ) );
#1784 = ORIENTED_EDGE ( 'NONE', *, *, #1510, .F. ) ;
#1785 = CARTESIAN_POINT ( 'NONE',  ( 3.035000000000000586, -2.936491673103720057, 51.00000000000000711 ) ) ;
#1786 =( LENGTH_UNIT ( ) NAMED_UNIT ( * ) SI_UNIT ( .MILLI., .METRE. ) );
#1787 = DIRECTION ( 'NONE',  ( 0.000000000000000000, 0.000000000000000000, 1.000000000000000000 ) ) ;
#1788 = EDGE_CURVE ( 'NONE', #1670, #1772, #865, .T. ) ;
#1789 = CIRCLE ( 'NONE', #1605, 17.50000000000000711 ) ;
#1790 = FILL_AREA_STYLE_COLOUR ( '', #200 ) ;
#1791 = SURFACE_STYLE_USAGE ( .BOTH. , #1774 ) ;
#1792 =( GEOMETRIC_REPRESENTATION_CONTEXT ( 3 ) GLOBAL_UNCERTAINTY_ASSIGNED_CONTEXT ( ( #587 ) ) GLOBAL_UNIT_ASSIGNED_CONTEXT ( ( #112, #1505, #1156 ) ) REPRESENTATION_CONTEXT ( 'NONE', 'WORKASPACE' ) );
#1793 = MECHANICAL_DESIGN_GEOMETRIC_PRESENTATION_REPRESENTATION (  '', ( #387 ), #1483 ) ;
#1794 = DIRECTION ( 'NONE',  ( -0.000000000000000000, -0.000000000000000000, -1.000000000000000000 ) ) ;
#1795 = UNCERTAINTY_MEASURE_WITH_UNIT (LENGTH_MEASURE( 1.000000000000000082E-05 ), #2016, 'distance_accuracy_value', 'NONE');
#1796 = SURFACE_SIDE_STYLE ('',( #39 ) ) ;
#1797 = DIRECTION ( 'NONE',  ( 0.000000000000000000, 1.000000000000000000, -0.000000000000000000 ) ) ;
#1798 = ORIENTED_EDGE ( 'NONE', *, *, #1510, .T. ) ;
#1799 = MECHANICAL_DESIGN_GEOMETRIC_PRESENTATION_REPRESENTATION (  '', ( #606 ), #2175 ) ;
#1800 = AXIS2_PLACEMENT_3D ( 'NONE', #966, #930, #2163 ) ;
#1801 = VECTOR ( 'NONE', #1512, 1000.000000000000000 ) ;
#1802 = MECHANICAL_DESIGN_GEOMETRIC_PRESENTATION_REPRESENTATION (  '', ( #1003 ), #646 ) ;
#1803 = MECHANICAL_DESIGN_GEOMETRIC_PRESENTATION_REPRESENTATION (  '', ( #1168 ), #2181 ) ;
#1804 = EDGE_CURVE ( 'NONE', #524, #2189, #242, .T. ) ;
#1805 = EDGE_CURVE ( 'NONE', #382, #934, #1083, .T. ) ;
#1806 = SURFACE_STYLE_FILL_AREA ( #1264 ) ;
#1807 = DIRECTION ( 'NONE',  ( 1.000000000000000000, 0.000000000000000000, 0.000000000000000000 ) ) ;
#1808 = PRESENTATION_STYLE_ASSIGNMENT (( #1054 ) ) ;
#1809 = PRESENTATION_STYLE_ASSIGNMENT (( #1415 ) ) ;
#1810 = SURFACE_STYLE_USAGE ( .BOTH. , #41 ) ;
#1811 = LINE ( 'NONE', #1291, #1684 ) ;
#1812 = SURFACE_SIDE_STYLE ('',( #1806 ) ) ;
#1813 = DIRECTION ( 'NONE',  ( 1.000000000000000000, 0.000000000000000000, 0.000000000000000000 ) ) ;
#1814 = UNCERTAINTY_MEASURE_WITH_UNIT (LENGTH_MEASURE( 1.000000000000000082E-05 ), #1725, 'distance_accuracy_value', 'NONE');
#1815 = VERTEX_POINT ( 'NONE', #1431 ) ;
#1816 =( NAMED_UNIT ( * ) PLANE_ANGLE_UNIT ( ) SI_UNIT ( $, .RADIAN. ) );
#1817 = FACE_OUTER_BOUND ( 'NONE', #1541, .T. ) ;
#1818 = PLANE ( 'NONE',  #500 ) ;
#1819 = LINE ( 'NONE', #234, #1565 ) ;
#1820 = PLANE ( 'NONE',  #719 ) ;
#1821 = PRESENTATION_LAYER_ASSIGNMENT (  '', '', ( #1028 ) ) ;
#1822 = ORIENTED_EDGE ( 'NONE', *, *, #330, .F. ) ;
#1823 = CARTESIAN_POINT ( 'NONE',  ( 3.183750651464684744E-14, -2.936491673103752920, 50.00000000000000711 ) ) ;
#1824 = STYLED_ITEM ( 'NONE', ( #474 ), #947 ) ;
#1825 = AXIS2_PLACEMENT_3D ( 'NONE', #736, #911, #1043 ) ;
#1826 = VECTOR ( 'NONE', #1686, 1000.000000000000000 ) ;
#1827 = COLOUR_RGB ( '',1.000000000000000000, 1.000000000000000000, 1.000000000000000000 ) ;
#1828 = ORIENTED_EDGE ( 'NONE', *, *, #629, .F. ) ;
#1829 = EDGE_CURVE ( 'NONE', #528, #1847, #1766, .T. ) ;
#1830 = STYLED_ITEM ( 'NONE', ( #1764 ), #1603 ) ;
#1831 =( LENGTH_UNIT ( ) NAMED_UNIT ( * ) SI_UNIT ( .MILLI., .METRE. ) );
#1832 = DIRECTION ( 'NONE',  ( -0.000000000000000000, 0.000000000000000000, 1.000000000000000000 ) ) ;
#1833 = AXIS2_PLACEMENT_3D ( 'NONE', #853, #1771, #1237 ) ;
#1834 = CARTESIAN_POINT ( 'NONE',  ( -3.534999999999997922, 1.110513133409594097E-15, 51.00000000000000711 ) ) ;
#1835 = UNCERTAINTY_MEASURE_WITH_UNIT (LENGTH_MEASURE( 1.000000000000000082E-05 ), #1632, 'distance_accuracy_value', 'NONE');
#1836 = MECHANICAL_DESIGN_GEOMETRIC_PRESENTATION_REPRESENTATION (  '', ( #33 ), #321 ) ;
#1837 = DIRECTION ( 'NONE',  ( -1.000000000000000000, 0.000000000000000000, 0.000000000000000000 ) ) ;
#1838 = CYLINDRICAL_SURFACE ( 'NONE', #967, 14.99999999999999645 ) ;
#1839 = SURFACE_STYLE_FILL_AREA ( #1125 ) ;
#1840 = LINE ( 'NONE', #256, #1936 ) ;
#1841 = EDGE_CURVE ( 'NONE', #171, #77, #1419, .T. ) ;
#1842 = ORIENTED_EDGE ( 'NONE', *, *, #126, .T. ) ;
#1843 = FACE_OUTER_BOUND ( 'NONE', #301, .T. ) ;
#1844 = SURFACE_STYLE_FILL_AREA ( #439 ) ;
#1845 = DIRECTION ( 'NONE',  ( 1.000000000000000000, 0.000000000000000000, -0.000000000000000000 ) ) ;
#1846 = DIRECTION ( 'NONE',  ( -0.000000000000000000, -0.000000000000000000, -1.000000000000000000 ) ) ;
#1847 = VERTEX_POINT ( 'NONE', #1978 ) ;
#1848 = SURFACE_STYLE_FILL_AREA ( #266 ) ;
#1849 = CYLINDRICAL_SURFACE ( 'NONE', #1977, 2.000000000000000000 ) ;
#1850 = PRESENTATION_STYLE_ASSIGNMENT (( #808 ) ) ;
#1851 =( NAMED_UNIT ( * ) PLANE_ANGLE_UNIT ( ) SI_UNIT ( $, .RADIAN. ) );
#1852 = ORIENTED_EDGE ( 'NONE', *, *, #1829, .T. ) ;
#1853 = SURFACE_STYLE_USAGE ( .BOTH. , #992 ) ;
#1854 = ADVANCED_FACE ( 'NONE', ( #2133 ), #1594, .F. ) ;
#1855 = CARTESIAN_POINT ( 'NONE',  ( 4.034999999999999254, -2.936491673103709399, 51.00000000000000711 ) ) ;
#1856 = UNCERTAINTY_MEASURE_WITH_UNIT (LENGTH_MEASURE( 1.000000000000000082E-05 ), #656, 'distance_accuracy_value', 'NONE');
#1857 = SURFACE_SIDE_STYLE ('',( #792 ) ) ;
#1858 = CARTESIAN_POINT ( 'NONE',  ( -1.534999999999998588, 1.355442493239064590E-15, 51.00000000000000711 ) ) ;
#1859 = COLOUR_RGB ( '',1.000000000000000000, 1.000000000000000000, 1.000000000000000000 ) ;
#1860 = ORIENTED_EDGE ( 'NONE', *, *, #545, .T. ) ;
#1861 = CARTESIAN_POINT ( 'NONE',  ( -4.034999999999999254, 1.936491673103708511, 54.00000000000000711 ) ) ;
#1862 =( GEOMETRIC_REPRESENTATION_CONTEXT ( 3 ) GLOBAL_UNCERTAINTY_ASSIGNED_CONTEXT ( ( #1279 ) ) GLOBAL_UNIT_ASSIGNED_CONTEXT ( ( #365, #677, #339 ) ) REPRESENTATION_CONTEXT ( 'NONE', 'WORKASPACE' ) );
#1863 = CIRCLE ( 'NONE', #492, 1.000000000000000888 ) ;
#1864 = COLOUR_RGB ( '',0.7921568627450980005, 0.8196078431372548767, 0.9333333333333333481 ) ;
#1865 = DIRECTION ( 'NONE',  ( -0.000000000000000000, -0.000000000000000000, -1.000000000000000000 ) ) ;
#1866 = AXIS2_PLACEMENT_3D ( 'NONE', #2139, #567, #1272 ) ;
#1867 = COLOUR_RGB ( '',0.4980392156862745168, 0.4980392156862745168, 0.4980392156862745168 ) ;
#1868 = ORIENTED_EDGE ( 'NONE', *, *, #1082, .T. ) ;
#1869 = VECTOR ( 'NONE', #1971, 1000.000000000000000 ) ;
#1870 = CIRCLE ( 'NONE', #1617, 16.50000000000000711 ) ;
#1871 = DIRECTION ( 'NONE',  ( 0.000000000000000000, 0.000000000000000000, 1.000000000000000000 ) ) ;
#1872 = FACE_OUTER_BOUND ( 'NONE', #255, .T. ) ;
#1873 = AXIS2_PLACEMENT_3D ( 'NONE', #1202, #1394, #2225 ) ;
#1874 = SURFACE_SIDE_STYLE ('',( #1161 ) ) ;
#1875 = LINE ( 'NONE', #1552, #2215 ) ;
#1876 = AXIS2_PLACEMENT_3D ( 'NONE', #597, #970, #1509 ) ;
#1877 = ADVANCED_FACE ( 'NONE', ( #1926 ), #359, .T. ) ;
#1878 = ORIENTED_EDGE ( 'NONE', *, *, #2064, .F. ) ;
#1879 = CARTESIAN_POINT ( 'NONE',  ( -3.035000000000000586, 1.936491673103709843, 51.00000000000000711 ) ) ;
#1880 = PRODUCT_DEFINITION_FORMATION_WITH_SPECIFIED_SOURCE ( 'ANY', '', #802, .NOT_KNOWN. ) ;
#1881 = VERTEX_POINT ( 'NONE', #343 ) ;
#1882 = SURFACE_SIDE_STYLE ('',( #1129 ) ) ;
#1883 = SURFACE_STYLE_USAGE ( .BOTH. , #1037 ) ;
#1884 = UNCERTAINTY_MEASURE_WITH_UNIT (LENGTH_MEASURE( 1.000000000000000082E-05 ), #1888, 'distance_accuracy_value', 'NONE');
#1885 = LINE ( 'NONE', #1519, #102 ) ;
#1886 = EDGE_LOOP ( 'NONE', ( #953, #1913, #282, #644 ) ) ;
#1887 = CARTESIAN_POINT ( 'NONE',  ( 2.065712400869484267, -1.936491673103708733, 55.74216119058130658 ) ) ;
#1888 =( LENGTH_UNIT ( ) NAMED_UNIT ( * ) SI_UNIT ( .MILLI., .METRE. ) );
#1889 = ORIENTED_EDGE ( 'NONE', *, *, #1383, .T. ) ;
#1890 =( LENGTH_UNIT ( ) NAMED_UNIT ( * ) SI_UNIT ( .MILLI., .METRE. ) );
#1891 = CARTESIAN_POINT ( 'NONE',  ( -4.034999999999999254, 0.000000000000000000, 51.00000000000000711 ) ) ;
#1892 = PLANE ( 'NONE',  #683 ) ;
#1893 = EDGE_CURVE ( 'NONE', #103, #1155, #1131, .T. ) ;
#1894 = ORIENTED_EDGE ( 'NONE', *, *, #1438, .F. ) ;
#1895 = FILL_AREA_STYLE ('',( #1212 ) ) ;
#1896 = PRESENTATION_LAYER_ASSIGNMENT (  '', '', ( #1604 ) ) ;
#1897 = AXIS2_PLACEMENT_3D ( 'NONE', #175, #490, #856 ) ;
#1898 = AXIS2_PLACEMENT_3D ( 'NONE', #692, #1951, #1041 ) ;
#1899 = VECTOR ( 'NONE', #940, 1000.000000000000114 ) ;
#1900 = PRESENTATION_STYLE_ASSIGNMENT (( #800 ) ) ;
#1901 = ORIENTED_EDGE ( 'NONE', *, *, #1477, .F. ) ;
#1902 = SURFACE_SIDE_STYLE ('',( #1558 ) ) ;
#1903 = CIRCLE ( 'NONE', #2212, 14.99999999999999645 ) ;
#1904 = PRESENTATION_LAYER_ASSIGNMENT (  '', '', ( #1488 ) ) ;
#1905 = COLOUR_RGB ( '',0.7921568627450980005, 0.8196078431372548767, 0.9333333333333333481 ) ;
#1906 =( NAMED_UNIT ( * ) PLANE_ANGLE_UNIT ( ) SI_UNIT ( $, .RADIAN. ) );
#1907 = CIRCLE ( 'NONE', #1873, 1.999999999999999112 ) ;
#1908 =( NAMED_UNIT ( * ) PLANE_ANGLE_UNIT ( ) SI_UNIT ( $, .RADIAN. ) );
#1909 = ORIENTED_EDGE ( 'NONE', *, *, #485, .F. ) ;
#1910 =( LENGTH_UNIT ( ) NAMED_UNIT ( * ) SI_UNIT ( .MILLI., .METRE. ) );
#1911 = COLOUR_RGB ( '',1.000000000000000000, 1.000000000000000000, 1.000000000000000000 ) ;
#1912 = AXIS2_PLACEMENT_3D ( 'NONE', #221, #867, #542 ) ;
#1913 = ORIENTED_EDGE ( 'NONE', *, *, #523, .T. ) ;
#1914 = DIRECTION ( 'NONE',  ( 1.000000000000000000, 0.000000000000000000, 0.000000000000000000 ) ) ;
#1915 = FILL_AREA_STYLE ('',( #2266 ) ) ;
#1916 = LINE ( 'NONE', #2268, #879 ) ;
#1917 = DIRECTION ( 'NONE',  ( 1.000000000000000000, 0.000000000000000000, 0.000000000000000000 ) ) ;
#1918 = SURFACE_SIDE_STYLE ('',( #1012 ) ) ;
#1919 = ORIENTED_EDGE ( 'NONE', *, *, #257, .T. ) ;
#1920 = EDGE_LOOP ( 'NONE', ( #1706, #1338, #43, #831, #2250 ) ) ;
#1921 = CARTESIAN_POINT ( 'NONE',  ( 0.000000000000000000, 2.936491673103708511, 54.00000000000000711 ) ) ;
#1922 = ORIENTED_EDGE ( 'NONE', *, *, #2022, .F. ) ;
#1923 = SURFACE_SIDE_STYLE ('',( #511 ) ) ;
#1924 = EDGE_CURVE ( 'NONE', #1059, #169, #1145, .T. ) ;
#1925 = SURFACE_STYLE_USAGE ( .BOTH. , #1223 ) ;
#1926 = FACE_OUTER_BOUND ( 'NONE', #598, .T. ) ;
#1927 = DIRECTION ( 'NONE',  ( -0.7644343946140040869, -9.945617176357746168E-16, -0.6447015249951880689 ) ) ;
#1928 = ORIENTED_EDGE ( 'NONE', *, *, #518, .T. ) ;
#1929 = DIRECTION ( 'NONE',  ( 1.000000000000000000, 0.000000000000000000, 0.000000000000000000 ) ) ;
#1930 = ADVANCED_FACE ( 'NONE', ( #72 ), #260, .F. ) ;
#1931 = LINE ( 'NONE', #1061, #1372 ) ;
#1932 = ORIENTED_EDGE ( 'NONE', *, *, #1805, .F. ) ;
#1933 = PRESENTATION_STYLE_ASSIGNMENT (( #1240 ) ) ;
#1934 = AXIS2_PLACEMENT_3D ( 'NONE', #2025, #1871, #2035 ) ;
#1935 = VECTOR ( 'NONE', #1563, 1000.000000000000000 ) ;
#1936 = VECTOR ( 'NONE', #1865, 1000.000000000000000 ) ;
#1937 = COLOUR_RGB ( '',0.4980392156862745168, 0.4980392156862745168, 0.4980392156862745168 ) ;
#1938 = DIRECTION ( 'NONE',  ( -0.7071067811865487940, -8.659560562354948882E-17, -0.7071067811865463515 ) ) ;
#1939 = LINE ( 'NONE', #1581, #1158 ) ;
#1940 = COLOUR_RGB ( '',0.4980392156862745168, 0.4980392156862745168, 0.4980392156862745168 ) ;
#1941 = CIRCLE ( 'NONE', #714, 2.000000000000000000 ) ;
#1942 = EDGE_CURVE ( 'NONE', #1779, #382, #1694, .T. ) ;
#1943 = DIRECTION ( 'NONE',  ( -1.000000000000000000, 0.000000000000000000, 0.000000000000000000 ) ) ;
#1944 = PRESENTATION_LAYER_ASSIGNMENT (  '', '', ( #720 ) ) ;
#1945 = PRESENTATION_STYLE_ASSIGNMENT (( #409 ) ) ;
#1946 = ADVANCED_FACE ( 'NONE', ( #950 ), #82, .T. ) ;
#1947 = AXIS2_PLACEMENT_3D ( 'NONE', #727, #1069, #13 ) ;
#1948 = AXIS2_PLACEMENT_3D ( 'NONE', #2241, #627, #1331 ) ;
#1949 = PRESENTATION_STYLE_ASSIGNMENT (( #702 ) ) ;
#1950 = FILL_AREA_STYLE_COLOUR ( '', #1312 ) ;
#1951 = DIRECTION ( 'NONE',  ( 0.000000000000000000, 0.000000000000000000, 1.000000000000000000 ) ) ;
#1952 = DIRECTION ( 'NONE',  ( -0.000000000000000000, -0.000000000000000000, -1.000000000000000000 ) ) ;
#1953 = CARTESIAN_POINT ( 'NONE',  ( 0.000000000000000000, 0.000000000000000000, 40.00000000000000711 ) ) ;
#1954 = UNCERTAINTY_MEASURE_WITH_UNIT (LENGTH_MEASURE( 1.000000000000000082E-05 ), #426, 'distance_accuracy_value', 'NONE');
#1955 = DIRECTION ( 'NONE',  ( -0.000000000000000000, -0.000000000000000000, -1.000000000000000000 ) ) ;
#1956 =( NAMED_UNIT ( * ) SI_UNIT ( $, .STERADIAN. ) SOLID_ANGLE_UNIT ( ) );
#1957 = ORIENTED_EDGE ( 'NONE', *, *, #2192, .T. ) ;
#1958 =( NAMED_UNIT ( * ) PLANE_ANGLE_UNIT ( ) SI_UNIT ( $, .RADIAN. ) );
#1959 = VERTEX_POINT ( 'NONE', #303 ) ;
#1960 = CARTESIAN_POINT ( 'NONE',  ( 0.000000000000000000, 0.000000000000000000, 42.50000000000000711 ) ) ;
#1961 = EDGE_CURVE ( 'NONE', #1289, #1250, #295, .T. ) ;
#1962 = DIRECTION ( 'NONE',  ( 1.000000000000000000, 0.000000000000000000, 0.000000000000000000 ) ) ;
#1963 = EDGE_LOOP ( 'NONE', ( #374, #700, #2055, #566, #955, #363 ) ) ;
#1964 = DIRECTION ( 'NONE',  ( 1.000000000000000000, 0.000000000000000000, 0.000000000000000000 ) ) ;
#1965 = DIRECTION ( 'NONE',  ( -1.301042606982606701E-15, 1.000000000000000000, 0.000000000000000000 ) ) ;
#1966 = DIRECTION ( 'NONE',  ( 0.000000000000000000, -1.000000000000000000, 0.000000000000000000 ) ) ;
#1967 =( NAMED_UNIT ( * ) SI_UNIT ( $, .STERADIAN. ) SOLID_ANGLE_UNIT ( ) );
#1968 = SURFACE_STYLE_USAGE ( .BOTH. , #1625 ) ;
#1969 = EDGE_LOOP ( 'NONE', ( #1004, #1434, #1569, #1777 ) ) ;
#1970 = PRODUCT_RELATED_PRODUCT_CATEGORY ( 'part', '', ( #802 ) ) ;
#1971 = DIRECTION ( 'NONE',  ( 0.000000000000000000, 1.000000000000000000, -0.000000000000000000 ) ) ;
#1972 = CARTESIAN_POINT ( 'NONE',  ( -3.534999999999997922, 1.110513133409594097E-15, 51.00000000000000711 ) ) ;
#1973 = AXIS2_PLACEMENT_3D ( 'NONE', #2026, #2003, #94 ) ;
#1974 = AXIS2_PLACEMENT_3D ( 'NONE', #902, #873, #1276 ) ;
#1975 = CARTESIAN_POINT ( 'NONE',  ( 3.035000000000000586, -2.936491673103720057, 51.00000000000000711 ) ) ;
#1976 = FILL_AREA_STYLE_COLOUR ( '', #1688 ) ;
#1977 = AXIS2_PLACEMENT_3D ( 'NONE', #1424, #372, #1943 ) ;
#1978 = CARTESIAN_POINT ( 'NONE',  ( 17.50000000000000355, 2.143131898507868643E-15, 1.000000000000000888 ) ) ;
#1979 = UNCERTAINTY_MEASURE_WITH_UNIT (LENGTH_MEASURE( 1.000000000000000082E-05 ), #791, 'distance_accuracy_value', 'NONE');
#1980 = ORIENTED_EDGE ( 'NONE', *, *, #1924, .F. ) ;
#1981 = CARTESIAN_POINT ( 'NONE',  ( 0.000000000000000000, 0.000000000000000000, 50.00000000000000711 ) ) ;
#1982 = VECTOR ( 'NONE', #383, 1000.000000000000000 ) ;
#1983 = AXIS2_PLACEMENT_3D ( 'NONE', #1287, #73, #1917 ) ;
#1984 = AXIS2_PLACEMENT_3D ( 'NONE', #984, #1404, #1213 ) ;
#1985 =( LENGTH_UNIT ( ) NAMED_UNIT ( * ) SI_UNIT ( .MILLI., .METRE. ) );
#1986 = MECHANICAL_DESIGN_GEOMETRIC_PRESENTATION_REPRESENTATION (  '', ( #1693 ), #2015 ) ;
#1987 =( NAMED_UNIT ( * ) SI_UNIT ( $, .STERADIAN. ) SOLID_ANGLE_UNIT ( ) );
#1988 = CARTESIAN_POINT ( 'NONE',  ( -4.034999999999999254, 1.936491673103708511, 50.00000000000000711 ) ) ;
#1989 = PRESENTATION_LAYER_ASSIGNMENT (  '', '', ( #1697 ) ) ;
#1990 = CARTESIAN_POINT ( 'NONE',  ( -16.50000000000000355, 2.081899558550501068E-15, 0.000000000000000000 ) ) ;
#1991 = DIRECTION ( 'NONE',  ( -0.000000000000000000, -0.000000000000000000, -1.000000000000000000 ) ) ;
#1992 = EDGE_CURVE ( 'NONE', #1046, #1772, #1345, .T. ) ;
#1993 = DIRECTION ( 'NONE',  ( 0.000000000000000000, 0.000000000000000000, 1.000000000000000000 ) ) ;
#1994 = FILL_AREA_STYLE ('',( #551 ) ) ;
#1995 =( LENGTH_UNIT ( ) NAMED_UNIT ( * ) SI_UNIT ( .MILLI., .METRE. ) );
#1996 = ORIENTED_EDGE ( 'NONE', *, *, #1523, .F. ) ;
#1997 = ORIENTED_EDGE ( 'NONE', *, *, #1007, .F. ) ;
#1998 =( NAMED_UNIT ( * ) PLANE_ANGLE_UNIT ( ) SI_UNIT ( $, .RADIAN. ) );
#1999 = UNCERTAINTY_MEASURE_WITH_UNIT (LENGTH_MEASURE( 1.000000000000000082E-05 ), #1995, 'distance_accuracy_value', 'NONE');
#2000 = VERTEX_POINT ( 'NONE', #2196 ) ;
#2001 = SURFACE_STYLE_USAGE ( .BOTH. , #1696 ) ;
#2002 = DIRECTION ( 'NONE',  ( -0.000000000000000000, -0.000000000000000000, -1.000000000000000000 ) ) ;
#2003 = DIRECTION ( 'NONE',  ( 0.000000000000000000, 0.000000000000000000, 1.000000000000000000 ) ) ;
#2004 = CARTESIAN_POINT ( 'NONE',  ( 0.000000000000000000, 0.000000000000000000, 49.00000000000000711 ) ) ;
#2005 =( LENGTH_UNIT ( ) NAMED_UNIT ( * ) SI_UNIT ( .MILLI., .METRE. ) );
#2006 = FILL_AREA_STYLE_COLOUR ( '', #1827 ) ;
#2007 = EDGE_CURVE ( 'NONE', #222, #60, #2111, .T. ) ;
#2008 = AXIS2_PLACEMENT_3D ( 'NONE', #121, #149, #1208 ) ;
#2009 = PRESENTATION_LAYER_ASSIGNMENT (  '', '', ( #847 ) ) ;
#2010 = CIRCLE ( 'NONE', #1800, 2.000000000000000000 ) ;
#2011 = SURFACE_STYLE_FILL_AREA ( #104 ) ;
#2012 = DIRECTION ( 'NONE',  ( 1.000000000000000000, 0.000000000000000000, 0.000000000000000000 ) ) ;
#2013 = CARTESIAN_POINT ( 'NONE',  ( -5.534999999999996589, 1.110513133409594097E-15, 50.00000000000000711 ) ) ;
#2014 = COLOUR_RGB ( '',0.4980392156862745168, 0.4980392156862745168, 0.4980392156862745168 ) ;
#2015 =( GEOMETRIC_REPRESENTATION_CONTEXT ( 3 ) GLOBAL_UNCERTAINTY_ASSIGNED_CONTEXT ( ( #1675 ) ) GLOBAL_UNIT_ASSIGNED_CONTEXT ( ( #272, #576, #440 ) ) REPRESENTATION_CONTEXT ( 'NONE', 'WORKASPACE' ) );
#2016 =( LENGTH_UNIT ( ) NAMED_UNIT ( * ) SI_UNIT ( .MILLI., .METRE. ) );
#2017 = VECTOR ( 'NONE', #1665, 1000.000000000000000 ) ;
#2018 = UNCERTAINTY_MEASURE_WITH_UNIT (LENGTH_MEASURE( 1.000000000000000082E-05 ), #415, 'distance_accuracy_value', 'NONE');
#2019 =( NAMED_UNIT ( * ) PLANE_ANGLE_UNIT ( ) SI_UNIT ( $, .RADIAN. ) );
#2020 = DIRECTION ( 'NONE',  ( 0.000000000000000000, 1.000000000000000000, -0.000000000000000000 ) ) ;
#2021 = DIRECTION ( 'NONE',  ( 1.301042606982606899E-15, -1.000000000000000000, -0.000000000000000000 ) ) ;
#2022 = EDGE_CURVE ( 'NONE', #2226, #1396, #1531, .T. ) ;
#2023 = DIRECTION ( 'NONE',  ( -0.000000000000000000, -0.000000000000000000, -1.000000000000000000 ) ) ;
#2024 = ORIENTED_EDGE ( 'NONE', *, *, #1477, .T. ) ;
#2025 = CARTESIAN_POINT ( 'NONE',  ( 0.000000000000000000, 0.000000000000000000, 40.00000000000000711 ) ) ;
#2026 = CARTESIAN_POINT ( 'NONE',  ( 0.000000000000000000, 0.000000000000000000, 1.000000000000000888 ) ) ;
#2027 = FILL_AREA_STYLE_COLOUR ( '', #1296 ) ;
#2028 = DIRECTION ( 'NONE',  ( -0.000000000000000000, -0.000000000000000000, -1.000000000000000000 ) ) ;
#2029 = VERTEX_POINT ( 'NONE', #459 ) ;
#2030 =( LENGTH_UNIT ( ) NAMED_UNIT ( * ) SI_UNIT ( .MILLI., .METRE. ) );
#2031 = SURFACE_SIDE_STYLE ('',( #1658 ) ) ;
#2032 = ADVANCED_FACE ( 'NONE', ( #489 ), #1239, .T. ) ;
#2033 = FILL_AREA_STYLE ('',( #1188 ) ) ;
#2034 = ORIENTED_EDGE ( 'NONE', *, *, #545, .F. ) ;
#2035 = DIRECTION ( 'NONE',  ( 1.000000000000000000, 0.000000000000000000, 0.000000000000000000 ) ) ;
#2036 = CARTESIAN_POINT ( 'NONE',  ( 3.535000000000001030, 3.053000663637090623E-16, 50.00000000000000711 ) ) ;
#2037 = CARTESIAN_POINT ( 'NONE',  ( 3.035000000000001030, -1.936491673103708733, 54.00000000000000711 ) ) ;
#2038 =( NAMED_UNIT ( * ) SI_UNIT ( $, .STERADIAN. ) SOLID_ANGLE_UNIT ( ) );
#2039 = SURFACE_STYLE_FILL_AREA ( #1297 ) ;
#2040 = ORIENTED_EDGE ( 'NONE', *, *, #1961, .F. ) ;
#2041 =( GEOMETRIC_REPRESENTATION_CONTEXT ( 3 ) GLOBAL_UNCERTAINTY_ASSIGNED_CONTEXT ( ( #1132 ) ) GLOBAL_UNIT_ASSIGNED_CONTEXT ( ( #10, #1407, #705 ) ) REPRESENTATION_CONTEXT ( 'NONE', 'WORKASPACE' ) );
#2042 = COLOUR_RGB ( '',0.2980392156862745057, 0.2980392156862745057, 0.2980392156862745057 ) ;
#2043 = CARTESIAN_POINT ( 'NONE',  ( -17.50000000000000711, 2.143131898507868643E-15, 42.50000000000000711 ) ) ;
#2044 = VECTOR ( 'NONE', #1359, 1000.000000000000000 ) ;
#2045 = SURFACE_SIDE_STYLE ('',( #1708 ) ) ;
#2046 = ORIENTED_EDGE ( 'NONE', *, *, #676, .F. ) ;
#2047 = DIRECTION ( 'NONE',  ( 1.000000000000000000, 0.000000000000000000, 0.000000000000000000 ) ) ;
#2048 = AXIS2_PLACEMENT_3D ( 'NONE', #521, #1966, #1243 ) ;
#2049 = SURFACE_STYLE_USAGE ( .BOTH. , #1518 ) ;
#2050 = SURFACE_STYLE_FILL_AREA ( #641 ) ;
#2051 = CARTESIAN_POINT ( 'NONE',  ( 17.50000000000000711, 2.143131898507869037E-15, 49.00000000000000711 ) ) ;
#2052 = COLOUR_RGB ( '',0.2980392156862745057, 0.2980392156862745057, 0.2980392156862745057 ) ;
#2053 = LINE ( 'NONE', #945, #1614 ) ;
#2054 = PRESENTATION_STYLE_ASSIGNMENT (( #129 ) ) ;
#2055 = ORIENTED_EDGE ( 'NONE', *, *, #539, .T. ) ;
#2056 =( NAMED_UNIT ( * ) PLANE_ANGLE_UNIT ( ) SI_UNIT ( $, .RADIAN. ) );
#2057 =( NAMED_UNIT ( * ) PLANE_ANGLE_UNIT ( ) SI_UNIT ( $, .RADIAN. ) );
#2058 = SURFACE_SIDE_STYLE ('',( #1726 ) ) ;
#2059 = SURFACE_STYLE_USAGE ( .BOTH. , #1918 ) ;
#2060 = ORIENTED_EDGE ( 'NONE', *, *, #1315, .F. ) ;
#2061 = CARTESIAN_POINT ( 'NONE',  ( -4.034999999999999254, 2.936491673103708511, 50.00000000000000711 ) ) ;
#2062 = ADVANCED_FACE ( 'NONE', ( #1159 ), #1278, .T. ) ;
#2063 = PRODUCT_DEFINITION_SHAPE ( 'NONE', 'NONE',  #1093 ) ;
#2064 = EDGE_CURVE ( 'NONE', #53, #222, #159, .T. ) ;
#2065 = ORIENTED_EDGE ( 'NONE', *, *, #64, .F. ) ;
#2066 = CARTESIAN_POINT ( 'NONE',  ( 4.034999999999999254, -1.936491673103708511, 53.40714085124918853 ) ) ;
#2067 = DIRECTION ( 'NONE',  ( -1.000000000000000000, 0.000000000000000000, 0.000000000000000000 ) ) ;
#2068 = SURFACE_STYLE_USAGE ( .BOTH. , #2058 ) ;
#2069 = DIRECTION ( 'NONE',  ( 0.000000000000000000, 0.000000000000000000, 1.000000000000000000 ) ) ;
#2070 = CYLINDRICAL_SURFACE ( 'NONE', #753, 17.50000000000000355 ) ;
#2071 = MECHANICAL_DESIGN_GEOMETRIC_PRESENTATION_REPRESENTATION (  '', ( #1604 ), #1299 ) ;
#2072 = DIRECTION ( 'NONE',  ( 0.000000000000000000, -0.000000000000000000, 1.000000000000000000 ) ) ;
#2073 = ADVANCED_FACE ( 'NONE', ( #292 ), #2238, .T. ) ;
#2074 = CIRCLE ( 'NONE', #1072, 1.999999999999999112 ) ;
#2075 = DIRECTION ( 'NONE',  ( -1.000000000000000000, 0.000000000000000000, 0.000000000000000000 ) ) ;
#2076 = ORIENTED_EDGE ( 'NONE', *, *, #300, .T. ) ;
#2077 = AXIS2_PLACEMENT_3D ( 'NONE', #486, #1733, #1914 ) ;
#2078 = MECHANICAL_DESIGN_GEOMETRIC_PRESENTATION_REPRESENTATION (  '', ( #1344 ), #206 ) ;
#2079 = PRESENTATION_LAYER_ASSIGNMENT (  '', '', ( #667 ) ) ;
#2080 =( LENGTH_UNIT ( ) NAMED_UNIT ( * ) SI_UNIT ( .MILLI., .METRE. ) );
#2081 = CARTESIAN_POINT ( 'NONE',  ( 0.000000000000000000, 0.000000000000000000, 35.00000000000000000 ) ) ;
#2082 =( GEOMETRIC_REPRESENTATION_CONTEXT ( 3 ) GLOBAL_UNCERTAINTY_ASSIGNED_CONTEXT ( ( #938 ) ) GLOBAL_UNIT_ASSIGNED_CONTEXT ( ( #1258, #211, #1226 ) ) REPRESENTATION_CONTEXT ( 'NONE', 'WORKASPACE' ) );
#2083 = VECTOR ( 'NONE', #1506, 1000.000000000000000 ) ;
#2084 = PRESENTATION_LAYER_ASSIGNMENT (  '', '', ( #1577 ) ) ;
#2085 = ADVANCED_FACE ( 'NONE', ( #1352 ), #1503, .T. ) ;
#2086 = ORIENTED_EDGE ( 'NONE', *, *, #1746, .F. ) ;
#2087 = LINE ( 'NONE', #14, #1982 ) ;
#2088 = ADVANCED_FACE ( 'NONE', ( #1207 ), #63, .T. ) ;
#2089 = ORIENTED_EDGE ( 'NONE', *, *, #965, .T. ) ;
#2090 = SURFACE_STYLE_USAGE ( .BOTH. , #1902 ) ;
#2091 = CARTESIAN_POINT ( 'NONE',  ( 17.50000000000000355, 2.143131898507868643E-15, 35.00000000000000000 ) ) ;
#2092 = DIRECTION ( 'NONE',  ( 1.000000000000000000, 0.000000000000000000, -0.000000000000000000 ) ) ;
#2093 = PLANE ( 'NONE',  #1169 ) ;
#2094 = PLANE ( 'NONE',  #922 ) ;
#2095 = PRESENTATION_STYLE_ASSIGNMENT (( #1883 ) ) ;
#2096 = ORIENTED_EDGE ( 'NONE', *, *, #660, .T. ) ;
#2097 = DIRECTION ( 'NONE',  ( -1.000000000000000000, 0.000000000000000000, 0.000000000000000000 ) ) ;
#2098 = ORIENTED_EDGE ( 'NONE', *, *, #843, .T. ) ;
#2099 = DIRECTION ( 'NONE',  ( 1.000000000000000000, 0.000000000000000000, -0.000000000000000000 ) ) ;
#2100 = CONICAL_SURFACE ( 'NONE', #1268, 14.99999999999999645, 0.7853981633974500554 ) ;
#2101 = STYLED_ITEM ( 'NONE', ( #1752 ), #1058 ) ;
#2102 = STYLED_ITEM ( 'NONE', ( #1664 ), #344 ) ;
#2103 = FILL_AREA_STYLE_COLOUR ( '', #1867 ) ;
#2104 = CARTESIAN_POINT ( 'NONE',  ( -1.534999999999998588, 1.355442493239064590E-15, 51.00000000000000711 ) ) ;
#2105 = DIRECTION ( 'NONE',  ( 1.000000000000000000, 0.000000000000000000, -0.000000000000000000 ) ) ;
#2106 = ADVANCED_FACE ( 'NONE', ( #1750 ), #839, .F. ) ;
#2107 = CARTESIAN_POINT ( 'NONE',  ( 4.034999999999999254, 0.000000000000000000, 50.00000000000000711 ) ) ;
#2108 = MECHANICAL_DESIGN_GEOMETRIC_PRESENTATION_REPRESENTATION (  '', ( #720 ), #2082 ) ;
#2109 = ORIENTED_EDGE ( 'NONE', *, *, #1187, .F. ) ;
#2110 = SURFACE_STYLE_USAGE ( .BOTH. , #1047 ) ;
#2111 = CIRCLE ( 'NONE', #1948, 17.50000000000000711 ) ;
#2112 = SURFACE_STYLE_FILL_AREA ( #1060 ) ;
#2113 = PRESENTATION_LAYER_ASSIGNMENT (  '', '', ( #362 ) ) ;
#2114 =( NAMED_UNIT ( * ) PLANE_ANGLE_UNIT ( ) SI_UNIT ( $, .RADIAN. ) );
#2115 = SURFACE_SIDE_STYLE ('',( #65 ) ) ;
#2116 =( LENGTH_UNIT ( ) NAMED_UNIT ( * ) SI_UNIT ( .MILLI., .METRE. ) );
#2117 = FILL_AREA_STYLE_COLOUR ( '', #178 ) ;
#2118 = DIRECTION ( 'NONE',  ( 1.000000000000000000, 0.000000000000000000, 0.000000000000000000 ) ) ;
#2119 = LINE ( 'NONE', #903, #1450 ) ;
#2120 = ADVANCED_FACE ( 'NONE', ( #1817 ), #1099, .T. ) ;
#2121 = DIRECTION ( 'NONE',  ( 0.000000000000000000, 0.000000000000000000, 1.000000000000000000 ) ) ;
#2122 = UNCERTAINTY_MEASURE_WITH_UNIT (LENGTH_MEASURE( 1.000000000000000082E-05 ), #760, 'distance_accuracy_value', 'NONE');
#2123 = SURFACE_STYLE_USAGE ( .BOTH. , #1227 ) ;
#2124 = FILL_AREA_STYLE_COLOUR ( '', #1389 ) ;
#2125 = ORIENTED_EDGE ( 'NONE', *, *, #1178, .F. ) ;
#2126 = FILL_AREA_STYLE ('',( #525 ) ) ;
#2127 = EDGE_CURVE ( 'NONE', #117, #1360, #1705, .T. ) ;
#2128 = SURFACE_STYLE_USAGE ( .BOTH. , #199 ) ;
#2129 = EDGE_CURVE ( 'NONE', #1046, #1959, #1107, .T. ) ;
#2130 =( LENGTH_UNIT ( ) NAMED_UNIT ( * ) SI_UNIT ( .MILLI., .METRE. ) );
#2131 =( NAMED_UNIT ( * ) SI_UNIT ( $, .STERADIAN. ) SOLID_ANGLE_UNIT ( ) );
#2132 = SURFACE_STYLE_FILL_AREA ( #2142 ) ;
#2133 = FACE_OUTER_BOUND ( 'NONE', #649, .T. ) ;
#2134 =( LENGTH_UNIT ( ) NAMED_UNIT ( * ) SI_UNIT ( .MILLI., .METRE. ) );
#2135 = SURFACE_STYLE_FILL_AREA ( #2126 ) ;
#2136 = PRESENTATION_STYLE_ASSIGNMENT (( #1810 ) ) ;
#2137 =( NAMED_UNIT ( * ) PLANE_ANGLE_UNIT ( ) SI_UNIT ( $, .RADIAN. ) );
#2138 = EDGE_CURVE ( 'NONE', #2029, #1779, #1538, .T. ) ;
#2139 = CARTESIAN_POINT ( 'NONE',  ( 3.535000000000001030, 3.053000663637090623E-16, 50.00000000000000711 ) ) ;
#2140 =( GEOMETRIC_REPRESENTATION_CONTEXT ( 3 ) GLOBAL_UNCERTAINTY_ASSIGNED_CONTEXT ( ( #1979 ) ) GLOBAL_UNIT_ASSIGNED_CONTEXT ( ( #791, #1456, #259 ) ) REPRESENTATION_CONTEXT ( 'NONE', 'WORKASPACE' ) );
#2141 =( GEOMETRIC_REPRESENTATION_CONTEXT ( 3 ) GLOBAL_UNCERTAINTY_ASSIGNED_CONTEXT ( ( #1458 ) ) GLOBAL_UNIT_ASSIGNED_CONTEXT ( ( #1010, #2057, #832 ) ) REPRESENTATION_CONTEXT ( 'NONE', 'WORKASPACE' ) );
#2142 = FILL_AREA_STYLE ('',( #1790 ) ) ;
#2143 = CARTESIAN_POINT ( 'NONE',  ( -16.50000000000000711, 2.081899558550501068E-15, 50.00000000000000711 ) ) ;
#2144 = PRESENTATION_LAYER_ASSIGNMENT (  '', '', ( #1824 ) ) ;
#2145 = PRESENTATION_LAYER_ASSIGNMENT (  '', '', ( #1685 ) ) ;
#2146 = SURFACE_STYLE_USAGE ( .BOTH. , #858 ) ;
#2147 = VERTEX_POINT ( 'NONE', #952 ) ;
#2148 = STYLED_ITEM ( 'NONE', ( #1351 ), #1261 ) ;
#2149 = MECHANICAL_DESIGN_GEOMETRIC_PRESENTATION_REPRESENTATION (  '', ( #1486 ), #998 ) ;
#2150 = CIRCLE ( 'NONE', #62, 14.99999999999999645 ) ;
#2151 = SURFACE_STYLE_USAGE ( .BOTH. , #690 ) ;
#2152 = SURFACE_STYLE_FILL_AREA ( #899 ) ;
#2153 = COLOUR_RGB ( '',1.000000000000000000, 1.000000000000000000, 1.000000000000000000 ) ;
#2154 = DIRECTION ( 'NONE',  ( -0.7644343946140043089, -9.945617176357750112E-16, -0.6447015249951878468 ) ) ;
#2155 = EDGE_CURVE ( 'NONE', #1155, #1201, #213, .T. ) ;
#2156 =( GEOMETRIC_REPRESENTATION_CONTEXT ( 3 ) GLOBAL_UNCERTAINTY_ASSIGNED_CONTEXT ( ( #2230 ) ) GLOBAL_UNIT_ASSIGNED_CONTEXT ( ( #287, #243, #1288 ) ) REPRESENTATION_CONTEXT ( 'NONE', 'WORKASPACE' ) );
#2157 = EDGE_CURVE ( 'NONE', #171, #528, #1350, .T. ) ;
#2158 = SURFACE_STYLE_FILL_AREA ( #761 ) ;
#2159 = ORIENTED_EDGE ( 'NONE', *, *, #1624, .T. ) ;
#2160 = CARTESIAN_POINT ( 'NONE',  ( 0.000000000000000000, 0.000000000000000000, 42.50000000000000711 ) ) ;
#2161 = SURFACE_SIDE_STYLE ('',( #2011 ) ) ;
#2162 = UNCERTAINTY_MEASURE_WITH_UNIT (LENGTH_MEASURE( 1.000000000000000082E-05 ), #686, 'distance_accuracy_value', 'NONE');
#2163 = DIRECTION ( 'NONE',  ( 1.000000000000000000, 0.000000000000000000, 0.000000000000000000 ) ) ;
#2164 = DIRECTION ( 'NONE',  ( 0.000000000000000000, 1.000000000000000000, -0.000000000000000000 ) ) ;
#2165 = VERTEX_POINT ( 'NONE', #2198 ) ;
#2166 = LINE ( 'NONE', #688, #2252 ) ;
#2167 = FILL_AREA_STYLE_COLOUR ( '', #742 ) ;
#2168 = VECTOR ( 'NONE', #638, 1000.000000000000000 ) ;
#2169 = CIRCLE ( 'NONE', #2211, 14.99999999999999645 ) ;
#2170 = PRESENTATION_STYLE_ASSIGNMENT (( #1508 ) ) ;
#2171 = PRESENTATION_LAYER_ASSIGNMENT (  '', '', ( #2101 ) ) ;
#2172 = PRESENTATION_LAYER_ASSIGNMENT (  '', '', ( #387 ) ) ;
#2173 = EDGE_CURVE ( 'NONE', #53, #1701, #318, .T. ) ;
#2174 =( LENGTH_UNIT ( ) NAMED_UNIT ( * ) SI_UNIT ( .MILLI., .METRE. ) );
#2175 =( GEOMETRIC_REPRESENTATION_CONTEXT ( 3 ) GLOBAL_UNCERTAINTY_ASSIGNED_CONTEXT ( ( #893 ) ) GLOBAL_UNIT_ASSIGNED_CONTEXT ( ( #2116, #1262, #1064 ) ) REPRESENTATION_CONTEXT ( 'NONE', 'WORKASPACE' ) );
#2176 = AXIS2_PLACEMENT_3D ( 'NONE', #891, #1952, #1807 ) ;
#2177 = LINE ( 'NONE', #1861, #1801 ) ;
#2178 = CIRCLE ( 'NONE', #1163, 17.50000000000000711 ) ;
#2179 = SURFACE_STYLE_USAGE ( .BOTH. , #797 ) ;
#2180 =( LENGTH_UNIT ( ) NAMED_UNIT ( * ) SI_UNIT ( .MILLI., .METRE. ) );
#2181 =( GEOMETRIC_REPRESENTATION_CONTEXT ( 3 ) GLOBAL_UNCERTAINTY_ASSIGNED_CONTEXT ( ( #1390 ) ) GLOBAL_UNIT_ASSIGNED_CONTEXT ( ( #2080, #1008, #974 ) ) REPRESENTATION_CONTEXT ( 'NONE', 'WORKASPACE' ) );
#2182 = ORIENTED_EDGE ( 'NONE', *, *, #886, .T. ) ;
#2183 = CARTESIAN_POINT ( 'NONE',  ( 0.000000000000000000, 0.000000000000000000, 40.00000000000000711 ) ) ;
#2184 = DIRECTION ( 'NONE',  ( 1.000000000000000000, 0.000000000000000000, 0.000000000000000000 ) ) ;
#2185 = AXIS2_PLACEMENT_3D ( 'NONE', #1322, #794, #442 ) ;
#2186 =( GEOMETRIC_REPRESENTATION_CONTEXT ( 3 ) GLOBAL_UNCERTAINTY_ASSIGNED_CONTEXT ( ( #910 ) ) GLOBAL_UNIT_ASSIGNED_CONTEXT ( ( #2134, #1085, #189 ) ) REPRESENTATION_CONTEXT ( 'NONE', 'WORKASPACE' ) );
#2187 = CARTESIAN_POINT ( 'NONE',  ( -17.50000000000000355, 0.000000000000000000, 1.000000000000000888 ) ) ;
#2188 = DIRECTION ( 'NONE',  ( 1.000000000000000000, 0.000000000000000000, 0.000000000000000000 ) ) ;
#2189 = VERTEX_POINT ( 'NONE', #452 ) ;
#2190 = PRESENTATION_STYLE_ASSIGNMENT (( #1124 ) ) ;
#2191 = ADVANCED_FACE ( 'NONE', ( #1333 ), #1655, .F. ) ;
#2192 = EDGE_CURVE ( 'NONE', #1549, #533, #251, .T. ) ;
#2193 = FILL_AREA_STYLE ('',( #982 ) ) ;
#2194 = ORIENTED_EDGE ( 'NONE', *, *, #1474, .F. ) ;
#2195 =( NAMED_UNIT ( * ) PLANE_ANGLE_UNIT ( ) SI_UNIT ( $, .RADIAN. ) );
#2196 = CARTESIAN_POINT ( 'NONE',  ( -17.50000000000000355, 0.000000000000000000, 35.00000000000000000 ) ) ;
#2197 = DIRECTION ( 'NONE',  ( 0.000000000000000000, 0.000000000000000000, 1.000000000000000000 ) ) ;
#2198 = CARTESIAN_POINT ( 'NONE',  ( -14.99999999999999645, -1.990051048614449313E-15, 37.50000000000000711 ) ) ;
#2199 = EDGE_CURVE ( 'NONE', #1549, #148, #429, .T. ) ;
#2200 =( NAMED_UNIT ( * ) PLANE_ANGLE_UNIT ( ) SI_UNIT ( $, .RADIAN. ) );
#2201 = ORIENTED_EDGE ( 'NONE', *, *, #1746, .T. ) ;
#2202 = PRESENTATION_STYLE_ASSIGNMENT (( #626 ) ) ;
#2203 = DIRECTION ( 'NONE',  ( -0.000000000000000000, -0.000000000000000000, -1.000000000000000000 ) ) ;
#2204 = UNCERTAINTY_MEASURE_WITH_UNIT (LENGTH_MEASURE( 1.000000000000000082E-05 ), #1141, 'distance_accuracy_value', 'NONE');
#2205 = LINE ( 'NONE', #1120, #2168 ) ;
#2206 = FACE_OUTER_BOUND ( 'NONE', #2228, .T. ) ;
#2207 = CIRCLE ( 'NONE', #1714, 17.50000000000000355 ) ;
#2208 = DIRECTION ( 'NONE',  ( 0.000000000000000000, 0.000000000000000000, 1.000000000000000000 ) ) ;
#2209 = EDGE_LOOP ( 'NONE', ( #810, #506, #1149, #958, #704, #2125 ) ) ;
#2210 = COLOUR_RGB ( '',0.4980392156862745168, 0.4980392156862745168, 0.4980392156862745168 ) ;
#2211 = AXIS2_PLACEMENT_3D ( 'NONE', #548, #45, #748 ) ;
#2212 = AXIS2_PLACEMENT_3D ( 'NONE', #871, #1627, #201 ) ;
#2213 =( NAMED_UNIT ( * ) SI_UNIT ( $, .STERADIAN. ) SOLID_ANGLE_UNIT ( ) );
#2214 = PRESENTATION_LAYER_ASSIGNMENT (  '', '', ( #783 ) ) ;
#2215 = VECTOR ( 'NONE', #285, 1000.000000000000000 ) ;
#2216 = ORIENTED_EDGE ( 'NONE', *, *, #770, .F. ) ;
#2217 = SURFACE_STYLE_FILL_AREA ( #1516 ) ;
#2218 = ADVANCED_FACE ( 'NONE', ( #1218 ), #2093, .F. ) ;
#2219 =( GEOMETRIC_REPRESENTATION_CONTEXT ( 3 ) GLOBAL_UNCERTAINTY_ASSIGNED_CONTEXT ( ( #476 ) ) GLOBAL_UNIT_ASSIGNED_CONTEXT ( ( #472, #2200, #1548 ) ) REPRESENTATION_CONTEXT ( 'NONE', 'WORKASPACE' ) );
#2220 = PRESENTATION_STYLE_ASSIGNMENT (( #2049 ) ) ;
#2221 = LINE ( 'NONE', #842, #1935 ) ;
#2222 = CARTESIAN_POINT ( 'NONE',  ( -3.035000000000000586, 2.936491673103708511, 51.00000000000000711 ) ) ;
#2223 = ADVANCED_FACE ( 'NONE', ( #322 ), #1892, .F. ) ;
#2224 = DIRECTION ( 'NONE',  ( -0.6447015249951880689, 0.000000000000000000, 0.7644343946140040869 ) ) ;
#2225 = DIRECTION ( 'NONE',  ( 1.000000000000000000, 0.000000000000000000, 0.000000000000000000 ) ) ;
#2226 = VERTEX_POINT ( 'NONE', #179 ) ;
#2227 = PLANE ( 'NONE',  #1302 ) ;
#2228 = EDGE_LOOP ( 'NONE', ( #1221, #1689, #691, #1113 ) ) ;
#2229 = DIRECTION ( 'NONE',  ( -0.000000000000000000, -0.000000000000000000, -1.000000000000000000 ) ) ;
#2230 = UNCERTAINTY_MEASURE_WITH_UNIT (LENGTH_MEASURE( 1.000000000000000082E-05 ), #287, 'distance_accuracy_value', 'NONE');
#2231 = DIRECTION ( 'NONE',  ( -0.000000000000000000, -0.000000000000000000, -1.000000000000000000 ) ) ;
#2232 = ADVANCED_FACE ( 'NONE', ( #1348 ), #306, .T. ) ;
#2233 = SURFACE_SIDE_STYLE ('',( #1544 ) ) ;
#2234 = ORIENTED_EDGE ( 'NONE', *, *, #1788, .F. ) ;
#2235 =( NAMED_UNIT ( * ) PLANE_ANGLE_UNIT ( ) SI_UNIT ( $, .RADIAN. ) );
#2236 = ORIENTED_EDGE ( 'NONE', *, *, #131, .T. ) ;
#2237 = APPLICATION_CONTEXT ( 'automotive_design' ) ;
#2238 = CYLINDRICAL_SURFACE ( 'NONE', #1386, 17.50000000000000711 ) ;
#2239 = VERTEX_POINT ( 'NONE', #999 ) ;
#2240 = PRESENTATION_STYLE_ASSIGNMENT (( #1592 ) ) ;
#2241 = CARTESIAN_POINT ( 'NONE',  ( 0.000000000000000000, 0.000000000000000000, 42.50000000000000711 ) ) ;
#2242 = SURFACE_STYLE_USAGE ( .BOTH. , #2233 ) ;
#2243 = SURFACE_STYLE_USAGE ( .BOTH. , #1219 ) ;
#2244 = ADVANCED_FACE ( 'NONE', ( #1729, #493 ), #1199, .T. ) ;
#2245 =( GEOMETRIC_REPRESENTATION_CONTEXT ( 3 ) GLOBAL_UNCERTAINTY_ASSIGNED_CONTEXT ( ( #964 ) ) GLOBAL_UNIT_ASSIGNED_CONTEXT ( ( #390, #1410, #890 ) ) REPRESENTATION_CONTEXT ( 'NONE', 'WORKASPACE' ) );
#2246 = ORIENTED_EDGE ( 'NONE', *, *, #2155, .T. ) ;
#2247 = DIRECTION ( 'NONE',  ( 1.000000000000000000, 0.000000000000000000, 0.000000000000000000 ) ) ;
#2248 = PRESENTATION_LAYER_ASSIGNMENT (  '', '', ( #1717 ) ) ;
#2249 = DIRECTION ( 'NONE',  ( -1.000000000000000000, 0.000000000000000000, 0.000000000000000000 ) ) ;
#2250 = ORIENTED_EDGE ( 'NONE', *, *, #2127, .T. ) ;
#2251 = FILL_AREA_STYLE ('',( #369 ) ) ;
#2252 = VECTOR ( 'NONE', #1403, 1000.000000000000000 ) ;
#2253 = AXIS2_PLACEMENT_3D ( 'NONE', #2160, #1134, #1845 ) ;
#2254 = COLOUR_RGB ( '',1.000000000000000000, 1.000000000000000000, 1.000000000000000000 ) ;
#2255 = MECHANICAL_DESIGN_GEOMETRIC_PRESENTATION_REPRESENTATION (  '', ( #173 ), #1001 ) ;
#2256 = CARTESIAN_POINT ( 'NONE',  ( 0.000000000000000000, 0.000000000000000000, 50.00000000000000711 ) ) ;
#2257 = CARTESIAN_POINT ( 'NONE',  ( 0.000000000000000000, 2.936491673103708511, 50.00000000000000711 ) ) ;
#2258 = VECTOR ( 'NONE', #484, 1000.000000000000000 ) ;
#2259 = CARTESIAN_POINT ( 'NONE',  ( 0.000000000000000000, 0.000000000000000000, 40.00000000000000711 ) ) ;
#2260 = COLOUR_RGB ( '',0.2980392156862745057, 0.2980392156862745057, 0.2980392156862745057 ) ;
#2261 = ORIENTED_EDGE ( 'NONE', *, *, #826, .F. ) ;
#2262 = FACE_OUTER_BOUND ( 'NONE', #1414, .T. ) ;
#2263 = VECTOR ( 'NONE', #611, 1000.000000000000000 ) ;
#2264 = PRESENTATION_STYLE_ASSIGNMENT (( #1573 ) ) ;
#2265 = FILL_AREA_STYLE_COLOUR ( '', #1691 ) ;
#2266 = FILL_AREA_STYLE_COLOUR ( '', #789 ) ;
#2267 = EDGE_CURVE ( 'NONE', #1360, #1048, #2, .T. ) ;
#2268 = CARTESIAN_POINT ( 'NONE',  ( -3.035000000000000586, 2.936491673103708511, 54.00000000000000711 ) ) ;
ENDSEC;
END-ISO-10303-21;
