ISO-10303-21;
HEADER;
FILE_DESCRIPTION (( 'STEP AP214' ),
    '1' );
FILE_NAME ('2071556-1.STEP',
    '2023-10-13T03:55:24',
    ( 'USER' ),
    ( '' ),
    'SwSTEP 2.0',
    'SolidWorks 2016',
    '' );
FILE_SCHEMA (( 'AUTOMOTIVE_DESIGN' ));
ENDSEC;

DATA;
#1 = ORIENTED_EDGE ( 'NONE', *, *, #2714, .F. ) ;
#2 = DIRECTION ( 'NONE',  ( 0.0000000000000000000, 0.0000000000000000000, -1.000000000000000000 ) ) ;
#3 = DIRECTION ( 'NONE',  ( 0.0000000000000000000, 0.0000000000000000000, -1.000000000000000000 ) ) ;
#4 = ADVANCED_FACE ( 'NONE', ( #374 ), #1360, .F. ) ;
#5 = CARTESIAN_POINT ( 'NONE',  ( -8.696662390203336200, -5.112341780456949500, -14.05246824825113600 ) ) ;
#6 = FACE_OUTER_BOUND ( 'NONE', #3020, .T. ) ;
#7 = CARTESIAN_POINT ( 'NONE',  ( -6.399999999999999500, -5.100872668170400600, 0.2499999999999996700 ) ) ;
#8 = VECTOR ( 'NONE', #1305, 1000.000000000000000 ) ;
#9 = CARTESIAN_POINT ( 'NONE',  ( 5.599999999999999600, -18.39986788862000100, 0.2500000000000000000 ) ) ;
#10 = CARTESIAN_POINT ( 'NONE',  ( -6.450000000000000200, 4.750000000000000000, 0.1500000000000000200 ) ) ;
#11 = ORIENTED_EDGE ( 'NONE', *, *, #1152, .F. ) ;
#12 = CARTESIAN_POINT ( 'NONE',  ( -6.500000000000000900, -4.799999999999999800, 0.0000000000000000000 ) ) ;
#13 = ORIENTED_EDGE ( 'NONE', *, *, #2091, .F. ) ;
#14 = VERTEX_POINT ( 'NONE', #2867 ) ;
#15 = CARTESIAN_POINT ( 'NONE',  ( -9.110663260508141900, -4.401710148196780600, -14.34509437970171900 ) ) ;
#16 = CARTESIAN_POINT ( 'NONE',  ( 6.400000000000000400, -4.799999999999998900, 0.1499999999999999900 ) ) ;
#17 = FACE_OUTER_BOUND ( 'NONE', #740, .T. ) ;
#18 = AXIS2_PLACEMENT_3D ( 'NONE', #2967, #2660, #1021 ) ;
#19 = EDGE_CURVE ( 'NONE', #1100, #1800, #162, .T. ) ;
#20 = EDGE_CURVE ( 'NONE', #2633, #1741, #790, .T. ) ;
#21 = ORIENTED_EDGE ( 'NONE', *, *, #2864, .T. ) ;
#22 = EDGE_CURVE ( 'NONE', #1010, #415, #1975, .T. ) ;
#23 = LINE ( 'NONE', #2012, #2468 ) ;
#24 = DIRECTION ( 'NONE',  ( 0.0000000000000000000, 1.000000000000000000, 0.0000000000000000000 ) ) ;
#25 = FACE_OUTER_BOUND ( 'NONE', #2479, .T. ) ;
#26 = DIRECTION ( 'NONE',  ( -0.0000000000000000000, 1.000000000000000000, 0.0000000000000000000 ) ) ;
#27 = FACE_OUTER_BOUND ( 'NONE', #1110, .T. ) ;
#28 = PLANE ( 'NONE',  #1967 ) ;
#29 = VERTEX_POINT ( 'NONE', #525 ) ;
#30 = ORIENTED_EDGE ( 'NONE', *, *, #2927, .T. ) ;
#31 = DIRECTION ( 'NONE',  ( 1.000000000000000000, 0.0000000000000000000, -0.0000000000000000000 ) ) ;
#32 = DIRECTION ( 'NONE',  ( 0.0000000000000000000, -0.7071067811865474600, -0.7071067811865474600 ) ) ;
#33 = VECTOR ( 'NONE', #167, 1000.000000000000100 ) ;
#34 = VERTEX_POINT ( 'NONE', #2237 ) ;
#35 = CARTESIAN_POINT ( 'NONE',  ( -8.755461883522416500, -4.755461883522418300, -14.55273940865655500 ) ) ;
#36 = DIRECTION ( 'NONE',  ( 0.0000000000000000000, 0.0000000000000000000, -1.000000000000000000 ) ) ;
#37 = EDGE_CURVE ( 'NONE', #1722, #1408, #2526, .T. ) ;
#38 = ORIENTED_EDGE ( 'NONE', *, *, #918, .F. ) ;
#39 = DIRECTION ( 'NONE',  ( 0.0000000000000000000, -1.000000000000000000, 0.0000000000000000000 ) ) ;
#40 = CARTESIAN_POINT ( 'NONE',  ( -6.500000000000000900, 4.799999999987000400, 0.2500000000000000000 ) ) ;
#41 = CARTESIAN_POINT ( 'NONE',  ( 6.500000000000000900, -5.100144588396651600, 0.04142135623730951900 ) ) ;
#42 = LINE ( 'NONE', #2338, #2484 ) ;
#43 = AXIS2_PLACEMENT_3D ( 'NONE', #1501, #1508, #78 ) ;
#44 = ORIENTED_EDGE ( 'NONE', *, *, #503, .F. ) ;
#45 = CARTESIAN_POINT ( 'NONE',  ( 6.569676681389336400, -4.796289831678850900, 0.0000000000000000000 ) ) ;
#46 = EDGE_LOOP ( 'NONE', ( #2306, #1, #2976, #2663 ) ) ;
#47 = DIRECTION ( 'NONE',  ( 0.0000000000000000000, 0.0000000000000000000, 1.000000000000000000 ) ) ;
#48 = ORIENTED_EDGE ( 'NONE', *, *, #2983, .T. ) ;
#49 = DIRECTION ( 'NONE',  ( -0.0000000000000000000, 1.000000000000000000, 0.0000000000000000000 ) ) ;
#50 = B_SPLINE_CURVE_WITH_KNOTS ( 'NONE', 3,
 ( #755, #547, #538, #766 ),
 .UNSPECIFIED., .F., .F.,
 ( 4, 4 ),
 ( 0.0000000000000000000, 1.000000000000000000 ),
 .UNSPECIFIED. ) ;
#51 = VERTEX_POINT ( 'NONE', #2667 ) ;
#52 = DIRECTION ( 'NONE',  ( 0.0000000000000000000, 1.000000000000000000, -0.0000000000000000000 ) ) ;
#53 = CONICAL_SURFACE ( 'NONE', #2739, 0.1999999998612110900, 0.7853981631132311800 ) ;
#54 = ORIENTED_EDGE ( 'NONE', *, *, #713, .F. ) ;
#55 = CARTESIAN_POINT ( 'NONE',  ( 32.82551999999999700, -4.550953002634000400, -14.55000000000000200 ) ) ;
#56 =( GEOMETRIC_REPRESENTATION_CONTEXT ( 3 ) GLOBAL_UNCERTAINTY_ASSIGNED_CONTEXT ( ( #2212 ) ) GLOBAL_UNIT_ASSIGNED_CONTEXT ( ( #925, #939, #950 ) ) REPRESENTATION_CONTEXT ( 'NONE', 'WORKASPACE' ) );
#57 = AXIS2_PLACEMENT_3D ( 'NONE', #1715, #39, #1934 ) ;
#58 = EDGE_CURVE ( 'NONE', #283, #133, #87, .T. ) ;
#59 = VECTOR ( 'NONE', #504, 1000.000000000000000 ) ;
#60 = VERTEX_POINT ( 'NONE', #1742 ) ;
#61 = EDGE_CURVE ( 'NONE', #392, #775, #1832, .T. ) ;
#62 = LINE ( 'NONE', #1046, #1954 ) ;
#63 = DIRECTION ( 'NONE',  ( -0.7071067811865474600, -0.7071067811865474600, 0.0000000000000000000 ) ) ;
#64 = CARTESIAN_POINT ( 'NONE',  ( 0.0000000000000000000, 0.0000000000000000000, 3.799999999999999800 ) ) ;
#65 = CONICAL_SURFACE ( 'NONE', #1562, 0.1999999998612110900, 0.7853981631132361800 ) ;
#66 = CARTESIAN_POINT ( 'NONE',  ( -8.903476085402950000, -4.903476085402954400, -14.34639438248886600 ) ) ;
#67 = ORIENTED_EDGE ( 'NONE', *, *, #555, .T. ) ;
#68 = PLANE ( 'NONE',  #1765 ) ;
#69 = DIRECTION ( 'NONE',  ( 0.0000000000000000000, -0.7071067811865474600, -0.7071067811865474600 ) ) ;
#70 = DIRECTION ( 'NONE',  ( 1.000000000000000000, -0.0000000000000000000, -0.0000000000000000000 ) ) ;
#71 = CIRCLE ( 'NONE', #1366, 0.2000000000317413400 ) ;
#72 = ORIENTED_EDGE ( 'NONE', *, *, #608, .T. ) ;
#73 = ORIENTED_EDGE ( 'NONE', *, *, #1703, .T. ) ;
#74 = DIRECTION ( 'NONE',  ( 0.0000000000000000000, 1.000000000000000000, -0.0000000000000000000 ) ) ;
#75 = EDGE_LOOP ( 'NONE', ( #2435, #1499, #1271, #1330 ) ) ;
#76 = LINE ( 'NONE', #1219, #1901 ) ;
#77 = CARTESIAN_POINT ( 'NONE',  ( -8.844609511849229800, 5.111948501679418800, -13.90276704462942800 ) ) ;
#78 = DIRECTION ( 'NONE',  ( 0.0000000000000000000, 0.0000000000000000000, -1.000000000000000000 ) ) ;
#79 = CARTESIAN_POINT ( 'NONE',  ( 7.160000000000000100, -3.299999999999999800, 0.0000000000000000000 ) ) ;
#80 = CARTESIAN_POINT ( 'NONE',  ( 5.599999999999999600, -4.799999999931969800, 0.1499999999999999900 ) ) ;
#81 = EDGE_CURVE ( 'NONE', #2981, #384, #1290, .T. ) ;
#82 = CARTESIAN_POINT ( 'NONE',  ( 498989.6999998547800, -499000.0000000000000, 0.1499999999694454100 ) ) ;
#83 = EDGE_CURVE ( 'NONE', #2620, #1195, #564, .T. ) ;
#84 = CARTESIAN_POINT ( 'NONE',  ( 10.40695615321999900, 5.099999999999999600, 0.0000000000000000000 ) ) ;
#85 = FACE_BOUND ( 'NONE', #2228, .T. ) ;
#86 = CARTESIAN_POINT ( 'NONE',  ( 6.400000000903502500, -5.100872668170399700, 0.2499999999999996700 ) ) ;
#87 = CIRCLE ( 'NONE', #2961, 0.1000000000000000200 ) ;
#88 = CARTESIAN_POINT ( 'NONE',  ( 8.194804410852041700, 4.901904163585879100, -14.34287573379302200 ) ) ;
#89 = AXIS2_PLACEMENT_3D ( 'NONE', #1355, #2744, #1113 ) ;
#90 = ORIENTED_EDGE ( 'NONE', *, *, #1470, .F. ) ;
#91 = PRESENTATION_LAYER_ASSIGNMENT (  '', '', ( #2990 ) ) ;
#92 = EDGE_LOOP ( 'NONE', ( #11, #1514, #2424, #2397 ) ) ;
#93 = CARTESIAN_POINT ( 'NONE',  ( -5.599999999999999600, -4.700000000000000200, 0.0000000000000000000 ) ) ;
#94 = CARTESIAN_POINT ( 'NONE',  ( -8.179999999999999700, -3.549999999999999800, 0.0000000000000000000 ) ) ;
#95 = DIRECTION ( 'NONE',  ( -0.0000000000000000000, 1.000000000000000000, 0.0000000000000000000 ) ) ;
#96 = VERTEX_POINT ( 'NONE', #2472 ) ;
#97 = B_SPLINE_CURVE_WITH_KNOTS ( 'NONE', 3,
 ( #2822, #965, #1903, #1198 ),
 .UNSPECIFIED., .F., .F.,
 ( 4, 4 ),
 ( 0.0000000000000000000, 1.000000000000000000 ),
 .UNSPECIFIED. ) ;
#98 = LINE ( 'NONE', #1582, #1987 ) ;
#99 = CARTESIAN_POINT ( 'NONE',  ( -7.680000000000000600, 3.549999999999999800, 0.0000000000000000000 ) ) ;
#100 = EDGE_LOOP ( 'NONE', ( #2149, #447, #2356, #678, #114, #1475, #1322, #638, #341, #2403, #217, #72, #1482, #1300, #512, #2487, #2788, #239, #1068, #1794 ) ) ;
#101 = CARTESIAN_POINT ( 'NONE',  ( 5.600000000061109000, -499000.0000000000000, 498995.4499998547800 ) ) ;
#102 = CONICAL_SURFACE ( 'NONE', #2949, 0.09999999995570758900, 0.7853981612160252400 ) ;
#103 = EDGE_CURVE ( 'NONE', #1284, #879, #1766, .T. ) ;
#104 = ORIENTED_EDGE ( 'NONE', *, *, #732, .T. ) ;
#105 = DIRECTION ( 'NONE',  ( 0.0000000000000000000, 0.0000000000000000000, 1.000000000000000000 ) ) ;
#106 = CONICAL_SURFACE ( 'NONE', #2175, 0.09999999995570758900, 0.7853981612160252400 ) ;
#107 = AXIS2_PLACEMENT_3D ( 'NONE', #1512, #1989, #1752 ) ;
#108 = CARTESIAN_POINT ( 'NONE',  ( 6.499999999999999100, 5.100349067268156800, 0.09999999999999999200 ) ) ;
#109 = AXIS2_PLACEMENT_3D ( 'NONE', #1177, #1417, #3035 ) ;
#110 = CARTESIAN_POINT ( 'NONE',  ( -8.550953002633896500, 5.050949956462776700, -14.05174532571000900 ) ) ;
#111 = DIRECTION ( 'NONE',  ( 0.0000000000000000000, 0.0000000000000000000, -1.000000000000000000 ) ) ;
#112 = VECTOR ( 'NONE', #272, 1000.000000000000000 ) ;
#113 = VERTEX_POINT ( 'NONE', #2708 ) ;
#114 = ORIENTED_EDGE ( 'NONE', *, *, #103, .T. ) ;
#115 = LINE ( 'NONE', #2988, #33 ) ;
#116 = ORIENTED_EDGE ( 'NONE', *, *, #2158, .T. ) ;
#117 = VERTEX_POINT ( 'NONE', #830 ) ;
#118 = VERTEX_POINT ( 'NONE', #1319 ) ;
#119 = DIRECTION ( 'NONE',  ( 0.0000000000000000000, 0.0000000000000000000, 1.000000000000000000 ) ) ;
#120 = CARTESIAN_POINT ( 'NONE',  ( 5.599999999219750000, 4.700000000109500100, 0.1500000000000000500 ) ) ;
#121 = CARTESIAN_POINT ( 'NONE',  ( -6.500000000000000900, 4.700000000000000200, 0.2500000000000000000 ) ) ;
#122 = LINE ( 'NONE', #2103, #1323 ) ;
#123 = EDGE_CURVE ( 'NONE', #701, #1583, #2925, .T. ) ;
#124 = EDGE_CURVE ( 'NONE', #1806, #1701, #2994, .T. ) ;
#125 = EDGE_CURVE ( 'NONE', #191, #2902, #2392, .T. ) ;
#126 = ORIENTED_EDGE ( 'NONE', *, *, #2459, .T. ) ;
#127 = CARTESIAN_POINT ( 'NONE',  ( 8.547631361230204000, 4.547631361230210200, -14.54997793290981500 ) ) ;
#128 = ORIENTED_EDGE ( 'NONE', *, *, #751, .F. ) ;
#129 = ORIENTED_EDGE ( 'NONE', *, *, #1626, .T. ) ;
#130 = CARTESIAN_POINT ( 'NONE',  ( -9.052984058300934200, 4.548072897866003200, -14.46373374826870300 ) ) ;
#131 = DIRECTION ( 'NONE',  ( -0.7071067811864446600, 0.7071067811866504900, 4.329780281176836600E-017 ) ) ;
#132 = ORIENTED_EDGE ( 'NONE', *, *, #2159, .T. ) ;
#133 = VERTEX_POINT ( 'NONE', #1796 ) ;
#134 = ORIENTED_EDGE ( 'NONE', *, *, #2941, .F. ) ;
#135 = FACE_OUTER_BOUND ( 'NONE', #619, .T. ) ;
#136 = CARTESIAN_POINT ( 'NONE',  ( 8.904502085330149100, 4.904502085330151800, -14.05246824824914300 ) ) ;
#137 = EDGE_LOOP ( 'NONE', ( #761, #373, #2301, #2489 ) ) ;
#138 = CARTESIAN_POINT ( 'NONE',  ( -8.179999999999999700, 3.549999999999999800, 3.799999999999999800 ) ) ;
#139 = FACE_OUTER_BOUND ( 'NONE', #2516, .T. ) ;
#140 = CARTESIAN_POINT ( 'NONE',  ( -5.400000000000000400, -18.39986788862000100, 0.1000000000000000100 ) ) ;
#141 =( BOUNDED_SURFACE ( )  B_SPLINE_SURFACE ( 3, 3, ( 
 ( #1353, #653, #2088, #758 ),
 ( #426, #914, #905, #1155 ),
 ( #858, #1111, #867, #1026 ),
 ( #1167, #884, #1218, #1606 ) ),
 .UNSPECIFIED., .F., .F., .F. ) 
 B_SPLINE_SURFACE_WITH_KNOTS ( ( 4, 4 ),
 ( 4, 4 ),
 ( 0.0000000000000000000, 1.000000000000000000 ),
 ( 0.0000000000000000000, 1.000000000000000000 ),
 .UNSPECIFIED. ) 
 GEOMETRIC_REPRESENTATION_ITEM ( )  RATIONAL_B_SPLINE_SURFACE ( (
 ( 1.000000000000000000, 0.8047378541243634900, 0.8047378541243634900, 1.000000000000000000),
 ( 0.8036878171981030100, 0.6467580093978951800, 0.6467580093978951800, 0.8036878171981030100),
 ( 0.8036878171981030100, 0.6467580093978951800, 0.6467580093978951800, 0.8036878171981030100),
 ( 1.000000000000000000, 0.8047378541243634900, 0.8047378541243634900, 1.000000000000000000) ) ) 
 REPRESENTATION_ITEM ( '' )  SURFACE ( )  );
#142 = DIRECTION ( 'NONE',  ( 0.0000000000000000000, 1.000000000000000000, 0.0000000000000000000 ) ) ;
#143 = ORIENTED_EDGE ( 'NONE', *, *, #1329, .T. ) ;
#144 = EDGE_CURVE ( 'NONE', #775, #1326, #1697, .T. ) ;
#145 = LINE ( 'NONE', #82, #2034 ) ;
#146 = FACE_OUTER_BOUND ( 'NONE', #2337, .T. ) ;
#147 = ORIENTED_EDGE ( 'NONE', *, *, #1212, .T. ) ;
#148 = DIRECTION ( 'NONE',  ( 0.003490630149240102700, 0.003490630149240102700, 0.9999878154269293800 ) ) ;
#149 = FACE_OUTER_BOUND ( 'NONE', #1627, .T. ) ;
#150 = ORIENTED_EDGE ( 'NONE', *, *, #610, .T. ) ;
#151 = CARTESIAN_POINT ( 'NONE',  ( 9.050940970897730900, -4.341041632553370300, -14.25428303243243100 ) ) ;
#152 = CARTESIAN_POINT ( 'NONE',  ( 8.755461883522416500, 4.755461883522420100, -14.55273940865655300 ) ) ;
#153 = DIRECTION ( 'NONE',  ( 0.0000000000000000000, 1.000000000000000000, 0.0000000000000000000 ) ) ;
#154 = DIRECTION ( 'NONE',  ( 0.0000000000000000000, 0.0000000000000000000, 1.000000000000000000 ) ) ;
#155 = LINE ( 'NONE', #1227, #2595 ) ;
#156 = ORIENTED_EDGE ( 'NONE', *, *, #2655, .T. ) ;
#157 = CARTESIAN_POINT ( 'NONE',  ( -9.111740763613772400, -4.696061373361809300, -14.22464619135194600 ) ) ;
#158 = DIRECTION ( 'NONE',  ( 0.0000000000000000000, 0.003490651415223966800, -0.9999939076577903900 ) ) ;
#159 = LINE ( 'NONE', #1016, #2814 ) ;
#160 = PLANE ( 'NONE',  #815 ) ;
#161 = CARTESIAN_POINT ( 'NONE',  ( -6.451839248248602700, 4.721689025070141100, 1.124862509086981300E-011 ) ) ;
#162 = LINE ( 'NONE', #1730, #712 ) ;
#163 = AXIS2_PLACEMENT_3D ( 'NONE', #1246, #1489, #1497 ) ;
#164 = ORIENTED_EDGE ( 'NONE', *, *, #2849, .T. ) ;
#165 = CARTESIAN_POINT ( 'NONE',  ( -9.025225760008094500, -4.781726410797812600, -14.34639438248886600 ) ) ;
#166 = ORIENTED_EDGE ( 'NONE', *, *, #1566, .T. ) ;
#167 = DIRECTION ( 'NONE',  ( 0.7071067811865474600, 0.7071067811865474600, -0.0000000000000000000 ) ) ;
#168 = CARTESIAN_POINT ( 'NONE',  ( 7.460000000000000900, -4.299999999999999800, 3.799999999999999800 ) ) ;
#169 = VERTEX_POINT ( 'NONE', #1096 ) ;
#170 = CARTESIAN_POINT ( 'NONE',  ( -6.599999999999999600, 4.800000866996406000, 0.0000000000000000000 ) ) ;
#171 = FACE_OUTER_BOUND ( 'NONE', #1488, .T. ) ;
#172 = EDGE_LOOP ( 'NONE', ( #1440, #1266, #1608, #1950 ) ) ;
#173 = LINE ( 'NONE', #101, #1377 ) ;
#174 = CARTESIAN_POINT ( 'NONE',  ( 5.400000000000000400, -4.700000000013915300, 0.09999999999999999200 ) ) ;
#175 = ORIENTED_EDGE ( 'NONE', *, *, #2615, .F. ) ;
#176 = CARTESIAN_POINT ( 'NONE',  ( 6.599999999999999600, -18.39986788862000100, 0.1000000000000000100 ) ) ;
#177 = LINE ( 'NONE', #689, #1381 ) ;
#178 = CARTESIAN_POINT ( 'NONE',  ( 6.400000000903502500, -5.100872668170399700, 0.2499999999999996700 ) ) ;
#179 = ADVANCED_FACE ( 'NONE', ( #423 ), #2001, .T. ) ;
#180 = DIRECTION ( 'NONE',  ( 0.0000000000000000000, 0.0000000000000000000, 1.000000000000000000 ) ) ;
#181 = CIRCLE ( 'NONE', #379, 0.1999999995201505700 ) ;
#182 =( NAMED_UNIT ( * ) PLANE_ANGLE_UNIT ( ) SI_UNIT ( $, .RADIAN. ) );
#183 = VERTEX_POINT ( 'NONE', #138 ) ;
#184 = EDGE_CURVE ( 'NONE', #1465, #133, #1618, .T. ) ;
#185 = EDGE_CURVE ( 'NONE', #1714, #953, #986, .T. ) ;
#186 = LINE ( 'NONE', #10, #2077 ) ;
#187 = ORIENTED_EDGE ( 'NONE', *, *, #1543, .F. ) ;
#188 = EDGE_CURVE ( 'NONE', #375, #720, #2243, .T. ) ;
#189 = CARTESIAN_POINT ( 'NONE',  ( -8.902926535325178700, -4.195826782588532900, -14.04998899500376400 ) ) ;
#190 = FACE_OUTER_BOUND ( 'NONE', #2572, .T. ) ;
#191 = VERTEX_POINT ( 'NONE', #1356 ) ;
#192 = PLANE ( 'NONE',  #2989 ) ;
#193 = CARTESIAN_POINT ( 'NONE',  ( 6.599999999999999600, -4.800002215264999700, 0.1000000000000000100 ) ) ;
#194 = CARTESIAN_POINT ( 'NONE',  ( -5.500000000000000000, 0.0000000000000000000, 0.1499999999999999900 ) ) ;
#195 = DIRECTION ( 'NONE',  ( -0.7071067811865474600, 0.7071067811865474600, -0.0000000000000000000 ) ) ;
#196 = ADVANCED_FACE ( 'NONE', ( #351 ), #628, .T. ) ;
#197 = DIRECTION ( 'NONE',  ( 0.0000000000000000000, 1.000000000000000000, -0.0000000000000000000 ) ) ;
#198 = CIRCLE ( 'NONE', #1969, 0.1000000000000000100 ) ;
#199 = ADVANCED_FACE ( 'NONE', ( #1544 ), #2090, .T. ) ;
#200 = VERTEX_POINT ( 'NONE', #1829 ) ;
#201 = DIRECTION ( 'NONE',  ( 0.0000000000000000000, 0.0000000000000000000, 1.000000000000000000 ) ) ;
#202 = ORIENTED_EDGE ( 'NONE', *, *, #2983, .F. ) ;
#203 = CARTESIAN_POINT ( 'NONE',  ( -8.179999999999999700, 3.549999999999999800, 0.0000000000000000000 ) ) ;
#204 = EDGE_CURVE ( 'NONE', #612, #1800, #906, .T. ) ;
#205 = AXIS2_PLACEMENT_3D ( 'NONE', #1702, #2172, #2894 ) ;
#206 = VERTEX_POINT ( 'NONE', #2308 ) ;
#207 = DIRECTION ( 'NONE',  ( 0.0000000000000000000, 0.0000000000000000000, 1.000000000000000000 ) ) ;
#208 = AXIS2_PLACEMENT_3D ( 'NONE', #2241, #343, #1298 ) ;
#209 = ORIENTED_EDGE ( 'NONE', *, *, #1942, .F. ) ;
#210 = LINE ( 'NONE', #888, #1486 ) ;
#211 = CARTESIAN_POINT ( 'NONE',  ( 5.500000000000000000, -18.39986788862000100, 0.1499999999999999700 ) ) ;
#212 = ORIENTED_EDGE ( 'NONE', *, *, #1848, .F. ) ;
#213 = ADVANCED_FACE ( 'NONE', ( #825 ), #411, .F. ) ;
#214 = LINE ( 'NONE', #1886, #841 ) ;
#215 = CARTESIAN_POINT ( 'NONE',  ( 4.919999999999999900, 4.299999999999999800, 0.0000000000000000000 ) ) ;
#216 = CARTESIAN_POINT ( 'NONE',  ( -5.500000000000000000, 4.799999999983000100, 0.0000000000000000000 ) ) ;
#217 = ORIENTED_EDGE ( 'NONE', *, *, #188, .T. ) ;
#218 = CARTESIAN_POINT ( 'NONE',  ( 5.499999999999998200, 5.099999999999999600, 0.0000000000000000000 ) ) ;
#219 = LINE ( 'NONE', #1292, #1638 ) ;
#220 = DIRECTION ( 'NONE',  ( 0.0000000000000000000, -1.000000000000000000, -0.0000000000000000000 ) ) ;
#221 = VECTOR ( 'NONE', #445, 1000.000000000000000 ) ;
#222 = CARTESIAN_POINT ( 'NONE',  ( -9.099999999999903700, -4.600003046170978200, -8.673617379884035500E-016 ) ) ;
#223 = VERTEX_POINT ( 'NONE', #1138 ) ;
#224 = CARTESIAN_POINT ( 'NONE',  ( -5.430323318610663600, -4.796289831678850900, 0.0000000000000000000 ) ) ;
#225 = CONICAL_SURFACE ( 'NONE', #2671, 0.09999999995570758900, 0.7853981612160252400 ) ;
#226 = VERTEX_POINT ( 'NONE', #178 ) ;
#227 = AXIS2_PLACEMENT_3D ( 'NONE', #1647, #1658, #1669 ) ;
#228 = AXIS2_PLACEMENT_3D ( 'NONE', #1332, #2955, #1570 ) ;
#229 = EDGE_CURVE ( 'NONE', #425, #3044, #2631, .T. ) ;
#230 = CARTESIAN_POINT ( 'NONE',  ( 5.549999999999999800, 4.750000000000000000, 0.1500000000000000200 ) ) ;
#231 = ADVANCED_FACE ( 'NONE', ( #276 ), #421, .T. ) ;
#232 = EDGE_CURVE ( 'NONE', #191, #2570, #198, .T. ) ;
#233 = DIRECTION ( 'NONE',  ( 0.0000000000000000000, 0.0000000000000000000, 1.000000000000000000 ) ) ;
#234 = DIRECTION ( 'NONE',  ( -8.673617400694187700E-015, 0.0000000000000000000, -1.000000000000000000 ) ) ;
#235 = CARTESIAN_POINT ( 'NONE',  ( 6.534634214977677900, 4.782297491469483600, -4.674731290198587700E-028 ) ) ;
#236 = LINE ( 'NONE', #1735, #2047 ) ;
#237 = B_SPLINE_CURVE_WITH_KNOTS ( 'NONE', 3,
 ( #2749, #161, #872, #2523, #1131, #2758, #1363, #2991, #1599, #170 ),
 .UNSPECIFIED., .F., .F.,
 ( 4, 3, 3, 4 ),
 ( 2.852963848879856600E-013, 9.939159896528937900E-005, 0.0001581199843597668200, 0.0002038370795059023600 ),
 .UNSPECIFIED. ) ;
#238 = CARTESIAN_POINT ( 'NONE',  ( 6.599999999999999600, -4.700000000070758700, 0.09999999999999999200 ) ) ;
#239 = ORIENTED_EDGE ( 'NONE', *, *, #347, .T. ) ;
#240 = ORIENTED_EDGE ( 'NONE', *, *, #1053, .T. ) ;
#241 = VERTEX_POINT ( 'NONE', #2776 ) ;
#242 = ADVANCED_FACE ( 'NONE', ( #2709 ), #1621, .T. ) ;
#243 = EDGE_CURVE ( 'NONE', #1583, #746, #745, .T. ) ;
#244 = EDGE_CURVE ( 'NONE', #1043, #701, #1398, .T. ) ;
#245 = ORIENTED_EDGE ( 'NONE', *, *, #1249, .F. ) ;
#246 = CARTESIAN_POINT ( 'NONE',  ( 7.160000000000000100, -4.299999999999999800, 0.0000000000000000000 ) ) ;
#247 = DIRECTION ( 'NONE',  ( -0.0000000000000000000, 0.7071067811865474600, -0.7071067811865474600 ) ) ;
#248 = CARTESIAN_POINT ( 'NONE',  ( -8.547814324470021300, -4.963109442574816100, -14.55273940865655500 ) ) ;
#249 = VECTOR ( 'NONE', #597, 1000.000000000000000 ) ;
#250 = ORIENTED_EDGE ( 'NONE', *, *, #987, .T. ) ;
#251 = AXIS2_PLACEMENT_3D ( 'NONE', #1125, #2517, #869 ) ;
#252 = MECHANICAL_DESIGN_GEOMETRIC_PRESENTATION_REPRESENTATION (  '', ( #2990 ), #412 ) ;
#253 = CARTESIAN_POINT ( 'NONE',  ( -8.963109442574815200, -4.547814324470019500, -14.55273940865655500 ) ) ;
#254 = DIRECTION ( 'NONE',  ( -0.9999939076577903900, 0.0000000000000000000, -0.003490651415222201700 ) ) ;
#255 = VECTOR ( 'NONE', #1746, 1000.000000000000100 ) ;
#256 = CARTESIAN_POINT ( 'NONE',  ( 8.550953002633997700, 5.050949956462776700, -14.05174532571000900 ) ) ;
#257 = EDGE_LOOP ( 'NONE', ( #2416, #1893, #2176, #2231 ) ) ;
#258 = LINE ( 'NONE', #266, #1459 ) ;
#259 = DIRECTION ( 'NONE',  ( 0.0000000000000000000, 0.0000000000000000000, -1.000000000000000000 ) ) ;
#260 = FACE_OUTER_BOUND ( 'NONE', #1792, .T. ) ;
#261 = CARTESIAN_POINT ( 'NONE',  ( 6.499999999999999100, 5.100349067268156800, 0.09999999999999999200 ) ) ;
#262 = EDGE_LOOP ( 'NONE', ( #1509, #2921, #609, #1059 ) ) ;
#263 = FACE_OUTER_BOUND ( 'NONE', #642, .T. ) ;
#264 = ORIENTED_EDGE ( 'NONE', *, *, #1566, .F. ) ;
#265 = CARTESIAN_POINT ( 'NONE',  ( -9.111688311957685500, -4.402735199643514900, -14.05143996359343100 ) ) ;
#266 = CARTESIAN_POINT ( 'NONE',  ( -5.400000000000000400, 0.0000000000000000000, 0.0000000000000000000 ) ) ;
#267 = EDGE_CURVE ( 'NONE', #226, #1348, #122, .T. ) ;
#268 = CONICAL_SURFACE ( 'NONE', #1902, 0.1999999998612110900, 0.7853981631132361800 ) ;
#269 = ORIENTED_EDGE ( 'NONE', *, *, #2926, .F. ) ;
#270 = AXIS2_PLACEMENT_3D ( 'NONE', #2919, #2235, #2215 ) ;
#271 = ORIENTED_EDGE ( 'NONE', *, *, #1250, .T. ) ;
#272 = DIRECTION ( 'NONE',  ( 1.000000000000000000, 0.0000000000000000000, 0.0000000000000000000 ) ) ;
#273 = CARTESIAN_POINT ( 'NONE',  ( -9.050949956462792700, 6.406956153221000400, -14.05174532571000300 ) ) ;
#274 = AXIS2_PLACEMENT_3D ( 'NONE', #498, #1912, #2852 ) ;
#275 = CARTESIAN_POINT ( 'NONE',  ( -6.500000000000000900, -5.100523600899165900, 0.1499999991195999900 ) ) ;
#276 = FACE_OUTER_BOUND ( 'NONE', #100, .T. ) ;
#277 = ORIENTED_EDGE ( 'NONE', *, *, #1094, .T. ) ;
#278 = ORIENTED_EDGE ( 'NONE', *, *, #58, .F. ) ;
#279 = DIRECTION ( 'NONE',  ( 0.0000000000000000000, 1.000000000000000000, 0.0000000000000000000 ) ) ;
#280 = ORIENTED_EDGE ( 'NONE', *, *, #2882, .T. ) ;
#281 = CARTESIAN_POINT ( 'NONE',  ( -8.901904163585882700, -4.194804410852041700, -14.34287573379302000 ) ) ;
#282 = CARTESIAN_POINT ( 'NONE',  ( 6.500000000000000900, 5.099999999999999600, 0.2500000000000000000 ) ) ;
#283 = VERTEX_POINT ( 'NONE', #1158 ) ;
#284 = CARTESIAN_POINT ( 'NONE',  ( 6.399999999999999500, 5.100872668170400600, 0.2499999999999996700 ) ) ;
#285 = EDGE_CURVE ( 'NONE', #133, #375, #42, .T. ) ;
#286 = EDGE_CURVE ( 'NONE', #1280, #2412, #1933, .T. ) ;
#287 = VERTEX_POINT ( 'NONE', #1405 ) ;
#288 = CARTESIAN_POINT ( 'NONE',  ( -10.40696032912999900, -5.099999999999999600, 0.0000000000000000000 ) ) ;
#289 = EDGE_CURVE ( 'NONE', #3006, #994, #2779, .T. ) ;
#290 = FACE_OUTER_BOUND ( 'NONE', #1517, .T. ) ;
#291 = EDGE_LOOP ( 'NONE', ( #550, #2856, #1520, #370 ) ) ;
#292 = CYLINDRICAL_SURFACE ( 'NONE', #3004, 0.1000000000000000200 ) ;
#293 = ORIENTED_EDGE ( 'NONE', *, *, #1724, .F. ) ;
#294 = DIRECTION ( 'NONE',  ( -0.0000000000000000000, 1.000000000000000000, 0.0000000000000000000 ) ) ;
#295 = FACE_OUTER_BOUND ( 'NONE', #729, .T. ) ;
#296 = LINE ( 'NONE', #230, #1494 ) ;
#297 = DIRECTION ( 'NONE',  ( 0.0000000000000000000, -1.000000000000000000, 0.0000000000000000000 ) ) ;
#298 = FACE_OUTER_BOUND ( 'NONE', #1468, .T. ) ;
#299 = ORIENTED_EDGE ( 'NONE', *, *, #2425, .F. ) ;
#300 = PLANE ( 'NONE',  #2070 ) ;
#301 = EDGE_CURVE ( 'NONE', #540, #34, #1248, .T. ) ;
#302 = PLANE ( 'NONE',  #2291 ) ;
#303 = ORIENTED_EDGE ( 'NONE', *, *, #449, .F. ) ;
#304 = CARTESIAN_POINT ( 'NONE',  ( 6.400000001807000200, -4.750000000000000000, 0.2000000000000000100 ) ) ;
#305 = CARTESIAN_POINT ( 'NONE',  ( 8.781726410797814400, 5.025225760008093600, -14.34639438248886600 ) ) ;
#306 = PLANE ( 'NONE',  #2637 ) ;
#307 = AXIS2_PLACEMENT_3D ( 'NONE', #1476, #2861, #1237 ) ;
#308 = LINE ( 'NONE', #1422, #1023 ) ;
#309 = AXIS2_PLACEMENT_3D ( 'NONE', #2785, #1160, #433 ) ;
#310 = ORIENTED_EDGE ( 'NONE', *, *, #2771, .F. ) ;
#311 = CARTESIAN_POINT ( 'NONE',  ( 6.000000000000000000, 4.750000000000000000, 0.2000000000000000100 ) ) ;
#312 = VERTEX_POINT ( 'NONE', #1181 ) ;
#313 = DIRECTION ( 'NONE',  ( -8.673617400694187700E-015, 0.0000000000000000000, -1.000000000000000000 ) ) ;
#314 = PLANE ( 'NONE',  #876 ) ;
#315 = ORIENTED_EDGE ( 'NONE', *, *, #2494, .T. ) ;
#316 = ORIENTED_EDGE ( 'NONE', *, *, #2046, .T. ) ;
#317 = ORIENTED_EDGE ( 'NONE', *, *, #1173, .F. ) ;
#318 = DIRECTION ( 'NONE',  ( -1.000000000000000000, -0.0000000000000000000, -0.0000000000000000000 ) ) ;
#319 = CARTESIAN_POINT ( 'NONE',  ( -8.844880703091586600, 4.903888787973352600, -14.40416991886225500 ) ) ;
#320 = CARTESIAN_POINT ( 'NONE',  ( -5.499999999999998200, -5.099999999999999600, 0.0000000000000000000 ) ) ;
#321 = DIRECTION ( 'NONE',  ( -1.000000000000000000, 0.0000000000000000000, 0.0000000000000000000 ) ) ;
#322 = LINE ( 'NONE', #354, #875 ) ;
#323 = CARTESIAN_POINT ( 'NONE',  ( -6.500000000000000900, 5.099999999999999600, 0.2500000000000000000 ) ) ;
#324 = AXIS2_PLACEMENT_3D ( 'NONE', #1394, #2073, #2060 ) ;
#325 = FACE_OUTER_BOUND ( 'NONE', #2502, .T. ) ;
#326 = CARTESIAN_POINT ( 'NONE',  ( 6.500000000000000900, -5.100728079772284900, 0.2085786433430443500 ) ) ;
#327 =( BOUNDED_CURVE ( )  B_SPLINE_CURVE ( 3, ( #1286, #1416, #1429, #1441 ),
 .UNSPECIFIED., .F., .F. ) 
 B_SPLINE_CURVE_WITH_KNOTS ( ( 4, 4 ),
 ( 0.0000000000000000000, 1.570796326794896800 ),
 .UNSPECIFIED. ) 
 CURVE ( )  GEOMETRIC_REPRESENTATION_ITEM ( )  RATIONAL_B_SPLINE_CURVE ( ( 1.000000000000000000, 0.8047378541243649400, 0.8047378541243649400, 1.000000000000000000 ) ) 
 REPRESENTATION_ITEM ( '' )  );
#328 = VECTOR ( 'NONE', #1854, 1000.000000000000000 ) ;
#329 = CARTESIAN_POINT ( 'NONE',  ( -8.550953002633999500, 4.903888787973350800, -14.40416991886225500 ) ) ;
#330 = DIRECTION ( 'NONE',  ( 0.0000000000000000000, 0.0000000000000000000, -1.000000000000000000 ) ) ;
#331 = UNCERTAINTY_MEASURE_WITH_UNIT (LENGTH_MEASURE( 1.000000000000000100E-005 ), #1364, 'distance_accuracy_value', 'NONE');
#332 = VECTOR ( 'NONE', #2119, 1000.000000000000000 ) ;
#333 = VERTEX_POINT ( 'NONE', #2803 ) ;
#334 = DIRECTION ( 'NONE',  ( 0.9999939076577903900, 0.0000000000000000000, -0.003490651415223966800 ) ) ;
#335 = CARTESIAN_POINT ( 'NONE',  ( 5.599999998192999800, 4.750000000000000000, 0.2000000000000000100 ) ) ;
#336 = FACE_OUTER_BOUND ( 'NONE', #2965, .T. ) ;
#337 = ORIENTED_EDGE ( 'NONE', *, *, #1092, .F. ) ;
#338 = ORIENTED_EDGE ( 'NONE', *, *, #1942, .T. ) ;
#339 = CARTESIAN_POINT ( 'NONE',  ( 0.0000000000000000000, -4.700000000000000200, 0.0000000000000000000 ) ) ;
#340 = FACE_OUTER_BOUND ( 'NONE', #802, .T. ) ;
#341 = ORIENTED_EDGE ( 'NONE', *, *, #267, .T. ) ;
#342 = CARTESIAN_POINT ( 'NONE',  ( -6.500000000000000900, 4.700000000000000200, 0.1499999999999999900 ) ) ;
#343 = DIRECTION ( 'NONE',  ( 0.0000000000000000000, 1.000000000000000000, -0.0000000000000000000 ) ) ;
#344 = EDGE_CURVE ( 'NONE', #415, #894, #2537, .T. ) ;
#345 = CARTESIAN_POINT ( 'NONE',  ( -6.599999999999999600, 5.100000000000000500, 6.776263578034402700E-018 ) ) ;
#346 = EDGE_CURVE ( 'NONE', #2456, #226, #595, .T. ) ;
#347 = EDGE_CURVE ( 'NONE', #574, #491, #2035, .T. ) ;
#348 = EDGE_CURVE ( 'NONE', #626, #2781, #1178, .T. ) ;
#349 = CARTESIAN_POINT ( 'NONE',  ( -6.000000000000000000, -4.750000000000000000, 0.2000000000000000100 ) ) ;
#350 = CARTESIAN_POINT ( 'NONE',  ( 5.599999999999999600, -4.799999999999998900, 0.1499999999999999900 ) ) ;
#351 = FACE_OUTER_BOUND ( 'NONE', #262, .T. ) ;
#352 = DIRECTION ( 'NONE',  ( -0.0000000000000000000, -0.003490651415223966800, -0.9999939076577903900 ) ) ;
#353 = ORIENTED_EDGE ( 'NONE', *, *, #2029, .T. ) ;
#354 = CARTESIAN_POINT ( 'NONE',  ( 4.919999999999999900, 4.299999999999999800, 0.0000000000000000000 ) ) ;
#355 = DIRECTION ( 'NONE',  ( 0.0000000000000000000, -1.000000000000000000, 0.0000000000000000000 ) ) ;
#356 = ORIENTED_EDGE ( 'NONE', *, *, #2491, .T. ) ;
#357 = DIRECTION ( 'NONE',  ( -0.0000000000000000000, -1.000000000000000000, 0.0000000000000000000 ) ) ;
#358 = SURFACE_STYLE_FILL_AREA ( #2767 ) ;
#359 = ORIENTED_EDGE ( 'NONE', *, *, #2255, .T. ) ;
#360 = CARTESIAN_POINT ( 'NONE',  ( -8.550953002633770300, 4.550953002633771200, -14.05000000000240400 ) ) ;
#361 = CARTESIAN_POINT ( 'NONE',  ( -6.400000000000000400, 4.799999999999998900, 0.1499999999999999900 ) ) ;
#362 = VECTOR ( 'NONE', #3018, 1000.000000000000000 ) ;
#363 = EDGE_CURVE ( 'NONE', #2084, #2022, #524, .T. ) ;
#364 = AXIS2_PLACEMENT_3D ( 'NONE', #980, #1941, #2181 ) ;
#365 = CARTESIAN_POINT ( 'NONE',  ( 8.901904163585882700, 4.194804410852041700, -14.34287573379302000 ) ) ;
#366 = DIRECTION ( 'NONE',  ( -0.7071067811865474600, 0.7071067811865474600, 0.0000000000000000000 ) ) ;
#367 =( BOUNDED_CURVE ( )  B_SPLINE_CURVE ( 3, ( #1932, #1526, #1978, #1992 ),
 .UNSPECIFIED., .F., .F. ) 
 B_SPLINE_CURVE_WITH_KNOTS ( ( 4, 4 ),
 ( 1.570796326794896800, 3.141592653589793100 ),
 .UNSPECIFIED. ) 
 CURVE ( )  GEOMETRIC_REPRESENTATION_ITEM ( )  RATIONAL_B_SPLINE_CURVE ( ( 1.000000000000000000, 0.8047378541243650500, 0.8047378541243650500, 1.000000000000000000 ) ) 
 REPRESENTATION_ITEM ( '' )  );
#368 = FACE_OUTER_BOUND ( 'NONE', #2031, .T. ) ;
#369 = CARTESIAN_POINT ( 'NONE',  ( -7.680000000000000600, -4.049999999999999800, 0.0000000000000000000 ) ) ;
#370 = ORIENTED_EDGE ( 'NONE', *, *, #2928, .F. ) ;
#371 = ORIENTED_EDGE ( 'NONE', *, *, #2216, .T. ) ;
#372 = LINE ( 'NONE', #1057, #2040 ) ;
#373 = ORIENTED_EDGE ( 'NONE', *, *, #346, .F. ) ;
#374 = FACE_OUTER_BOUND ( 'NONE', #2762, .T. ) ;
#375 = VERTEX_POINT ( 'NONE', #1189 ) ;
#376 = CARTESIAN_POINT ( 'NONE',  ( 8.550953002634001300, -4.903888787973355300, -14.40416991886225700 ) ) ;
#377 = CARTESIAN_POINT ( 'NONE',  ( -6.450000000000000200, -4.750000000000000000, 0.1250000000000000000 ) ) ;
#378 = PLANE ( 'NONE',  #1749 ) ;
#379 = AXIS2_PLACEMENT_3D ( 'NONE', #3024, #3045, #313 ) ;
#380 = VECTOR ( 'NONE', #1910, 1000.000000000000100 ) ;
#381 = AXIS2_PLACEMENT_3D ( 'NONE', #1822, #395, #2053 ) ;
#382 = EDGE_CURVE ( 'NONE', #659, #2141, #460, .T. ) ;
#383 = ORIENTED_EDGE ( 'NONE', *, *, #1439, .F. ) ;
#384 = VERTEX_POINT ( 'NONE', #2143 ) ;
#385 = CARTESIAN_POINT ( 'NONE',  ( -8.179999999999999700, -3.549999999999999800, 3.799999999999999800 ) ) ;
#386 = ORIENTED_EDGE ( 'NONE', *, *, #1250, .F. ) ;
#387 = ORIENTED_EDGE ( 'NONE', *, *, #2926, .T. ) ;
#388 = CARTESIAN_POINT ( 'NONE',  ( 8.547631361230205700, 4.547631361230207500, -14.54997793290981400 ) ) ;
#389 = DIRECTION ( 'NONE',  ( 0.7071067811864424300, 0.7071067811866526000, -1.298934084353046800E-016 ) ) ;
#390 = DIRECTION ( 'NONE',  ( 0.0000000000000000000, -1.000000000000000000, -0.0000000000000000000 ) ) ;
#391 = ORIENTED_EDGE ( 'NONE', *, *, #651, .T. ) ;
#392 = VERTEX_POINT ( 'NONE', #2824 ) ;
#393 = LINE ( 'NONE', #1777, #2755 ) ;
#394 = DIRECTION ( 'NONE',  ( 1.000000000000000000, -0.0000000000000000000, 0.0000000000000000000 ) ) ;
#395 = DIRECTION ( 'NONE',  ( -0.0000000000000000000, -1.000000000000000000, -0.0000000000000000000 ) ) ;
#396 = ADVANCED_FACE ( 'NONE', ( #2349 ), #2383, .F. ) ;
#397 = VECTOR ( 'NONE', #2647, 1000.000000000000100 ) ;
#398 = CARTESIAN_POINT ( 'NONE',  ( 6.400000000000000400, 4.799999999999998900, 0.1499999999999999900 ) ) ;
#399 = CARTESIAN_POINT ( 'NONE',  ( 6.400000000000000400, 4.750000000000000000, 0.2000000000000000100 ) ) ;
#400 = ORIENTED_EDGE ( 'NONE', *, *, #2232, .T. ) ;
#401 = EDGE_CURVE ( 'NONE', #574, #1714, #1099, .T. ) ;
#402 = EDGE_CURVE ( 'NONE', #29, #1284, #1655, .T. ) ;
#403 = VECTOR ( 'NONE', #2097, 1000.000000000000100 ) ;
#404 = ORIENTED_EDGE ( 'NONE', *, *, #1312, .T. ) ;
#405 = EDGE_CURVE ( 'NONE', #2846, #2412, #2277, .T. ) ;
#406 = LINE ( 'NONE', #1615, #2761 ) ;
#407 = ORIENTED_EDGE ( 'NONE', *, *, #2849, .F. ) ;
#408 = AXIS2_PLACEMENT_3D ( 'NONE', #176, #1137, #420 ) ;
#409 = CIRCLE ( 'NONE', #2770, 0.1999999995769939900 ) ;
#410 = ORIENTED_EDGE ( 'NONE', *, *, #591, .T. ) ;
#411 = PLANE ( 'NONE',  #1817 ) ;
#412 =( GEOMETRIC_REPRESENTATION_CONTEXT ( 3 ) GLOBAL_UNCERTAINTY_ASSIGNED_CONTEXT ( ( #1979 ) ) GLOBAL_UNIT_ASSIGNED_CONTEXT ( ( #1613, #182, #1839 ) ) REPRESENTATION_CONTEXT ( 'NONE', 'WORKASPACE' ) );
#413 = EDGE_LOOP ( 'NONE', ( #2626, #839, #586, #486 ) ) ;
#414 = CYLINDRICAL_SURFACE ( 'NONE', #1748, 0.1000000000000000100 ) ;
#415 = VERTEX_POINT ( 'NONE', #1289 ) ;
#416 = EDGE_LOOP ( 'NONE', ( #44, #2086, #212, #1857 ) ) ;
#417 = ADVANCED_FACE ( 'NONE', ( #1580 ), #2742, .T. ) ;
#418 = ORIENTED_EDGE ( 'NONE', *, *, #1069, .T. ) ;
#419 = CARTESIAN_POINT ( 'NONE',  ( -6.400000000000000400, -18.39986788862000100, 0.1499999999999999900 ) ) ;
#420 = DIRECTION ( 'NONE',  ( 0.0000000000000000000, 0.0000000000000000000, 1.000000000000000000 ) ) ;
#421 = PLANE ( 'NONE',  #2136 ) ;
#422 = EDGE_CURVE ( 'NONE', #1722, #1938, #308, .T. ) ;
#423 = FACE_OUTER_BOUND ( 'NONE', #1560, .T. ) ;
#424 = ORIENTED_EDGE ( 'NONE', *, *, #244, .F. ) ;
#425 = VERTEX_POINT ( 'NONE', #784 ) ;
#426 = CARTESIAN_POINT ( 'NONE',  ( 8.844880703091586600, -4.903888787973352600, -14.40416991886225500 ) ) ;
#427 = ORIENTED_EDGE ( 'NONE', *, *, #1055, .T. ) ;
#428 = AXIS2_PLACEMENT_3D ( 'NONE', #2569, #2353, #943 ) ;
#429 = CARTESIAN_POINT ( 'NONE',  ( -8.600003046170993300, 5.099999999999936600, 4.336808689942017700E-016 ) ) ;
#430 = DIRECTION ( 'NONE',  ( 0.0000000000000000000, 0.0000000000000000000, 1.000000000000000000 ) ) ;
#431 = ADVANCED_FACE ( 'NONE', ( #2131 ), #1511, .T. ) ;
#432 = ORIENTED_EDGE ( 'NONE', *, *, #20, .T. ) ;
#433 = DIRECTION ( 'NONE',  ( 0.0000000000000000000, 0.0000000000000000000, -1.000000000000000000 ) ) ;
#434 = ADVANCED_FACE ( 'NONE', ( #949 ), #68, .T. ) ;
#435 = ORIENTED_EDGE ( 'NONE', *, *, #1874, .T. ) ;
#436 = CARTESIAN_POINT ( 'NONE',  ( 5.599999998192999800, 5.099999999999999600, 0.2500000000000000000 ) ) ;
#437 = VECTOR ( 'NONE', #1572, 1000.000000000000000 ) ;
#438 = DIRECTION ( 'NONE',  ( 0.0000000000000000000, 1.000000000000000000, 0.0000000000000000000 ) ) ;
#439 = FACE_OUTER_BOUND ( 'NONE', #1821, .T. ) ;
#440 = CARTESIAN_POINT ( 'NONE',  ( -7.680000000000000600, 0.0000000000000000000, 3.799999999999999800 ) ) ;
#441 = DIRECTION ( 'NONE',  ( 0.0000000000000000000, 0.0000000000000000000, -1.000000000000000000 ) ) ;
#442 = ORIENTED_EDGE ( 'NONE', *, *, #124, .F. ) ;
#443 = EDGE_CURVE ( 'NONE', #183, #1108, #1504, .T. ) ;
#444 = EDGE_CURVE ( 'NONE', #2247, #3053, #236, .T. ) ;
#445 = DIRECTION ( 'NONE',  ( 0.0000000000000000000, 1.000000000000000000, 0.0000000000000000000 ) ) ;
#446 = FACE_OUTER_BOUND ( 'NONE', #1075, .T. ) ;
#447 = ORIENTED_EDGE ( 'NONE', *, *, #2095, .T. ) ;
#448 = ADVANCED_FACE ( 'NONE', ( #2669 ), #300, .T. ) ;
#449 = EDGE_CURVE ( 'NONE', #775, #871, #159, .T. ) ;
#450 = EDGE_LOOP ( 'NONE', ( #2933, #264, #531, #1380 ) ) ;
#451 = DIRECTION ( 'NONE',  ( 0.0000000000000000000, 0.003490651415223966800, 0.9999939076577903900 ) ) ;
#452 = FACE_OUTER_BOUND ( 'NONE', #1841, .T. ) ;
#453 = VERTEX_POINT ( 'NONE', #1257 ) ;
#454 = ADVANCED_FACE ( 'NONE', ( #1443 ), #2650, .T. ) ;
#455 = PLANE ( 'NONE',  #2051 ) ;
#456 = ORIENTED_EDGE ( 'NONE', *, *, #185, .F. ) ;
#457 = ORIENTED_EDGE ( 'NONE', *, *, #1472, .T. ) ;
#458 = CARTESIAN_POINT ( 'NONE',  ( 10.40695615321999900, 5.100872668170398900, 0.2499999999999986400 ) ) ;
#459 = CARTESIAN_POINT ( 'NONE',  ( -7.680000000000000600, 3.549999999999999800, 3.799999999999999800 ) ) ;
#460 = LINE ( 'NONE', #704, #2884 ) ;
#461 = CARTESIAN_POINT ( 'NONE',  ( 6.400000000000000400, 18.39986788862000100, 0.1499999999999999900 ) ) ;
#462 = ADVANCED_FACE ( 'NONE', ( #1972 ), #1485, .T. ) ;
#463 = ORIENTED_EDGE ( 'NONE', *, *, #2658, .F. ) ;
#464 = CARTESIAN_POINT ( 'NONE',  ( -5.400000000000000400, -4.800001107655328200, 0.0000000000000000000 ) ) ;
#465 = EDGE_CURVE ( 'NONE', #528, #1010, #874, .T. ) ;
#466 = ADVANCED_FACE ( 'NONE', ( #2520, #709, #788, #85, #2599 ), #1244, .T. ) ;
#467 = CARTESIAN_POINT ( 'NONE',  ( -6.599999999999999600, 4.800000866996406000, 0.0000000000000000000 ) ) ;
#468 = ORIENTED_EDGE ( 'NONE', *, *, #1833, .T. ) ;
#469 = DIRECTION ( 'NONE',  ( 0.0000000000000000000, 1.000000000000000000, 0.0000000000000000000 ) ) ;
#470 = AXIS2_PLACEMENT_3D ( 'NONE', #16, #1460, #2848 ) ;
#471 = AXIS2_PLACEMENT_3D ( 'NONE', #2339, #920, #441 ) ;
#472 = CARTESIAN_POINT ( 'NONE',  ( -6.599999999999999600, 4.700000000411819200, 0.09999999999999999200 ) ) ;
#473 = ORIENTED_EDGE ( 'NONE', *, *, #1692, .T. ) ;
#474 = CARTESIAN_POINT ( 'NONE',  ( 9.050949956462792700, -6.406956153221000400, -14.05174532571000300 ) ) ;
#475 = VECTOR ( 'NONE', #1172, 1000.000000000000000 ) ;
#476 = CARTESIAN_POINT ( 'NONE',  ( 6.452474737759369600, 4.722239375248305400, 0.0000000000000000000 ) ) ;
#477 = LINE ( 'NONE', #738, #2901 ) ;
#478 = DIRECTION ( 'NONE',  ( 0.0000000000000000000, 0.0000000000000000000, -1.000000000000000000 ) ) ;
#479 = ORIENTED_EDGE ( 'NONE', *, *, #2091, .T. ) ;
#480 = ADVANCED_FACE ( 'NONE', ( #6 ), #2629, .F. ) ;
#481 = CARTESIAN_POINT ( 'NONE',  ( -8.904502085330150900, -4.904502085330152600, -14.05246824824914100 ) ) ;
#482 = LINE ( 'NONE', #1401, #2905 ) ;
#483 = DIRECTION ( 'NONE',  ( 0.0000000000000000000, -0.7071067811865474600, -0.7071067811865474600 ) ) ;
#484 = LINE ( 'NONE', #1222, #1123 ) ;
#485 = PLANE ( 'NONE',  #1072 ) ;
#486 = ORIENTED_EDGE ( 'NONE', *, *, #2350, .F. ) ;
#487 = VECTOR ( 'NONE', #352, 1000.000000000000100 ) ;
#488 = ORIENTED_EDGE ( 'NONE', *, *, #444, .F. ) ;
#489 = AXIS2_PLACEMENT_3D ( 'NONE', #1704, #1739, #1763 ) ;
#491 = VERTEX_POINT ( 'NONE', #275 ) ;
#490 = DIRECTION ( 'NONE',  ( 0.0000000000000000000, -0.0000000000000000000, -1.000000000000000000 ) ) ;
#492 = DIRECTION ( 'NONE',  ( 0.0000000000000000000, -1.000000000000000000, 0.0000000000000000000 ) ) ;
#493 = CARTESIAN_POINT ( 'NONE',  ( -8.402735199643510500, -5.111688311957682800, -14.05143996359343800 ) ) ;
#494 = VERTEX_POINT ( 'NONE', #1700 ) ;
#495 = DIRECTION ( 'NONE',  ( 0.7071067811864424300, 0.7071067811866526000, -1.298934084353046800E-016 ) ) ;
#496 = DIRECTION ( 'NONE',  ( 0.0000000000000000000, 0.0000000000000000000, -1.000000000000000000 ) ) ;
#497 = DIRECTION ( 'NONE',  ( -0.0000000000000000000, -0.0000000000000000000, 1.000000000000000000 ) ) ;
#498 = CARTESIAN_POINT ( 'NONE',  ( 6.599999999999999600, 4.700000000013915300, 0.09999999999999999200 ) ) ;
#499 = ORIENTED_EDGE ( 'NONE', *, *, #1091, .T. ) ;
#500 = VERTEX_POINT ( 'NONE', #507 ) ;
#501 = EDGE_CURVE ( 'NONE', #183, #1923, #1288, .T. ) ;
#502 = EDGE_CURVE ( 'NONE', #1775, #2022, #155, .T. ) ;
#503 = EDGE_CURVE ( 'NONE', #1552, #2689, #1354, .T. ) ;
#504 = DIRECTION ( 'NONE',  ( 0.0000000000000000000, -0.0000000000000000000, 1.000000000000000000 ) ) ;
#505 = CYLINDRICAL_SURFACE ( 'NONE', #2838, 0.4999999999999999400 ) ;
#506 = ORIENTED_EDGE ( 'NONE', *, *, #2560, .F. ) ;
#507 = CARTESIAN_POINT ( 'NONE',  ( 8.550953002633997700, -4.903888787973352600, -14.40416991886225500 ) ) ;
#508 = LINE ( 'NONE', #854, #999 ) ;
#509 = CIRCLE ( 'NONE', #2238, 0.4999999999999991100 ) ;
#510 = LINE ( 'NONE', #2920, #2406 ) ;
#511 = VECTOR ( 'NONE', #2851, 1000.000000000000100 ) ;
#512 = ORIENTED_EDGE ( 'NONE', *, *, #2557, .T. ) ;
#513 = CARTESIAN_POINT ( 'NONE',  ( 6.599999999999999600, -4.800001107655328200, 0.0000000000000000000 ) ) ;
#514 = EDGE_CURVE ( 'NONE', #583, #2456, #779, .T. ) ;
#515 = DIRECTION ( 'NONE',  ( -0.0000000000000000000, 0.0000000000000000000, 1.000000000000000000 ) ) ;
#516 = EDGE_LOOP ( 'NONE', ( #3041, #1015, #427, #1392 ) ) ;
#517 = AXIS2_PLACEMENT_3D ( 'NONE', #3065, #795, #1004 ) ;
#518 = ORIENTED_EDGE ( 'NONE', *, *, #301, .T. ) ;
#519 = AXIS2_PLACEMENT_3D ( 'NONE', #561, #800, #330 ) ;
#520 = CARTESIAN_POINT ( 'NONE',  ( -8.754736083830328800, -4.340526638630087100, -14.54997793290981700 ) ) ;
#521 = DIRECTION ( 'NONE',  ( -0.7071067811865475700, -0.7071067811865475700, 0.0000000000000000000 ) ) ;
#522 = PLANE ( 'NONE',  #2632 ) ;
#523 = DIRECTION ( 'NONE',  ( 1.000000000000000000, 0.0000000000000000000, 0.0000000000000000000 ) ) ;
#524 = CIRCLE ( 'NONE', #2908, 0.5000000000000004400 ) ;
#525 = CARTESIAN_POINT ( 'NONE',  ( 8.550953002634001300, -5.050949956462776700, -14.05174532571000900 ) ) ;
#526 = ORIENTED_EDGE ( 'NONE', *, *, #1780, .F. ) ;
#527 = DIRECTION ( 'NONE',  ( -0.7071067811865475700, 0.7071067811865475700, 0.0000000000000000000 ) ) ;
#528 = VERTEX_POINT ( 'NONE', #2166 ) ;
#529 = CARTESIAN_POINT ( 'NONE',  ( -5.400000000000000400, -5.099999999999999600, 6.776263578034402700E-018 ) ) ;
#530 = ORIENTED_EDGE ( 'NONE', *, *, #1005, .F. ) ;
#531 = ORIENTED_EDGE ( 'NONE', *, *, #144, .F. ) ;
#532 = CARTESIAN_POINT ( 'NONE',  ( -8.547631361230204000, -4.547631361230210200, -14.54997793290981500 ) ) ;
#533 = PLANE ( 'NONE',  #2945 ) ;
#534 = DIRECTION ( 'NONE',  ( -0.0000000000000000000, -0.0000000000000000000, -1.000000000000000000 ) ) ;
#535 = EDGE_CURVE ( 'NONE', #287, #1728, #76, .T. ) ;
#536 = ORIENTED_EDGE ( 'NONE', *, *, #2327, .F. ) ;
#537 = LINE ( 'NONE', #211, #2972 ) ;
#538 = CARTESIAN_POINT ( 'NONE',  ( 5.566666088350223700, 4.733333911638591300, 0.09999778326322471300 ) ) ;
#539 = DIRECTION ( 'NONE',  ( 0.0000000000000000000, 0.0000000000000000000, 1.000000000000000000 ) ) ;
#540 = VERTEX_POINT ( 'NONE', #2390 ) ;
#541 = LINE ( 'NONE', #1481, #1675 ) ;
#542 = EDGE_LOOP ( 'NONE', ( #2987, #303, #2759, #2734 ) ) ;
#543 = DIRECTION ( 'NONE',  ( -0.9999939076577903900, 0.0000000000000000000, -0.003490651415223966800 ) ) ;
#544 = LINE ( 'NONE', #1616, #1679 ) ;
#545 = CARTESIAN_POINT ( 'NONE',  ( 6.450000000000000200, 4.750000000000000000, 0.1250000000000000000 ) ) ;
#546 = ORIENTED_EDGE ( 'NONE', *, *, #1626, .F. ) ;
#547 = CARTESIAN_POINT ( 'NONE',  ( 5.533332177067737100, 4.766667822827376900, 0.09999667537369443000 ) ) ;
#548 = CARTESIAN_POINT ( 'NONE',  ( 8.340526638630086300, 4.754736083830327000, -14.54997793290981400 ) ) ;
#549 = CIRCLE ( 'NONE', #2157, 0.5000000000000002200 ) ;
#550 = ORIENTED_EDGE ( 'NONE', *, *, #2998, .T. ) ;
#551 = B_SPLINE_CURVE_WITH_KNOTS ( 'NONE', 3,
 ( #1438, #1666, #235, #1894, #476, #2135 ),
 .UNSPECIFIED., .F., .F.,
 ( 4, 2, 4 ),
 ( 3.697535723202325400E-016, 0.0001018769866565700400, 0.0002037539733127703200 ),
 .UNSPECIFIED. ) ;
#552 = CIRCLE ( 'NONE', #781, 0.2000000000317413400 ) ;
#553 = ORIENTED_EDGE ( 'NONE', *, *, #2232, .F. ) ;
#554 = AXIS2_PLACEMENT_3D ( 'NONE', #1980, #2445, #789 ) ;
#555 = EDGE_CURVE ( 'NONE', #2689, #2885, #2512, .T. ) ;
#556 = EDGE_CURVE ( 'NONE', #868, #2816, #1281, .T. ) ;
#557 = ORIENTED_EDGE ( 'NONE', *, *, #1069, .F. ) ;
#558 = CARTESIAN_POINT ( 'NONE',  ( 6.500000000000002700, -5.100523600902239000, 0.1500000000000000200 ) ) ;
#559 = CARTESIAN_POINT ( 'NONE',  ( 5.599999999569496900, 4.700000000411819200, 0.09999999960601997600 ) ) ;
#560 = CARTESIAN_POINT ( 'NONE',  ( 6.400000000952885200, -4.700000000017690000, 0.1500000000000000500 ) ) ;
#561 = CARTESIAN_POINT ( 'NONE',  ( -5.599999999999999600, 18.39986788862000100, 0.1499999999999999900 ) ) ;
#562 = AXIS2_PLACEMENT_3D ( 'NONE', #1809, #148, #1578 ) ;
#563 = PLANE ( 'NONE',  #1521 ) ;
#564 = CIRCLE ( 'NONE', #2809, 0.1999999995769939900 ) ;
#565 = DIRECTION ( 'NONE',  ( 0.0000000000000000000, -1.000000000000000000, -0.0000000000000000000 ) ) ;
#566 = DIRECTION ( 'NONE',  ( 0.0000000000000000000, 0.9999939076577903900, -0.003490651415223966800 ) ) ;
#567 = DIRECTION ( 'NONE',  ( -1.000000000000000000, -0.0000000000000000000, 0.0000000000000000000 ) ) ;
#568 = ORIENTED_EDGE ( 'NONE', *, *, #1563, .F. ) ;
#569 = EDGE_LOOP ( 'NONE', ( #2179, #2959, #2316, #2360 ) ) ;
#570 = DIRECTION ( 'NONE',  ( -0.7071067811865474600, 0.7071067811865474600, -0.0000000000000000000 ) ) ;
#571 = DIRECTION ( 'NONE',  ( 0.0000000000000000000, 0.0000000000000000000, -1.000000000000000000 ) ) ;
#572 = EDGE_CURVE ( 'NONE', #1269, #960, #1962, .T. ) ;
#573 = FACE_OUTER_BOUND ( 'NONE', #1276, .T. ) ;
#574 = VERTEX_POINT ( 'NONE', #7 ) ;
#575 = LINE ( 'NONE', #1558, #1153 ) ;
#576 = DIRECTION ( 'NONE',  ( 0.0000000000000000000, 0.0000000000000000000, 1.000000000000000000 ) ) ;
#577 = AXIS2_PLACEMENT_3D ( 'NONE', #238, #3046, #1900 ) ;
#578 = CYLINDRICAL_SURFACE ( 'NONE', #669, 0.1000000000000000100 ) ;
#579 = CARTESIAN_POINT ( 'NONE',  ( -8.550953002633994200, 4.400774994297678200, -14.61051838046369500 ) ) ;
#580 = CARTESIAN_POINT ( 'NONE',  ( 6.500000000000000900, 5.100523600902239000, 0.1500000000000000200 ) ) ;
#581 = CIRCLE ( 'NONE', #324, 0.1999999999180545100 ) ;
#582 = CARTESIAN_POINT ( 'NONE',  ( 0.0000000000000000000, 0.0000000000000000000, 3.799999999999999800 ) ) ;
#583 = VERTEX_POINT ( 'NONE', #2604 ) ;
#584 = DIRECTION ( 'NONE',  ( 0.0000000000000000000, -1.000000000000000000, 0.0000000000000000000 ) ) ;
#585 = LINE ( 'NONE', #2285, #2946 ) ;
#586 = ORIENTED_EDGE ( 'NONE', *, *, #591, .F. ) ;
#587 = DIRECTION ( 'NONE',  ( -0.9999939076577903900, 3.469446951953614600E-015, -0.003490651415225671100 ) ) ;
#588 = DIRECTION ( 'NONE',  ( 0.0000000000000000000, 0.0000000000000000000, 1.000000000000000000 ) ) ;
#589 = EDGE_CURVE ( 'NONE', #169, #51, #1826, .T. ) ;
#590 = ORIENTED_EDGE ( 'NONE', *, *, #929, .F. ) ;
#591 = EDGE_CURVE ( 'NONE', #2800, #868, #552, .T. ) ;
#592 = EDGE_CURVE ( 'NONE', #2196, #2041, #97, .T. ) ;
#593 = EDGE_CURVE ( 'NONE', #2041, #927, #1757, .T. ) ;
#594 = CARTESIAN_POINT ( 'NONE',  ( 8.755461883522416500, 4.755461883522418300, -14.55273940865655500 ) ) ;
#595 = LINE ( 'NONE', #2573, #1863 ) ;
#596 = CARTESIAN_POINT ( 'NONE',  ( 6.500000000000000900, 18.39986788862000100, 0.1499999999999999900 ) ) ;
#597 = DIRECTION ( 'NONE',  ( -0.0000000000000000000, 1.000000000000000000, 0.0000000000000000000 ) ) ;
#598 = ORIENTED_EDGE ( 'NONE', *, *, #20, .F. ) ;
#599 =( BOUNDED_CURVE ( )  B_SPLINE_CURVE ( 3, ( #941, #1000, #1032, #1044 ),
 .UNSPECIFIED., .F., .F. ) 
 B_SPLINE_CURVE_WITH_KNOTS ( ( 4, 4 ),
 ( 2.356200582516029000, 3.926984724663359600 ),
 .UNSPECIFIED. ) 
 CURVE ( )  GEOMETRIC_REPRESENTATION_ITEM ( )  RATIONAL_B_SPLINE_CURVE ( ( 1.000000000000000000, 0.8047407260645900200, 0.8047407260645900200, 1.000000000000000000 ) ) 
 REPRESENTATION_ITEM ( '' )  );
#600 = ORIENTED_EDGE ( 'NONE', *, *, #1091, .F. ) ;
#601 = ORIENTED_EDGE ( 'NONE', *, *, #81, .T. ) ;
#602 = CARTESIAN_POINT ( 'NONE',  ( 8.723471125457463100, -4.695277848429645600, -14.61205393683520100 ) ) ;
#603 = CARTESIAN_POINT ( 'NONE',  ( 8.904502085330150900, 4.904502085330151800, -14.05246824824914300 ) ) ;
#604 = ORIENTED_EDGE ( 'NONE', *, *, #776, .F. ) ;
#605 = DIRECTION ( 'NONE',  ( 0.0000000000000000000, 1.000000000000000000, -0.0000000000000000000 ) ) ;
#606 = DIRECTION ( 'NONE',  ( 1.000000000000000000, 0.0000000000000000000, 0.0000000000000000000 ) ) ;
#607 = LINE ( 'NONE', #1634, #362 ) ;
#608 = EDGE_CURVE ( 'NONE', #720, #2222, #2613, .T. ) ;
#609 = ORIENTED_EDGE ( 'NONE', *, *, #2116, .T. ) ;
#610 = EDGE_CURVE ( 'NONE', #2745, #1835, #3067, .T. ) ;
#611 = LINE ( 'NONE', #273, #1268 ) ;
#612 = VERTEX_POINT ( 'NONE', #687 ) ;
#613 = DIRECTION ( 'NONE',  ( 0.0000000000000000000, 1.000000000000000000, -0.0000000000000000000 ) ) ;
#614 = VECTOR ( 'NONE', #1420, 1000.000000000000000 ) ;
#615 = AXIS2_PLACEMENT_3D ( 'NONE', #282, #36, #2171 ) ;
#616 = CARTESIAN_POINT ( 'NONE',  ( -5.600000000000000500, 5.100872668170400600, 0.2499999999999996700 ) ) ;
#617 = CARTESIAN_POINT ( 'NONE',  ( -8.179999999999999700, -3.549999999999999800, 0.0000000000000000000 ) ) ;
#618 = PLANE ( 'NONE',  #2220 ) ;
#619 = EDGE_LOOP ( 'NONE', ( #1810, #1758, #156 ) ) ;
#620 = LINE ( 'NONE', #2705, #1126 ) ;
#621 = ORIENTED_EDGE ( 'NONE', *, *, #289, .T. ) ;
#622 = ADVANCED_FACE ( 'NONE', ( #2305 ), #414, .T. ) ;
#623 = ORIENTED_EDGE ( 'NONE', *, *, #1931, .T. ) ;
#624 = EDGE_LOOP ( 'NONE', ( #3036, #2528, #600, #702 ) ) ;
#625 = VECTOR ( 'NONE', #721, 1000.000000000000000 ) ;
#626 = VERTEX_POINT ( 'NONE', #3040 ) ;
#627 = CARTESIAN_POINT ( 'NONE',  ( -7.680000000000000600, 4.049999999999999800, 3.799999999999999800 ) ) ;
#628 = PLANE ( 'NONE',  #1350 ) ;
#629 = CARTESIAN_POINT ( 'NONE',  ( -9.050948052056163800, 4.756848330670882400, -13.84168100587915600 ) ) ;
#630 = DIRECTION ( 'NONE',  ( 0.0000000000000000000, 0.0000000000000000000, -1.000000000000000000 ) ) ;
#631 = VECTOR ( 'NONE', #2704, 1000.000000000000000 ) ;
#632 = CARTESIAN_POINT ( 'NONE',  ( -5.499998892367500500, -4.800001107632500200, 0.09999745453884000000 ) ) ;
#633 = ORIENTED_EDGE ( 'NONE', *, *, #988, .T. ) ;
#634 = DIRECTION ( 'NONE',  ( 0.0000000000000000000, 0.0000000000000000000, -1.000000000000000000 ) ) ;
#635 =( NAMED_UNIT ( * ) SI_UNIT ( $, .STERADIAN. ) SOLID_ANGLE_UNIT ( ) );
#636 = CARTESIAN_POINT ( 'NONE',  ( 4.919999999999999900, 4.299999999999999800, 0.0000000000000000000 ) ) ;
#637 = ORIENTED_EDGE ( 'NONE', *, *, #1173, .T. ) ;
#638 = ORIENTED_EDGE ( 'NONE', *, *, #929, .T. ) ;
#639 = CARTESIAN_POINT ( 'NONE',  ( 5.573205080418914800, 4.700000000224663100, 0.0000000000000000000 ) ) ;
#640 = VECTOR ( 'NONE', #390, 1000.000000000000000 ) ;
#641 = CARTESIAN_POINT ( 'NONE',  ( 0.0000000000000000000, -4.049999999999999800, 0.0000000000000000000 ) ) ;
#642 = EDGE_LOOP ( 'NONE', ( #866, #143, #2096, #2907 ) ) ;
#643 = CIRCLE ( 'NONE', #1014, 0.1000000000000000100 ) ;
#644 = DIRECTION ( 'NONE',  ( 0.0000000000000000000, 0.0000000000000000000, 1.000000000000000000 ) ) ;
#645 = DIRECTION ( 'NONE',  ( 1.000000000000000000, 0.0000000000000000000, 0.0000000000000000000 ) ) ;
#646 = AXIS2_PLACEMENT_3D ( 'NONE', #870, #2449, #1983 ) ;
#647 = EDGE_CURVE ( 'NONE', #2816, #1668, #1058, .T. ) ;
#648 = EDGE_CURVE ( 'NONE', #453, #894, #2915, .T. ) ;
#649 = FACE_OUTER_BOUND ( 'NONE', #1458, .T. ) ;
#650 = ADVANCED_FACE ( 'NONE', ( #1607 ), #455, .T. ) ;
#651 = EDGE_CURVE ( 'NONE', #626, #241, #981, .T. ) ;
#652 = FACE_OUTER_BOUND ( 'NONE', #942, .T. ) ;
#653 = CARTESIAN_POINT ( 'NONE',  ( 8.550953002633997700, -4.903888787973352600, -14.40416991886225700 ) ) ;
#654 = DIRECTION ( 'NONE',  ( 0.0000000000000000000, 1.000000000000000000, -0.0000000000000000000 ) ) ;
#655 = VECTOR ( 'NONE', #318, 1000.000000000000000 ) ;
#656 = ORIENTED_EDGE ( 'NONE', *, *, #752, .F. ) ;
#657 = DIRECTION ( 'NONE',  ( 1.000000000000000000, 0.0000000000000000000, 0.0000000000000000000 ) ) ;
#658 = LINE ( 'NONE', #627, #1856 ) ;
#659 = VERTEX_POINT ( 'NONE', #2335 ) ;
#661 = ORIENTED_EDGE ( 'NONE', *, *, #2716, .T. ) ;
#660 = DIRECTION ( 'NONE',  ( 0.0000000000000000000, -1.000000000000000000, 0.0000000000000000000 ) ) ;
#662 = VERTEX_POINT ( 'NONE', #1404 ) ;
#663 = CARTESIAN_POINT ( 'NONE',  ( 5.400000000000000400, 4.700000000070758700, 0.09999999999999999200 ) ) ;
#664 = ADVANCED_FACE ( 'NONE', ( #2233 ), #268, .F. ) ;
#665 = EDGE_CURVE ( 'NONE', #1335, #29, #2986, .T. ) ;
#666 = VECTOR ( 'NONE', #3029, 1000.000000000000000 ) ;
#667 = ADVANCED_FACE ( 'NONE', ( #340 ), #1630, .T. ) ;
#668 = DIRECTION ( 'NONE',  ( 0.0000000000000000000, 0.0000000000000000000, 1.000000000000000000 ) ) ;
#669 = AXIS2_PLACEMENT_3D ( 'NONE', #2918, #2697, #2451 ) ;
#670 = ORIENTED_EDGE ( 'NONE', *, *, #1329, .F. ) ;
#671 = CARTESIAN_POINT ( 'NONE',  ( 0.0000000000000000000, 4.299999999999999800, 3.799999999999999800 ) ) ;
#672 = ORIENTED_EDGE ( 'NONE', *, *, #2354, .F. ) ;
#673 = ORIENTED_EDGE ( 'NONE', *, *, #3023, .F. ) ;
#674 = AXIS2_PLACEMENT_3D ( 'NONE', #1532, #2000, #571 ) ;
#675 = DIRECTION ( 'NONE',  ( 0.0000000000000000000, -1.000000000000000000, 0.0000000000000000000 ) ) ;
#676 = CARTESIAN_POINT ( 'NONE',  ( -8.550953002633997700, 4.550953002634000400, -14.05000000000000200 ) ) ;
#677 = ORIENTED_EDGE ( 'NONE', *, *, #232, .F. ) ;
#678 = ORIENTED_EDGE ( 'NONE', *, *, #402, .T. ) ;
#679 = CARTESIAN_POINT ( 'NONE',  ( -6.599999999999999600, 4.700000000070758700, 0.09999999999999999200 ) ) ;
#680 = B_SPLINE_CURVE_WITH_KNOTS ( 'NONE', 3,
 ( #639, #699, #954, #1136, #1144, #1154, #1166, #1196, #1370, #1382 ),
 .UNSPECIFIED., .F., .F.,
 ( 4, 3, 3, 4 ),
 ( 2.852963848879856600E-013, 9.939159896528937900E-005, 0.0001581199843597668200, 0.0002038370795059023600 ),
 .UNSPECIFIED. ) ;
#681 = CARTESIAN_POINT ( 'NONE',  ( 8.550953002633997700, -4.550953002634000400, -14.05000000000000200 ) ) ;
#682 = ADVANCED_FACE ( 'NONE', ( #2702 ), #1467, .T. ) ;
#683 = CARTESIAN_POINT ( 'NONE',  ( -5.434467674766502800, 4.800000000043494800, 5.217517973113254500E-012 ) ) ;
#684 = VECTOR ( 'NONE', #2554, 1000.000000000000000 ) ;
#685 = ORIENTED_EDGE ( 'NONE', *, *, #1564, .T. ) ;
#686 = ADVANCED_FACE ( 'NONE', ( #895 ), #192, .T. ) ;
#687 = CARTESIAN_POINT ( 'NONE',  ( 7.460000000000000900, -2.799999999999999800, 3.799999999999999800 ) ) ;
#688 = CONICAL_SURFACE ( 'NONE', #577, 0.1999999999748979200, 0.7853981633974482800 ) ;
#689 = CARTESIAN_POINT ( 'NONE',  ( -8.600003046170998600, -5.099999999999999600, 0.0000000000000000000 ) ) ;
#690 = VERTEX_POINT ( 'NONE', #429 ) ;
#691 = DIRECTION ( 'NONE',  ( -0.0000000000000000000, -1.000000000000000000, -0.0000000000000000000 ) ) ;
#692 = CARTESIAN_POINT ( 'NONE',  ( -6.500000000000000900, 4.799999999999999800, 0.1499999999999999900 ) ) ;
#693 = FACE_OUTER_BOUND ( 'NONE', #569, .T. ) ;
#694 = FILL_AREA_STYLE_COLOUR ( '', #1891 ) ;
#695 = DIRECTION ( 'NONE',  ( -1.000000000000000000, 0.0000000000000000000, 0.0000000000000000000 ) ) ;
#696 = PRESENTATION_STYLE_ASSIGNMENT (( #911 ) ) ;
#697 = CARTESIAN_POINT ( 'NONE',  ( -5.521361012707365600, 4.744084349519811300, -0.0000000000000000000 ) ) ;
#698 = VERTEX_POINT ( 'NONE', #2775 ) ;
#699 = CARTESIAN_POINT ( 'NONE',  ( 5.548160751751398200, 4.721689025070141100, 1.124862509086981300E-011 ) ) ;
#700 = FACE_OUTER_BOUND ( 'NONE', #2930, .T. ) ;
#701 = VERTEX_POINT ( 'NONE', #1146 ) ;
#702 = ORIENTED_EDGE ( 'NONE', *, *, #2557, .F. ) ;
#703 = CARTESIAN_POINT ( 'NONE',  ( -5.500000000000000900, -5.100728079773748600, 0.2085786437626904700 ) ) ;
#704 = CARTESIAN_POINT ( 'NONE',  ( 4.919999999999999900, 3.299999999999999800, 3.799999999999999800 ) ) ;
#705 = ADVANCED_FACE ( 'NONE', ( #2163 ), #1388, .T. ) ;
#706 = VECTOR ( 'NONE', #2398, 1000.000000000000100 ) ;
#707 = CARTESIAN_POINT ( 'NONE',  ( -8.179999999999999700, 3.549999999999999800, 0.0000000000000000000 ) ) ;
#708 = ORIENTED_EDGE ( 'NONE', *, *, #2311, .F. ) ;
#709 = FACE_BOUND ( 'NONE', #1042, .T. ) ;
#710 = DIRECTION ( 'NONE',  ( 0.0000000000000000000, -1.000000000000000000, -0.0000000000000000000 ) ) ;
#711 = DIRECTION ( 'NONE',  ( 0.0000000000000000000, 1.000000000000000000, 0.0000000000000000000 ) ) ;
#712 = VECTOR ( 'NONE', #808, 1000.000000000000000 ) ;
#713 = EDGE_CURVE ( 'NONE', #1569, #1835, #2008, .T. ) ;
#714 = EDGE_CURVE ( 'NONE', #1539, #200, #2083, .T. ) ;
#715 = DIRECTION ( 'NONE',  ( 0.0000000000000000000, 0.0000000000000000000, -1.000000000000000000 ) ) ;
#716 = DIRECTION ( 'NONE',  ( 0.0000000000000000000, 0.0000000000000000000, 1.000000000000000000 ) ) ;
#717 = ORIENTED_EDGE ( 'NONE', *, *, #535, .F. ) ;
#718 = ADVANCED_FACE ( 'NONE', ( #190 ), #1926, .F. ) ;
#719 = CARTESIAN_POINT ( 'NONE',  ( -8.340526638630088000, -4.754736083830326100, -14.54997793290981500 ) ) ;
#720 = VERTEX_POINT ( 'NONE', #885 ) ;
#721 = DIRECTION ( 'NONE',  ( -0.0000000000000000000, -1.000000000000000000, -0.0000000000000000000 ) ) ;
#722 = ORIENTED_EDGE ( 'NONE', *, *, #2786, .T. ) ;
#723 = CARTESIAN_POINT ( 'NONE',  ( 6.500000000000000000, -18.39986788862000100, 0.09999999999999999200 ) ) ;
#724 = CARTESIAN_POINT ( 'NONE',  ( -7.680000000000000600, -3.549999999999999800, 0.0000000000000000000 ) ) ;
#725 = FACE_OUTER_BOUND ( 'NONE', #450, .T. ) ;
#726 = EDGE_LOOP ( 'NONE', ( #1296, #3037, #1236 ) ) ;
#727 = LINE ( 'NONE', #2483, #2401 ) ;
#728 = CARTESIAN_POINT ( 'NONE',  ( 6.541421356237310500, 5.099999999999997900, 2.072634201430599700E-017 ) ) ;
#729 = EDGE_LOOP ( 'NONE', ( #386, #1483, #1028 ) ) ;
#730 = FACE_OUTER_BOUND ( 'NONE', #793, .T. ) ;
#731 = CARTESIAN_POINT ( 'NONE',  ( 5.400000000000002100, -5.099999999999997900, 6.776263578034402700E-018 ) ) ;
#732 = EDGE_CURVE ( 'NONE', #1938, #2141, #2550, .T. ) ;
#733 = LINE ( 'NONE', #55, #2544 ) ;
#734 = CIRCLE ( 'NONE', #2713, 0.5000000000000004400 ) ;
#735 = ORIENTED_EDGE ( 'NONE', *, *, #1737, .F. ) ;
#736 = AXIS2_PLACEMENT_3D ( 'NONE', #1977, #2224, #69 ) ;
#737 = ORIENTED_EDGE ( 'NONE', *, *, #2116, .F. ) ;
#738 = CARTESIAN_POINT ( 'NONE',  ( -6.400000000000000400, 4.700000000000000200, 0.2500000000000000000 ) ) ;
#739 = CIRCLE ( 'NONE', #562, 0.4999999999999999400 ) ;
#740 = EDGE_LOOP ( 'NONE', ( #391, #1351, #1207, #457, #921 ) ) ;
#741 = AXIS2_PLACEMENT_3D ( 'NONE', #1185, #1432, #2582 ) ;
#742 = ORIENTED_EDGE ( 'NONE', *, *, #2158, .F. ) ;
#743 = CARTESIAN_POINT ( 'NONE',  ( -8.179999999999999700, -4.049999999999999800, 0.0000000000000000000 ) ) ;
#744 = PLANE ( 'NONE',  #1349 ) ;
#745 = CIRCLE ( 'NONE', #2444, 0.1999999999180545100 ) ;
#746 = VERTEX_POINT ( 'NONE', #2307 ) ;
#747 = CARTESIAN_POINT ( 'NONE',  ( -6.599999999999999600, -5.099999999999997900, 6.776263578034402700E-018 ) ) ;
#748 = EDGE_LOOP ( 'NONE', ( #499, #1019, #1035, #2947 ) ) ;
#749 = DIRECTION ( 'NONE',  ( 0.0000000000000000000, 0.003490651415223966800, 0.9999939076577903900 ) ) ;
#750 = AXIS2_PLACEMENT_3D ( 'NONE', #2911, #2162, #2364 ) ;
#751 = EDGE_CURVE ( 'NONE', #1875, #626, #1317, .T. ) ;
#752 = EDGE_CURVE ( 'NONE', #133, #701, #115, .T. ) ;
#753 = EDGE_CURVE ( 'NONE', #1108, #223, #658, .T. ) ;
#754 = ORIENTED_EDGE ( 'NONE', *, *, #83, .F. ) ;
#755 = CARTESIAN_POINT ( 'NONE',  ( 5.499999566455640500, 4.800001300515536900, 0.09999916888586210500 ) ) ;
#756 = CARTESIAN_POINT ( 'NONE',  ( 0.0000000000000000000, 4.700000000000000200, 0.0000000000000000000 ) ) ;
#757 = VERTEX_POINT ( 'NONE', #2050 ) ;
#758 = CARTESIAN_POINT ( 'NONE',  ( 8.550953002634001300, -4.903888787973355300, -14.40416991886225500 ) ) ;
#759 = LINE ( 'NONE', #2326, #684 ) ;
#760 = CARTESIAN_POINT ( 'NONE',  ( 4.919999999999999900, 2.799999999999999800, 3.799999999999999800 ) ) ;
#761 = ORIENTED_EDGE ( 'NONE', *, *, #267, .F. ) ;
#762 = CARTESIAN_POINT ( 'NONE',  ( 6.500000000000000900, 0.0000000000000000000, 0.1000000000000000100 ) ) ;
#763 = FACE_OUTER_BOUND ( 'NONE', #1836, .T. ) ;
#764 = EDGE_LOOP ( 'NONE', ( #1134, #38, #1114, #851 ) ) ;
#765 = CARTESIAN_POINT ( 'NONE',  ( 4.620000000000000100, 2.799999999999999800, 0.0000000000000000000 ) ) ;
#766 = CARTESIAN_POINT ( 'NONE',  ( 5.599999999569496900, 4.700000000411819200, 0.09999999960601997600 ) ) ;
#767 = LINE ( 'NONE', #94, #2652 ) ;
#768 = CARTESIAN_POINT ( 'NONE',  ( 6.599999999999999600, 4.700000000013915300, 0.09999999999999999200 ) ) ;
#769 = VECTOR ( 'NONE', #490, 1000.000000000000000 ) ;
#770 = CARTESIAN_POINT ( 'NONE',  ( 4.919999999999999900, 4.299999999999999800, 0.0000000000000000000 ) ) ;
#771 = CARTESIAN_POINT ( 'NONE',  ( -9.099999999999866400, 4.892895219692115400, 0.0000000000000000000 ) ) ;
#772 = EDGE_CURVE ( 'NONE', #698, #3006, #2477, .T. ) ;
#773 = CARTESIAN_POINT ( 'NONE',  ( -8.179999999999999700, 3.549999999999999800, 0.0000000000000000000 ) ) ;
#774 = LINE ( 'NONE', #1505, #2592 ) ;
#775 = VERTEX_POINT ( 'NONE', #632 ) ;
#776 = EDGE_CURVE ( 'NONE', #60, #1714, #3019, .T. ) ;
#777 = ORIENTED_EDGE ( 'NONE', *, *, #592, .F. ) ;
#778 = ORIENTED_EDGE ( 'NONE', *, *, #348, .T. ) ;
#779 = CIRCLE ( 'NONE', #470, 0.1000000000000000100 ) ;
#780 = CARTESIAN_POINT ( 'NONE',  ( 8.550953002633999500, 4.550953002634000400, -14.05000000000000200 ) ) ;
#781 = AXIS2_PLACEMENT_3D ( 'NONE', #1674, #3064, #1445 ) ;
#782 = B_SPLINE_CURVE_WITH_KNOTS ( 'NONE', 3,
 ( #1659, #683, #2130, #697, #2365, #952 ),
 .UNSPECIFIED., .F., .F.,
 ( 4, 2, 4 ),
 ( 3.697535723202325400E-016, 0.0001018769866565697300, 0.0002037539733127696900 ),
 .UNSPECIFIED. ) ;
#783 = CARTESIAN_POINT ( 'NONE',  ( 6.555681754910220400, -4.790619440311132800, 0.0000000000000000000 ) ) ;
#784 = CARTESIAN_POINT ( 'NONE',  ( 6.500000000000002700, -5.100349067268159500, 0.1000000000000000200 ) ) ;
#785 = CARTESIAN_POINT ( 'NONE',  ( -5.599999999999999600, 4.700000000000000200, 0.1499999995598000300 ) ) ;
#786 = CARTESIAN_POINT ( 'NONE',  ( 6.399999999996271800, 4.700000000010436300, 0.09999999999999999200 ) ) ;
#787 = CARTESIAN_POINT ( 'NONE',  ( 5.500000000000000000, 5.100728079772283200, 0.2085786433430451300 ) ) ;
#788 = FACE_BOUND ( 'NONE', #2649, .T. ) ;
#789 = DIRECTION ( 'NONE',  ( 0.0000000000000000000, 0.0000000000000000000, -1.000000000000000000 ) ) ;
#790 = LINE ( 'NONE', #1997, #2602 ) ;
#791 = CARTESIAN_POINT ( 'NONE',  ( 0.0000000000000000000, 0.0000000000000000000, 3.799999999999999800 ) ) ;
#792 = DIRECTION ( 'NONE',  ( 0.0000000000000000000, 0.0000000000000000000, 1.000000000000000000 ) ) ;
#793 = EDGE_LOOP ( 'NONE', ( #2357, #1586, #1203, #353 ) ) ;
#794 = ORIENTED_EDGE ( 'NONE', *, *, #1693, .F. ) ;
#795 = DIRECTION ( 'NONE',  ( 0.0000000000000000000, -1.000000000000000000, 0.0000000000000000000 ) ) ;
#796 = CARTESIAN_POINT ( 'NONE',  ( 5.500000000000000000, 5.100523600902239000, 0.1499999999999999700 ) ) ;
#797 = DIRECTION ( 'NONE',  ( 0.0000000000000000000, -1.000000000000000000, -0.0000000000000000000 ) ) ;
#798 = FACE_OUTER_BOUND ( 'NONE', #976, .T. ) ;
#799 = CARTESIAN_POINT ( 'NONE',  ( 499005.5000000000000, 498995.2000001491400, 0.1000000000916647900 ) ) ;
#800 = DIRECTION ( 'NONE',  ( 0.0000000000000000000, -1.000000000000000000, 0.0000000000000000000 ) ) ;
#801 = VECTOR ( 'NONE', #1760, 1000.000000000000000 ) ;
#802 = EDGE_LOOP ( 'NONE', ( #2497, #2769, #2003, #845 ) ) ;
#803 = CARTESIAN_POINT ( 'NONE',  ( 6.400000000413999900, -4.700000000413999700, 0.1250000000000000000 ) ) ;
#804 = FACE_OUTER_BOUND ( 'NONE', #1174, .T. ) ;
#805 = CARTESIAN_POINT ( 'NONE',  ( 5.500000000000000000, 5.100523600902239000, 0.1499999999999999700 ) ) ;
#806 = CARTESIAN_POINT ( 'NONE',  ( -5.599999999999999600, -4.799999999931969800, 0.1499999999999999900 ) ) ;
#807 = CIRCLE ( 'NONE', #1503, 0.1000000000000000100 ) ;
#808 = DIRECTION ( 'NONE',  ( 1.000000000000000000, 0.0000000000000000000, -0.0000000000000000000 ) ) ;
#809 = ORIENTED_EDGE ( 'NONE', *, *, #1522, .T. ) ;
#810 = CARTESIAN_POINT ( 'NONE',  ( -8.179999999999999700, 4.049999999999999800, 3.799999999999999800 ) ) ;
#811 = FACE_OUTER_BOUND ( 'NONE', #2234, .T. ) ;
#812 = ORIENTED_EDGE ( 'NONE', *, *, #1407, .T. ) ;
#813 = VECTOR ( 'NONE', #1384, 1000.000000000000000 ) ;
#814 = ORIENTED_EDGE ( 'NONE', *, *, #535, .T. ) ;
#815 = AXIS2_PLACEMENT_3D ( 'NONE', #377, #527, #63 ) ;
#816 = CARTESIAN_POINT ( 'NONE',  ( 8.550953002633770300, 4.550953002633771200, -14.05000000000240400 ) ) ;
#817 = EDGE_CURVE ( 'NONE', #2781, #1657, #739, .T. ) ;
#818 = EDGE_CURVE ( 'NONE', #2642, #961, #1790, .T. ) ;
#819 = ORIENTED_EDGE ( 'NONE', *, *, #2492, .T. ) ;
#820 = ORIENTED_EDGE ( 'NONE', *, *, #2963, .F. ) ;
#821 = EDGE_CURVE ( 'NONE', #960, #690, #585, .T. ) ;
#822 = CARTESIAN_POINT ( 'NONE',  ( 0.0000000000000000000, 0.0000000000000000000, -14.55000000000000100 ) ) ;
#823 = DIRECTION ( 'NONE',  ( -0.0000000000000000000, 1.000000000000000000, 0.0000000000000000000 ) ) ;
#824 = CARTESIAN_POINT ( 'NONE',  ( -8.550953002634001300, 4.903888787973354400, -14.40416991886225700 ) ) ;
#825 = FACE_OUTER_BOUND ( 'NONE', #1661, .T. ) ;
#826 = EDGE_LOOP ( 'NONE', ( #2236, #2182, #2877, #2695 ) ) ;
#827 = CARTESIAN_POINT ( 'NONE',  ( 4.620000000000000100, 4.299999999999999800, 0.0000000000000000000 ) ) ;
#828 = ORIENTED_EDGE ( 'NONE', *, *, #2630, .F. ) ;
#829 = ORIENTED_EDGE ( 'NONE', *, *, #2630, .T. ) ;
#830 = CARTESIAN_POINT ( 'NONE',  ( 6.500000000004206400, 4.800000000018577900, 0.09999999999999999200 ) ) ;
#831 = CARTESIAN_POINT ( 'NONE',  ( -5.500000000000000000, 5.100728079773746000, 0.2085786437626908900 ) ) ;
#832 = CARTESIAN_POINT ( 'NONE',  ( -8.179999999999999700, -4.049999999999999800, 3.799999999999999800 ) ) ;
#833 = PLANE ( 'NONE',  #1115 ) ;
#834 = VERTEX_POINT ( 'NONE', #849 ) ;
#835 = EDGE_CURVE ( 'NONE', #1741, #1861, #1717, .T. ) ;
#836 = EDGE_LOOP ( 'NONE', ( #104, #2293, #1434, #864 ) ) ;
#837 = FACE_OUTER_BOUND ( 'NONE', #982, .T. ) ;
#838 = CARTESIAN_POINT ( 'NONE',  ( 9.110663260508141900, 4.401710148196780600, -14.34509437970171900 ) ) ;
#839 = ORIENTED_EDGE ( 'NONE', *, *, #556, .F. ) ;
#840 = CARTESIAN_POINT ( 'NONE',  ( 8.550953002633999500, -4.903888787973352600, -14.40416991886225500 ) ) ;
#841 = VECTOR ( 'NONE', #2820, 1000.000000000000000 ) ;
#842 = CARTESIAN_POINT ( 'NONE',  ( 6.599999999999999600, -4.700000000468662600, 0.09999999999999999200 ) ) ;
#843 = DIRECTION ( 'NONE',  ( -0.0000000000000000000, 1.000000000000000000, -0.0000000000000000000 ) ) ;
#844 = DIRECTION ( 'NONE',  ( 0.0000000000000000000, -1.000000000000000000, 0.0000000000000000000 ) ) ;
#845 = ORIENTED_EDGE ( 'NONE', *, *, #1487, .T. ) ;
#846 = FACE_OUTER_BOUND ( 'NONE', #1575, .T. ) ;
#847 = CYLINDRICAL_SURFACE ( 'NONE', #2348, 0.5000000000000004400 ) ;
#848 = ORIENTED_EDGE ( 'NONE', *, *, #1251, .T. ) ;
#849 = CARTESIAN_POINT ( 'NONE',  ( -8.904502085329921700, -4.904502085329923500, -14.05246824825154700 ) ) ;
#850 = LINE ( 'NONE', #1994, #2123 ) ;
#851 = ORIENTED_EDGE ( 'NONE', *, *, #1624, .F. ) ;
#852 = CARTESIAN_POINT ( 'NONE',  ( 8.845459859983511900, -4.903888787973352600, -14.40416991886225500 ) ) ;
#853 = DIRECTION ( 'NONE',  ( -4.336808699114498700E-015, 0.0000000000000000000, 1.000000000000000000 ) ) ;
#854 = CARTESIAN_POINT ( 'NONE',  ( 6.500000000000000900, 4.799999999999999800, 0.2500000000000000000 ) ) ;
#855 = EDGE_LOOP ( 'NONE', ( #1534, #568, #1885, #1866 ) ) ;
#856 = AXIS2_PLACEMENT_3D ( 'NONE', #2641, #2875, #2623 ) ;
#857 = EDGE_LOOP ( 'NONE', ( #2503, #2639, #2547 ) ) ;
#858 = CARTESIAN_POINT ( 'NONE',  ( 9.052256020855018900, -4.756855603101876700, -14.25662259348713700 ) ) ;
#859 = DIRECTION ( 'NONE',  ( -1.000000000000000000, -0.0000000000000000000, -0.0000000000000000000 ) ) ;
#860 = ADVANCED_FACE ( 'NONE', ( #452 ), #1973, .T. ) ;
#861 = VECTOR ( 'NONE', #2664, 1000.000000000000000 ) ;
#862 = CARTESIAN_POINT ( 'NONE',  ( -8.723131863204871600, 5.112089487618252500, -14.19669471127424200 ) ) ;
#863 = CARTESIAN_POINT ( 'NONE',  ( -6.500000000000000900, 0.0000000000000000000, 0.0000000000000000000 ) ) ;
#864 = ORIENTED_EDGE ( 'NONE', *, *, #948, .F. ) ;
#865 = ORIENTED_EDGE ( 'NONE', *, *, #1928, .F. ) ;
#866 = ORIENTED_EDGE ( 'NONE', *, *, #1895, .F. ) ;
#867 = CARTESIAN_POINT ( 'NONE',  ( 8.844609511849308000, -5.111948501679359300, -13.90276704462948700 ) ) ;
#868 = VERTEX_POINT ( 'NONE', #1801 ) ;
#869 = DIRECTION ( 'NONE',  ( -0.9999939076577903900, 7.997075224253081700E-013, 0.003490651415225671100 ) ) ;
#870 = CARTESIAN_POINT ( 'NONE',  ( -8.550953002633770300, -4.550953002633771200, -14.05000000000240400 ) ) ;
#871 = VERTEX_POINT ( 'NONE', #2718 ) ;
#872 = CARTESIAN_POINT ( 'NONE',  ( -6.477360724818694800, 4.742993482351006500, 0.0000000000000000000 ) ) ;
#873 = DIRECTION ( 'NONE',  ( -0.9999939076577903900, 0.0000000000000000000, 0.003490651415222201700 ) ) ;
#874 =( BOUNDED_CURVE ( )  B_SPLINE_CURVE ( 3, ( #2418, #2881, #2638, #747 ),
 .UNSPECIFIED., .F., .F. ) 
 B_SPLINE_CURVE_WITH_KNOTS ( ( 4, 4 ),
 ( 1.570796326794896800, 3.141592653589793100 ),
 .UNSPECIFIED. ) 
 CURVE ( )  GEOMETRIC_REPRESENTATION_ITEM ( )  RATIONAL_B_SPLINE_CURVE ( ( 1.000000000000000000, 0.8047378541243650500, 0.8047378541243650500, 1.000000000000000000 ) ) 
 REPRESENTATION_ITEM ( '' )  );
#875 = VECTOR ( 'NONE', #2940, 1000.000000000000000 ) ;
#876 = AXIS2_PLACEMENT_3D ( 'NONE', #545, #1041, #1740 ) ;
#877 = EDGE_CURVE ( 'NONE', #1280, #2642, #1645, .T. ) ;
#878 = EDGE_CURVE ( 'NONE', #1552, #2196, #1239, .T. ) ;
#879 = VERTEX_POINT ( 'NONE', #1784 ) ;
#880 = ADVANCED_FACE ( 'NONE', ( #2801 ), #2936, .T. ) ;
#881 = FACE_OUTER_BOUND ( 'NONE', #416, .T. ) ;
#882 = DIRECTION ( 'NONE',  ( -1.000000000000000000, -0.0000000000000000000, 0.0000000000000000000 ) ) ;
#883 = ORIENTED_EDGE ( 'NONE', *, *, #1272, .T. ) ;
#884 = CARTESIAN_POINT ( 'NONE',  ( 9.050948052056162000, -4.756848330670835300, -13.84168100587920600 ) ) ;
#885 = CARTESIAN_POINT ( 'NONE',  ( 5.500000000000001800, -5.100349067268156800, 0.1000000000000000200 ) ) ;
#886 = FACE_OUTER_BOUND ( 'NONE', #1547, .T. ) ;
#887 = AXIS2_PLACEMENT_3D ( 'NONE', #1600, #2082, #645 ) ;
#888 = CARTESIAN_POINT ( 'NONE',  ( 5.400000000000000400, 0.0000000000000000000, 0.0000000000000000000 ) ) ;
#889 = VECTOR ( 'NONE', #2107, 1000.000000000000000 ) ;
#890 = APPLICATION_PROTOCOL_DEFINITION ( 'draft international standard', 'automotive_design', 1998, #1140 ) ;
#891 = ORIENTED_EDGE ( 'NONE', *, *, #922, .T. ) ;
#892 = FACE_OUTER_BOUND ( 'NONE', #1491, .T. ) ;
#893 = ORIENTED_EDGE ( 'NONE', *, *, #2733, .F. ) ;
#894 = VERTEX_POINT ( 'NONE', #2246 ) ;
#895 = FACE_OUTER_BOUND ( 'NONE', #2009, .T. ) ;
#896 = ORIENTED_EDGE ( 'NONE', *, *, #2095, .F. ) ;
#897 = DIRECTION ( 'NONE',  ( 0.0000000000000000000, -0.9999939076577903900, -0.003490651415223966800 ) ) ;
#898 = ADVANCED_FACE ( 'NONE', ( #2191 ), #2470, .F. ) ;
#899 = CARTESIAN_POINT ( 'NONE',  ( -6.599999999999999600, -4.700000000013915300, 0.09999999999999999200 ) ) ;
#900 = EDGE_CURVE ( 'NONE', #953, #2284, #1568, .T. ) ;
#901 = APPLICATION_CONTEXT ( 'automotive_design' ) ;
#902 = SURFACE_SIDE_STYLE ('',( #2505 ) ) ;
#903 = AXIS2_PLACEMENT_3D ( 'NONE', #2665, #2242, #2069 ) ;
#904 = CARTESIAN_POINT ( 'NONE',  ( -5.600000000000000500, 5.100872668170400600, 0.2499999999999996700 ) ) ;
#905 = CARTESIAN_POINT ( 'NONE',  ( 8.723131863204916000, -5.112089487618217900, -14.19669471127427800 ) ) ;
#906 = LINE ( 'NONE', #168, #1474 ) ;
#907 = CARTESIAN_POINT ( 'NONE',  ( -8.550953002633999500, -18.39986788862000100, -14.05000000000000200 ) ) ;
#908 = ORIENTED_EDGE ( 'NONE', *, *, #1413, .T. ) ;
#909 = VERTEX_POINT ( 'NONE', #108 ) ;
#910 = CARTESIAN_POINT ( 'NONE',  ( -5.499999999995907300, 4.800000000018577900, 0.09999999999999999200 ) ) ;
#911 = SURFACE_STYLE_USAGE ( .BOTH. , #902 ) ;
#912 = ADVANCED_FACE ( 'NONE', ( #298 ), #2701, .T. ) ;
#913 = EDGE_LOOP ( 'NONE', ( #2612, #2485, #2890, #1151 ) ) ;
#914 = CARTESIAN_POINT ( 'NONE',  ( 8.844880703091586600, -5.025849934129746900, -14.28263375611338900 ) ) ;
#915 = ADVANCED_FACE ( 'NONE', ( #936 ), #225, .T. ) ;
#916 = DIRECTION ( 'NONE',  ( 0.003490630149240102300, -0.003490630149240102300, 0.9999878154269292700 ) ) ;
#917 = ORIENTED_EDGE ( 'NONE', *, *, #2656, .T. ) ;
#918 = EDGE_CURVE ( 'NONE', #2022, #698, #850, .T. ) ;
#919 = VECTOR ( 'NONE', #389, 1000.000000000000000 ) ;
#920 = DIRECTION ( 'NONE',  ( 0.0000000000000000000, -1.000000000000000000, 0.0000000000000000000 ) ) ;
#921 = ORIENTED_EDGE ( 'NONE', *, *, #751, .T. ) ;
#922 = EDGE_CURVE ( 'NONE', #746, #494, #1498, .T. ) ;
#923 = EDGE_CURVE ( 'NONE', #2570, #879, #372, .T. ) ;
#924 = LINE ( 'NONE', #1442, #1423 ) ;
#925 =( LENGTH_UNIT ( ) NAMED_UNIT ( * ) SI_UNIT ( .MILLI., .METRE. ) );
#926 =( BOUNDED_CURVE ( )  B_SPLINE_CURVE ( 3, ( #805, #787, #1030, #1039 ),
 .UNSPECIFIED., .F., .F. ) 
 B_SPLINE_CURVE_WITH_KNOTS ( ( 4, 4 ),
 ( 4.712388980384689700, 6.283185298144582400 ),
 .UNSPECIFIED. ) 
 CURVE ( )  GEOMETRIC_REPRESENTATION_ITEM ( )  RATIONAL_B_SPLINE_CURVE ( ( 1.000000000000000000, 0.8047378562539357900, 0.8047378562539357900, 1.000000000000000000 ) ) 
 REPRESENTATION_ITEM ( '' )  );
#927 = VERTEX_POINT ( 'NONE', #1527 ) ;
#928 = PLANE ( 'NONE',  #109 ) ;
#929 = EDGE_CURVE ( 'NONE', #3044, #226, #2072, .T. ) ;
#930 = CARTESIAN_POINT ( 'NONE',  ( -9.099999999999999600, 0.0000000000000000000, 0.0000000000000000000 ) ) ;
#931 = CYLINDRICAL_SURFACE ( 'NONE', #1721, 0.5000000000000004400 ) ;
#932 = DIRECTION ( 'NONE',  ( 0.0000000000000000000, 0.0000000000000000000, -1.000000000000000000 ) ) ;
#933 = ADVANCED_FACE ( 'NONE', ( #149 ), #2676, .T. ) ;
#934 = ORIENTED_EDGE ( 'NONE', *, *, #2772, .F. ) ;
#935 = CARTESIAN_POINT ( 'NONE',  ( 0.0000000000000000000, -3.549999999999999800, 3.799999999999999800 ) ) ;
#936 = FACE_OUTER_BOUND ( 'NONE', #857, .T. ) ;
#937 = ORIENTED_EDGE ( 'NONE', *, *, #2461, .F. ) ;
#938 = ADVANCED_FACE ( 'NONE', ( #1433 ), #314, .T. ) ;
#940 = ORIENTED_EDGE ( 'NONE', *, *, #2865, .T. ) ;
#939 =( NAMED_UNIT ( * ) PLANE_ANGLE_UNIT ( ) SI_UNIT ( $, .RADIAN. ) );
#941 = CARTESIAN_POINT ( 'NONE',  ( 8.600003046170995100, -5.099999999999936600, -4.336808689942017700E-016 ) ) ;
#942 = EDGE_LOOP ( 'NONE', ( #2066, #1400, #2603, #1991 ) ) ;
#943 = DIRECTION ( 'NONE',  ( -0.7071067811865474600, 0.7071067811865474600, 0.0000000000000000000 ) ) ;
#944 = ORIENTED_EDGE ( 'NONE', *, *, #301, .F. ) ;
#945 = DIRECTION ( 'NONE',  ( 0.0000000000000000000, 0.0000000000000000000, -1.000000000000000000 ) ) ;
#946 = CARTESIAN_POINT ( 'NONE',  ( -8.550953002633770300, 4.550953002633771200, -14.05000000000240400 ) ) ;
#947 = DIRECTION ( 'NONE',  ( -1.000000000000000000, -0.0000000000000000000, 0.0000000000000000000 ) ) ;
#948 = EDGE_CURVE ( 'NONE', #1938, #2124, #774, .T. ) ;
#949 = FACE_OUTER_BOUND ( 'NONE', #1802, .T. ) ;
#950 =( NAMED_UNIT ( * ) SI_UNIT ( $, .STERADIAN. ) SOLID_ANGLE_UNIT ( ) );
#951 = ADVANCED_FACE ( 'NONE', ( #700 ), #1974, .T. ) ;
#952 = CARTESIAN_POINT ( 'NONE',  ( -5.573205080801573200, 4.700000000006957300, 0.0000000000000000000 ) ) ;
#953 = VERTEX_POINT ( 'NONE', #2226 ) ;
#954 = CARTESIAN_POINT ( 'NONE',  ( 5.522639275181305200, 4.742993482351006500, 0.0000000000000000000 ) ) ;
#955 = AXIS2_PLACEMENT_3D ( 'NONE', #472, #1889, #234 ) ;
#956 = EDGE_LOOP ( 'NONE', ( #2743, #1803, #468, #2432 ) ) ;
#957 = CARTESIAN_POINT ( 'NONE',  ( 5.458578643762693100, -5.099999999999997900, 1.035277943298090900E-015 ) ) ;
#958 = CARTESIAN_POINT ( 'NONE',  ( -8.550953002633999500, -4.550953002634000400, -14.05000000000000200 ) ) ;
#959 = CARTESIAN_POINT ( 'NONE',  ( 6.500000000000000900, -4.700000000000000200, 0.0000000000000000000 ) ) ;
#960 = VERTEX_POINT ( 'NONE', #345 ) ;
#961 = VERTEX_POINT ( 'NONE', #1062 ) ;
#962 = CARTESIAN_POINT ( 'NONE',  ( 6.458578643762690400, 5.100872668170398900, 0.2500000000000005000 ) ) ;
#963 = CIRCLE ( 'NONE', #3050, 0.1000000000000000200 ) ;
#964 = EDGE_LOOP ( 'NONE', ( #2532, #1957, #1772, #442 ) ) ;
#965 = CARTESIAN_POINT ( 'NONE',  ( -6.466667822932262900, 4.766667822827376900, 0.09999667537369443000 ) ) ;
#966 = VECTOR ( 'NONE', #1243, 1000.000000000000000 ) ;
#967 = VERTEX_POINT ( 'NONE', #1051 ) ;
#968 = DIRECTION ( 'NONE',  ( 0.0000000000000000000, -1.000000000000000000, 0.0000000000000000000 ) ) ;
#969 = ADVANCED_FACE ( 'NONE', ( #1278 ), #563, .T. ) ;
#970 = CIRCLE ( 'NONE', #1853, 0.1000000000000000100 ) ;
#971 = AXIS2_PLACEMENT_3D ( 'NONE', #959, #968, #2606 ) ;
#972 = DIRECTION ( 'NONE',  ( 0.0000000000000000000, -1.000000000000000000, -0.0000000000000000000 ) ) ;
#973 = CARTESIAN_POINT ( 'NONE',  ( 6.500000000000000900, -4.799999999999999800, 0.2500000000000000000 ) ) ;
#974 = VECTOR ( 'NONE', #1842, 1000.000000000000000 ) ;
#975 = CARTESIAN_POINT ( 'NONE',  ( -8.195826782588529400, -4.902926535325177000, -14.04998899500377100 ) ) ;
#976 = EDGE_LOOP ( 'NONE', ( #1462, #2251, #2160, #2527 ) ) ;
#977 = CIRCLE ( 'NONE', #646, 0.4999999999999999400 ) ;
#978 = EDGE_LOOP ( 'NONE', ( #2551, #147, #2686, #488 ) ) ;
#979 = CARTESIAN_POINT ( 'NONE',  ( -6.500000000000000900, -18.39986788862000100, 0.1499999999999999700 ) ) ;
#980 = CARTESIAN_POINT ( 'NONE',  ( 5.500000000000000000, 0.0000000000000000000, 0.0000000000000000000 ) ) ;
#981 = LINE ( 'NONE', #2563, #1689 ) ;
#982 = EDGE_LOOP ( 'NONE', ( #2223, #1225, #1686, #1216 ) ) ;
#983 = ORIENTED_EDGE ( 'NONE', *, *, #714, .T. ) ;
#984 = PLANE ( 'NONE',  #2654 ) ;
#985 = CARTESIAN_POINT ( 'NONE',  ( -9.099999999999937500, 4.600003046170988900, 0.0000000000000000000 ) ) ;
#986 = CIRCLE ( 'NONE', #381, 0.1000000000000000200 ) ;
#987 = EDGE_CURVE ( 'NONE', #1881, #2620, #1896, .T. ) ;
#988 = EDGE_CURVE ( 'NONE', #1253, #2633, #2507, .T. ) ;
#989 = EDGE_CURVE ( 'NONE', #60, #1881, #2662, .T. ) ;
#990 = DIRECTION ( 'NONE',  ( 0.0000000000000000000, 0.0000000000000000000, -1.000000000000000000 ) ) ;
#991 = ORIENTED_EDGE ( 'NONE', *, *, #1625, .T. ) ;
#992 = EDGE_LOOP ( 'NONE', ( #2488, #2426, #778, #387 ) ) ;
#993 = CARTESIAN_POINT ( 'NONE',  ( -6.500000000000007100, 5.099999999999999600, 0.0000000000000000000 ) ) ;
#994 = VERTEX_POINT ( 'NONE', #110 ) ;
#995 = CARTESIAN_POINT ( 'NONE',  ( -8.892895219692119800, 5.099999999999864600, 0.0000000000000000000 ) ) ;
#996 = CARTESIAN_POINT ( 'NONE',  ( 5.549999999999999800, -4.750000000000000000, 0.1250000000000000000 ) ) ;
#997 = COLOUR_RGB ( '',0.7921568627450980000, 0.8196078431372548800, 0.9333333333333333500 ) ;
#998 = ORIENTED_EDGE ( 'NONE', *, *, #285, .T. ) ;
#999 = VECTOR ( 'NONE', #1106, 1000.000000000000000 ) ;
#1000 = CARTESIAN_POINT ( 'NONE',  ( 8.892895219692071900, -5.099999999999863800, 0.0000000000000000000 ) ) ;
#1001 = ORIENTED_EDGE ( 'NONE', *, *, #2373, .T. ) ;
#1002 = CARTESIAN_POINT ( 'NONE',  ( 6.541421356237309600, -5.100000000000000500, 1.355252715606880500E-017 ) ) ;
#1003 = VECTOR ( 'NONE', #2244, 1000.000000000000000 ) ;
#1004 = DIRECTION ( 'NONE',  ( 0.0000000000000000000, 0.0000000000000000000, -1.000000000000000000 ) ) ;
#1005 = EDGE_CURVE ( 'NONE', #1861, #1539, #71, .T. ) ;
#1006 = VECTOR ( 'NONE', #2389, 1000.000000000000000 ) ;
#1007 = PLANE ( 'NONE',  #163 ) ;
#1008 = EDGE_CURVE ( 'NONE', #2846, #2745, #2442, .T. ) ;
#1009 = ORIENTED_EDGE ( 'NONE', *, *, #572, .T. ) ;
#1010 = VERTEX_POINT ( 'NONE', #2229 ) ;
#1011 = CARTESIAN_POINT ( 'NONE',  ( -5.599999999999999600, 4.750000000000000000, 0.2000000000000000100 ) ) ;
#1012 = VECTOR ( 'NONE', #1080, 1000.000000000000000 ) ;
#1013 = ORIENTED_EDGE ( 'NONE', *, *, #922, .F. ) ;
#1014 = AXIS2_PLACEMENT_3D ( 'NONE', #1321, #2939, #1550 ) ;
#1015 = ORIENTED_EDGE ( 'NONE', *, *, #502, .T. ) ;
#1016 = CARTESIAN_POINT ( 'NONE',  ( -5.500000000000000000, -4.800000000000000700, 0.0000000000000000000 ) ) ;
#1017 = CARTESIAN_POINT ( 'NONE',  ( -5.541421356237308700, -5.100872668170398000, 0.2500000000000000000 ) ) ;
#1018 = DIRECTION ( 'NONE',  ( 0.0000000000000000000, -1.000000000000000000, 0.0000000000000000000 ) ) ;
#1019 = ORIENTED_EDGE ( 'NONE', *, *, #1109, .T. ) ;
#1020 = DIRECTION ( 'NONE',  ( 1.000000000000000000, 0.0000000000000000000, 0.0000000000000000000 ) ) ;
#1021 = DIRECTION ( 'NONE',  ( 0.0000000000000000000, 0.7058715706787037600, -0.7083398377245061500 ) ) ;
#1022 = DIRECTION ( 'NONE',  ( 0.0000000000000000000, 0.0000000000000000000, 1.000000000000000000 ) ) ;
#1023 = VECTOR ( 'NONE', #1036, 1000.000000000000000 ) ;
#1024 =( BOUNDED_CURVE ( )  B_SPLINE_CURVE ( 3, ( #985, #771, #995, #1208 ),
 .UNSPECIFIED., .F., .F. ) 
 B_SPLINE_CURVE_WITH_KNOTS ( ( 4, 4 ),
 ( 2.356200582516018400, 3.926984724663560700 ),
 .UNSPECIFIED. ) 
 CURVE ( )  GEOMETRIC_REPRESENTATION_ITEM ( )  RATIONAL_B_SPLINE_CURVE ( ( 1.000000000000000000, 0.8047407260645400600, 0.8047407260645400600, 1.000000000000000000 ) ) 
 REPRESENTATION_ITEM ( '' )  );
#1025 = EDGE_LOOP ( 'NONE', ( #356, #1603, #1365, #245 ) ) ;
#1026 = CARTESIAN_POINT ( 'NONE',  ( 8.550953002633997700, -5.111948501679359300, -13.90276704462948800 ) ) ;
#1027 = CARTESIAN_POINT ( 'NONE',  ( -8.179999999999999700, 4.049999999999999800, 3.799999999999999800 ) ) ;
#1028 = ORIENTED_EDGE ( 'NONE', *, *, #1472, .F. ) ;
#1029 = DIRECTION ( 'NONE',  ( 0.003490630149240102700, 0.003490630149240102700, 0.9999878154269293800 ) ) ;
#1030 = CARTESIAN_POINT ( 'NONE',  ( 5.541421355753453100, 5.100872668168553200, 0.2499999994707417200 ) ) ;
#1031 = ORIENTED_EDGE ( 'NONE', *, *, #1152, .T. ) ;
#1032 = CARTESIAN_POINT ( 'NONE',  ( 9.099999999999806000, -4.892895219692171300, 0.0000000000000000000 ) ) ;
#1033 = CARTESIAN_POINT ( 'NONE',  ( -9.052256020855017100, 4.964864207186238300, -14.04933881208725300 ) ) ;
#1034 = PLANE ( 'NONE',  #43 ) ;
#1035 = ORIENTED_EDGE ( 'NONE', *, *, #1311, .F. ) ;
#1036 = DIRECTION ( 'NONE',  ( 0.0000000000000000000, 0.0000000000000000000, 1.000000000000000000 ) ) ;
#1037 = VECTOR ( 'NONE', #947, 1000.000000000000000 ) ;
#1038 = DIRECTION ( 'NONE',  ( -0.003490630149240102700, 0.003490630149240102700, 0.9999878154269293800 ) ) ;
#1039 = CARTESIAN_POINT ( 'NONE',  ( 5.599999999096499300, 5.100872668170399700, 0.2499999999999996700 ) ) ;
#1040 = LINE ( 'NONE', #756, #966 ) ;
#1041 = DIRECTION ( 'NONE',  ( 0.7071067811865475700, -0.7071067811865475700, 0.0000000000000000000 ) ) ;
#1042 = EDGE_LOOP ( 'NONE', ( #2466, #819, #90, #1500 ) ) ;
#1043 = VERTEX_POINT ( 'NONE', #560 ) ;
#1044 = CARTESIAN_POINT ( 'NONE',  ( 9.099999999999905500, -4.600003046171092800, 0.0000000000000000000 ) ) ;
#1045 = LINE ( 'NONE', #2780, #1525 ) ;
#1046 = CARTESIAN_POINT ( 'NONE',  ( 0.0000000000000000000, -4.700000000000000200, 0.0000000000000000000 ) ) ;
#1047 = CARTESIAN_POINT ( 'NONE',  ( -6.534634215033139300, -4.782297491374568400, 1.246595010719623700E-027 ) ) ;
#1048 = ORIENTED_EDGE ( 'NONE', *, *, #1564, .F. ) ;
#1049 = LINE ( 'NONE', #1399, #2227 ) ;
#1050 = ORIENTED_EDGE ( 'NONE', *, *, #923, .F. ) ;
#1051 = CARTESIAN_POINT ( 'NONE',  ( -6.400000000903500700, 4.799999999995123700, 0.2499999999983750500 ) ) ;
#1052 = DIRECTION ( 'NONE',  ( 0.7071067811865475700, -0.7071067811865475700, 0.0000000000000000000 ) ) ;
#1053 = EDGE_CURVE ( 'NONE', #1948, #2247, #1451, .T. ) ;
#1054 = PLANE ( 'NONE',  #736 ) ;
#1055 = EDGE_CURVE ( 'NONE', #2022, #2781, #1820, .T. ) ;
#1056 = ORIENTED_EDGE ( 'NONE', *, *, #2351, .F. ) ;
#1057 = CARTESIAN_POINT ( 'NONE',  ( 6.599999999999999600, 0.0000000000000000000, 0.0000000000000000000 ) ) ;
#1058 = CIRCLE ( 'NONE', #1588, 0.1000000000000000100 ) ;
#1059 = ORIENTED_EDGE ( 'NONE', *, *, #732, .F. ) ;
#1060 = PLANE ( 'NONE',  #674 ) ;
#1061 = PRODUCT_DEFINITION ( 'UNKNOWN', '', #1217, #2245 ) ;
#1062 = CARTESIAN_POINT ( 'NONE',  ( -8.179999999999999700, -3.549999999999999800, 3.799999999999999800 ) ) ;
#1063 = DIRECTION ( 'NONE',  ( -0.7071067811864446600, 0.7071067811866504900, 4.329780281176836600E-017 ) ) ;
#1064 = DIRECTION ( 'NONE',  ( 0.0000000000000000000, 0.7071067811865475700, 0.7071067811865475700 ) ) ;
#1065 = VECTOR ( 'NONE', #366, 1000.000000000000100 ) ;
#1066 = DIRECTION ( 'NONE',  ( 0.0000000000000000000, -1.000000000000000000, 0.0000000000000000000 ) ) ;
#1067 = CARTESIAN_POINT ( 'NONE',  ( 6.599999999999999600, 4.800000000045656600, 0.0000000000000000000 ) ) ;
#1068 = ORIENTED_EDGE ( 'NONE', *, *, #1524, .T. ) ;
#1069 = EDGE_CURVE ( 'NONE', #1657, #2022, #549, .T. ) ;
#1070 = ORIENTED_EDGE ( 'NONE', *, *, #125, .F. ) ;
#1071 = CARTESIAN_POINT ( 'NONE',  ( 4.620000000000000100, 4.299999999999999800, 3.799999999999999800 ) ) ;
#1072 = AXIS2_PLACEMENT_3D ( 'NONE', #724, #2850, #47 ) ;
#1073 = ORIENTED_EDGE ( 'NONE', *, *, #1418, .F. ) ;
#1074 = CARTESIAN_POINT ( 'NONE',  ( -7.680000000000000600, 4.049999999999999800, 0.0000000000000000000 ) ) ;
#1075 = EDGE_LOOP ( 'NONE', ( #2556, #1554, #1791, #407 ) ) ;
#1076 = CARTESIAN_POINT ( 'NONE',  ( -9.168213101243894800, -4.668216147415000300, 19.54153467429238900 ) ) ;
#1077 = DIRECTION ( 'NONE',  ( -0.0000000000000000000, -0.0000000000000000000, -1.000000000000000000 ) ) ;
#1078 = LINE ( 'NONE', #2037, #2258 ) ;
#1079 = VECTOR ( 'NONE', #1574, 1000.000000000000000 ) ;
#1080 = DIRECTION ( 'NONE',  ( -1.000000000000000000, -0.0000000000000000000, -0.0000000000000000000 ) ) ;
#1081 = VECTOR ( 'NONE', #2857, 1000.000000000000000 ) ;
#1082 = CARTESIAN_POINT ( 'NONE',  ( 5.599999999999999600, -4.700000000000000200, 0.0000000000000000000 ) ) ;
#1083 = CARTESIAN_POINT ( 'NONE',  ( -9.050940970897739700, 4.341041632554334000, -14.25428303243340400 ) ) ;
#1084 = CARTESIAN_POINT ( 'NONE',  ( -5.599999999999999600, 4.799999999999998900, 0.1499999999999999900 ) ) ;
#1085 = VECTOR ( 'NONE', #1871, 1000.000000000000000 ) ;
#1086 = DIRECTION ( 'NONE',  ( 0.0000000000000000000, -1.000000000000000000, 0.0000000000000000000 ) ) ;
#1087 = EDGE_LOOP ( 'NONE', ( #1769, #1448, #1828, #2896 ) ) ;
#1088 = ORIENTED_EDGE ( 'NONE', *, *, #514, .T. ) ;
#1089 = VECTOR ( 'NONE', #2033, 1000.000000000000000 ) ;
#1090 = ORIENTED_EDGE ( 'NONE', *, *, #2534, .T. ) ;
#1091 = EDGE_CURVE ( 'NONE', #113, #871, #620, .T. ) ;
#1092 = EDGE_CURVE ( 'NONE', #1728, #2408, #1120, .T. ) ;
#1093 = ORIENTED_EDGE ( 'NONE', *, *, #2927, .F. ) ;
#1094 = EDGE_CURVE ( 'NONE', #169, #909, #1754, .T. ) ;
#1095 = CARTESIAN_POINT ( 'NONE',  ( 8.903476085402950000, 4.903476085402954400, -14.34639438248886600 ) ) ;
#1096 = CARTESIAN_POINT ( 'NONE',  ( 6.500000000000000900, 5.100523600902239000, 0.1500000000000000200 ) ) ;
#1097 = CARTESIAN_POINT ( 'NONE',  ( -5.599999999999998800, -5.100872668170399700, 0.2499999999999996700 ) ) ;
#1098 = DIRECTION ( 'NONE',  ( 0.0000000000000000000, 0.0000000000000000000, 1.000000000000000000 ) ) ;
#1099 = LINE ( 'NONE', #1209, #1727 ) ;
#1100 = VERTEX_POINT ( 'NONE', #1531 ) ;
#1101 = CARTESIAN_POINT ( 'NONE',  ( 8.904502085330150900, 4.904502085330154400, -14.05246824824914500 ) ) ;
#1102 = ORIENTED_EDGE ( 'NONE', *, *, #144, .T. ) ;
#1103 = VERTEX_POINT ( 'NONE', #1999 ) ;
#1104 = CARTESIAN_POINT ( 'NONE',  ( 8.845035986311673400, -4.400774994296590100, -14.61051838046374700 ) ) ;
#1105 = CARTESIAN_POINT ( 'NONE',  ( 6.499999999999999100, 5.099999999999999600, 0.0000000000000000000 ) ) ;
#1106 = DIRECTION ( 'NONE',  ( -1.000000000000000000, 0.0000000000000000000, -0.0000000000000000000 ) ) ;
#1107 = CARTESIAN_POINT ( 'NONE',  ( -8.179999999999999700, 4.049999999999999800, 0.0000000000000000000 ) ) ;
#1108 = VERTEX_POINT ( 'NONE', #810 ) ;
#1109 = EDGE_CURVE ( 'NONE', #871, #60, #2302, .T. ) ;
#1110 = EDGE_LOOP ( 'NONE', ( #2303, #2058, #2580, #1477, #2854, #1705, #623, #240, #2773, #473, #1389, #1199, #1814, #2984, #2139, #2059, #277, #1596, #506, #30 ) ) ;
#1111 = CARTESIAN_POINT ( 'NONE',  ( 9.052256020855017100, -4.964864207186192100, -14.04933881208729900 ) ) ;
#1112 = LINE ( 'NONE', #2795, #475 ) ;
#1113 = DIRECTION ( 'NONE',  ( 0.0000000000000000000, 0.0000000000000000000, -1.000000000000000000 ) ) ;
#1114 = ORIENTED_EDGE ( 'NONE', *, *, #502, .F. ) ;
#1115 = AXIS2_PLACEMENT_3D ( 'NONE', #121, #1086, #2722 ) ;
#1116 = LINE ( 'NONE', #1011, #397 ) ;
#1117 = CARTESIAN_POINT ( 'NONE',  ( -8.179999999999999700, -4.049999999999999800, 0.0000000000000000000 ) ) ;
#1118 = DIRECTION ( 'NONE',  ( 1.000000000000000000, 0.0000000000000000000, 0.0000000000000000000 ) ) ;
#1119 = EDGE_LOOP ( 'NONE', ( #518, #1001, #2192, #2506 ) ) ;
#1120 =( BOUNDED_CURVE ( )  B_SPLINE_CURVE ( 3, ( #1344, #2740, #1571, #1265 ),
 .UNSPECIFIED., .F., .F. ) 
 B_SPLINE_CURVE_WITH_KNOTS ( ( 4, 4 ),
 ( 0.0000000000000000000, 1.570796326794896800 ),
 .UNSPECIFIED. ) 
 CURVE ( )  GEOMETRIC_REPRESENTATION_ITEM ( )  RATIONAL_B_SPLINE_CURVE ( ( 1.000000000000000000, 0.8047378541243649400, 0.8047378541243649400, 1.000000000000000000 ) ) 
 REPRESENTATION_ITEM ( '' )  );
#1121 = CIRCLE ( 'NONE', #1545, 0.5000000000000004400 ) ;
#1122 =( BOUNDED_CURVE ( )  B_SPLINE_CURVE ( 3, ( #3056, #962, #2013, #580 ),
 .UNSPECIFIED., .F., .F. ) 
 B_SPLINE_CURVE_WITH_KNOTS ( ( 4, 4 ),
 ( 3.141592653589784700, 4.712388980384689700 ),
 .UNSPECIFIED. ) 
 CURVE ( )  GEOMETRIC_REPRESENTATION_ITEM ( )  RATIONAL_B_SPLINE_CURVE ( ( 1.000000000000000000, 0.8047378541243630500, 0.8047378541243630500, 1.000000000000000000 ) ) 
 REPRESENTATION_ITEM ( '' )  );
#1123 = VECTOR ( 'NONE', #972, 1000.000000000000000 ) ;
#1124 = ORIENTED_EDGE ( 'NONE', *, *, #3026, .T. ) ;
#1125 = CARTESIAN_POINT ( 'NONE',  ( 8.550953002633770300, -4.550953002633771200, -14.05000000000240400 ) ) ;
#1126 = VECTOR ( 'NONE', #1307, 1000.000000000000000 ) ;
#1127 = VERTEX_POINT ( 'NONE', #99 ) ;
#1128 = DIRECTION ( 'NONE',  ( 0.0000000000000000000, -1.000000000000000000, 0.0000000000000000000 ) ) ;
#1129 = CARTESIAN_POINT ( 'NONE',  ( 8.696662390203336200, 5.112341780456949500, -14.05246824825113600 ) ) ;
#1130 = ORIENTED_EDGE ( 'NONE', *, *, #2459, .F. ) ;
#1131 = CARTESIAN_POINT ( 'NONE',  ( -6.520709614622550300, 4.772911334565164600, 0.0000000000000000000 ) ) ;
#1132 = CARTESIAN_POINT ( 'NONE',  ( -5.500000000000001800, 5.100349067268156800, 0.09999999999999999200 ) ) ;
#1133 = VECTOR ( 'NONE', #2587, 1000.000000000000000 ) ;
#1134 = ORIENTED_EDGE ( 'NONE', *, *, #1471, .F. ) ;
#1135 = ORIENTED_EDGE ( 'NONE', *, *, #2771, .T. ) ;
#1136 = CARTESIAN_POINT ( 'NONE',  ( 5.495372285412400100, 4.761812182758842700, 0.0000000000000000000 ) ) ;
#1137 = DIRECTION ( 'NONE',  ( 0.0000000000000000000, 1.000000000000000000, 0.0000000000000000000 ) ) ;
#1138 = CARTESIAN_POINT ( 'NONE',  ( -7.680000000000000600, 4.049999999999999800, 3.799999999999999800 ) ) ;
#1139 = DIRECTION ( 'NONE',  ( 0.0000000000000000000, 1.000000000000000000, 0.0000000000000000000 ) ) ;
#1140 = APPLICATION_CONTEXT ( 'automotive_design' ) ;
#1141 = VECTOR ( 'NONE', #2261, 1000.000000000000000 ) ;
#1142 = DIRECTION ( 'NONE',  ( -0.0000000000000000000, 1.000000000000000000, 0.0000000000000000000 ) ) ;
#1143 = ADVANCED_FACE ( 'NONE', ( #2381 ), #2797, .T. ) ;
#1144 = CARTESIAN_POINT ( 'NONE',  ( 5.479290385377449700, 4.772911334565164600, 0.0000000000000000000 ) ) ;
#1145 = ORIENTED_EDGE ( 'NONE', *, *, #286, .F. ) ;
#1146 = CARTESIAN_POINT ( 'NONE',  ( 5.599999999999999600, -4.699999999975056600, 0.1499999995361758500 ) ) ;
#1147 = ORIENTED_EDGE ( 'NONE', *, *, #1725, .T. ) ;
#1148 = DIRECTION ( 'NONE',  ( 0.0000000000000000000, 1.000000000000000000, -0.0000000000000000000 ) ) ;
#1149 = EDGE_CURVE ( 'NONE', #2902, #494, #409, .T. ) ;
#1150 = EDGE_CURVE ( 'NONE', #1806, #612, #2230, .T. ) ;
#1151 = ORIENTED_EDGE ( 'NONE', *, *, #347, .F. ) ;
#1152 = EDGE_CURVE ( 'NONE', #3006, #1187, #2843, .T. ) ;
#1153 = VECTOR ( 'NONE', #1798, 1000.000000000000000 ) ;
#1154 = CARTESIAN_POINT ( 'NONE',  ( 5.462428390043277700, 4.783281660587454600, 0.0000000000000000000 ) ) ;
#1155 = CARTESIAN_POINT ( 'NONE',  ( 8.550953002633997700, -5.112089487618217000, -14.19669471127427900 ) ) ;
#1156 = DIRECTION ( 'NONE',  ( 0.0000000000000000000, 0.0000000000000000000, 1.000000000000000000 ) ) ;
#1157 = VECTOR ( 'NONE', #1919, 1000.000000000000000 ) ;
#1158 = CARTESIAN_POINT ( 'NONE',  ( 5.599999999999999600, -4.799999999982991200, 0.2499999999843112200 ) ) ;
#1159 = ADVANCED_FACE ( 'NONE', ( #1683 ), #160, .T. ) ;
#1160 = DIRECTION ( 'NONE',  ( 0.0000000000000000000, -1.000000000000000000, 0.0000000000000000000 ) ) ;
#1161 = LINE ( 'NONE', #2399, #2942 ) ;
#1162 = ADVANCED_FACE ( 'NONE', ( #336 ), #1845, .T. ) ;
#1163 = VECTOR ( 'NONE', #1670, 1000.000000000000000 ) ;
#1164 = ORIENTED_EDGE ( 'NONE', *, *, #2410, .T. ) ;
#1165 = ORIENTED_EDGE ( 'NONE', *, *, #714, .F. ) ;
#1166 = CARTESIAN_POINT ( 'NONE',  ( 5.444318284956665400, 4.790619424095893000, 0.0000000000000000000 ) ) ;
#1167 = CARTESIAN_POINT ( 'NONE',  ( 9.050948052056162000, -4.549382449758227600, -14.04842395526980600 ) ) ;
#1168 = VECTOR ( 'NONE', #613, 1000.000000000000000 ) ;
#1169 = ORIENTED_EDGE ( 'NONE', *, *, #1251, .F. ) ;
#1170 = CARTESIAN_POINT ( 'NONE',  ( 0.0000000000000000000, 0.0000000000000000000, 3.799999999999999800 ) ) ;
#1171 = DIRECTION ( 'NONE',  ( 0.0000000000000000000, -1.000000000000000000, -0.0000000000000000000 ) ) ;
#1172 = DIRECTION ( 'NONE',  ( -0.0000000000000000000, 0.0000000000000000000, 1.000000000000000000 ) ) ;
#1173 = EDGE_CURVE ( 'NONE', #834, #1335, #977, .T. ) ;
#1174 = EDGE_LOOP ( 'NONE', ( #1135, #54, #2457, #1415 ) ) ;
#1175 = CARTESIAN_POINT ( 'NONE',  ( 6.000000000000000000, -4.750000000000000000, 0.2000000000000000100 ) ) ;
#1176 = ADVANCED_FACE ( 'NONE', ( #892 ), #2578, .T. ) ;
#1177 = CARTESIAN_POINT ( 'NONE',  ( 7.160000000000000100, -4.299999999999999800, 0.0000000000000000000 ) ) ;
#1178 = LINE ( 'NONE', #474, #2421 ) ;
#1179 = ADVANCED_FACE ( 'NONE', ( #1464 ), #1507, .T. ) ;
#1180 = AXIS2_PLACEMENT_3D ( 'NONE', #2467, #1541, #111 ) ;
#1181 = CARTESIAN_POINT ( 'NONE',  ( -6.426794919362519600, -4.699999999978535600, 0.0000000000000000000 ) ) ;
#1182 = ORIENTED_EDGE ( 'NONE', *, *, #1725, .F. ) ;
#1183 = CARTESIAN_POINT ( 'NONE',  ( -5.522639253656488600, -4.742993500891685700, 0.0000000000000000000 ) ) ;
#1184 = DIRECTION ( 'NONE',  ( -1.000000000000000000, 0.0000000000000000000, -0.0000000000000000000 ) ) ;
#1185 = CARTESIAN_POINT ( 'NONE',  ( 5.599999999999999600, -18.39986788862000100, 0.1499999999999999900 ) ) ;
#1186 = ORIENTED_EDGE ( 'NONE', *, *, #3022, .T. ) ;
#1187 = VERTEX_POINT ( 'NONE', #2352 ) ;
#1188 = CARTESIAN_POINT ( 'NONE',  ( 5.434467674736730200, -4.799999999937679900, -1.378720271630329100E-011 ) ) ;
#1189 = CARTESIAN_POINT ( 'NONE',  ( 5.500000000000000000, -5.100523600899165900, 0.1499999991195999900 ) ) ;
#1190 = ADVANCED_FACE ( 'NONE', ( #263 ), #2148, .F. ) ;
#1191 = VECTOR ( 'NONE', #2105, 1000.000000000000000 ) ;
#1192 = CARTESIAN_POINT ( 'NONE',  ( -5.500000000000000000, 4.799999999991500000, 0.1499999991195999900 ) ) ;
#1193 = AXIS2_PLACEMENT_3D ( 'NONE', #2342, #2798, #2811 ) ;
#1194 = VECTOR ( 'NONE', #2859, 1000.000000000000100 ) ;
#1195 = VERTEX_POINT ( 'NONE', #2297 ) ;
#1196 = CARTESIAN_POINT ( 'NONE',  ( 5.430323339104871700, 4.796289827579624200, 0.0000000000000000000 ) ) ;
#1197 = CONICAL_SURFACE ( 'NONE', #1232, 0.1999999998612110900, 0.7853981631132311800 ) ;
#1198 = CARTESIAN_POINT ( 'NONE',  ( -6.400000000211503200, 4.700000000411819200, 0.09999999960601997600 ) ) ;
#1199 = ORIENTED_EDGE ( 'NONE', *, *, #1092, .T. ) ;
#1200 = VECTOR ( 'NONE', #1751, 1000.000000000000000 ) ;
#1201 = ORIENTED_EDGE ( 'NONE', *, *, #2350, .T. ) ;
#1202 = ORIENTED_EDGE ( 'NONE', *, *, #647, .T. ) ;
#1203 = ORIENTED_EDGE ( 'NONE', *, *, #184, .F. ) ;
#1204 = ADVANCED_FACE ( 'NONE', ( #811 ), #2621, .T. ) ;
#1205 = CARTESIAN_POINT ( 'NONE',  ( -8.903476085402953500, -4.903476085402953500, -14.34639438248886700 ) ) ;
#1206 = VECTOR ( 'NONE', #2153, 1000.000000000000000 ) ;
#1207 = ORIENTED_EDGE ( 'NONE', *, *, #402, .F. ) ;
#1208 = CARTESIAN_POINT ( 'NONE',  ( -8.600003046170993300, 5.099999999999936600, 4.336808689942017700E-016 ) ) ;
#1209 = CARTESIAN_POINT ( 'NONE',  ( -6.400000000000000400, -18.39986788862000100, 0.2500000000000000000 ) ) ;
#1210 = AXIS2_PLACEMENT_3D ( 'NONE', #79, #321, #105 ) ;
#1211 = EDGE_CURVE ( 'NONE', #1346, #2885, #186, .T. ) ;
#1212 = EDGE_CURVE ( 'NONE', #2879, #2816, #1533, .T. ) ;
#1213 = EDGE_CURVE ( 'NONE', #967, #1386, #2699, .T. ) ;
#1214 = CARTESIAN_POINT ( 'NONE',  ( 5.499999999967486500, -4.800000000011412900, 0.09999999999999999200 ) ) ;
#1215 = VECTOR ( 'NONE', #823, 1000.000000000000000 ) ;
#1216 = ORIENTED_EDGE ( 'NONE', *, *, #1094, .F. ) ;
#1217 = PRODUCT_DEFINITION_FORMATION_WITH_SPECIFIED_SOURCE ( 'ANY', '', #2201, .NOT_KNOWN. ) ;
#1218 = CARTESIAN_POINT ( 'NONE',  ( 8.843843321466097900, -4.903548861928981300, -13.69549166440261000 ) ) ;
#1219 = CARTESIAN_POINT ( 'NONE',  ( 5.400000000000000400, 0.0000000000000000000, 0.0000000000000000000 ) ) ;
#1220 = CARTESIAN_POINT ( 'NONE',  ( -6.500000433544359500, 4.800001300515536900, 0.09999916888586210500 ) ) ;
#1221 = EDGE_LOOP ( 'NONE', ( #21, #371, #908, #2808 ) ) ;
#1222 = CARTESIAN_POINT ( 'NONE',  ( -8.550953002633999500, 0.0000000000000000000, -14.55000000000000100 ) ) ;
#1223 = CARTESIAN_POINT ( 'NONE',  ( -7.680000000000000600, -4.049999999999999800, 3.799999999999999800 ) ) ;
#1224 = FACE_OUTER_BOUND ( 'NONE', #1369, .T. ) ;
#1225 = ORIENTED_EDGE ( 'NONE', *, *, #1563, .T. ) ;
#1226 = DIRECTION ( 'NONE',  ( -0.7071067811865474600, -0.7071067811865474600, -0.0000000000000000000 ) ) ;
#1227 = CARTESIAN_POINT ( 'NONE',  ( 8.550953002633999500, 0.0000000000000000000, -14.55000000000000100 ) ) ;
#1228 = CIRCLE ( 'NONE', #1493, 0.1000000000000000100 ) ;
#1229 = CARTESIAN_POINT ( 'NONE',  ( -5.599999999999998800, -5.100872668170399700, 0.2499999999999996700 ) ) ;
#1230 = EDGE_CURVE ( 'NONE', #2456, #1043, #2005, .T. ) ;
#1231 = CIRCLE ( 'NONE', #1767, 0.1000000000000000200 ) ;
#1232 = AXIS2_PLACEMENT_3D ( 'NONE', #174, #197, #207 ) ;
#1233 = DIRECTION ( 'NONE',  ( 1.000000000000000000, -0.0000000000000000000, 0.0000000000000000000 ) ) ;
#1234 = FACE_OUTER_BOUND ( 'NONE', #1650, .T. ) ;
#1235 = LINE ( 'NONE', #1480, #2411 ) ;
#1236 = ORIENTED_EDGE ( 'NONE', *, *, #2254, .F. ) ;
#1237 = DIRECTION ( 'NONE',  ( 1.000000000000000000, 0.0000000000000000000, -0.0000000000000000000 ) ) ;
#1238 = DIRECTION ( 'NONE',  ( -0.9999939076577903900, 0.0000000000000000000, 0.003490651415225671100 ) ) ;
#1239 = LINE ( 'NONE', #2016, #2876 ) ;
#1240 = EDGE_LOOP ( 'NONE', ( #2833, #150, #310, #1738 ) ) ;
#1241 = ORIENTED_EDGE ( 'NONE', *, *, #1524, .F. ) ;
#1242 = ORIENTED_EDGE ( 'NONE', *, *, #501, .F. ) ;
#1243 = DIRECTION ( 'NONE',  ( -1.000000000000000000, -0.0000000000000000000, 0.0000000000000000000 ) ) ;
#1244 = PLANE ( 'NONE',  #307 ) ;
#1245 = DIRECTION ( 'NONE',  ( -0.9999939076577955000, -4.139154297089227600E-010, -0.003490651413778917400 ) ) ;
#1246 = CARTESIAN_POINT ( 'NONE',  ( 6.450000000000000200, -4.750000000000000000, 0.1250000000000000000 ) ) ;
#1247 = AXIS2_PLACEMENT_3D ( 'NONE', #2923, #2239, #2 ) ;
#1248 = LINE ( 'NONE', #2794, #3031 ) ;
#1249 = EDGE_CURVE ( 'NONE', #2174, #1346, #2546, .T. ) ;
#1250 = EDGE_CURVE ( 'NONE', #500, #29, #734, .T. ) ;
#1251 = EDGE_CURVE ( 'NONE', #2677, #1253, #50, .T. ) ;
#1252 = EDGE_LOOP ( 'NONE', ( #735, #828, #2985 ) ) ;
#1253 = VERTEX_POINT ( 'NONE', #559 ) ;
#1254 = ORIENTED_EDGE ( 'NONE', *, *, #2827, .T. ) ;
#1255 =( BOUNDED_CURVE ( )  B_SPLINE_CURVE ( 3, ( #1966, #1955, #2407, #2419 ),
 .UNSPECIFIED., .F., .F. ) 
 B_SPLINE_CURVE_WITH_KNOTS ( ( 4, 4 ),
 ( 4.712388980384689700, 6.283185307179560500 ),
 .UNSPECIFIED. ) 
 CURVE ( )  GEOMETRIC_REPRESENTATION_ITEM ( )  RATIONAL_B_SPLINE_CURVE ( ( 1.000000000000000000, 0.8047378541243649400, 0.8047378541243649400, 1.000000000000000000 ) ) 
 REPRESENTATION_ITEM ( '' )  );
#1256 = CARTESIAN_POINT ( 'NONE',  ( 6.537571647734715400, -4.783281681477623300, 0.0000000000000000000 ) ) ;
#1257 = CARTESIAN_POINT ( 'NONE',  ( -9.099999999999937500, 4.600003046170988900, 0.0000000000000000000 ) ) ;
#1258 = ORIENTED_EDGE ( 'NONE', *, *, #1585, .T. ) ;
#1259 = DIRECTION ( 'NONE',  ( -0.7070981653923034100, -0.7070981653923034100, -0.004936496498283979500 ) ) ;
#1260 = DIRECTION ( 'NONE',  ( -0.0000000000000000000, -1.000000000000000000, -0.0000000000000000000 ) ) ;
#1261 = PLANE ( 'NONE',  #2906 ) ;
#1262 = ORIENTED_EDGE ( 'NONE', *, *, #2092, .F. ) ;
#1263 = FACE_OUTER_BOUND ( 'NONE', #257, .T. ) ;
#1264 = CARTESIAN_POINT ( 'NONE',  ( 8.600003046170995100, -5.099999999999936600, -4.336808689942017700E-016 ) ) ;
#1265 = CARTESIAN_POINT ( 'NONE',  ( 5.500000000000000000, 5.100349067268161300, 0.1000000000000000200 ) ) ;
#1266 = ORIENTED_EDGE ( 'NONE', *, *, #877, .F. ) ;
#1267 = DIRECTION ( 'NONE',  ( 1.000000000000000000, 0.0000000000000000000, 0.0000000000000000000 ) ) ;
#1268 = VECTOR ( 'NONE', #1698, 1000.000000000000000 ) ;
#1269 = VERTEX_POINT ( 'NONE', #467 ) ;
#1270 = DIRECTION ( 'NONE',  ( 0.0000000000000000000, -1.000000000000000000, 0.0000000000000000000 ) ) ;
#1271 = ORIENTED_EDGE ( 'NONE', *, *, #1230, .T. ) ;
#1272 = EDGE_CURVE ( 'NONE', #1284, #241, #599, .T. ) ;
#1273 = VECTOR ( 'NONE', #451, 1000.000000000000100 ) ;
#1274 = DIRECTION ( 'NONE',  ( -0.7071067811865475700, 0.7071067811865475700, 0.0000000000000000000 ) ) ;
#1275 = EDGE_CURVE ( 'NONE', #283, #2456, #1313, .T. ) ;
#1276 = EDGE_LOOP ( 'NONE', ( #2888, #2610, #338, #1699 ) ) ;
#1277 = DIRECTION ( 'NONE',  ( 0.0000000000000000000, -1.000000000000000000, 0.0000000000000000000 ) ) ;
#1278 = FACE_OUTER_BOUND ( 'NONE', #992, .T. ) ;
#1279 = ORIENTED_EDGE ( 'NONE', *, *, #1834, .T. ) ;
#1280 = VERTEX_POINT ( 'NONE', #1223 ) ;
#1281 = LINE ( 'NONE', #1917, #2446 ) ;
#1282 = DIRECTION ( 'NONE',  ( 0.0000000000000000000, 0.0000000000000000000, -1.000000000000000000 ) ) ;
#1283 = DIRECTION ( 'NONE',  ( -0.7071067811865474600, -0.7071067811865474600, 0.0000000000000000000 ) ) ;
#1284 = VERTEX_POINT ( 'NONE', #1264 ) ;
#1285 = EDGE_CURVE ( 'NONE', #960, #1552, #327, .T. ) ;
#1286 = CARTESIAN_POINT ( 'NONE',  ( -6.599999999999999600, 5.100000000000000500, 6.776263578034402700E-018 ) ) ;
#1287 = CARTESIAN_POINT ( 'NONE',  ( -6.452474737819446900, -4.722239375139590600, 0.0000000000000000000 ) ) ;
#1288 = LINE ( 'NONE', #2405, #1437 ) ;
#1289 = CARTESIAN_POINT ( 'NONE',  ( -8.600003046170989800, -5.099999999999936600, -8.470329471914223900E-019 ) ) ;
#1290 = LINE ( 'NONE', #1074, #631 ) ;
#1291 = CARTESIAN_POINT ( 'NONE',  ( 5.400000000000000400, -4.799999999965984400, 0.0000000000000000000 ) ) ;
#1292 = CARTESIAN_POINT ( 'NONE',  ( -6.500000000000000900, 4.799999999999999800, 0.0000000000000000000 ) ) ;
#1293 = CARTESIAN_POINT ( 'NONE',  ( 8.904502085329921700, 4.904502085329923500, -14.05246824825154700 ) ) ;
#1294 = AXIS2_PLACEMENT_3D ( 'NONE', #2333, #1855, #1909 ) ;
#1295 = AXIS2_PLACEMENT_3D ( 'NONE', #2458, #1710, #254 ) ;
#1296 = ORIENTED_EDGE ( 'NONE', *, *, #2197, .F. ) ;
#1297 = CARTESIAN_POINT ( 'NONE',  ( -8.550953002633997700, 4.903888787973352600, -14.40416991886225700 ) ) ;
#1298 = DIRECTION ( 'NONE',  ( 0.0000000000000000000, 0.0000000000000000000, 1.000000000000000000 ) ) ;
#1299 = ORIENTED_EDGE ( 'NONE', *, *, #1368, .T. ) ;
#1300 = ORIENTED_EDGE ( 'NONE', *, *, #1387, .T. ) ;
#1301 = DIRECTION ( 'NONE',  ( 0.0000000000000000000, -0.0000000000000000000, 1.000000000000000000 ) ) ;
#1302 = LINE ( 'NONE', #2045, #2464 ) ;
#1303 = ORIENTED_EDGE ( 'NONE', *, *, #593, .F. ) ;
#1304 = CIRCLE ( 'NONE', #1333, 0.4999999999999999400 ) ;
#1305 = DIRECTION ( 'NONE',  ( 1.000000000000000000, 0.0000000000000000000, 0.0000000000000000000 ) ) ;
#1306 = CARTESIAN_POINT ( 'NONE',  ( -5.549999999999999800, -4.750000000000000000, 0.09999490907767998000 ) ) ;
#1307 = DIRECTION ( 'NONE',  ( -0.0000000000000000000, 1.000000000000000000, -0.0000000000000000000 ) ) ;
#1308 = PLANE ( 'NONE',  #1180 ) ;
#1309 = CARTESIAN_POINT ( 'NONE',  ( 8.600003046170998600, 5.099999999999999600, 0.0000000000000000000 ) ) ;
#1310 = CONICAL_SURFACE ( 'NONE', #856, 0.2000000000317413400, 0.7853981633974482800 ) ;
#1311 = EDGE_CURVE ( 'NONE', #2672, #60, #1235, .T. ) ;
#1312 = EDGE_CURVE ( 'NONE', #1408, #1421, #2474, .T. ) ;
#1313 = LINE ( 'NONE', #973, #1851 ) ;
#1314 = ORIENTED_EDGE ( 'NONE', *, *, #1781, .F. ) ;
#1315 = EDGE_CURVE ( 'NONE', #775, #2620, #3014, .T. ) ;
#1316 = DIRECTION ( 'NONE',  ( -1.000000000000000000, 0.0000000000000000000, 0.0000000000000000000 ) ) ;
#1317 = CIRCLE ( 'NONE', #251, 0.4999999999999999400 ) ;
#1318 = EDGE_LOOP ( 'NONE', ( #991, #1944, #463, #2211 ) ) ;
#1319 = CARTESIAN_POINT ( 'NONE',  ( 6.599999999999999600, 5.099999999999998800, 6.776263578034402700E-018 ) ) ;
#1320 = CARTESIAN_POINT ( 'NONE',  ( -8.723471125457090000, 4.695277848430095900, -14.61205393683475500 ) ) ;
#1321 = CARTESIAN_POINT ( 'NONE',  ( 5.400000000000000400, 4.800001734003999800, 0.1000000000000000100 ) ) ;
#1322 = ORIENTED_EDGE ( 'NONE', *, *, #229, .T. ) ;
#1323 = VECTOR ( 'NONE', #1858, 1000.000000000000000 ) ;
#1324 = CARTESIAN_POINT ( 'NONE',  ( 7.460000000000000900, -2.799999999999999800, 0.0000000000000000000 ) ) ;
#1325 = DIRECTION ( 'NONE',  ( 0.0000000000000000000, 0.0000000000000000000, -1.000000000000000000 ) ) ;
#1326 = VERTEX_POINT ( 'NONE', #1743 ) ;
#1327 = CARTESIAN_POINT ( 'NONE',  ( -8.550953002634006600, 5.050949956462792700, -14.05174532571000300 ) ) ;
#1328 = ORIENTED_EDGE ( 'NONE', *, *, #1211, .T. ) ;
#1329 = EDGE_CURVE ( 'NONE', #2408, #2677, #1713, .T. ) ;
#1330 = ORIENTED_EDGE ( 'NONE', *, *, #244, .T. ) ;
#1331 = CARTESIAN_POINT ( 'NONE',  ( 9.111740763613772400, 4.696061373361809300, -14.22464619135194600 ) ) ;
#1332 = CARTESIAN_POINT ( 'NONE',  ( -5.400000000000000400, -4.800002215264999700, 0.1000000000000000100 ) ) ;
#1333 = AXIS2_PLACEMENT_3D ( 'NONE', #360, #2019, #587 ) ;
#1334 = DIRECTION ( 'NONE',  ( -0.7071067811865475700, 0.7071067811865475700, 0.0000000000000000000 ) ) ;
#1335 = VERTEX_POINT ( 'NONE', #1899 ) ;
#1336 = CARTESIAN_POINT ( 'NONE',  ( 5.500000000000000000, 4.799999999999999800, 0.0000000000000000000 ) ) ;
#1337 = DIRECTION ( 'NONE',  ( 1.000000000000000000, 0.0000000000000000000, 0.0000000000000000000 ) ) ;
#1338 = LINE ( 'NONE', #203, #1191 ) ;
#1339 = ORIENTED_EDGE ( 'NONE', *, *, #1799, .T. ) ;
#1340 = VECTOR ( 'NONE', #2140, 1000.000000000000000 ) ;
#1341 = ORIENTED_EDGE ( 'NONE', *, *, #1249, .T. ) ;
#1342 = FACE_OUTER_BOUND ( 'NONE', #2735, .T. ) ;
#1343 = CARTESIAN_POINT ( 'NONE',  ( 9.052984058301735400, -4.756383590800937500, -14.25614893067007200 ) ) ;
#1344 = CARTESIAN_POINT ( 'NONE',  ( 5.400000000000000400, 5.100000000000000500, 6.776263578034402700E-018 ) ) ;
#1345 = CARTESIAN_POINT ( 'NONE',  ( -498993.5000000000600, -498995.2000001483200, 0.1000000000916647900 ) ) ;
#1346 = VERTEX_POINT ( 'NONE', #1732 ) ;
#1347 = VECTOR ( 'NONE', #1770, 1000.000000000000000 ) ;
#1348 = VERTEX_POINT ( 'NONE', #1759 ) ;
#1349 = AXIS2_PLACEMENT_3D ( 'NONE', #773, #1018, #2453 ) ;
#1350 = AXIS2_PLACEMENT_3D ( 'NONE', #2296, #1128, #2756 ) ;
#1351 = ORIENTED_EDGE ( 'NONE', *, *, #1272, .F. ) ;
#1352 = ORIENTED_EDGE ( 'NONE', *, *, #2828, .T. ) ;
#1353 = CARTESIAN_POINT ( 'NONE',  ( 8.550953002633999500, -4.903888787973352600, -14.40416991886225500 ) ) ;
#1354 = LINE ( 'NONE', #993, #706 ) ;
#1355 = CARTESIAN_POINT ( 'NONE',  ( -8.550953002633997700, 4.550953002634000400, -14.05000000000000200 ) ) ;
#1356 = CARTESIAN_POINT ( 'NONE',  ( 6.500001107632500400, -4.800001107632500200, 0.09999745453884000000 ) ) ;
#1357 = CARTESIAN_POINT ( 'NONE',  ( 8.195826782588529400, 4.902926535325177000, -14.04998899500376900 ) ) ;
#1358 = PLANE ( 'NONE',  #2521 ) ;
#1359 = CARTESIAN_POINT ( 'NONE',  ( 7.460000000000000900, -2.799999999999999800, 0.0000000000000000000 ) ) ;
#1360 = CYLINDRICAL_SURFACE ( 'NONE', #57, 0.1000000000000000100 ) ;
#1361 = EDGE_LOOP ( 'NONE', ( #896, #1601, #2113, #1279, #637 ) ) ;
#1362 = CARTESIAN_POINT ( 'NONE',  ( -8.668216147415000300, -4.668216147415000300, 19.54327999999999900 ) ) ;
#1363 = CARTESIAN_POINT ( 'NONE',  ( -6.555681715043335500, 4.790619424095893000, 0.0000000000000000000 ) ) ;
#1364 =( LENGTH_UNIT ( ) NAMED_UNIT ( * ) SI_UNIT ( .MILLI., .METRE. ) );
#1365 = ORIENTED_EDGE ( 'NONE', *, *, #2425, .T. ) ;
#1366 = AXIS2_PLACEMENT_3D ( 'NONE', #768, #2427, #2438 ) ;
#1367 = EDGE_CURVE ( 'NONE', #1583, #1465, #1787, .T. ) ;
#1368 = EDGE_CURVE ( 'NONE', #2284, #1881, #2336, .T. ) ;
#1369 = EDGE_LOOP ( 'NONE', ( #1241, #673, #1968, #2110 ) ) ;
#1370 = CARTESIAN_POINT ( 'NONE',  ( 5.415100040007594400, 4.800000003872972000, 0.0000000000000000000 ) ) ;
#1371 = CARTESIAN_POINT ( 'NONE',  ( 7.460000000000000900, -4.299999999999999800, 3.799999999999999800 ) ) ;
#1372 = VECTOR ( 'NONE', #2980, 1000.000000000000100 ) ;
#1373 = ORIENTED_EDGE ( 'NONE', *, *, #592, .T. ) ;
#1374 = DIRECTION ( 'NONE',  ( 0.0000000000000000000, -0.0000000000000000000, 1.000000000000000000 ) ) ;
#1375 = ADVANCED_FACE ( 'NONE', ( #446 ), #2198, .T. ) ;
#1376 = PRODUCT_RELATED_PRODUCT_CATEGORY ( 'part', '', ( #2201 ) ) ;
#1377 = VECTOR ( 'NONE', #1768, 1000.000000000000000 ) ;
#1378 = DIRECTION ( 'NONE',  ( 0.0000000000000000000, 0.0000000000000000000, 1.000000000000000000 ) ) ;
#1379 = SURFACE_SIDE_STYLE ('',( #358 ) ) ;
#1380 = ORIENTED_EDGE ( 'NONE', *, *, #61, .F. ) ;
#1381 = VECTOR ( 'NONE', #1924, 1000.000000000000100 ) ;
#1382 = CARTESIAN_POINT ( 'NONE',  ( 5.400000000000000400, 4.800000866996406000, 0.0000000000000000000 ) ) ;
#1383 = CYLINDRICAL_SURFACE ( 'NONE', #1193, 0.1000000000000000200 ) ;
#1384 = DIRECTION ( 'NONE',  ( -1.000000000000000000, -0.0000000000000000000, 0.0000000000000000000 ) ) ;
#1385 = VECTOR ( 'NONE', #259, 1000.000000000000000 ) ;
#1386 = VERTEX_POINT ( 'NONE', #1884 ) ;
#1387 = EDGE_CURVE ( 'NONE', #2508, #392, #2269, .T. ) ;
#1388 = CONICAL_SURFACE ( 'NONE', #2380, 0.09999999995570758900, 0.7853981612160252400 ) ;
#1389 = ORIENTED_EDGE ( 'NONE', *, *, #3026, .F. ) ;
#1390 = ADVANCED_FACE ( 'NONE', ( #2799 ), #2659, .T. ) ;
#1391 = AXIS2_PLACEMENT_3D ( 'NONE', #2561, #2571, #2583 ) ;
#1392 = ORIENTED_EDGE ( 'NONE', *, *, #348, .F. ) ;
#1393 = CARTESIAN_POINT ( 'NONE',  ( 10.40695615321999900, 5.100872668170398900, 0.2499999999999986400 ) ) ;
#1394 = CARTESIAN_POINT ( 'NONE',  ( -6.599999999999999600, -4.699999999957071900, 0.09999999999999999200 ) ) ;
#1395 = ADVANCED_FACE ( 'NONE', ( #2871 ), #931, .T. ) ;
#1396 = DIRECTION ( 'NONE',  ( 1.000000000000000000, 0.0000000000000000000, 0.0000000000000000000 ) ) ;
#1397 = CARTESIAN_POINT ( 'NONE',  ( 6.500000000000000900, -4.700000000000000200, 0.1499999999999999900 ) ) ;
#1398 = LINE ( 'NONE', #1397, #2562 ) ;
#1399 = CARTESIAN_POINT ( 'NONE',  ( -7.680000000000000600, 0.0000000000000000000, 3.799999999999999800 ) ) ;
#1400 = ORIENTED_EDGE ( 'NONE', *, *, #1213, .T. ) ;
#1401 = CARTESIAN_POINT ( 'NONE',  ( -8.179999999999999700, 3.549999999999999800, 0.0000000000000000000 ) ) ;
#1402 = ORIENTED_EDGE ( 'NONE', *, *, #1487, .F. ) ;
#1403 = VERTEX_POINT ( 'NONE', #2886 ) ;
#1404 = CARTESIAN_POINT ( 'NONE',  ( -9.050949956462776700, 4.550953002633885800, -14.05174532571000900 ) ) ;
#1405 = CARTESIAN_POINT ( 'NONE',  ( 5.400000000000000400, 4.800000866996406000, 0.0000000000000000000 ) ) ;
#1406 = ADVANCED_FACE ( 'NONE', ( #1565 ), #2731, .T. ) ;
#1407 = EDGE_CURVE ( 'NONE', #1348, #283, #2187, .T. ) ;
#1408 = VERTEX_POINT ( 'NONE', #3059 ) ;
#1409 = CARTESIAN_POINT ( 'NONE',  ( 5.599999999096499300, 4.799999999999998900, 0.2499999999999994200 ) ) ;
#1410 = SHAPE_DEFINITION_REPRESENTATION ( #2969, #1454 ) ;
#1411 = AXIS2_PLACEMENT_3D ( 'NONE', #2627, #2645, #2679 ) ;
#1412 = ADVANCED_FACE ( 'NONE', ( #368 ), #2038, .T. ) ;
#1413 = EDGE_CURVE ( 'NONE', #2844, #1103, #2120, .T. ) ;
#1414 = EDGE_CURVE ( 'NONE', #2633, #1690, #296, .T. ) ;
#1415 = ORIENTED_EDGE ( 'NONE', *, *, #877, .T. ) ;
#1416 = CARTESIAN_POINT ( 'NONE',  ( -6.541421356237309600, 5.100000000000000500, 1.355252715606880500E-017 ) ) ;
#1417 = DIRECTION ( 'NONE',  ( 0.0000000000000000000, -1.000000000000000000, 0.0000000000000000000 ) ) ;
#1418 = EDGE_CURVE ( 'NONE', #1100, #757, #2657, .T. ) ;
#1419 = FACE_OUTER_BOUND ( 'NONE', #2106, .T. ) ;
#1420 = DIRECTION ( 'NONE',  ( 1.000000000000000000, -0.0000000000000000000, 0.0000000000000000000 ) ) ;
#1421 = VERTEX_POINT ( 'NONE', #636 ) ;
#1422 = CARTESIAN_POINT ( 'NONE',  ( 4.620000000000000100, 2.799999999999999800, 0.0000000000000000000 ) ) ;
#1423 = VECTOR ( 'NONE', #1672, 1000.000000000000000 ) ;
#1424 = ORIENTED_EDGE ( 'NONE', *, *, #2774, .T. ) ;
#1425 = CARTESIAN_POINT ( 'NONE',  ( -9.099999999999873500, -4.892895219692111800, 0.0000000000000000000 ) ) ;
#1426 = CARTESIAN_POINT ( 'NONE',  ( -5.479290349435727200, -4.772911357322329600, 0.0000000000000000000 ) ) ;
#1427 = LINE ( 'NONE', #2321, #2225 ) ;
#1428 = FILL_AREA_STYLE ('',( #694 ) ) ;
#1429 = CARTESIAN_POINT ( 'NONE',  ( -6.500000000000000900, 5.100144588396651600, 0.04142135623730951900 ) ) ;
#1430 = FACE_OUTER_BOUND ( 'NONE', #75, .T. ) ;
#1431 = ADVANCED_FACE ( 'NONE', ( #146 ), #65, .F. ) ;
#1432 = DIRECTION ( 'NONE',  ( 0.0000000000000000000, 1.000000000000000000, 0.0000000000000000000 ) ) ;
#1433 = FACE_OUTER_BOUND ( 'NONE', #855, .T. ) ;
#1434 = ORIENTED_EDGE ( 'NONE', *, *, #1928, .T. ) ;
#1435 = ADVANCED_FACE ( 'NONE', ( #2589 ), #847, .T. ) ;
#1436 = CARTESIAN_POINT ( 'NONE',  ( -6.399999999999999500, -5.100872668170400600, 0.2499999999999996700 ) ) ;
#1437 = VECTOR ( 'NONE', #2855, 1000.000000000000000 ) ;
#1438 = CARTESIAN_POINT ( 'NONE',  ( 6.599999999999999600, 4.800000000045656600, 0.0000000000000000000 ) ) ;
#1439 = EDGE_CURVE ( 'NONE', #500, #1875, #1956, .T. ) ;
#1440 = ORIENTED_EDGE ( 'NONE', *, *, #818, .F. ) ;
#1441 = CARTESIAN_POINT ( 'NONE',  ( -6.500000000000002700, 5.100349067268161300, 0.1000000000000000200 ) ) ;
#1442 = CARTESIAN_POINT ( 'NONE',  ( -6.399999999938891000, -499000.0000000000000, 498995.4499998547800 ) ) ;
#1443 = FACE_OUTER_BOUND ( 'NONE', #2439, .T. ) ;
#1444 = AXIS2_PLACEMENT_3D ( 'NONE', #369, #1337, #2958 ) ;
#1445 = DIRECTION ( 'NONE',  ( 4.336808689253737400E-015, 0.0000000000000000000, -1.000000000000000000 ) ) ;
#1446 = CARTESIAN_POINT ( 'NONE',  ( 8.550953002633997700, 4.550953002634000400, -14.05000000000000200 ) ) ;
#1447 = ADVANCED_FACE ( 'NONE', ( #1430 ), #984, .T. ) ;
#1448 = ORIENTED_EDGE ( 'NONE', *, *, #948, .T. ) ;
#1449 = ORIENTED_EDGE ( 'NONE', *, *, #2614, .T. ) ;
#1450 = CARTESIAN_POINT ( 'NONE',  ( -8.696061373361805700, -5.111740763613768800, -14.22464619135194400 ) ) ;
#1451 =( BOUNDED_CURVE ( )  B_SPLINE_CURVE ( 3, ( #616, #2956, #831, #2932 ),
 .UNSPECIFIED., .F., .F. ) 
 B_SPLINE_CURVE_WITH_KNOTS ( ( 4, 4 ),
 ( 3.141592653589784700, 4.712388980384689700 ),
 .UNSPECIFIED. ) 
 CURVE ( )  GEOMETRIC_REPRESENTATION_ITEM ( )  RATIONAL_B_SPLINE_CURVE ( ( 1.000000000000000000, 0.8047378541243630500, 0.8047378541243630500, 1.000000000000000000 ) ) 
 REPRESENTATION_ITEM ( '' )  );
#1452 = ORIENTED_EDGE ( 'NONE', *, *, #344, .F. ) ;
#1453 = CARTESIAN_POINT ( 'NONE',  ( 6.500000000000000900, 0.0000000000000000000, 0.1499999999999999900 ) ) ;
#1454 = ADVANCED_BREP_SHAPE_REPRESENTATION ( '2071556-1', ( #1463, #887 ), #2682 ) ;
#1455 = VECTOR ( 'NONE', #1788, 1000.000000000000100 ) ;
#1456 = AXIS2_PLACEMENT_3D ( 'NONE', #2670, #543, #1964 ) ;
#1457 = LINE ( 'NONE', #1518, #801 ) ;
#1458 = EDGE_LOOP ( 'NONE', ( #1093, #685, #269, #1529, #400 ) ) ;
#1459 = VECTOR ( 'NONE', #565, 1000.000000000000000 ) ;
#1460 = DIRECTION ( 'NONE',  ( 0.0000000000000000000, -1.000000000000000000, 0.0000000000000000000 ) ) ;
#1461 = VECTOR ( 'NONE', #2618, 1000.000000000000000 ) ;
#1462 = ORIENTED_EDGE ( 'NONE', *, *, #1311, .T. ) ;
#1463 = MANIFOLD_SOLID_BREP ( 'Imported1', #2847 ) ;
#1464 = FACE_OUTER_BOUND ( 'NONE', #46, .T. ) ;
#1465 = VERTEX_POINT ( 'NONE', #1214 ) ;
#1466 = CARTESIAN_POINT ( 'NONE',  ( -6.400000000000000400, -4.700000000000000200, 0.0000000000000000000 ) ) ;
#1467 = CYLINDRICAL_SURFACE ( 'NONE', #2837, 0.5000000000000004400 ) ;
#1468 = EDGE_LOOP ( 'NONE', ( #672, #604, #1660, #2100 ) ) ;
#1469 = DIRECTION ( 'NONE',  ( -0.0000000000000000000, 1.000000000000000000, 0.0000000000000000000 ) ) ;
#1470 = EDGE_CURVE ( 'NONE', #1421, #2726, #2299, .T. ) ;
#1471 = EDGE_CURVE ( 'NONE', #698, #2271, #484, .T. ) ;
#1472 = EDGE_CURVE ( 'NONE', #29, #1875, #2909, .T. ) ;
#1473 = CARTESIAN_POINT ( 'NONE',  ( -5.500000000000000900, -18.39986788862000100, 0.09999999999999999200 ) ) ;
#1474 = VECTOR ( 'NONE', #1598, 1000.000000000000000 ) ;
#1475 = ORIENTED_EDGE ( 'NONE', *, *, #2461, .T. ) ;
#1476 = CARTESIAN_POINT ( 'NONE',  ( 0.0000000000000000000, 0.0000000000000000000, 0.0000000000000000000 ) ) ;
#1477 = ORIENTED_EDGE ( 'NONE', *, *, #1285, .T. ) ;
#1478 = CARTESIAN_POINT ( 'NONE',  ( -6.400000000000000400, -4.699999999975056600, 0.1499999995361758500 ) ) ;
#1479 = ORIENTED_EDGE ( 'NONE', *, *, #1418, .T. ) ;
#1480 = CARTESIAN_POINT ( 'NONE',  ( -5.599999999999999600, -4.700000000000000200, 0.2500000000000000000 ) ) ;
#1481 = CARTESIAN_POINT ( 'NONE',  ( -10.40696032912999900, -5.099999999999999600, 0.0000000000000000000 ) ) ;
#1482 = ORIENTED_EDGE ( 'NONE', *, *, #2476, .T. ) ;
#1483 = ORIENTED_EDGE ( 'NONE', *, *, #1439, .T. ) ;
#1484 =( BOUNDED_CURVE ( )  B_SPLINE_CURVE ( 3, ( #2161, #2137, #2387, #2394 ),
 .UNSPECIFIED., .F., .F. ) 
 B_SPLINE_CURVE_WITH_KNOTS ( ( 4, 4 ),
 ( 2.356200582516018400, 3.926984724663564300 ),
 .UNSPECIFIED. ) 
 CURVE ( )  GEOMETRIC_REPRESENTATION_ITEM ( )  RATIONAL_B_SPLINE_CURVE ( ( 1.000000000000000000, 0.8047407260645391700, 0.8047407260645391700, 1.000000000000000000 ) ) 
 REPRESENTATION_ITEM ( '' )  );
#1485 = PLANE ( 'NONE',  #2737 ) ;
#1486 = VECTOR ( 'NONE', #2766, 1000.000000000000000 ) ;
#1487 = EDGE_CURVE ( 'NONE', #1923, #223, #1049, .T. ) ;
#1488 = EDGE_LOOP ( 'NONE', ( #2209, #917, #2049, #1145 ) ) ;
#1489 = DIRECTION ( 'NONE',  ( 0.7071067811865475700, 0.7071067811865475700, -0.0000000000000000000 ) ) ;
#1490 = FACE_OUTER_BOUND ( 'NONE', #542, .T. ) ;
#1491 = EDGE_LOOP ( 'NONE', ( #2020, #1031, #2219 ) ) ;
#1492 = FACE_OUTER_BOUND ( 'NONE', #1025, .T. ) ;
#1493 = AXIS2_PLACEMENT_3D ( 'NONE', #1084, #2721, #1325 ) ;
#1494 = VECTOR ( 'NONE', #195, 1000.000000000000100 ) ;
#1495 = DIRECTION ( 'NONE',  ( 0.0000000000000000000, 0.0000000000000000000, 1.000000000000000000 ) ) ;
#1496 = DIRECTION ( 'NONE',  ( 0.0000000000000000000, -0.0000000000000000000, -1.000000000000000000 ) ) ;
#1497 = DIRECTION ( 'NONE',  ( -0.7071067811865474600, 0.7071067811865474600, 0.0000000000000000000 ) ) ;
#1498 = LINE ( 'NONE', #339, #2270 ) ;
#1499 = ORIENTED_EDGE ( 'NONE', *, *, #1275, .T. ) ;
#1500 = ORIENTED_EDGE ( 'NONE', *, *, #1312, .F. ) ;
#1501 = CARTESIAN_POINT ( 'NONE',  ( -6.500000000000000900, 0.0000000000000000000, 0.0000000000000000000 ) ) ;
#1502 = DIRECTION ( 'NONE',  ( 0.0000000000000000000, 0.0000000000000000000, -1.000000000000000000 ) ) ;
#1503 = AXIS2_PLACEMENT_3D ( 'NONE', #1943, #1753, #1502 ) ;
#1504 = LINE ( 'NONE', #1027, #861 ) ;
#1505 = CARTESIAN_POINT ( 'NONE',  ( 4.620000000000000100, 4.299999999999999800, 3.799999999999999800 ) ) ;
#1506 = VERTEX_POINT ( 'NONE', #1850 ) ;
#1507 = PLANE ( 'NONE',  #2252 ) ;
#1508 = DIRECTION ( 'NONE',  ( 1.000000000000000000, 0.0000000000000000000, 0.0000000000000000000 ) ) ;
#1509 = ORIENTED_EDGE ( 'NONE', *, *, #422, .F. ) ;
#1510 = ORIENTED_EDGE ( 'NONE', *, *, #103, .F. ) ;
#1511 = PLANE ( 'NONE',  #1456 ) ;
#1512 = CARTESIAN_POINT ( 'NONE',  ( -6.400000000000000400, 4.799999999931969800, 0.1499999999999999900 ) ) ;
#1513 = CARTESIAN_POINT ( 'NONE',  ( -5.400000000000000400, 4.800000000045656600, 0.0000000000000000000 ) ) ;
#1514 = ORIENTED_EDGE ( 'NONE', *, *, #772, .F. ) ;
#1515 = FACE_OUTER_BOUND ( 'NONE', #2968, .T. ) ;
#1516 = DIRECTION ( 'NONE',  ( -0.0000000000000000000, -0.0000000000000000000, 1.000000000000000000 ) ) ;
#1517 = EDGE_LOOP ( 'NONE', ( #2995, #2536, #1202, #13 ) ) ;
#1518 = CARTESIAN_POINT ( 'NONE',  ( 0.0000000000000000000, 5.099999999999999600, 0.0000000000000000000 ) ) ;
#1519 = LINE ( 'NONE', #320, #255 ) ;
#1520 = ORIENTED_EDGE ( 'NONE', *, *, #589, .F. ) ;
#1521 = AXIS2_PLACEMENT_3D ( 'NONE', #1986, #334, #1761 ) ;
#1522 = EDGE_CURVE ( 'NONE', #3049, #757, #2839, .T. ) ;
#1523 = CARTESIAN_POINT ( 'NONE',  ( -8.550953002633999500, 4.550953002634000400, -14.05000000000000200 ) ) ;
#1524 = EDGE_CURVE ( 'NONE', #491, #528, #406, .T. ) ;
#1525 = VECTOR ( 'NONE', #2549, 1000.000000000000000 ) ;
#1526 = CARTESIAN_POINT ( 'NONE',  ( -5.500000000000000000, 5.100144588396649000, 0.04142135623730951900 ) ) ;
#1527 = CARTESIAN_POINT ( 'NONE',  ( -6.426794919581085200, 4.700000000224663100, 0.0000000000000000000 ) ) ;
#1528 = LINE ( 'NONE', #1883, #889 ) ;
#1529 = ORIENTED_EDGE ( 'NONE', *, *, #817, .T. ) ;
#1530 = CARTESIAN_POINT ( 'NONE',  ( 4.919999999999999900, 3.299999999999999800, 0.0000000000000000000 ) ) ;
#1531 = CARTESIAN_POINT ( 'NONE',  ( 7.160000000000000100, -4.299999999999999800, 3.799999999999999800 ) ) ;
#1532 = CARTESIAN_POINT ( 'NONE',  ( 6.500000000000000900, 0.0000000000000000000, 0.0000000000000000000 ) ) ;
#1533 = LINE ( 'NONE', #216, #1385 ) ;
#1534 = ORIENTED_EDGE ( 'NONE', *, *, #2733, .T. ) ;
#1535 = VECTOR ( 'NONE', #1396, 1000.000000000000000 ) ;
#1536 = EDGE_LOOP ( 'NONE', ( #2379, #1677, #2443, #1299, #250, #2267 ) ) ;
#1537 = CARTESIAN_POINT ( 'NONE',  ( 5.599999999561999800, 4.700000000000000200, 0.2500000000000000000 ) ) ;
#1538 = CARTESIAN_POINT ( 'NONE',  ( -10.40696032912999900, -5.100872668170398900, 0.2499999999999986400 ) ) ;
#1539 = VERTEX_POINT ( 'NONE', #2085 ) ;
#1540 = CARTESIAN_POINT ( 'NONE',  ( -6.450000000000000200, -4.750000000000000000, 0.1499999982392000200 ) ) ;
#1541 = DIRECTION ( 'NONE',  ( 1.000000000000000000, 0.0000000000000000000, 0.0000000000000000000 ) ) ;
#1542 = DIRECTION ( 'NONE',  ( -0.003490630149225560500, -0.003490630149240127000, -0.9999878154269293800 ) ) ;
#1543 = EDGE_CURVE ( 'NONE', #223, #2981, #1528, .T. ) ;
#1544 = FACE_OUTER_BOUND ( 'NONE', #1361, .T. ) ;
#1545 = AXIS2_PLACEMENT_3D ( 'NONE', #1862, #1876, #1887 ) ;
#1546 = ORIENTED_EDGE ( 'NONE', *, *, #58, .T. ) ;
#1547 = EDGE_LOOP ( 'NONE', ( #337, #717, #175, #670 ) ) ;
#1548 = CARTESIAN_POINT ( 'NONE',  ( -10.40696032912999900, -5.099999999999999600, 0.0000000000000000000 ) ) ;
#1549 = CARTESIAN_POINT ( 'NONE',  ( -8.550953002634001300, 4.903888787973351700, -14.40416991886225500 ) ) ;
#1550 = DIRECTION ( 'NONE',  ( 0.0000000000000000000, 0.0000000000000000000, -1.000000000000000000 ) ) ;
#1551 = EDGE_LOOP ( 'NONE', ( #209, #1352, #1254, #1242 ) ) ;
#1552 = VERTEX_POINT ( 'NONE', #2068 ) ;
#1553 = LINE ( 'NONE', #1345, #919 ) ;
#1554 = ORIENTED_EDGE ( 'NONE', *, *, #1212, .F. ) ;
#1555 = CARTESIAN_POINT ( 'NONE',  ( 7.460000000000000900, 0.0000000000000000000, 0.0000000000000000000 ) ) ;
#1556 = FACE_OUTER_BOUND ( 'NONE', #913, .T. ) ;
#1557 = CARTESIAN_POINT ( 'NONE',  ( -8.550953002633995900, 4.194343178936167100, -14.40047030350972800 ) ) ;
#1558 = CARTESIAN_POINT ( 'NONE',  ( -7.680000000000000600, -4.049999999999999800, 0.0000000000000000000 ) ) ;
#1559 = CARTESIAN_POINT ( 'NONE',  ( -8.550953002633997700, 4.903888787973352600, -14.40416991886225500 ) ) ;
#1560 = EDGE_LOOP ( 'NONE', ( #383, #1940, #2475, #128 ) ) ;
#1561 = FACE_OUTER_BOUND ( 'NONE', #137, .T. ) ;
#1562 = AXIS2_PLACEMENT_3D ( 'NONE', #679, #660, #478 ) ;
#1563 = EDGE_CURVE ( 'NONE', #51, #117, #2155, .T. ) ;
#1564 = EDGE_CURVE ( 'NONE', #206, #333, #1484, .T. ) ;
#1565 = FACE_OUTER_BOUND ( 'NONE', #2934, .T. ) ;
#1566 = EDGE_CURVE ( 'NONE', #1326, #2508, #2694, .T. ) ;
#1567 = CARTESIAN_POINT ( 'NONE',  ( 8.904502085330149100, 4.904502085330152600, -14.05246824824914300 ) ) ;
#1568 = LINE ( 'NONE', #1540, #2340 ) ;
#1569 = VERTEX_POINT ( 'NONE', #2376 ) ;
#1570 = DIRECTION ( 'NONE',  ( 0.0000000000000000000, 0.0000000000000000000, 1.000000000000000000 ) ) ;
#1571 = CARTESIAN_POINT ( 'NONE',  ( 5.500000000000000900, 5.100144588396651600, 0.04142135623730951900 ) ) ;
#1572 = DIRECTION ( 'NONE',  ( 0.0000000000000000000, 0.0000000000000000000, -1.000000000000000000 ) ) ;
#1573 = CARTESIAN_POINT ( 'NONE',  ( -6.500000000000000900, -4.700000000000000200, 0.2500000000000000000 ) ) ;
#1574 = DIRECTION ( 'NONE',  ( 0.0000000000000000000, 0.0000000000000000000, 1.000000000000000000 ) ) ;
#1575 = EDGE_LOOP ( 'NONE', ( #299, #2074, #2023 ) ) ;
#1576 =( BOUNDED_CURVE ( )  B_SPLINE_CURVE ( 3, ( #2605, #703, #1017, #1229 ),
 .UNSPECIFIED., .F., .F. ) 
 B_SPLINE_CURVE_WITH_KNOTS ( ( 4, 4 ),
 ( 4.712388980384689700, 6.283185307179577400 ),
 .UNSPECIFIED. ) 
 CURVE ( )  GEOMETRIC_REPRESENTATION_ITEM ( )  RATIONAL_B_SPLINE_CURVE ( ( 1.000000000000000000, 0.8047378541243649400, 0.8047378541243649400, 1.000000000000000000 ) ) 
 REPRESENTATION_ITEM ( '' )  );
#1577 = CARTESIAN_POINT ( 'NONE',  ( 5.600000000000000500, -5.100872668170400600, 0.2499999999999996700 ) ) ;
#1578 = DIRECTION ( 'NONE',  ( -0.9999939076577903900, 0.0000000000000000000, 0.003490651415225671100 ) ) ;
#1579 = CARTESIAN_POINT ( 'NONE',  ( 8.843839173419523200, -4.194343178935206100, -14.40047030350875400 ) ) ;
#1580 = FACE_OUTER_BOUND ( 'NONE', #2835, .T. ) ;
#1581 = CARTESIAN_POINT ( 'NONE',  ( 4.620000000000000100, 4.299999999999999800, 0.0000000000000000000 ) ) ;
#1582 = CARTESIAN_POINT ( 'NONE',  ( 7.160000000000000100, -2.799999999999999800, 0.0000000000000000000 ) ) ;
#1583 = VERTEX_POINT ( 'NONE', #2608 ) ;
#1584 = ORIENTED_EDGE ( 'NONE', *, *, #2032, .F. ) ;
#1585 = EDGE_CURVE ( 'NONE', #1253, #200, #181, .T. ) ;
#1586 = ORIENTED_EDGE ( 'NONE', *, *, #285, .F. ) ;
#1587 = CARTESIAN_POINT ( 'NONE',  ( -6.500000000000000900, -4.799999999987000400, 0.2500000000000000000 ) ) ;
#1588 = AXIS2_PLACEMENT_3D ( 'NONE', #2345, #675, #2111 ) ;
#1589 = DIRECTION ( 'NONE',  ( 0.003490630149240102700, 0.003490630149240102700, -0.9999878154269293800 ) ) ;
#1590 = ADVANCED_FACE ( 'NONE', ( #260 ), #1383, .T. ) ;
#1591 = PLANE ( 'NONE',  #2278 ) ;
#1592 = CARTESIAN_POINT ( 'NONE',  ( 6.500000000000002700, -5.100523600902239000, 0.1500000000000000200 ) ) ;
#1593 = LINE ( 'NONE', #1949, #2757 ) ;
#1594 = ORIENTED_EDGE ( 'NONE', *, *, #2391, .T. ) ;
#1595 = CARTESIAN_POINT ( 'NONE',  ( 6.520709650564272800, -4.772911357322329600, 0.0000000000000000000 ) ) ;
#1596 = ORIENTED_EDGE ( 'NONE', *, *, #2375, .T. ) ;
#1597 = LINE ( 'NONE', #2331, #328 ) ;
#1598 = DIRECTION ( 'NONE',  ( 0.0000000000000000000, -1.000000000000000000, -0.0000000000000000000 ) ) ;
#1599 = CARTESIAN_POINT ( 'NONE',  ( -6.584899959992405600, 4.800000003872972000, 0.0000000000000000000 ) ) ;
#1600 = CARTESIAN_POINT ( 'NONE',  ( 0.0000000000000000000, 0.0000000000000000000, 0.0000000000000000000 ) ) ;
#1601 = ORIENTED_EDGE ( 'NONE', *, *, #344, .T. ) ;
#1602 = VECTOR ( 'NONE', #1516, 1000.000000000000000 ) ;
#1603 = ORIENTED_EDGE ( 'NONE', *, *, #1213, .F. ) ;
#1604 = ADVANCED_FACE ( 'NONE', ( #2071 ), #744, .T. ) ;
#1605 = CARTESIAN_POINT ( 'NONE',  ( 4.620000000000000100, 2.799999999999999800, 3.799999999999999800 ) ) ;
#1606 = CARTESIAN_POINT ( 'NONE',  ( 8.550953002633997700, -4.903548861928980400, -13.69549166440260800 ) ) ;
#1607 = FACE_OUTER_BOUND ( 'NONE', #1536, .T. ) ;
#1608 = ORIENTED_EDGE ( 'NONE', *, *, #286, .T. ) ;
#1609 = AXIS2_PLACEMENT_3D ( 'NONE', #958, #1052, #1259 ) ;
#1610 = DIRECTION ( 'NONE',  ( -1.000000000000000000, -0.0000000000000000000, 0.0000000000000000000 ) ) ;
#1611 = CARTESIAN_POINT ( 'NONE',  ( 6.500000000000007100, -5.099999999999999600, 0.0000000000000000000 ) ) ;
#1612 = DIRECTION ( 'NONE',  ( -1.000000000000000000, 0.0000000000000000000, 0.0000000000000000000 ) ) ;
#1613 =( LENGTH_UNIT ( ) NAMED_UNIT ( * ) SI_UNIT ( .MILLI., .METRE. ) );
#1614 = CARTESIAN_POINT ( 'NONE',  ( 9.050946889081677300, -4.552698307003737500, -14.05175140728907800 ) ) ;
#1615 = CARTESIAN_POINT ( 'NONE',  ( -6.499999999999999100, -5.099999999999999600, 0.0000000000000000000 ) ) ;
#1616 = CARTESIAN_POINT ( 'NONE',  ( -7.680000000000000600, -4.049999999999999800, 0.0000000000000000000 ) ) ;
#1617 = CARTESIAN_POINT ( 'NONE',  ( 6.504627749386407300, -4.761812206854283000, 0.0000000000000000000 ) ) ;
#1618 = LINE ( 'NONE', #2729, #2853 ) ;
#1619 = DIRECTION ( 'NONE',  ( 0.0000000000000000000, 1.000000000000000000, -0.0000000000000000000 ) ) ;
#1620 = VERTEX_POINT ( 'NONE', #796 ) ;
#1621 = PLANE ( 'NONE',  #2600 ) ;
#1622 = ADVANCED_FACE ( 'NONE', ( #2619 ), #1310, .F. ) ;
#1623 = DIRECTION ( 'NONE',  ( 0.0000000000000000000, -1.000000000000000000, -0.0000000000000000000 ) ) ;
#1624 = EDGE_CURVE ( 'NONE', #2271, #1775, #733, .T. ) ;
#1625 = EDGE_CURVE ( 'NONE', #425, #191, #1921, .T. ) ;
#1626 = EDGE_CURVE ( 'NONE', #2196, #1269, #807, .T. ) ;
#1627 = EDGE_LOOP ( 'NONE', ( #737, #404, #820, #1734 ) ) ;
#1628 = DIRECTION ( 'NONE',  ( 0.0000000000000000000, 0.0000000000000000000, 1.000000000000000000 ) ) ;
#1629 = CARTESIAN_POINT ( 'NONE',  ( 6.426794919520136600, -4.700000000285567300, 0.0000000000000000000 ) ) ;
#1630 = PLANE ( 'NONE',  #2518 ) ;
#1631 = VERTEX_POINT ( 'NONE', #284 ) ;
#1632 = DIRECTION ( 'NONE',  ( 0.0000000000000000000, 1.000000000000000000, -0.0000000000000000000 ) ) ;
#1633 = LINE ( 'NONE', #2741, #2790 ) ;
#1634 = CARTESIAN_POINT ( 'NONE',  ( -7.680000000000000600, 3.549999999999999800, 0.0000000000000000000 ) ) ;
#1635 = LINE ( 'NONE', #2651, #1003 ) ;
#1636 = CARTESIAN_POINT ( 'NONE',  ( 7.160000000000000100, -3.299999999999999800, 0.0000000000000000000 ) ) ;
#1637 = ADVANCED_FACE ( 'NONE', ( #652 ), #28, .T. ) ;
#1638 = VECTOR ( 'NONE', #1282, 1000.000000000000000 ) ;
#1639 = ADVANCED_FACE ( 'NONE', ( #27 ), #302, .T. ) ;
#1640 = DIRECTION ( 'NONE',  ( 0.0000000000000000000, 1.000000000000000000, 0.0000000000000000000 ) ) ;
#1641 = VECTOR ( 'NONE', #24, 1000.000000000000000 ) ;
#1642 = EDGE_LOOP ( 'NONE', ( #2275, #1985, #1090, #2842 ) ) ;
#1643 = DIRECTION ( 'NONE',  ( -0.0000000000000000000, -1.000000000000000000, -0.0000000000000000000 ) ) ;
#1644 = EDGE_CURVE ( 'NONE', #1620, #1103, #926, .T. ) ;
#1645 = LINE ( 'NONE', #2480, #1012 ) ;
#1646 = ORIENTED_EDGE ( 'NONE', *, *, #3022, .F. ) ;
#1647 = CARTESIAN_POINT ( 'NONE',  ( 8.550953002633770300, -4.550953002633771200, -14.05000000000240400 ) ) ;
#1648 = DIRECTION ( 'NONE',  ( 0.0000000000000000000, 1.000000000000000000, -0.0000000000000000000 ) ) ;
#1649 = CARTESIAN_POINT ( 'NONE',  ( 5.400000000000000400, -4.799999999965984400, 0.0000000000000000000 ) ) ;
#1650 = EDGE_LOOP ( 'NONE', ( #1897, #601, #2290, #2944 ) ) ;
#1651 = DIRECTION ( 'NONE',  ( -0.0000000000000000000, 0.0000000000000000000, 1.000000000000000000 ) ) ;
#1652 = CARTESIAN_POINT ( 'NONE',  ( -8.600003046170989800, -5.099999999999936600, -8.470329471914223900E-019 ) ) ;
#1653 = ADVANCED_FACE ( 'NONE', ( #1849 ), #1261, .T. ) ;
#1654 = CARTESIAN_POINT ( 'NONE',  ( -5.444318245089780500, -4.790619440311132800, 0.0000000000000000000 ) ) ;
#1655 = LINE ( 'NONE', #1688, #380 ) ;
#1656 = ADVANCED_FACE ( 'NONE', ( #2471 ), #1007, .T. ) ;
#1657 = VERTEX_POINT ( 'NONE', #1293 ) ;
#1658 = DIRECTION ( 'NONE',  ( 0.003490630149240102700, -0.003490630149240102700, 0.9999878154269293800 ) ) ;
#1659 = CARTESIAN_POINT ( 'NONE',  ( -5.400000000000000400, 4.800000000045656600, 0.0000000000000000000 ) ) ;
#1660 = ORIENTED_EDGE ( 'NONE', *, *, #989, .T. ) ;
#1661 = EDGE_LOOP ( 'NONE', ( #598, #2636, #1258, #1165, #530, #2420 ) ) ;
#1662 = ORIENTED_EDGE ( 'NONE', *, *, #2812, .T. ) ;
#1663 = CARTESIAN_POINT ( 'NONE',  ( 5.500000000000001800, -5.100349067268156800, 0.1000000000000000200 ) ) ;
#1664 = DIRECTION ( 'NONE',  ( 0.0000000000000000000, 1.000000000000000000, 0.0000000000000000000 ) ) ;
#1665 = ORIENTED_EDGE ( 'NONE', *, *, #752, .T. ) ;
#1666 = CARTESIAN_POINT ( 'NONE',  ( 6.565532325233498100, 4.800000000043493000, 5.217517973113254500E-012 ) ) ;
#1667 = AXIS2_PLACEMENT_3D ( 'NONE', #1362, #1589, #2519 ) ;
#1668 = VERTEX_POINT ( 'NONE', #1513 ) ;
#1669 = DIRECTION ( 'NONE',  ( -0.9999939076577903900, -1.734723475976807300E-015, 0.003490651415222201700 ) ) ;
#1670 = DIRECTION ( 'NONE',  ( -0.0000000000000000000, 1.000000000000000000, 0.0000000000000000000 ) ) ;
#1671 = ADVANCED_FACE ( 'NONE', ( #1234 ), #1729, .T. ) ;
#1672 = DIRECTION ( 'NONE',  ( -8.659560562353673100E-017, 0.7071067811866504900, -0.7071067811864446600 ) ) ;
#1673 = VECTOR ( 'NONE', #1542, 1000.000000000000100 ) ;
#1674 = CARTESIAN_POINT ( 'NONE',  ( -5.400000000000000400, 4.700000000013915300, 0.09999999999999999200 ) ) ;
#1675 = VECTOR ( 'NONE', #2870, 1000.000000000000000 ) ;
#1676 =( BOUNDED_CURVE ( )  B_SPLINE_CURVE ( 3, ( #2414, #1002, #41, #1716 ),
 .UNSPECIFIED., .F., .F. ) 
 B_SPLINE_CURVE_WITH_KNOTS ( ( 4, 4 ),
 ( 0.0000000000000000000, 1.570796326794896800 ),
 .UNSPECIFIED. ) 
 CURVE ( )  GEOMETRIC_REPRESENTATION_ITEM ( )  RATIONAL_B_SPLINE_CURVE ( ( 1.000000000000000000, 0.8047378541243649400, 0.8047378541243649400, 1.000000000000000000 ) ) 
 REPRESENTATION_ITEM ( '' )  );
#1677 = ORIENTED_EDGE ( 'NONE', *, *, #1724, .T. ) ;
#1678 = DIRECTION ( 'NONE',  ( 0.0000000000000000000, -3.469446951953611000E-015, -1.000000000000000000 ) ) ;
#1679 = VECTOR ( 'NONE', #1651, 1000.000000000000000 ) ;
#1680 = VECTOR ( 'NONE', #1184, 1000.000000000000000 ) ;
#1681 = CARTESIAN_POINT ( 'NONE',  ( -8.755461883522416500, -4.755461883522420100, -14.55273940865655300 ) ) ;
#1682 = ORIENTED_EDGE ( 'NONE', *, *, #243, .F. ) ;
#1683 = FACE_OUTER_BOUND ( 'NONE', #1119, .T. ) ;
#1684 = ORIENTED_EDGE ( 'NONE', *, *, #2828, .F. ) ;
#1685 = CARTESIAN_POINT ( 'NONE',  ( -6.599999999999999600, 0.0000000000000000000, 0.0000000000000000000 ) ) ;
#1686 = ORIENTED_EDGE ( 'NONE', *, *, #2257, .T. ) ;
#1687 = CARTESIAN_POINT ( 'NONE',  ( -6.400000000000000400, -18.39986788862000100, 0.1499999999999999900 ) ) ;
#1688 = CARTESIAN_POINT ( 'NONE',  ( 8.550953002634006600, -5.050949956462792700, -14.05174532571000300 ) ) ;
#1689 = VECTOR ( 'NONE', #916, 1000.000000000000100 ) ;
#1690 = VERTEX_POINT ( 'NONE', #1925 ) ;
#1691 = AXIS2_PLACEMENT_3D ( 'NONE', #2044, #1958, #2208 ) ;
#1692 = EDGE_CURVE ( 'NONE', #3053, #1807, #367, .T. ) ;
#1693 = EDGE_CURVE ( 'NONE', #2689, #1506, #1255, .T. ) ;
#1694 = EDGE_LOOP ( 'NONE', ( #1789, #3000, #134, #865 ) ) ;
#1695 = DIRECTION ( 'NONE',  ( -0.7071067811865474600, 0.7071067811865474600, 0.0000000000000000000 ) ) ;
#1696 = CARTESIAN_POINT ( 'NONE',  ( 6.500000000000000900, 5.100144588396649000, 0.04142135623730951900 ) ) ;
#1697 = CIRCLE ( 'NONE', #228, 0.1000000000000000100 ) ;
#1698 = DIRECTION ( 'NONE',  ( -0.0000000000000000000, -1.000000000000000000, 0.0000000000000000000 ) ) ;
#1699 = ORIENTED_EDGE ( 'NONE', *, *, #443, .T. ) ;
#1700 = CARTESIAN_POINT ( 'NONE',  ( 6.426794919520136600, -4.700000000285567300, 0.0000000000000000000 ) ) ;
#1701 = VERTEX_POINT ( 'NONE', #2462 ) ;
#1702 = CARTESIAN_POINT ( 'NONE',  ( 8.668216147415000300, 4.668216147415000300, 19.54327999999999900 ) ) ;
#1703 = EDGE_CURVE ( 'NONE', #118, #2607, #1161, .T. ) ;
#1704 = CARTESIAN_POINT ( 'NONE',  ( -7.680000000000000600, 4.049999999999999800, 0.0000000000000000000 ) ) ;
#1705 = ORIENTED_EDGE ( 'NONE', *, *, #1693, .T. ) ;
#1706 = AXIS2_PLACEMENT_3D ( 'NONE', #419, #469, #233 ) ;
#1707 = VECTOR ( 'NONE', #2951, 1000.000000000000100 ) ;
#1708 = CARTESIAN_POINT ( 'NONE',  ( -6.400000001807000200, 4.750000000000000000, 0.2000000000000000100 ) ) ;
#1709 = LINE ( 'NONE', #723, #2866 ) ;
#1710 = DIRECTION ( 'NONE',  ( 0.003490630149240102700, -0.003490630149240102700, -0.9999878154269293800 ) ) ;
#1711 = PLANE ( 'NONE',  #364 ) ;
#1712 = LINE ( 'NONE', #2653, #1081 ) ;
#1713 = LINE ( 'NONE', #1726, #1085 ) ;
#1714 = VERTEX_POINT ( 'NONE', #2675 ) ;
#1715 = CARTESIAN_POINT ( 'NONE',  ( -6.599999999999999600, 18.39986788862000100, 0.1000000000000000100 ) ) ;
#1716 = CARTESIAN_POINT ( 'NONE',  ( 6.500000000000002700, -5.100349067268159500, 0.1000000000000000200 ) ) ;
#1717 = LINE ( 'NONE', #2736, #1089 ) ;
#1718 = EDGE_LOOP ( 'NONE', ( #1878, #1584, #1908, #2893 ) ) ;
#1719 = CARTESIAN_POINT ( 'NONE',  ( -5.500000000000000000, 0.0000000000000000000, 0.0000000000000000000 ) ) ;
#1720 = CARTESIAN_POINT ( 'NONE',  ( 5.465365784966862400, -4.782297491374568400, 1.246595010719623700E-027 ) ) ;
#1721 = AXIS2_PLACEMENT_3D ( 'NONE', #2818, #2832, #2690 ) ;
#1722 = VERTEX_POINT ( 'NONE', #2883 ) ;
#1723 = EDGE_CURVE ( 'NONE', #612, #2104, #1712, .T. ) ;
#1724 = EDGE_CURVE ( 'NONE', #312, #540, #581, .T. ) ;
#1725 = EDGE_CURVE ( 'NONE', #494, #2570, #2346, .T. ) ;
#1726 = CARTESIAN_POINT ( 'NONE',  ( 5.500000000000000900, 18.39986788862000100, 0.1000000000000000100 ) ) ;
#1727 = VECTOR ( 'NONE', #711, 1000.000000000000000 ) ;
#1728 = VERTEX_POINT ( 'NONE', #2895 ) ;
#1729 = PLANE ( 'NONE',  #489 ) ;
#1730 = CARTESIAN_POINT ( 'NONE',  ( 0.0000000000000000000, -4.299999999999999800, 3.799999999999999800 ) ) ;
#1731 = ORIENTED_EDGE ( 'NONE', *, *, #243, .T. ) ;
#1732 = CARTESIAN_POINT ( 'NONE',  ( -6.400000000451750100, 4.700000000000000200, 0.1500000000000000800 ) ) ;
#1733 = CARTESIAN_POINT ( 'NONE',  ( 8.904502085330150900, 4.904502085330152600, -14.05246824824914300 ) ) ;
#1734 = ORIENTED_EDGE ( 'NONE', *, *, #382, .T. ) ;
#1735 = CARTESIAN_POINT ( 'NONE',  ( -5.500000000000006200, 5.099999999999999600, 0.0000000000000000000 ) ) ;
#1736 = CYLINDRICAL_SURFACE ( 'NONE', #471, 0.1000000000000000100 ) ;
#1737 = EDGE_CURVE ( 'NONE', #2879, #2174, #510, .T. ) ;
#1738 = ORIENTED_EDGE ( 'NONE', *, *, #818, .T. ) ;
#1739 = DIRECTION ( 'NONE',  ( 0.0000000000000000000, 1.000000000000000000, -0.0000000000000000000 ) ) ;
#1740 = DIRECTION ( 'NONE',  ( 0.7071067811865474600, 0.7071067811865474600, 0.0000000000000000000 ) ) ;
#1741 = VERTEX_POINT ( 'NONE', #2099 ) ;
#1742 = CARTESIAN_POINT ( 'NONE',  ( -5.599999999096500100, -4.799999999991874800, 0.2499999999983750500 ) ) ;
#1743 = CARTESIAN_POINT ( 'NONE',  ( -5.400000000000000400, -4.800001107655328200, 0.0000000000000000000 ) ) ;
#1744 = LINE ( 'NONE', #1393, #614 ) ;
#1745 = CARTESIAN_POINT ( 'NONE',  ( -8.550953002633855600, 4.903548861928976900, -13.69549166440260600 ) ) ;
#1746 = DIRECTION ( 'NONE',  ( -0.0000000000000000000, -0.003490651415223966800, 0.9999939076577903900 ) ) ;
#1747 = DIRECTION ( 'NONE',  ( 1.000000000000000000, 0.0000000000000000000, -0.0000000000000000000 ) ) ;
#1748 = AXIS2_PLACEMENT_3D ( 'NONE', #461, #2125, #945 ) ;
#1749 = AXIS2_PLACEMENT_3D ( 'NONE', #1573, #2039, #606 ) ;
#1750 = ORIENTED_EDGE ( 'NONE', *, *, #2715, .F. ) ;
#1751 = DIRECTION ( 'NONE',  ( -1.000000000000000000, 0.0000000000000000000, -0.0000000000000000000 ) ) ;
#1752 = DIRECTION ( 'NONE',  ( 0.0000000000000000000, 0.0000000000000000000, 1.000000000000000000 ) ) ;
#1753 = DIRECTION ( 'NONE',  ( -0.0000000000000000000, 1.000000000000000000, -0.0000000000000000000 ) ) ;
#1754 = LINE ( 'NONE', #1105, #487 ) ;
#1755 = ORIENTED_EDGE ( 'NONE', *, *, #923, .T. ) ;
#1756 = CARTESIAN_POINT ( 'NONE',  ( 6.458578644246546900, -5.100872668168550600, 0.2499999994707407500 ) ) ;
#1757 = CIRCLE ( 'NONE', #955, 0.1999999995201505700 ) ;
#1758 = ORIENTED_EDGE ( 'NONE', *, *, #514, .F. ) ;
#1759 = CARTESIAN_POINT ( 'NONE',  ( 5.600000000000000500, -5.100872668170400600, 0.2499999999999996700 ) ) ;
#1760 = DIRECTION ( 'NONE',  ( -1.000000000000000000, -0.0000000000000000000, 0.0000000000000000000 ) ) ;
#1761 = DIRECTION ( 'NONE',  ( -0.003490651415223966800, 0.0000000000000000000, -0.9999939076577903900 ) ) ;
#1762 = PLANE ( 'NONE',  #270 ) ;
#1763 = DIRECTION ( 'NONE',  ( 0.0000000000000000000, 0.0000000000000000000, 1.000000000000000000 ) ) ;
#1764 = AXIS2_PLACEMENT_3D ( 'NONE', #1523, #1260, #2698 ) ;
#1765 = AXIS2_PLACEMENT_3D ( 'NONE', #311, #2903, #2892 ) ;
#1766 = LINE ( 'NONE', #1548, #1141 ) ;
#1767 = AXIS2_PLACEMENT_3D ( 'NONE', #1779, #2004, #2253 ) ;
#1768 = DIRECTION ( 'NONE',  ( -8.659560562353673100E-017, 0.7071067811866504900, -0.7071067811864446600 ) ) ;
#1769 = ORIENTED_EDGE ( 'NONE', *, *, #422, .T. ) ;
#1770 = DIRECTION ( 'NONE',  ( -0.0000000000000000000, 0.0000000000000000000, -1.000000000000000000 ) ) ;
#1771 = CARTESIAN_POINT ( 'NONE',  ( -8.550953002633997700, -4.550953002634000400, -14.55000000000000100 ) ) ;
#1772 = ORIENTED_EDGE ( 'NONE', *, *, #2064, .T. ) ;
#1773 = DIRECTION ( 'NONE',  ( 0.0000000000000000000, -1.000000000000000000, 0.0000000000000000000 ) ) ;
#1774 = CARTESIAN_POINT ( 'NONE',  ( -5.500000000000000000, 0.0000000000000000000, 0.1000000000000000100 ) ) ;
#1775 = VERTEX_POINT ( 'NONE', #2294 ) ;
#1776 = CARTESIAN_POINT ( 'NONE',  ( -5.599999999765668900, -4.700000000468662600, 0.09999745453883998600 ) ) ;
#1777 = CARTESIAN_POINT ( 'NONE',  ( 4.620000000000000100, 4.299999999999999800, 0.0000000000000000000 ) ) ;
#1778 = LINE ( 'NONE', #596, #2935 ) ;
#1779 = CARTESIAN_POINT ( 'NONE',  ( 5.599999999999999600, 4.799999999999998900, 0.1499999999999999900 ) ) ;
#1780 = EDGE_CURVE ( 'NONE', #1348, #375, #2878, .T. ) ;
#1781 = EDGE_CURVE ( 'NONE', #1335, #2271, #2332, .T. ) ;
#1782 = CIRCLE ( 'NONE', #1609, 0.5000000000000002200 ) ;
#1783 = EDGE_CURVE ( 'NONE', #2084, #994, #2265, .T. ) ;
#1784 = CARTESIAN_POINT ( 'NONE',  ( 6.600000000000001400, -5.099999999999999600, 6.776263578034402700E-018 ) ) ;
#1785 = CARTESIAN_POINT ( 'NONE',  ( -5.400000000000000400, -4.700000000468662600, 0.09999999999999999200 ) ) ;
#1786 = CARTESIAN_POINT ( 'NONE',  ( -8.845035986311206200, 4.400774994297675500, -14.61051838046369900 ) ) ;
#1787 = LINE ( 'NONE', #799, #511 ) ;
#1788 = DIRECTION ( 'NONE',  ( -0.003490630149225560500, 0.003490630149240127000, 0.9999878154269293800 ) ) ;
#1789 = ORIENTED_EDGE ( 'NONE', *, *, #2963, .T. ) ;
#1790 = LINE ( 'NONE', #385, #1168 ) ;
#1791 = ORIENTED_EDGE ( 'NONE', *, *, #1737, .T. ) ;
#1792 = EDGE_LOOP ( 'NONE', ( #812, #1546, #998, #526 ) ) ;
#1793 = CARTESIAN_POINT ( 'NONE',  ( -5.599999999096499300, -4.700000000000000200, 0.1500000000000000200 ) ) ;
#1794 = ORIENTED_EDGE ( 'NONE', *, *, #465, .T. ) ;
#1795 = CARTESIAN_POINT ( 'NONE',  ( 8.754736083830328800, 4.340526638630087100, -14.54997793290981700 ) ) ;
#1796 = CARTESIAN_POINT ( 'NONE',  ( 5.500000000000000000, -4.799999999999999800, 0.1499999982392000200 ) ) ;
#1797 = CARTESIAN_POINT ( 'NONE',  ( -9.052984058300934200, 4.756383590801455300, -14.25614893067058900 ) ) ;
#1798 = DIRECTION ( 'NONE',  ( -0.0000000000000000000, 1.000000000000000000, 0.0000000000000000000 ) ) ;
#1799 = EDGE_CURVE ( 'NONE', #1010, #14, #2869, .T. ) ;
#1800 = VERTEX_POINT ( 'NONE', #1371 ) ;
#1801 = CARTESIAN_POINT ( 'NONE',  ( -5.600000000003842800, 4.700000000010436300, 0.09999999999999999200 ) ) ;
#1802 = EDGE_LOOP ( 'NONE', ( #2897, #2341, #1819, #432 ) ) ;
#1803 = ORIENTED_EDGE ( 'NONE', *, *, #2391, .F. ) ;
#1804 = CARTESIAN_POINT ( 'NONE',  ( 8.550953002634001300, -4.903888787973354400, -14.40416991886225700 ) ) ;
#1805 = AXIS2_PLACEMENT_3D ( 'NONE', #398, #2056, #630 ) ;
#1806 = VERTEX_POINT ( 'NONE', #1359 ) ;
#1807 = VERTEX_POINT ( 'NONE', #2189 ) ;
#1808 = FACE_OUTER_BOUND ( 'NONE', #826, .T. ) ;
#1809 = CARTESIAN_POINT ( 'NONE',  ( 8.550953002633770300, 4.550953002633771200, -14.05000000000239700 ) ) ;
#1810 = ORIENTED_EDGE ( 'NONE', *, *, #1230, .F. ) ;
#1811 = CARTESIAN_POINT ( 'NONE',  ( 9.050940970897732600, -4.548504575239344500, -14.04754301102998000 ) ) ;
#1812 = LINE ( 'NONE', #1473, #2368 ) ;
#1813 = DIRECTION ( 'NONE',  ( 0.0000000000000000000, 0.0000000000000000000, 1.000000000000000000 ) ) ;
#1814 = ORIENTED_EDGE ( 'NONE', *, *, #1895, .T. ) ;
#1815 = LINE ( 'NONE', #218, #1273 ) ;
#1816 = ADVANCED_FACE ( 'NONE', ( #2186 ), #2126, .T. ) ;
#1817 = AXIS2_PLACEMENT_3D ( 'NONE', #2530, #2765, #1374 ) ;
#1818 = CARTESIAN_POINT ( 'NONE',  ( -8.179999999999999700, -4.049999999999999800, 0.0000000000000000000 ) ) ;
#1819 = ORIENTED_EDGE ( 'NONE', *, *, #2092, .T. ) ;
#1820 = CIRCLE ( 'NONE', #1691, 0.5000000000000004400 ) ;
#1821 = EDGE_LOOP ( 'NONE', ( #2858, #893, #2319, #1995 ) ) ;
#1822 = CARTESIAN_POINT ( 'NONE',  ( -6.400000000000000400, -4.799999999999998900, 0.1499999999999999900 ) ) ;
#1823 = CARTESIAN_POINT ( 'NONE',  ( -8.550953002633912400, 5.112089487618217000, -14.19669471127427900 ) ) ;
#1824 = ORIENTED_EDGE ( 'NONE', *, *, #648, .T. ) ;
#1825 = DIRECTION ( 'NONE',  ( 0.0000000000000000000, 0.0000000000000000000, 1.000000000000000000 ) ) ;
#1826 = LINE ( 'NONE', #1453, #2384 ) ;
#1827 = ORIENTED_EDGE ( 'NONE', *, *, #2354, .T. ) ;
#1828 = ORIENTED_EDGE ( 'NONE', *, *, #2941, .T. ) ;
#1829 = CARTESIAN_POINT ( 'NONE',  ( 5.573205080418914800, 4.700000000224663100, 0.0000000000000000000 ) ) ;
#1830 = ADVANCED_FACE ( 'NONE', ( #295 ), #141, .T. ) ;
#1831 = CARTESIAN_POINT ( 'NONE',  ( 6.500000000000000900, 0.0000000000000000000, 0.0000000000000000000 ) ) ;
#1832 = LINE ( 'NONE', #1774, #1215 ) ;
#1833 = EDGE_CURVE ( 'NONE', #662, #698, #2728, .T. ) ;
#1834 = EDGE_CURVE ( 'NONE', #96, #834, #2117, .T. ) ;
#1835 = VERTEX_POINT ( 'NONE', #1818 ) ;
#1836 = EDGE_LOOP ( 'NONE', ( #2078, #1070, #2683, #1182 ) ) ;
#1837 = ORIENTED_EDGE ( 'NONE', *, *, #878, .F. ) ;
#1838 = CARTESIAN_POINT ( 'NONE',  ( 6.599999999999999600, -18.39986788862000100, 0.1000000000000000100 ) ) ;
#1839 =( NAMED_UNIT ( * ) SI_UNIT ( $, .STERADIAN. ) SOLID_ANGLE_UNIT ( ) );
#1840 = LINE ( 'NONE', #399, #1372 ) ;
#1841 = EDGE_LOOP ( 'NONE', ( #557, #2363, #2802 ) ) ;
#1842 = DIRECTION ( 'NONE',  ( -0.0000000000000000000, -1.000000000000000000, 0.0000000000000000000 ) ) ;
#1843 = ADVANCED_FACE ( 'NONE', ( #1561 ), #1762, .F. ) ;
#1844 = CONICAL_SURFACE ( 'NONE', #208, 0.09999999995570758900, 0.7853981612160252400 ) ;
#1845 =( BOUNDED_SURFACE ( )  B_SPLINE_SURFACE ( 3, 3, ( 
 ( #2500, #603, #2887, #1733 ),
 ( #1947, #305, #2509, #1129 ),
 ( #152, #1970, #2979, #2522 ),
 ( #388, #548, #88, #1357 ) ),
 .UNSPECIFIED., .F., .F., .F. ) 
 B_SPLINE_SURFACE_WITH_KNOTS ( ( 4, 4 ),
 ( 4, 4 ),
 ( 0.0000000000000000000, 1.000000000000000000 ),
 ( 0.0000000000000000000, 1.000000000000000000 ),
 .UNSPECIFIED. ) 
 GEOMETRIC_REPRESENTATION_ITEM ( )  RATIONAL_B_SPLINE_SURFACE ( (
 ( 1.000000000000000000, 0.8047378541259625500, 0.8047378541259625500, 1.000000000000000000),
 ( 0.8036857715135190500, 0.6467563631593579200, 0.6467563631593579200, 0.8036857715135190500),
 ( 0.8036857715135190500, 0.6467563631593579200, 0.6467563631593579200, 0.8036857715135190500),
 ( 1.000000000000000000, 0.8047378541259625500, 0.8047378541259625500, 1.000000000000000000) ) ) 
 REPRESENTATION_ITEM ( '' )  SURFACE ( )  );
#1846 = CIRCLE ( 'NONE', #517, 0.5000000000000004400 ) ;
#1847 = DIRECTION ( 'NONE',  ( -0.0000000000000000000, -1.000000000000000000, -0.0000000000000000000 ) ) ;
#1848 = EDGE_CURVE ( 'NONE', #2885, #2196, #219, .T. ) ;
#1849 = FACE_OUTER_BOUND ( 'NONE', #2188, .T. ) ;
#1850 = CARTESIAN_POINT ( 'NONE',  ( -6.400000000000003000, 5.100872668170399700, 0.2499999999999996700 ) ) ;
#1851 = VECTOR ( 'NONE', #1233, 1000.000000000000000 ) ;
#1852 = ORIENTED_EDGE ( 'NONE', *, *, #2982, .F. ) ;
#1853 = AXIS2_PLACEMENT_3D ( 'NONE', #2993, #3003, #3012 ) ;
#1854 = DIRECTION ( 'NONE',  ( -0.0000000000000000000, 0.0000000000000000000, 1.000000000000000000 ) ) ;
#1855 = DIRECTION ( 'NONE',  ( 1.000000000000000000, -0.0000000000000000000, -0.0000000000000000000 ) ) ;
#1856 = VECTOR ( 'NONE', #394, 1000.000000000000000 ) ;
#1857 = ORIENTED_EDGE ( 'NONE', *, *, #555, .F. ) ;
#1858 = DIRECTION ( 'NONE',  ( -1.000000000000000000, -0.0000000000000000000, -0.0000000000000000000 ) ) ;
#1859 = ADVANCED_FACE ( 'NONE', ( #846 ), #2584, .T. ) ;
#1860 = ADVANCED_FACE ( 'NONE', ( #1492 ), #1054, .T. ) ;
#1861 = VERTEX_POINT ( 'NONE', #786 ) ;
#1862 = CARTESIAN_POINT ( 'NONE',  ( 8.550953002633997700, -4.550953002634000400, -14.05000000000000200 ) ) ;
#1863 = VECTOR ( 'NONE', #691, 1000.000000000000000 ) ;
#1864 = CARTESIAN_POINT ( 'NONE',  ( -6.500000000000000900, -4.700000000000000200, 0.0000000000000000000 ) ) ;
#1865 = DIRECTION ( 'NONE',  ( -0.7071067811864418800, -0.7071067811866530400, -1.298934084353046000E-016 ) ) ;
#1866 = ORIENTED_EDGE ( 'NONE', *, *, #835, .T. ) ;
#1867 = CARTESIAN_POINT ( 'NONE',  ( -5.573205080479863400, -4.700000000285567300, 0.0000000000000000000 ) ) ;
#1868 = AXIS2_PLACEMENT_3D ( 'NONE', #3033, #2931, #2899 ) ;
#1869 = EDGE_CURVE ( 'NONE', #871, #1881, #145, .T. ) ;
#1870 = EDGE_CURVE ( 'NONE', #961, #2745, #767, .T. ) ;
#1871 = DIRECTION ( 'NONE',  ( 0.0000000000000000000, -1.000000000000000000, 0.0000000000000000000 ) ) ;
#1872 = ADVANCED_FACE ( 'NONE', ( #693 ), #485, .T. ) ;
#1873 = PLANE ( 'NONE',  #428 ) ;
#1874 = EDGE_CURVE ( 'NONE', #312, #1195, #62, .T. ) ;
#1875 = VERTEX_POINT ( 'NONE', #1614 ) ;
#1876 = DIRECTION ( 'NONE',  ( -1.000000000000000000, 0.0000000000000000000, 0.0000000000000000000 ) ) ;
#1877 = ADVANCED_FACE ( 'NONE', ( #1342 ), #2437, .F. ) ;
#1878 = ORIENTED_EDGE ( 'NONE', *, *, #2655, .F. ) ;
#1879 = CONICAL_SURFACE ( 'NONE', #2428, 0.09999999995570758900, 0.7853981612160252400 ) ;
#1880 = CARTESIAN_POINT ( 'NONE',  ( -5.415100043225732100, -4.800000000045656600, 0.0000000000000000000 ) ) ;
#1881 = VERTEX_POINT ( 'NONE', #1793 ) ;
#1882 = LINE ( 'NONE', #1708, #2975 ) ;
#1883 = CARTESIAN_POINT ( 'NONE',  ( -7.680000000000000600, 4.049999999999999800, 0.0000000000000000000 ) ) ;
#1884 = CARTESIAN_POINT ( 'NONE',  ( -5.599999999999999600, 4.799999999996750000, 0.2499999999999999400 ) ) ;
#1885 = ORIENTED_EDGE ( 'NONE', *, *, #2014, .T. ) ;
#1886 = CARTESIAN_POINT ( 'NONE',  ( -6.400000000000000400, 5.099999999999999600, 0.2500000000000000000 ) ) ;
#1887 = DIRECTION ( 'NONE',  ( 0.0000000000000000000, 0.0000000000000000000, 1.000000000000000000 ) ) ;
#1888 = FACE_OUTER_BOUND ( 'NONE', #2593, .T. ) ;
#1889 = DIRECTION ( 'NONE',  ( -0.0000000000000000000, 1.000000000000000000, -0.0000000000000000000 ) ) ;
#1890 =( BOUNDED_SURFACE ( )  B_SPLINE_SURFACE ( 3, 3, ( 
 ( #2378, #481, #3060, #2601 ),
 ( #1205, #2834, #1450, #5 ),
 ( #1681, #248, #1906, #493 ),
 ( #2150, #719, #2388, #975 ) ),
 .UNSPECIFIED., .F., .F., .F. ) 
 B_SPLINE_SURFACE_WITH_KNOTS ( ( 4, 4 ),
 ( 4, 4 ),
 ( 0.0000000000000000000, 1.000000000000000000 ),
 ( 0.0000000000000000000, 1.000000000000000000 ),
 .UNSPECIFIED. ) 
 GEOMETRIC_REPRESENTATION_ITEM ( )  RATIONAL_B_SPLINE_SURFACE ( (
 ( 1.000000000000000000, 0.8047378541259636600, 0.8047378541259636600, 1.000000000000000000),
 ( 0.8036857715135190500, 0.6467563631593588000, 0.6467563631593588000, 0.8036857715135190500),
 ( 0.8036857715135190500, 0.6467563631593588000, 0.6467563631593588000, 0.8036857715135190500),
 ( 1.000000000000000000, 0.8047378541259636600, 0.8047378541259636600, 1.000000000000000000) ) ) 
 REPRESENTATION_ITEM ( '' )  SURFACE ( )  );
#1891 = COLOUR_RGB ( '',0.7921568627450980000, 0.8196078431372548800, 0.9333333333333333500 ) ;
#1892 = ADVANCED_FACE ( 'NONE', ( #3057 ), #1197, .F. ) ;
#1893 = ORIENTED_EDGE ( 'NONE', *, *, #2514, .F. ) ;
#1894 = CARTESIAN_POINT ( 'NONE',  ( 6.478638987292631800, 4.744084349519811300, -0.0000000000000000000 ) ) ;
#1895 = EDGE_CURVE ( 'NONE', #2408, #1620, #1815, .T. ) ;
#1896 = LINE ( 'NONE', #93, #1347 ) ;
#1897 = ORIENTED_EDGE ( 'NONE', *, *, #1543, .T. ) ;
#1898 = DIRECTION ( 'NONE',  ( 0.0000000000000000000, 0.003490651415223966800, -0.9999939076577903900 ) ) ;
#1899 = CARTESIAN_POINT ( 'NONE',  ( -8.550953002631956700, -5.050949956462840600, -14.05174532571000300 ) ) ;
#1900 = DIRECTION ( 'NONE',  ( 0.0000000000000000000, 0.0000000000000000000, 1.000000000000000000 ) ) ;
#1901 = VECTOR ( 'NONE', #1469, 1000.000000000000000 ) ;
#1902 = AXIS2_PLACEMENT_3D ( 'NONE', #663, #2792, #2102 ) ;
#1903 = CARTESIAN_POINT ( 'NONE',  ( -6.433333911649777200, 4.733333911638591300, 0.09999778326322471300 ) ) ;
#1904 = DIRECTION ( 'NONE',  ( 0.0000000000000000000, -1.000000000000000000, -0.0000000000000000000 ) ) ;
#1905 = ADVANCED_FACE ( 'NONE', ( #1888 ), #2977, .T. ) ;
#1906 = CARTESIAN_POINT ( 'NONE',  ( -8.401710148196777100, -5.110663260508137500, -14.34509437970171900 ) ) ;
#1907 = VECTOR ( 'NONE', #3058, 1000.000000000000000 ) ;
#1908 = ORIENTED_EDGE ( 'NONE', *, *, #125, .T. ) ;
#1909 = DIRECTION ( 'NONE',  ( 0.0000000000000000000, -1.734723475976805500E-015, 1.000000000000000000 ) ) ;
#1910 = DIRECTION ( 'NONE',  ( 0.003490630149225560500, -0.003490630149240127000, 0.9999878154269293800 ) ) ;
#1911 = ORIENTED_EDGE ( 'NONE', *, *, #1783, .F. ) ;
#1912 = DIRECTION ( 'NONE',  ( 0.0000000000000000000, -1.000000000000000000, 0.0000000000000000000 ) ) ;
#1913 = CYLINDRICAL_SURFACE ( 'NONE', #2054, 0.1000000000000000100 ) ;
#1914 = AXIS2_PLACEMENT_3D ( 'NONE', #816, #1029, #1238 ) ;
#1915 = ORIENTED_EDGE ( 'NONE', *, *, #2159, .F. ) ;
#1916 = CARTESIAN_POINT ( 'NONE',  ( -6.599999999999999600, 0.0000000000000000000, 0.0000000000000000000 ) ) ;
#1917 = CARTESIAN_POINT ( 'NONE',  ( -499005.5000000000600, -498995.2000001483200, 0.1000000000916647900 ) ) ;
#1918 = FACE_OUTER_BOUND ( 'NONE', #964, .T. ) ;
#1919 = DIRECTION ( 'NONE',  ( -1.000000000000000000, -0.0000000000000000000, -0.0000000000000000000 ) ) ;
#1920 = LINE ( 'NONE', #2685, #2542 ) ;
#1921 = LINE ( 'NONE', #762, #2002 ) ;
#1922 = VECTOR ( 'NONE', #247, 1000.000000000000100 ) ;
#1923 = VERTEX_POINT ( 'NONE', #459 ) ;
#1924 = DIRECTION ( 'NONE',  ( 0.003490630149225560500, 0.003490630149240127000, -0.9999878154269293800 ) ) ;
#1925 = CARTESIAN_POINT ( 'NONE',  ( 5.500000000000000000, 4.799999999999999800, 0.1499999999999999900 ) ) ;
#1926 = CYLINDRICAL_SURFACE ( 'NONE', #408, 0.1000000000000000100 ) ;
#1927 = ORIENTED_EDGE ( 'NONE', *, *, #572, .F. ) ;
#1928 = EDGE_CURVE ( 'NONE', #659, #2124, #2504, .T. ) ;
#1929 = EDGE_CURVE ( 'NONE', #200, #287, #680, .T. ) ;
#1930 = EDGE_LOOP ( 'NONE', ( #1262, #2282, #2169 ) ) ;
#1931 = EDGE_CURVE ( 'NONE', #1506, #1948, #1744, .T. ) ;
#1932 = CARTESIAN_POINT ( 'NONE',  ( -5.500000000000001800, 5.100349067268156800, 0.09999999999999999200 ) ) ;
#1933 = LINE ( 'NONE', #440, #666 ) ;
#1934 = DIRECTION ( 'NONE',  ( 0.0000000000000000000, 0.0000000000000000000, -1.000000000000000000 ) ) ;
#1935 = ORIENTED_EDGE ( 'NONE', *, *, #2274, .F. ) ;
#1936 = CARTESIAN_POINT ( 'NONE',  ( -6.500000000000000900, -4.700000000000000200, 0.1499999999999999900 ) ) ;
#1937 = ORIENTED_EDGE ( 'NONE', *, *, #2064, .F. ) ;
#1938 = VERTEX_POINT ( 'NONE', #1605 ) ;
#1939 = DIRECTION ( 'NONE',  ( 0.7071067811865474600, -0.7071067811865474600, 0.0000000000000000000 ) ) ;
#1940 = ORIENTED_EDGE ( 'NONE', *, *, #1988, .F. ) ;
#1941 = DIRECTION ( 'NONE',  ( 1.000000000000000000, 0.0000000000000000000, 0.0000000000000000000 ) ) ;
#1942 = EDGE_CURVE ( 'NONE', #2916, #183, #482, .T. ) ;
#1943 = CARTESIAN_POINT ( 'NONE',  ( -6.599999999999999600, 4.800001734003999800, 0.1000000000000000100 ) ) ;
#1944 = ORIENTED_EDGE ( 'NONE', *, *, #2032, .T. ) ;
#1945 = DIRECTION ( 'NONE',  ( 1.000000000000000000, 0.0000000000000000000, -0.0000000000000000000 ) ) ;
#1946 = VECTOR ( 'NONE', #1623, 1000.000000000000000 ) ;
#1947 = CARTESIAN_POINT ( 'NONE',  ( 8.903476085402953500, 4.903476085402953500, -14.34639438248886700 ) ) ;
#1948 = VERTEX_POINT ( 'NONE', #904 ) ;
#1949 = CARTESIAN_POINT ( 'NONE',  ( -6.500000000000000000, 18.39986788862000100, 0.1000000000000000100 ) ) ;
#1950 = ORIENTED_EDGE ( 'NONE', *, *, #2874, .T. ) ;
#1951 = AXIS2_PLACEMENT_3D ( 'NONE', #140, #153, #1813 ) ;
#1952 = LINE ( 'NONE', #12, #1340 ) ;
#1953 = ORIENTED_EDGE ( 'NONE', *, *, #81, .F. ) ;
#1954 = VECTOR ( 'NONE', #1747, 1000.000000000000000 ) ;
#1955 = CARTESIAN_POINT ( 'NONE',  ( -6.500000000000001800, 5.100728079773748600, 0.2085786437626904700 ) ) ;
#1956 = CIRCLE ( 'NONE', #2193, 0.5000000000000003300 ) ;
#1957 = ORIENTED_EDGE ( 'NONE', *, *, #204, .T. ) ;
#1958 = DIRECTION ( 'NONE',  ( 0.0000000000000000000, -1.000000000000000000, 0.0000000000000000000 ) ) ;
#1959 = DIRECTION ( 'NONE',  ( 1.000000000000000000, 0.0000000000000000000, -0.0000000000000000000 ) ) ;
#1960 = VECTOR ( 'NONE', #1301, 1000.000000000000000 ) ;
#1961 = ORIENTED_EDGE ( 'NONE', *, *, #2674, .F. ) ;
#1962 = LINE ( 'NONE', #1685, #1206 ) ;
#1963 = CARTESIAN_POINT ( 'NONE',  ( 10.40695615321999900, 5.050949956462792700, -14.05174532571000300 ) ) ;
#1964 = DIRECTION ( 'NONE',  ( -0.003490651415223966800, 0.0000000000000000000, 0.9999939076577903900 ) ) ;
#1965 = CARTESIAN_POINT ( 'NONE',  ( 5.521361012597974000, -4.744084349458005600, -0.0000000000000000000 ) ) ;
#1966 = CARTESIAN_POINT ( 'NONE',  ( -6.500000000000002700, 5.100523600902239000, 0.1499999999999999700 ) ) ;
#1967 = AXIS2_PLACEMENT_3D ( 'NONE', #323, #515, #523 ) ;
#1968 = ORIENTED_EDGE ( 'NONE', *, *, #2373, .F. ) ;
#1969 = AXIS2_PLACEMENT_3D ( 'NONE', #193, #1847, #430 ) ;
#1970 = CARTESIAN_POINT ( 'NONE',  ( 8.547814324470021300, 4.963109442574816100, -14.55273940865655500 ) ) ;
#1971 = CARTESIAN_POINT ( 'NONE',  ( -6.599999999999999600, -4.799999999965984400, 0.0000000000000000000 ) ) ;
#1972 = FACE_OUTER_BOUND ( 'NONE', #978, .T. ) ;
#1973 =( BOUNDED_SURFACE ( )  B_SPLINE_SURFACE ( 3, 3, ( 
 ( #2496, #1101, #136, #1567 ),
 ( #2954, #1331, #2727, #1095 ),
 ( #2486, #838, #2268, #594 ),
 ( #2024, #365, #1795, #127 ) ),
 .UNSPECIFIED., .F., .F., .F. ) 
 B_SPLINE_SURFACE_WITH_KNOTS ( ( 4, 4 ),
 ( 4, 4 ),
 ( 0.0000000000000000000, 1.000000000000000000 ),
 ( 0.0000000000000000000, 1.000000000000000000 ),
 .UNSPECIFIED. ) 
 GEOMETRIC_REPRESENTATION_ITEM ( )  RATIONAL_B_SPLINE_SURFACE ( (
 ( 1.000000000000000000, 0.8047378541259586600, 0.8047378541259586600, 1.000000000000000000),
 ( 0.8036857715135179400, 0.6467563631593539200, 0.6467563631593539200, 0.8036857715135179400),
 ( 0.8036857715135179400, 0.6467563631593539200, 0.6467563631593539200, 0.8036857715135179400),
 ( 1.000000000000000000, 0.8047378541259586600, 0.8047378541259586600, 1.000000000000000000) ) ) 
 REPRESENTATION_ITEM ( '' )  SURFACE ( )  );
#1974 = PLANE ( 'NONE',  #1210 ) ;
#1975 = LINE ( 'NONE', #288, #1907 ) ;
#1976 = DIRECTION ( 'NONE',  ( -0.0000000000000000000, -0.0000000000000000000, -1.000000000000000000 ) ) ;
#1977 = CARTESIAN_POINT ( 'NONE',  ( -6.000000000000000000, 4.750000000000000000, 0.2000000000000000100 ) ) ;
#1978 = CARTESIAN_POINT ( 'NONE',  ( -5.458578643762691300, 5.099999999999997900, 2.072634201430599700E-017 ) ) ;
#1979 = UNCERTAINTY_MEASURE_WITH_UNIT (LENGTH_MEASURE( 1.000000000000000100E-005 ), #1613, 'distance_accuracy_value', 'NONE');
#1980 = CARTESIAN_POINT ( 'NONE',  ( 4.919999999999999900, 3.299999999999999800, 0.0000000000000000000 ) ) ;
#1981 = ORIENTED_EDGE ( 'NONE', *, *, #2812, .F. ) ;
#1982 = ORIENTED_EDGE ( 'NONE', *, *, #184, .T. ) ;
#1983 = DIRECTION ( 'NONE',  ( -0.9999939076577903900, 1.734723475976807300E-015, -0.003490651415222201700 ) ) ;
#1984 = DIRECTION ( 'NONE',  ( 0.0000000000000000000, 1.000000000000000000, -0.0000000000000000000 ) ) ;
#1985 = ORIENTED_EDGE ( 'NONE', *, *, #2257, .F. ) ;
#1986 = CARTESIAN_POINT ( 'NONE',  ( 9.099999999999999600, -6.406956153221000400, 0.0000000000000000000 ) ) ;
#1987 = VECTOR ( 'NONE', #154, 1000.000000000000000 ) ;
#1988 = EDGE_CURVE ( 'NONE', #1775, #500, #1121, .T. ) ;
#1989 = DIRECTION ( 'NONE',  ( 0.0000000000000000000, 1.000000000000000000, -0.0000000000000000000 ) ) ;
#1990 = EDGE_CURVE ( 'NONE', #1569, #1280, #544, .T. ) ;
#1991 = ORIENTED_EDGE ( 'NONE', *, *, #1931, .F. ) ;
#1992 = CARTESIAN_POINT ( 'NONE',  ( -5.400000000000000400, 5.099999999999998800, 6.776263578034402700E-018 ) ) ;
#1993 = FACE_OUTER_BOUND ( 'NONE', #1252, .T. ) ;
#1994 = CARTESIAN_POINT ( 'NONE',  ( 0.0000000000000000000, 4.550953002634000400, -14.55000000000000100 ) ) ;
#1995 = ORIENTED_EDGE ( 'NONE', *, *, #2882, .F. ) ;
#1996 = ORIENTED_EDGE ( 'NONE', *, *, #821, .T. ) ;
#1997 = CARTESIAN_POINT ( 'NONE',  ( 6.500000000000000900, 4.700000000000000200, 0.1499999999999999900 ) ) ;
#1998 = FACE_OUTER_BOUND ( 'NONE', #836, .T. ) ;
#1999 = CARTESIAN_POINT ( 'NONE',  ( 5.599999999096499300, 5.100872668170399700, 0.2499999999999996700 ) ) ;
#2000 = DIRECTION ( 'NONE',  ( 1.000000000000000000, 0.0000000000000000000, 0.0000000000000000000 ) ) ;
#2001 =( BOUNDED_SURFACE ( )  B_SPLINE_SURFACE ( 3, 3, ( 
 ( #840, #2272, #1804, #376 ),
 ( #2036, #602, #2276, #852 ),
 ( #2498, #1104, #2738, #1343 ),
 ( #2966, #1579, #151, #1811 ) ),
 .UNSPECIFIED., .F., .F., .F. ) 
 B_SPLINE_SURFACE_WITH_KNOTS ( ( 4, 4 ),
 ( 4, 4 ),
 ( 0.0000000000000000000, 1.000000000000000000 ),
 ( 0.0000000000000000000, 1.000000000000000000 ),
 .UNSPECIFIED. ) 
 GEOMETRIC_REPRESENTATION_ITEM ( )  RATIONAL_B_SPLINE_SURFACE ( (
 ( 1.000000000000000000, 0.8047378541243633800, 0.8047378541243633800, 1.000000000000000000),
 ( 0.8030998670928282100, 0.6462848636918440100, 0.6462848636918440100, 0.8030998670928282100),
 ( 0.8030998670928282100, 0.6462848636918440100, 0.6462848636918440100, 0.8030998670928282100),
 ( 1.000000000000000000, 0.8047378541243633800, 0.8047378541243633800, 1.000000000000000000) ) ) 
 REPRESENTATION_ITEM ( '' )  SURFACE ( )  );
#2002 = VECTOR ( 'NONE', #95, 1000.000000000000000 ) ;
#2003 = ORIENTED_EDGE ( 'NONE', *, *, #501, .T. ) ;
#2004 = DIRECTION ( 'NONE',  ( 0.0000000000000000000, 1.000000000000000000, 0.0000000000000000000 ) ) ;
#2005 = LINE ( 'NONE', #304, #1922 ) ;
#2006 = ORIENTED_EDGE ( 'NONE', *, *, #1625, .F. ) ;
#2007 = DIRECTION ( 'NONE',  ( 1.000000000000000000, 0.0000000000000000000, -0.0000000000000000000 ) ) ;
#2008 = LINE ( 'NONE', #641, #813 ) ;
#2009 = EDGE_LOOP ( 'NONE', ( #2134, #1662, #1186, #2973 ) ) ;
#2010 = DIRECTION ( 'NONE',  ( -0.0000000000000000000, -1.000000000000000000, -0.0000000000000000000 ) ) ;
#2011 = CARTESIAN_POINT ( 'NONE',  ( -8.845459859982876000, 4.781687328848304800, -14.52594555718993500 ) ) ;
#2012 = CARTESIAN_POINT ( 'NONE',  ( -8.179999999999999700, 0.0000000000000000000, 0.0000000000000000000 ) ) ;
#2013 = CARTESIAN_POINT ( 'NONE',  ( 6.500000000000000000, 5.100728079773746000, 0.2085786437626908900 ) ) ;
#2014 = EDGE_CURVE ( 'NONE', #51, #1741, #2295, .T. ) ;
#2015 = CARTESIAN_POINT ( 'NONE',  ( -8.550953002633999500, -4.550953002634000400, -14.05000000000000200 ) ) ;
#2016 = CARTESIAN_POINT ( 'NONE',  ( -6.500000000000000000, 18.39986788862000100, 0.1000000000000000100 ) ) ;
#2017 = DIRECTION ( 'NONE',  ( -4.336808699114498700E-015, 0.0000000000000000000, 1.000000000000000000 ) ) ;
#2018 = VECTOR ( 'NONE', #2996, 1000.000000000000100 ) ;
#2019 = DIRECTION ( 'NONE',  ( -0.003490630149240102700, 0.003490630149240102700, 0.9999878154269293800 ) ) ;
#2020 = ORIENTED_EDGE ( 'NONE', *, *, #289, .F. ) ;
#2021 = DIRECTION ( 'NONE',  ( 0.0000000000000000000, 1.000000000000000000, 0.0000000000000000000 ) ) ;
#2022 = VERTEX_POINT ( 'NONE', #2122 ) ;
#2023 = ORIENTED_EDGE ( 'NONE', *, *, #1211, .F. ) ;
#2024 = CARTESIAN_POINT ( 'NONE',  ( 8.902926535325178700, 4.195826782588532900, -14.04998899500376400 ) ) ;
#2025 = CARTESIAN_POINT ( 'NONE',  ( -9.050940970897741500, 4.548504575240309900, -14.04754301103095000 ) ) ;
#2026 = ORIENTED_EDGE ( 'NONE', *, *, #1781, .T. ) ;
#2027 = FACE_OUTER_BOUND ( 'NONE', #1642, .T. ) ;
#2028 = ORIENTED_EDGE ( 'NONE', *, *, #1285, .F. ) ;
#2029 = EDGE_CURVE ( 'NONE', #1465, #720, #1427, .T. ) ;
#2030 = EDGE_CURVE ( 'NONE', #2343, #1465, #2836, .T. ) ;
#2031 = EDGE_LOOP ( 'NONE', ( #2214, #456, #1827 ) ) ;
#2032 = EDGE_CURVE ( 'NONE', #191, #583, #1597, .T. ) ;
#2033 = DIRECTION ( 'NONE',  ( -0.0000000000000000000, 0.0000000000000000000, -1.000000000000000000 ) ) ;
#2034 = VECTOR ( 'NONE', #1063, 1000.000000000000000 ) ;
#2035 =( BOUNDED_CURVE ( )  B_SPLINE_CURVE ( 3, ( #1436, #2590, #2358, #3054 ),
 .UNSPECIFIED., .F., .F. ) 
 B_SPLINE_CURVE_WITH_KNOTS ( ( 4, 4 ),
 ( 3.141592653589784700, 4.712388989188689900 ),
 .UNSPECIFIED. ) 
 CURVE ( )  GEOMETRIC_REPRESENTATION_ITEM ( )  RATIONAL_B_SPLINE_CURVE ( ( 1.000000000000000000, 0.8047378520492403100, 0.8047378520492403100, 1.000000000000000000 ) ) 
 REPRESENTATION_ITEM ( '' )  );
#2036 = CARTESIAN_POINT ( 'NONE',  ( 8.550953002633997700, -4.695277848429646500, -14.61205393683520400 ) ) ;
#2037 = CARTESIAN_POINT ( 'NONE',  ( 7.160000000000000100, -3.299999999999999800, 3.799999999999999800 ) ) ;
#2038 = CONICAL_SURFACE ( 'NONE', #1247, 0.09999999995570758900, 0.7853981612160252400 ) ;
#2039 = DIRECTION ( 'NONE',  ( -0.0000000000000000000, 0.0000000000000000000, 1.000000000000000000 ) ) ;
#2040 = VECTOR ( 'NONE', #797, 1000.000000000000000 ) ;
#2041 = VERTEX_POINT ( 'NONE', #2540 ) ;
#2042 = CARTESIAN_POINT ( 'NONE',  ( 6.477360746343511400, -4.742993500891685700, 0.0000000000000000000 ) ) ;
#2043 = DIRECTION ( 'NONE',  ( -1.000000000000000000, -0.0000000000000000000, 0.0000000000000000000 ) ) ;
#2044 = CARTESIAN_POINT ( 'NONE',  ( 8.550953002633999500, 4.550953002634000400, -14.05000000000000200 ) ) ;
#2045 = CARTESIAN_POINT ( 'NONE',  ( 0.0000000000000000000, 5.099999999999999600, 0.0000000000000000000 ) ) ;
#2046 = EDGE_CURVE ( 'NONE', #14, #34, #970, .T. ) ;
#2047 = VECTOR ( 'NONE', #2203, 1000.000000000000100 ) ;
#2048 = CARTESIAN_POINT ( 'NONE',  ( 6.451839258836122000, -4.721689034352154500, 0.0000000000000000000 ) ) ;
#2049 = ORIENTED_EDGE ( 'NONE', *, *, #405, .T. ) ;
#2050 = CARTESIAN_POINT ( 'NONE',  ( 7.160000000000000100, -4.299999999999999800, 0.0000000000000000000 ) ) ;
#2051 = AXIS2_PLACEMENT_3D ( 'NONE', #1864, #1640, #3028 ) ;
#2052 = ORIENTED_EDGE ( 'NONE', *, *, #665, .F. ) ;
#2053 = DIRECTION ( 'NONE',  ( 0.0000000000000000000, 0.0000000000000000000, 1.000000000000000000 ) ) ;
#2054 = AXIS2_PLACEMENT_3D ( 'NONE', #2280, #142, #1098 ) ;
#2055 = CARTESIAN_POINT ( 'NONE',  ( -8.550953002633999500, 4.903888787973350800, -14.40416991886225500 ) ) ;
#2056 = DIRECTION ( 'NONE',  ( -0.0000000000000000000, 1.000000000000000000, -0.0000000000000000000 ) ) ;
#2057 = CARTESIAN_POINT ( 'NONE',  ( 8.668216147415000300, -4.668216147415000300, 19.54327999999999900 ) ) ;
#2058 = ORIENTED_EDGE ( 'NONE', *, *, #2982, .T. ) ;
#2059 = ORIENTED_EDGE ( 'NONE', *, *, #2928, .T. ) ;
#2060 = DIRECTION ( 'NONE',  ( -8.673617383437855400E-015, 0.0000000000000000000, 1.000000000000000000 ) ) ;
#2061 = LINE ( 'NONE', #2952, #249 ) ;
#2062 = FACE_OUTER_BOUND ( 'NONE', #2764, .T. ) ;
#2063 = DIRECTION ( 'NONE',  ( 1.000000000000000000, 0.0000000000000000000, 0.0000000000000000000 ) ) ;
#2064 = EDGE_CURVE ( 'NONE', #1800, #1701, #1045, .T. ) ;
#2065 =( NAMED_UNIT ( * ) PLANE_ANGLE_UNIT ( ) SI_UNIT ( $, .RADIAN. ) );
#2066 = ORIENTED_EDGE ( 'NONE', *, *, #2351, .T. ) ;
#2067 = CYLINDRICAL_SURFACE ( 'NONE', #2330, 0.1000000000000000100 ) ;
#2068 = CARTESIAN_POINT ( 'NONE',  ( -6.500000000000002700, 5.100349067268161300, 0.1000000000000000200 ) ) ;
#2069 = DIRECTION ( 'NONE',  ( 0.0000000000000000000, 0.0000000000000000000, 1.000000000000000000 ) ) ;
#2070 = AXIS2_PLACEMENT_3D ( 'NONE', #770, #52, #1495 ) ;
#2071 = FACE_OUTER_BOUND ( 'NONE', #1551, .T. ) ;
#2072 =( BOUNDED_CURVE ( )  B_SPLINE_CURVE ( 3, ( #558, #326, #1756, #86 ),
 .UNSPECIFIED., .F., .F. ) 
 B_SPLINE_CURVE_WITH_KNOTS ( ( 4, 4 ),
 ( 4.712388980384689700, 6.283185298144565500 ),
 .UNSPECIFIED. ) 
 CURVE ( )  GEOMETRIC_REPRESENTATION_ITEM ( )  RATIONAL_B_SPLINE_CURVE ( ( 1.000000000000000000, 0.8047378562539397900, 0.8047378562539397900, 1.000000000000000000 ) ) 
 REPRESENTATION_ITEM ( '' )  );
#2073 = DIRECTION ( 'NONE',  ( -0.0000000000000000000, -1.000000000000000000, 0.0000000000000000000 ) ) ;
#2074 = ORIENTED_EDGE ( 'NONE', *, *, #2962, .F. ) ;
#2075 = AXIS2_PLACEMENT_3D ( 'NONE', #2015, #2369, #2640 ) ;
#2076 = CARTESIAN_POINT ( 'NONE',  ( 0.0000000000000000000, 4.700000000000000200, 0.0000000000000000000 ) ) ;
#2077 = VECTOR ( 'NONE', #570, 1000.000000000000100 ) ;
#2078 = ORIENTED_EDGE ( 'NONE', *, *, #1149, .F. ) ;
#2079 = CARTESIAN_POINT ( 'NONE',  ( -10.40696032912999900, -5.099999999999999600, 0.0000000000000000000 ) ) ;
#2080 = ADVANCED_FACE ( 'NONE', ( #886 ), #2067, .F. ) ;
#2081 = CARTESIAN_POINT ( 'NONE',  ( 6.400000000000000400, -4.799999999931969800, 0.1499999999999999900 ) ) ;
#2082 = DIRECTION ( 'NONE',  ( 0.0000000000000000000, 0.0000000000000000000, 1.000000000000000000 ) ) ;
#2083 = LINE ( 'NONE', #2076, #2624 ) ;
#2084 = VERTEX_POINT ( 'NONE', #256 ) ;
#2085 = CARTESIAN_POINT ( 'NONE',  ( 6.426794919198426800, 4.700000000006957300, 0.0000000000000000000 ) ) ;
#2086 = ORIENTED_EDGE ( 'NONE', *, *, #878, .T. ) ;
#2087 = CARTESIAN_POINT ( 'NONE',  ( 6.450000000000000200, 4.750000000000000000, 0.1499999982392000200 ) ) ;
#2088 = CARTESIAN_POINT ( 'NONE',  ( 8.550953002634001300, -4.903888787973354400, -14.40416991886225700 ) ) ;
#2089 = DIRECTION ( 'NONE',  ( 0.0000000000000000000, 0.0000000000000000000, 1.000000000000000000 ) ) ;
#2090 = CYLINDRICAL_SURFACE ( 'NONE', #1667, 0.4999999999999999400 ) ;
#2091 = EDGE_CURVE ( 'NONE', #1807, #1668, #258, .T. ) ;
#2092 = EDGE_CURVE ( 'NONE', #2844, #2633, #2760, .T. ) ;
#2093 = CARTESIAN_POINT ( 'NONE',  ( 6.500000000000000900, 4.799999999983000100, 0.0000000000000000000 ) ) ;
#2094 = ADVANCED_FACE ( 'NONE', ( #2616 ), #106, .T. ) ;
#2095 = EDGE_CURVE ( 'NONE', #415, #1335, #177, .T. ) ;
#2096 = ORIENTED_EDGE ( 'NONE', *, *, #2693, .F. ) ;
#2097 = DIRECTION ( 'NONE',  ( -0.7071067811865474600, -0.7071067811865474600, -0.0000000000000000000 ) ) ;
#2098 = ORIENTED_EDGE ( 'NONE', *, *, #772, .T. ) ;
#2099 = CARTESIAN_POINT ( 'NONE',  ( 6.400000000000000400, 4.700000000000000200, 0.1499999995598000600 ) ) ;
#2100 = ORIENTED_EDGE ( 'NONE', *, *, #1368, .F. ) ;
#2101 = ADVANCED_FACE ( 'NONE', ( #1998 ), #522, .T. ) ;
#2102 = DIRECTION ( 'NONE',  ( 0.0000000000000000000, 0.0000000000000000000, -1.000000000000000000 ) ) ;
#2103 = CARTESIAN_POINT ( 'NONE',  ( -10.40696032912999900, -5.100872668170398900, 0.2499999999999986400 ) ) ;
#2104 = VERTEX_POINT ( 'NONE', #2154 ) ;
#2105 = DIRECTION ( 'NONE',  ( 1.000000000000000000, 0.0000000000000000000, 0.0000000000000000000 ) ) ;
#2106 = EDGE_LOOP ( 'NONE', ( #316, #944, #293, #2703 ) ) ;
#2107 = DIRECTION ( 'NONE',  ( -0.0000000000000000000, -0.0000000000000000000, -1.000000000000000000 ) ) ;
#2108 = DIRECTION ( 'NONE',  ( 0.0000000000000000000, 1.000000000000000000, 0.0000000000000000000 ) ) ;
#2109 = CYLINDRICAL_SURFACE ( 'NONE', #1951, 0.1000000000000000100 ) ;
#2110 = ORIENTED_EDGE ( 'NONE', *, *, #2514, .T. ) ;
#2111 = DIRECTION ( 'NONE',  ( 0.0000000000000000000, 0.0000000000000000000, -1.000000000000000000 ) ) ;
#2112 = FACE_OUTER_BOUND ( 'NONE', #1221, .T. ) ;
#2113 = ORIENTED_EDGE ( 'NONE', *, *, #2674, .T. ) ;
#2114 = ADVANCED_FACE ( 'NONE', ( #804 ), #533, .T. ) ;
#2115 = CARTESIAN_POINT ( 'NONE',  ( -5.548160741163878000, -4.721689034352154500, 0.0000000000000000000 ) ) ;
#2116 = EDGE_CURVE ( 'NONE', #1408, #2141, #1920, .T. ) ;
#2117 = CIRCLE ( 'NONE', #2538, 0.4999999999999999400 ) ;
#2118 = ADVANCED_FACE ( 'NONE', ( #649 ), #2469, .T. ) ;
#2119 = DIRECTION ( 'NONE',  ( 0.0000000000000000000, 0.0000000000000000000, -1.000000000000000000 ) ) ;
#2120 = LINE ( 'NONE', #436, #221 ) ;
#2121 = DIRECTION ( 'NONE',  ( 1.000000000000000000, -0.0000000000000000000, 0.0000000000000000000 ) ) ;
#2122 = CARTESIAN_POINT ( 'NONE',  ( 8.550953002633997700, 4.550953002634000400, -14.55000000000000100 ) ) ;
#2123 = VECTOR ( 'NONE', #567, 1000.000000000000000 ) ;
#2124 = VERTEX_POINT ( 'NONE', #1071 ) ;
#2125 = DIRECTION ( 'NONE',  ( 0.0000000000000000000, -1.000000000000000000, 0.0000000000000000000 ) ) ;
#2126 =( BOUNDED_SURFACE ( )  B_SPLINE_SURFACE ( 3, 3, ( 
 ( #2304, #2152, #2429, #2283 ),
 ( #2170, #157, #165, #66 ),
 ( #265, #15, #253, #35 ),
 ( #189, #281, #520, #532 ) ),
 .UNSPECIFIED., .F., .F., .F. ) 
 B_SPLINE_SURFACE_WITH_KNOTS ( ( 4, 4 ),
 ( 4, 4 ),
 ( 0.0000000000000000000, 1.000000000000000000 ),
 ( 0.0000000000000000000, 1.000000000000000000 ),
 .UNSPECIFIED. ) 
 GEOMETRIC_REPRESENTATION_ITEM ( )  RATIONAL_B_SPLINE_SURFACE ( (
 ( 1.000000000000000000, 0.8047378541259586600, 0.8047378541259586600, 1.000000000000000000),
 ( 0.8036857715135179400, 0.6467563631593539200, 0.6467563631593539200, 0.8036857715135179400),
 ( 0.8036857715135179400, 0.6467563631593539200, 0.6467563631593539200, 0.8036857715135179400),
 ( 1.000000000000000000, 0.8047378541259586600, 0.8047378541259586600, 1.000000000000000000) ) ) 
 REPRESENTATION_ITEM ( '' )  SURFACE ( )  );
#2127 = CARTESIAN_POINT ( 'NONE',  ( 9.099999999999999600, 0.0000000000000000000, 0.0000000000000000000 ) ) ;
#2128 = ORIENTED_EDGE ( 'NONE', *, *, #2810, .F. ) ;
#2129 = ADVANCED_FACE ( 'NONE', ( #730 ), #1711, .F. ) ;
#2130 = CARTESIAN_POINT ( 'NONE',  ( -5.465365785022322100, 4.782297491469483600, -4.674731290198587700E-028 ) ) ;
#2131 = FACE_OUTER_BOUND ( 'NONE', #2914, .T. ) ;
#2132 = CARTESIAN_POINT ( 'NONE',  ( 5.500000000000000000, -5.100144588396647200, 0.04142135623731033100 ) ) ;
#2133 = ORIENTED_EDGE ( 'NONE', *, *, #2410, .F. ) ;
#2134 = ORIENTED_EDGE ( 'NONE', *, *, #1150, .F. ) ;
#2135 = CARTESIAN_POINT ( 'NONE',  ( 6.426794919198426800, 4.700000000006957300, 0.0000000000000000000 ) ) ;
#2136 = AXIS2_PLACEMENT_3D ( 'NONE', #2079, #897, #2543 ) ;
#2137 = CARTESIAN_POINT ( 'NONE',  ( 8.892895219692118000, 5.099999999999868200, 0.0000000000000000000 ) ) ;
#2138 = DIRECTION ( 'NONE',  ( 1.000000000000000000, 0.0000000000000000000, -0.0000000000000000000 ) ) ;
#2139 = ORIENTED_EDGE ( 'NONE', *, *, #2327, .T. ) ;
#2140 = DIRECTION ( 'NONE',  ( -0.0000000000000000000, -0.0000000000000000000, 1.000000000000000000 ) ) ;
#2141 = VERTEX_POINT ( 'NONE', #760 ) ;
#2142 = ORIENTED_EDGE ( 'NONE', *, *, #124, .T. ) ;
#2143 = CARTESIAN_POINT ( 'NONE',  ( -8.179999999999999700, 4.049999999999999800, 0.0000000000000000000 ) ) ;
#2144 = ADVANCED_FACE ( 'NONE', ( #25 ), #578, .T. ) ;
#2145 = LINE ( 'NONE', #1327, #1455 ) ;
#2146 = CIRCLE ( 'NONE', #2482, 0.1000000000000000100 ) ;
#2147 = DIRECTION ( 'NONE',  ( 0.0000000000000000000, -1.000000000000000000, 0.0000000000000000000 ) ) ;
#2148 = PLANE ( 'NONE',  #2555 ) ;
#2149 = ORIENTED_EDGE ( 'NONE', *, *, #22, .T. ) ;
#2150 = CARTESIAN_POINT ( 'NONE',  ( -8.547631361230205700, -4.547631361230207500, -14.54997793290981400 ) ) ;
#2151 = VECTOR ( 'NONE', #483, 1000.000000000000100 ) ;
#2152 = CARTESIAN_POINT ( 'NONE',  ( -8.904502085330150900, -4.904502085330154400, -14.05246824824914500 ) ) ;
#2153 = DIRECTION ( 'NONE',  ( -0.0000000000000000000, 1.000000000000000000, 0.0000000000000000000 ) ) ;
#2154 = CARTESIAN_POINT ( 'NONE',  ( 7.160000000000000100, -2.799999999999999800, 3.799999999999999800 ) ) ;
#2155 = LINE ( 'NONE', #2093, #332 ) ;
#2156 = ORIENTED_EDGE ( 'NONE', *, *, #610, .F. ) ;
#2157 = AXIS2_PLACEMENT_3D ( 'NONE', #780, #1334, #2263 ) ;
#2158 = EDGE_CURVE ( 'NONE', #2343, #746, #2971, .T. ) ;
#2159 = EDGE_CURVE ( 'NONE', #453, #690, #1024, .T. ) ;
#2160 = ORIENTED_EDGE ( 'NONE', *, *, #401, .F. ) ;
#2161 = CARTESIAN_POINT ( 'NONE',  ( 8.600003046170989800, 5.099999999999936600, 0.0000000000000000000 ) ) ;
#2162 = DIRECTION ( 'NONE',  ( 0.7071067811865475700, -0.7071067811865475700, 0.0000000000000000000 ) ) ;
#2163 = FACE_OUTER_BOUND ( 'NONE', #1930, .T. ) ;
#2164 = EDGE_LOOP ( 'NONE', ( #2026, #2367, #2206, #271, #2052 ) ) ;
#2165 = CARTESIAN_POINT ( 'NONE',  ( 5.499999999484273000, -5.100728079772100200, 0.2085786432912068400 ) ) ;
#2166 = CARTESIAN_POINT ( 'NONE',  ( -6.499999999999999100, -5.100349067268156800, 0.1000000000000000200 ) ) ;
#2167 = CARTESIAN_POINT ( 'NONE',  ( 5.500000000000000000, 5.100349067268161300, 0.1000000000000000200 ) ) ;
#2168 = VECTOR ( 'NONE', #158, 1000.000000000000100 ) ;
#2169 = ORIENTED_EDGE ( 'NONE', *, *, #1414, .F. ) ;
#2170 = CARTESIAN_POINT ( 'NONE',  ( -9.112341780456949500, -4.696662390203339800, -14.05246824825113300 ) ) ;
#2171 = DIRECTION ( 'NONE',  ( -1.000000000000000000, 0.0000000000000000000, -0.0000000000000000000 ) ) ;
#2172 = DIRECTION ( 'NONE',  ( -0.003490630149240102700, -0.003490630149240102700, -0.9999878154269293800 ) ) ;
#2173 = EDGE_CURVE ( 'NONE', #1775, #626, #1846, .T. ) ;
#2174 = VERTEX_POINT ( 'NONE', #785 ) ;
#2175 = AXIS2_PLACEMENT_3D ( 'NONE', #80, #355, #496 ) ;
#2176 = ORIENTED_EDGE ( 'NONE', *, *, #2046, .F. ) ;
#2177 = CARTESIAN_POINT ( 'NONE',  ( -5.400000000000000400, -5.099999999999999600, 6.776263578034402700E-018 ) ) ;
#2178 = CARTESIAN_POINT ( 'NONE',  ( 6.400000001807000200, -4.799999999999999800, 0.2499999999999999400 ) ) ;
#2179 = ORIENTED_EDGE ( 'NONE', *, *, #405, .F. ) ;
#2180 = LINE ( 'NONE', #1117, #2862 ) ;
#2181 = DIRECTION ( 'NONE',  ( 0.0000000000000000000, 0.0000000000000000000, -1.000000000000000000 ) ) ;
#2182 = ORIENTED_EDGE ( 'NONE', *, *, #2029, .F. ) ;
#2183 = FACE_OUTER_BOUND ( 'NONE', #2860, .T. ) ;
#2184 = ORIENTED_EDGE ( 'NONE', *, *, #1929, .T. ) ;
#2185 = CARTESIAN_POINT ( 'NONE',  ( -5.458578643762689500, -5.100000000000000500, 1.355252715606880500E-017 ) ) ;
#2186 = FACE_OUTER_BOUND ( 'NONE', #726, .T. ) ;
#2187 = LINE ( 'NONE', #9, #1641 ) ;
#2188 = EDGE_LOOP ( 'NONE', ( #2817, #1982, #1665, #2260 ) ) ;
#2189 = CARTESIAN_POINT ( 'NONE',  ( -5.400000000000000400, 5.099999999999998800, 6.776263578034402700E-018 ) ) ;
#2190 = DIRECTION ( 'NONE',  ( 1.000000000000000000, 0.0000000000000000000, 0.0000000000000000000 ) ) ;
#2191 = FACE_OUTER_BOUND ( 'NONE', #764, .T. ) ;
#2192 = ORIENTED_EDGE ( 'NONE', *, *, #900, .T. ) ;
#2193 = AXIS2_PLACEMENT_3D ( 'NONE', #2831, #3001, #3011 ) ;
#2194 = EDGE_CURVE ( 'NONE', #1108, #384, #2691, .T. ) ;
#2195 = EDGE_CURVE ( 'NONE', #2672, #574, #3010, .T. ) ;
#2196 = VERTEX_POINT ( 'NONE', #1220 ) ;
#2197 = EDGE_CURVE ( 'NONE', #834, #2271, #1782, .T. ) ;
#2198 = PLANE ( 'NONE',  #750 ) ;
#2199 = CARTESIAN_POINT ( 'NONE',  ( -8.550953002633999500, 4.903888787973352600, -14.40416991886225500 ) ) ;
#2200 = CARTESIAN_POINT ( 'NONE',  ( -7.680000000000000600, 3.549999999999999800, 0.0000000000000000000 ) ) ;
#2201 = PRODUCT ( '2071556-1', '2071556-1', '', ( #2318 ) ) ;
#2202 = CARTESIAN_POINT ( 'NONE',  ( 5.541421355828394000, -5.100872668170398900, 0.2500000000000005000 ) ) ;
#2203 = DIRECTION ( 'NONE',  ( -0.0000000000000000000, -0.003490651415223966800, -0.9999939076577903900 ) ) ;
#2204 = CARTESIAN_POINT ( 'NONE',  ( 5.547525262180554000, -4.722239375139590600, 0.0000000000000000000 ) ) ;
#2205 = VECTOR ( 'NONE', #497, 1000.000000000000000 ) ;
#2206 = ORIENTED_EDGE ( 'NONE', *, *, #1988, .T. ) ;
#2207 = CARTESIAN_POINT ( 'NONE',  ( 6.400000000000000400, 18.39986788862000100, 0.1499999999999999900 ) ) ;
#2208 = DIRECTION ( 'NONE',  ( 0.0000000000000000000, 0.0000000000000000000, -1.000000000000000000 ) ) ;
#2209 = ORIENTED_EDGE ( 'NONE', *, *, #1990, .F. ) ;
#2210 = CARTESIAN_POINT ( 'NONE',  ( -6.565532325263270700, -4.799999999937679900, -1.378720271630329100E-011 ) ) ;
#2211 = ORIENTED_EDGE ( 'NONE', *, *, #229, .F. ) ;
#2212 = UNCERTAINTY_MEASURE_WITH_UNIT (LENGTH_MEASURE( 1.000000000000000100E-005 ), #925, 'distance_accuracy_value', 'NONE');
#2213 = AXIS2_PLACEMENT_3D ( 'NONE', #827, #1316, #2707 ) ;
#2214 = ORIENTED_EDGE ( 'NONE', *, *, #900, .F. ) ;
#2215 = DIRECTION ( 'NONE',  ( -1.000000000000000000, 0.0000000000000000000, -0.0000000000000000000 ) ) ;
#2216 = EDGE_CURVE ( 'NONE', #1690, #2844, #1231, .T. ) ;
#2217 = ORIENTED_EDGE ( 'NONE', *, *, #2962, .T. ) ;
#2218 = VECTOR ( 'NONE', #2706, 1000.000000000000100 ) ;
#2219 = ORIENTED_EDGE ( 'NONE', *, *, #2617, .F. ) ;
#2220 = AXIS2_PLACEMENT_3D ( 'NONE', #863, #1118, #2751 ) ;
#2221 = VECTOR ( 'NONE', #49, 1000.000000000000000 ) ;
#2222 = VERTEX_POINT ( 'NONE', #731 ) ;
#2223 = ORIENTED_EDGE ( 'NONE', *, *, #589, .T. ) ;
#2224 = DIRECTION ( 'NONE',  ( 0.0000000000000000000, -0.7071067811865475700, 0.7071067811865475700 ) ) ;
#2225 = VECTOR ( 'NONE', #2313, 1000.000000000000000 ) ;
#2226 = CARTESIAN_POINT ( 'NONE',  ( -6.500000000000000900, -4.799999999999999800, 0.1499999982392000200 ) ) ;
#2227 = VECTOR ( 'NONE', #1142, 1000.000000000000000 ) ;
#2228 = EDGE_LOOP ( 'NONE', ( #1684, #1449, #1953, #202 ) ) ;
#2229 = CARTESIAN_POINT ( 'NONE',  ( -6.599999999999999600, -5.099999999999997900, 6.776263578034402700E-018 ) ) ;
#2230 = LINE ( 'NONE', #1324, #1602 ) ;
#2231 = ORIENTED_EDGE ( 'NONE', *, *, #1799, .F. ) ;
#2232 = EDGE_CURVE ( 'NONE', #1657, #2084, #2937, .T. ) ;
#2233 = FACE_OUTER_BOUND ( 'NONE', #3063, .T. ) ;
#2234 = EDGE_LOOP ( 'NONE', ( #2964, #1088, #3068, #590 ) ) ;
#2235 = DIRECTION ( 'NONE',  ( 0.0000000000000000000, 0.0000000000000000000, -1.000000000000000000 ) ) ;
#2236 = ORIENTED_EDGE ( 'NONE', *, *, #608, .F. ) ;
#2237 = CARTESIAN_POINT ( 'NONE',  ( -6.500000000032627200, -4.800000000011412900, 0.09999999999999999200 ) ) ;
#2238 = AXIS2_PLACEMENT_3D ( 'NONE', #946, #1038, #1245 ) ;
#2239 = DIRECTION ( 'NONE',  ( 0.0000000000000000000, -1.000000000000000000, 0.0000000000000000000 ) ) ;
#2240 = CARTESIAN_POINT ( 'NONE',  ( -8.550953002633999500, 4.903888787973352600, -14.40416991886225500 ) ) ;
#2241 = CARTESIAN_POINT ( 'NONE',  ( -5.599999999999999600, 4.799999999931969800, 0.1499999999999999900 ) ) ;
#2242 = DIRECTION ( 'NONE',  ( 0.0000000000000000000, 1.000000000000000000, -0.0000000000000000000 ) ) ;
#2243 = LINE ( 'NONE', #2978, #2168 ) ;
#2244 = DIRECTION ( 'NONE',  ( 1.000000000000000000, 0.0000000000000000000, 0.0000000000000000000 ) ) ;
#2245 = PRODUCT_DEFINITION_CONTEXT ( 'detailed design', #901, 'design' ) ;
#2246 = CARTESIAN_POINT ( 'NONE',  ( -9.099999999999903700, -4.600003046170978200, -8.673617379884035500E-016 ) ) ;
#2247 = VERTEX_POINT ( 'NONE', #2597 ) ;
#2248 = ORIENTED_EDGE ( 'NONE', *, *, #1367, .F. ) ;
#2249 = CARTESIAN_POINT ( 'NONE',  ( -8.550953002634001300, 4.903888787973355300, -14.40416991886225700 ) ) ;
#2250 = DIRECTION ( 'NONE',  ( -0.0000000000000000000, 1.000000000000000000, 0.0000000000000000000 ) ) ;
#2251 = ORIENTED_EDGE ( 'NONE', *, *, #776, .T. ) ;
#2252 = AXIS2_PLACEMENT_3D ( 'NONE', #791, #539, #31 ) ;
#2253 = DIRECTION ( 'NONE',  ( 0.0000000000000000000, 0.0000000000000000000, 1.000000000000000000 ) ) ;
#2254 = EDGE_CURVE ( 'NONE', #2271, #96, #2329, .T. ) ;
#2255 = EDGE_CURVE ( 'NONE', #1187, #662, #509, .T. ) ;
#2256 = ORIENTED_EDGE ( 'NONE', *, *, #2560, .T. ) ;
#2257 = EDGE_CURVE ( 'NONE', #117, #909, #1709, .T. ) ;
#2258 = VECTOR ( 'NONE', #605, 1000.000000000000000 ) ;
#2259 = DIRECTION ( 'NONE',  ( 0.0000000000000000000, 0.0000000000000000000, -1.000000000000000000 ) ) ;
#2260 = ORIENTED_EDGE ( 'NONE', *, *, #123, .T. ) ;
#2261 = DIRECTION ( 'NONE',  ( -1.000000000000000000, -0.0000000000000000000, -0.0000000000000000000 ) ) ;
#2262 = LINE ( 'NONE', #803, #1079 ) ;
#2263 = DIRECTION ( 'NONE',  ( 0.7070981653923034100, 0.7070981653923034100, -0.004936496498283979500 ) ) ;
#2264 = CARTESIAN_POINT ( 'NONE',  ( -7.680000000000000600, 4.049999999999999800, 0.0000000000000000000 ) ) ;
#2265 = LINE ( 'NONE', #1963, #1006 ) ;
#2266 = VECTOR ( 'NONE', #2138, 1000.000000000000000 ) ;
#2267 = ORIENTED_EDGE ( 'NONE', *, *, #83, .T. ) ;
#2268 = CARTESIAN_POINT ( 'NONE',  ( 8.963109442574815200, 4.547814324470019500, -14.55273940865655500 ) ) ;
#2269 =( BOUNDED_CURVE ( )  B_SPLINE_CURVE ( 3, ( #2177, #2185, #2448, #2395 ),
 .UNSPECIFIED., .F., .F. ) 
 B_SPLINE_CURVE_WITH_KNOTS ( ( 4, 4 ),
 ( 0.0000000000000000000, 1.570796326794896800 ),
 .UNSPECIFIED. ) 
 CURVE ( )  GEOMETRIC_REPRESENTATION_ITEM ( )  RATIONAL_B_SPLINE_CURVE ( ( 1.000000000000000000, 0.8047378541243649400, 0.8047378541243649400, 1.000000000000000000 ) ) 
 REPRESENTATION_ITEM ( '' )  );
#2270 = VECTOR ( 'NONE', #2922, 1000.000000000000000 ) ;
#2271 = VERTEX_POINT ( 'NONE', #1771 ) ;
#2272 = CARTESIAN_POINT ( 'NONE',  ( 8.550953002633997700, -4.903888787973352600, -14.40416991886225700 ) ) ;
#2273 = CARTESIAN_POINT ( 'NONE',  ( 6.400000000000000400, 18.39986788862000100, 0.2500000000000000000 ) ) ;
#2274 = EDGE_CURVE ( 'NONE', #757, #1701, #1635, .T. ) ;
#2275 = ORIENTED_EDGE ( 'NONE', *, *, #2375, .F. ) ;
#2276 = CARTESIAN_POINT ( 'NONE',  ( 8.845459859983511900, -4.781687328848041900, -14.52594555719019600 ) ) ;
#2277 = LINE ( 'NONE', #2840, #2205 ) ;
#2278 = AXIS2_PLACEMENT_3D ( 'NONE', #1831, #2063, #634 ) ;
#2279 = DIRECTION ( 'NONE',  ( -0.0000000000000000000, -1.000000000000000000, 0.0000000000000000000 ) ) ;
#2280 = CARTESIAN_POINT ( 'NONE',  ( -5.400000000000000400, -18.39986788862000100, 0.1000000000000000100 ) ) ;
#2281 = ORIENTED_EDGE ( 'NONE', *, *, #648, .F. ) ;
#2282 = ORIENTED_EDGE ( 'NONE', *, *, #2216, .F. ) ;
#2283 = CARTESIAN_POINT ( 'NONE',  ( -8.904502085330149100, -4.904502085330152600, -14.05246824824914300 ) ) ;
#2284 = VERTEX_POINT ( 'NONE', #1478 ) ;
#2285 = CARTESIAN_POINT ( 'NONE',  ( 0.0000000000000000000, 5.099999999999999600, 0.0000000000000000000 ) ) ;
#2286 = CARTESIAN_POINT ( 'NONE',  ( -9.050948052056162000, 4.549382449758227600, -14.04842395526980600 ) ) ;
#2287 = ORIENTED_EDGE ( 'NONE', *, *, #1149, .T. ) ;
#2288 = DIRECTION ( 'NONE',  ( -1.000000000000000000, -0.0000000000000000000, 0.0000000000000000000 ) ) ;
#2289 = VECTOR ( 'NONE', #2361, 1000.000000000000000 ) ;
#2290 = ORIENTED_EDGE ( 'NONE', *, *, #2194, .F. ) ;
#2291 = AXIS2_PLACEMENT_3D ( 'NONE', #84, #566, #749 ) ;
#2292 = LINE ( 'NONE', #2880, #2221 ) ;
#2293 = ORIENTED_EDGE ( 'NONE', *, *, #382, .F. ) ;
#2294 = CARTESIAN_POINT ( 'NONE',  ( 8.550953002633997700, -4.550953002634000400, -14.55000000000000100 ) ) ;
#2295 = LINE ( 'NONE', #2087, #403 ) ;
#2296 = CARTESIAN_POINT ( 'NONE',  ( 4.620000000000000100, 2.799999999999999800, 0.0000000000000000000 ) ) ;
#2297 = CARTESIAN_POINT ( 'NONE',  ( -5.573205080479863400, -4.700000000285567300, 0.0000000000000000000 ) ) ;
#2298 = CARTESIAN_POINT ( 'NONE',  ( 9.050949956462776700, 4.550953002633896500, -14.05174532571000500 ) ) ;
#2299 = LINE ( 'NONE', #215, #1680 ) ;
#2300 = DIRECTION ( 'NONE',  ( -0.003490630149240102700, 0.003490630149240102700, -0.9999878154269293800 ) ) ;
#2301 = ORIENTED_EDGE ( 'NONE', *, *, #1275, .F. ) ;
#2302 = CIRCLE ( 'NONE', #2309, 0.1000000000000000100 ) ;
#2303 = ORIENTED_EDGE ( 'NONE', *, *, #1783, .T. ) ;
#2304 = CARTESIAN_POINT ( 'NONE',  ( -8.904502085330150900, -4.904502085330153500, -14.05246824824914500 ) ) ;
#2305 = FACE_OUTER_BOUND ( 'NONE', #291, .T. ) ;
#2306 = ORIENTED_EDGE ( 'NONE', *, *, #1723, .T. ) ;
#2307 = CARTESIAN_POINT ( 'NONE',  ( 5.573205080637480400, -4.699999999978535600, 0.0000000000000000000 ) ) ;
#2308 = CARTESIAN_POINT ( 'NONE',  ( 8.600003046170989800, 5.099999999999936600, 0.0000000000000000000 ) ) ;
#2309 = AXIS2_PLACEMENT_3D ( 'NONE', #2465, #1066, #2473 ) ;
#2310 = EDGE_CURVE ( 'NONE', #113, #2672, #1576, .T. ) ;
#2311 = EDGE_CURVE ( 'NONE', #2902, #1043, #2262, .T. ) ;
#2312 = ADVANCED_FACE ( 'NONE', ( #1556 ), #292, .T. ) ;
#2313 = DIRECTION ( 'NONE',  ( 0.0000000000000000000, -1.000000000000000000, 0.0000000000000000000 ) ) ;
#2314 = VECTOR ( 'NONE', #2481, 1000.000000000000000 ) ;
#2315 = DIRECTION ( 'NONE',  ( 0.0000000000000000000, 0.0000000000000000000, 1.000000000000000000 ) ) ;
#2316 = ORIENTED_EDGE ( 'NONE', *, *, #1870, .F. ) ;
#2317 = CARTESIAN_POINT ( 'NONE',  ( -5.573205080801573200, 4.700000000006957300, 0.0000000000000000000 ) ) ;
#2318 = PRODUCT_CONTEXT ( 'NONE', #1140, 'mechanical' ) ;
#2319 = ORIENTED_EDGE ( 'NONE', *, *, #1005, .T. ) ;
#2320 = ORIENTED_EDGE ( 'NONE', *, *, #123, .F. ) ;
#2321 = CARTESIAN_POINT ( 'NONE',  ( 5.500000000000000900, 18.39986788862000100, 0.1000000000000000100 ) ) ;
#2322 = ORIENTED_EDGE ( 'NONE', *, *, #2693, .T. ) ;
#2323 = DIRECTION ( 'NONE',  ( 0.0000000000000000000, 0.0000000000000000000, -1.000000000000000000 ) ) ;
#2324 = ADVANCED_FACE ( 'NONE', ( #2183 ), #928, .T. ) ;
#2325 = LINE ( 'NONE', #1336, #437 ) ;
#2326 = CARTESIAN_POINT ( 'NONE',  ( 7.460000000000000900, -2.799999999999999800, 0.0000000000000000000 ) ) ;
#2327 = EDGE_CURVE ( 'NONE', #1103, #1631, #2725, .T. ) ;
#2328 = ADVANCED_FACE ( 'NONE', ( #1490 ), #1873, .T. ) ;
#2329 = CIRCLE ( 'NONE', #2075, 0.5000000000000004400 ) ;
#2330 = AXIS2_PLACEMENT_3D ( 'NONE', #3048, #2813, #3027 ) ;
#2331 = CARTESIAN_POINT ( 'NONE',  ( 6.500000000000000900, -4.800000000000000700, 0.0000000000000000000 ) ) ;
#2332 = CIRCLE ( 'NONE', #1294, 0.5000000000000004400 ) ;
#2333 = CARTESIAN_POINT ( 'NONE',  ( -8.550953002633997700, -4.550953002634000400, -14.05000000000000200 ) ) ;
#2334 = AXIS2_PLACEMENT_3D ( 'NONE', #2200, #1267, #2889 ) ;
#2335 = CARTESIAN_POINT ( 'NONE',  ( 4.919999999999999900, 4.299999999999999800, 3.799999999999999800 ) ) ;
#2336 = LINE ( 'NONE', #1936, #2266 ) ;
#2337 = EDGE_LOOP ( 'NONE', ( #1303, #777, #129, #2666 ) ) ;
#2338 = CARTESIAN_POINT ( 'NONE',  ( 5.500000000000000000, 0.0000000000000000000, 0.1499999982391999900 ) ) ;
#2339 = CARTESIAN_POINT ( 'NONE',  ( 5.400000000000000400, 18.39986788862000100, 0.1000000000000000100 ) ) ;
#2340 = VECTOR ( 'NONE', #2929, 1000.000000000000100 ) ;
#2341 = ORIENTED_EDGE ( 'NONE', *, *, #2715, .T. ) ;
#2342 = CARTESIAN_POINT ( 'NONE',  ( 5.599999999999999600, -18.39986788862000100, 0.1499999999999999900 ) ) ;
#2343 = VERTEX_POINT ( 'NONE', #1649 ) ;
#2344 = ADVANCED_FACE ( 'NONE', ( #2112 ), #2648, .T. ) ;
#2345 = CARTESIAN_POINT ( 'NONE',  ( -5.400000000000000400, 4.800000000045656600, 0.1000000000000000100 ) ) ;
#2346 = B_SPLINE_CURVE_WITH_KNOTS ( 'NONE', 3,
 ( #1629, #2048, #2042, #1617, #1595, #1256, #783, #45, #2422, #513 ),
 .UNSPECIFIED., .F., .F.,
 ( 4, 3, 3, 4 ),
 ( 2.794304249569890800E-013, 9.939164120504032800E-005, 0.0001581200272746452000, 0.0002038370520496405400 ),
 .UNSPECIFIED. ) ;
#2347 = DIRECTION ( 'NONE',  ( 1.000000000000000000, 0.0000000000000000000, 0.0000000000000000000 ) ) ;
#2348 = AXIS2_PLACEMENT_3D ( 'NONE', #2559, #2147, #715 ) ;
#2349 = FACE_OUTER_BOUND ( 'NONE', #2752, .T. ) ;
#2350 = EDGE_CURVE ( 'NONE', #1668, #2800, #782, .T. ) ;
#2351 = EDGE_CURVE ( 'NONE', #1506, #967, #214, .T. ) ;
#2352 = CARTESIAN_POINT ( 'NONE',  ( -9.050946889081677300, 4.552698307003737500, -14.05175140728907800 ) ) ;
#2353 = DIRECTION ( 'NONE',  ( 0.7071067811865475700, 0.7071067811865475700, -0.0000000000000000000 ) ) ;
#2354 = EDGE_CURVE ( 'NONE', #1714, #2284, #924, .T. ) ;
#2355 = ORIENTED_EDGE ( 'NONE', *, *, #2030, .T. ) ;
#2356 = ORIENTED_EDGE ( 'NONE', *, *, #665, .T. ) ;
#2357 = ORIENTED_EDGE ( 'NONE', *, *, #188, .F. ) ;
#2358 = CARTESIAN_POINT ( 'NONE',  ( -6.500000000515727900, -5.100728079772100200, 0.2085786432912068400 ) ) ;
#2359 = ADVANCED_FACE ( 'NONE', ( #763 ), #688, .F. ) ;
#2360 = ORIENTED_EDGE ( 'NONE', *, *, #2874, .F. ) ;
#2361 = DIRECTION ( 'NONE',  ( -0.0000000000000000000, 1.000000000000000000, 0.0000000000000000000 ) ) ;
#2362 = ADVANCED_FACE ( 'NONE', ( #139 ), #1890, .T. ) ;
#2363 = ORIENTED_EDGE ( 'NONE', *, *, #817, .F. ) ;
#2364 = DIRECTION ( 'NONE',  ( 0.7071067811865474600, 0.7071067811865474600, 0.0000000000000000000 ) ) ;
#2365 = CARTESIAN_POINT ( 'NONE',  ( -5.547525262240630400, 4.722239375248305400, 0.0000000000000000000 ) ) ;
#2366 = LINE ( 'NONE', #1309, #1673 ) ;
#2367 = ORIENTED_EDGE ( 'NONE', *, *, #1624, .T. ) ;
#2368 = VECTOR ( 'NONE', #279, 1000.000000000000000 ) ;
#2369 = DIRECTION ( 'NONE',  ( 0.0000000000000000000, 1.000000000000000000, 0.0000000000000000000 ) ) ;
#2370 = ORIENTED_EDGE ( 'NONE', *, *, #2998, .F. ) ;
#2371 = DIRECTION ( 'NONE',  ( 0.0000000000000000000, 1.000000000000000000, 0.0000000000000000000 ) ) ;
#2372 = CARTESIAN_POINT ( 'NONE',  ( 9.050949956462792700, 4.550953002634003900, -14.05174532571000300 ) ) ;
#2373 = EDGE_CURVE ( 'NONE', #34, #953, #1952, .T. ) ;
#2374 = VECTOR ( 'NONE', #882, 1000.000000000000000 ) ;
#2375 = EDGE_CURVE ( 'NONE', #909, #118, #2434, .T. ) ;
#2376 = CARTESIAN_POINT ( 'NONE',  ( -7.680000000000000600, -4.049999999999999800, 0.0000000000000000000 ) ) ;
#2377 = ADVANCED_FACE ( 'NONE', ( #439 ), #2433, .F. ) ;
#2378 = CARTESIAN_POINT ( 'NONE',  ( -8.904502085330150900, -4.904502085330152600, -14.05246824824914300 ) ) ;
#2379 = ORIENTED_EDGE ( 'NONE', *, *, #1874, .F. ) ;
#2380 = AXIS2_PLACEMENT_3D ( 'NONE', #2541, #1619, #2315 ) ;
#2381 = FACE_OUTER_BOUND ( 'NONE', #92, .T. ) ;
#2382 = EDGE_LOOP ( 'NONE', ( #656, #278, #2493 ) ) ;
#2383 = PLANE ( 'NONE',  #971 ) ;
#2384 = VECTOR ( 'NONE', #710, 1000.000000000000000 ) ;
#2385 = ORIENTED_EDGE ( 'NONE', *, *, #2197, .T. ) ;
#2386 = ORIENTED_EDGE ( 'NONE', *, *, #2476, .F. ) ;
#2387 = CARTESIAN_POINT ( 'NONE',  ( 9.099999999999866400, 4.892895219692118000, 0.0000000000000000000 ) ) ;
#2388 = CARTESIAN_POINT ( 'NONE',  ( -8.194804410852041700, -4.901904163585879100, -14.34287573379302000 ) ) ;
#2389 = DIRECTION ( 'NONE',  ( -1.000000000000000000, 0.0000000000000000000, -0.0000000000000000000 ) ) ;
#2390 = CARTESIAN_POINT ( 'NONE',  ( -6.400000000025102900, -4.699999999957071900, 0.09999999999999999200 ) ) ;
#2391 = EDGE_CURVE ( 'NONE', #662, #96, #611, .T. ) ;
#2392 = LINE ( 'NONE', #2719, #1065 ) ;
#2393 = AXIS2_PLACEMENT_3D ( 'NONE', #2430, #521, #1939 ) ;
#2394 = CARTESIAN_POINT ( 'NONE',  ( 9.099999999999937500, 4.600003046170990700, 4.336808689942017700E-016 ) ) ;
#2395 = CARTESIAN_POINT ( 'NONE',  ( -5.500000000000000000, -5.100349067268159500, 0.1000000000000000200 ) ) ;
#2396 = CARTESIAN_POINT ( 'NONE',  ( 6.599999999999999600, 5.099999999999998800, 6.776263578034402700E-018 ) ) ;
#2397 = ORIENTED_EDGE ( 'NONE', *, *, #2255, .F. ) ;
#2398 = DIRECTION ( 'NONE',  ( 0.0000000000000000000, 0.003490651415223966800, 0.9999939076577903900 ) ) ;
#2399 = CARTESIAN_POINT ( 'NONE',  ( 6.599999999999999600, 0.0000000000000000000, 0.0000000000000000000 ) ) ;
#2400 = EDGE_LOOP ( 'NONE', ( #2355, #2248, #1731, #742 ) ) ;
#2401 = VECTOR ( 'NONE', #131, 1000.000000000000000 ) ;
#2402 = CARTESIAN_POINT ( 'NONE',  ( -7.680000000000000600, -3.549999999999999800, 3.799999999999999800 ) ) ;
#2403 = ORIENTED_EDGE ( 'NONE', *, *, #1780, .T. ) ;
#2404 = VECTOR ( 'NONE', #1976, 1000.000000000000000 ) ;
#2405 = CARTESIAN_POINT ( 'NONE',  ( 0.0000000000000000000, 3.549999999999999800, 3.799999999999999800 ) ) ;
#2406 = VECTOR ( 'NONE', #1226, 1000.000000000000100 ) ;
#2407 = CARTESIAN_POINT ( 'NONE',  ( -6.458578643762690400, 5.100872668170398000, 0.2500000000000000000 ) ) ;
#2408 = VERTEX_POINT ( 'NONE', #2167 ) ;
#2409 = EDGE_CURVE ( 'NONE', #540, #2284, #2499, .T. ) ;
#2410 = EDGE_CURVE ( 'NONE', #453, #662, #3052, .T. ) ;
#2411 = VECTOR ( 'NONE', #1648, 1000.000000000000000 ) ;
#2412 = VERTEX_POINT ( 'NONE', #2402 ) ;
#2413 = EDGE_CURVE ( 'NONE', #2816, #3053, #1812, .T. ) ;
#2414 = CARTESIAN_POINT ( 'NONE',  ( 6.600000000000001400, -5.099999999999999600, 6.776263578034402700E-018 ) ) ;
#2415 = VECTOR ( 'NONE', #859, 1000.000000000000000 ) ;
#2416 = ORIENTED_EDGE ( 'NONE', *, *, #465, .F. ) ;
#2417 = CARTESIAN_POINT ( 'NONE',  ( 5.500000000000000000, -5.100523600899165900, 0.1499999991195999900 ) ) ;
#2418 = CARTESIAN_POINT ( 'NONE',  ( -6.499999999999999100, -5.100349067268156800, 0.1000000000000000200 ) ) ;
#2419 = CARTESIAN_POINT ( 'NONE',  ( -6.400000000000003000, 5.100872668170399700, 0.2499999999999996700 ) ) ;
#2420 = ORIENTED_EDGE ( 'NONE', *, *, #835, .F. ) ;
#2421 = VECTOR ( 'NONE', #2371, 1000.000000000000000 ) ;
#2422 = CARTESIAN_POINT ( 'NONE',  ( 6.584899956774267900, -4.800000000045656600, 0.0000000000000000000 ) ) ;
#2423 = DIRECTION ( 'NONE',  ( -0.0000000000000000000, 0.0000000000000000000, 1.000000000000000000 ) ) ;
#2424 = ORIENTED_EDGE ( 'NONE', *, *, #1833, .F. ) ;
#2425 = EDGE_CURVE ( 'NONE', #967, #1346, #1882, .T. ) ;
#2426 = ORIENTED_EDGE ( 'NONE', *, *, #651, .F. ) ;
#2427 = DIRECTION ( 'NONE',  ( 0.0000000000000000000, -1.000000000000000000, 0.0000000000000000000 ) ) ;
#2428 = AXIS2_PLACEMENT_3D ( 'NONE', #2081, #3009, #2778 ) ;
#2429 = CARTESIAN_POINT ( 'NONE',  ( -8.904502085330149100, -4.904502085330151800, -14.05246824824914300 ) ) ;
#2430 = CARTESIAN_POINT ( 'NONE',  ( -6.450000000000000200, 4.750000000000000000, 0.1250000000000000000 ) ) ;
#2431 = CYLINDRICAL_SURFACE ( 'NONE', #309, 0.1000000000000000100 ) ;
#2432 = ORIENTED_EDGE ( 'NONE', *, *, #1471, .T. ) ;
#2433 = CONICAL_SURFACE ( 'NONE', #274, 0.2000000000317413400, 0.7853981633974482800 ) ;
#2434 =( BOUNDED_CURVE ( )  B_SPLINE_CURVE ( 3, ( #261, #1696, #728, #2396 ),
 .UNSPECIFIED., .F., .F. ) 
 B_SPLINE_CURVE_WITH_KNOTS ( ( 4, 4 ),
 ( 1.570796326794896800, 3.141592653589793100 ),
 .UNSPECIFIED. ) 
 CURVE ( )  GEOMETRIC_REPRESENTATION_ITEM ( )  RATIONAL_B_SPLINE_CURVE ( ( 1.000000000000000000, 0.8047378541243650500, 0.8047378541243650500, 1.000000000000000000 ) ) 
 REPRESENTATION_ITEM ( '' )  );
#2435 = ORIENTED_EDGE ( 'NONE', *, *, #2576, .F. ) ;
#2436 = CARTESIAN_POINT ( 'NONE',  ( 5.500000000000000000, 0.0000000000000000000, 0.0000000000000000000 ) ) ;
#2437 = CONICAL_SURFACE ( 'NONE', #903, 0.1999999999748979200, 0.7853981633974482800 ) ;
#2438 = DIRECTION ( 'NONE',  ( 0.0000000000000000000, 0.0000000000000000000, -1.000000000000000000 ) ) ;
#2439 = EDGE_LOOP ( 'NONE', ( #1328, #3038, #1373, #1130 ) ) ;
#2440 = DIRECTION ( 'NONE',  ( 0.0000000000000000000, 0.0000000000000000000, 1.000000000000000000 ) ) ;
#2441 = DIRECTION ( 'NONE',  ( -0.9999939076577903900, 0.0000000000000000000, -0.003490651415225671100 ) ) ;
#2442 = LINE ( 'NONE', #2924, #1200 ) ;
#2443 = ORIENTED_EDGE ( 'NONE', *, *, #2409, .T. ) ;
#2444 = AXIS2_PLACEMENT_3D ( 'NONE', #3016, #1632, #201 ) ;
#2445 = DIRECTION ( 'NONE',  ( 1.000000000000000000, 0.0000000000000000000, 0.0000000000000000000 ) ) ;
#2446 = VECTOR ( 'NONE', #495, 1000.000000000000000 ) ;
#2447 = ORIENTED_EDGE ( 'NONE', *, *, #3043, .F. ) ;
#2448 = CARTESIAN_POINT ( 'NONE',  ( -5.500000000000000900, -5.100144588396651600, 0.04142135623730951900 ) ) ;
#2449 = DIRECTION ( 'NONE',  ( -0.003490630149240102700, -0.003490630149240102700, 0.9999878154269293800 ) ) ;
#2450 = CARTESIAN_POINT ( 'NONE',  ( 6.400000000000000400, 4.799999999931969800, 0.1499999999999999900 ) ) ;
#2451 = DIRECTION ( 'NONE',  ( 0.0000000000000000000, 0.0000000000000000000, -1.000000000000000000 ) ) ;
#2452 = DIRECTION ( 'NONE',  ( -0.003490630149240102700, -0.003490630149240102700, 0.9999878154269293800 ) ) ;
#2453 = DIRECTION ( 'NONE',  ( 0.0000000000000000000, -0.0000000000000000000, -1.000000000000000000 ) ) ;
#2454 = VECTOR ( 'NONE', #2948, 1000.000000000000000 ) ;
#2455 = CARTESIAN_POINT ( 'NONE',  ( -9.052256020855018900, 4.756855603101876700, -14.25662259348713700 ) ) ;
#2456 = VERTEX_POINT ( 'NONE', #2178 ) ;
#2457 = ORIENTED_EDGE ( 'NONE', *, *, #1990, .T. ) ;
#2458 = CARTESIAN_POINT ( 'NONE',  ( -8.668216147415000300, 4.668216147415000300, 19.54327999999999900 ) ) ;
#2459 = EDGE_CURVE ( 'NONE', #1346, #2041, #477, .T. ) ;
#2460 = CARTESIAN_POINT ( 'NONE',  ( -8.550953002633770300, -4.550953002633771200, -14.05000000000239700 ) ) ;
#2461 = EDGE_CURVE ( 'NONE', #879, #425, #1676, .T. ) ;
#2462 = CARTESIAN_POINT ( 'NONE',  ( 7.460000000000000900, -4.299999999999999800, 0.0000000000000000000 ) ) ;
#2463 = DIRECTION ( 'NONE',  ( 0.0000000000000000000, -0.7071067811865474600, 0.7071067811865474600 ) ) ;
#2464 = VECTOR ( 'NONE', #2288, 1000.000000000000000 ) ;
#2465 = CARTESIAN_POINT ( 'NONE',  ( -5.599999999999999600, -4.799999999999998900, 0.1499999999999999900 ) ) ;
#2466 = ORIENTED_EDGE ( 'NONE', *, *, #37, .F. ) ;
#2467 = CARTESIAN_POINT ( 'NONE',  ( 7.460000000000000900, -4.299999999999999800, 0.0000000000000000000 ) ) ;
#2468 = VECTOR ( 'NONE', #2250, 1000.000000000000000 ) ;
#2469 = CYLINDRICAL_SURFACE ( 'NONE', #205, 0.4999999999999999400 ) ;
#2470 = PLANE ( 'NONE',  #2513 ) ;
#2471 = FACE_OUTER_BOUND ( 'NONE', #1718, .T. ) ;
#2472 = CARTESIAN_POINT ( 'NONE',  ( -9.050949956462838800, -4.550953002632952300, -14.05174532571000200 ) ) ;
#2473 = DIRECTION ( 'NONE',  ( 0.0000000000000000000, 0.0000000000000000000, -1.000000000000000000 ) ) ;
#2474 = LINE ( 'NONE', #1530, #1163 ) ;
#2475 = ORIENTED_EDGE ( 'NONE', *, *, #2173, .T. ) ;
#2476 = EDGE_CURVE ( 'NONE', #2222, #2508, #541, .T. ) ;
#2477 = CIRCLE ( 'NONE', #89, 0.5000000000000004400 ) ;
#2478 = ORIENTED_EDGE ( 'NONE', *, *, #713, .T. ) ;
#2479 = EDGE_LOOP ( 'NONE', ( #661, #829, #2128, #2577 ) ) ;
#2480 = CARTESIAN_POINT ( 'NONE',  ( -8.179999999999999700, -4.049999999999999800, 3.799999999999999800 ) ) ;
#2481 = DIRECTION ( 'NONE',  ( 0.0000000000000000000, -0.0000000000000000000, -1.000000000000000000 ) ) ;
#2482 = AXIS2_PLACEMENT_3D ( 'NONE', #2668, #1277, #2900 ) ;
#2483 = CARTESIAN_POINT ( 'NONE',  ( 499001.6999998547800, -499000.0000000000000, 0.1499999999694454100 ) ) ;
#2484 = VECTOR ( 'NONE', #1171, 1000.000000000000000 ) ;
#2485 = ORIENTED_EDGE ( 'NONE', *, *, #185, .T. ) ;
#2486 = CARTESIAN_POINT ( 'NONE',  ( 9.111688311957685500, 4.402735199643514900, -14.05143996359343100 ) ) ;
#2487 = ORIENTED_EDGE ( 'NONE', *, *, #2310, .T. ) ;
#2488 = ORIENTED_EDGE ( 'NONE', *, *, #2868, .F. ) ;
#2489 = ORIENTED_EDGE ( 'NONE', *, *, #1407, .F. ) ;
#2490 = STYLED_ITEM ( 'NONE', ( #696 ), #1463 ) ;
#2491 = EDGE_CURVE ( 'NONE', #2174, #1386, #1116, .T. ) ;
#2492 = EDGE_CURVE ( 'NONE', #1722, #2726, #2292, .T. ) ;
#2493 = ORIENTED_EDGE ( 'NONE', *, *, #2576, .T. ) ;
#2494 = EDGE_CURVE ( 'NONE', #2800, #927, #1040, .T. ) ;
#2495 = LINE ( 'NONE', #194, #1946 ) ;
#2496 = CARTESIAN_POINT ( 'NONE',  ( 8.904502085330150900, 4.904502085330153500, -14.05246824824914500 ) ) ;
#2497 = ORIENTED_EDGE ( 'NONE', *, *, #753, .F. ) ;
#2498 = CARTESIAN_POINT ( 'NONE',  ( 8.550953002633995900, -4.400774994296591900, -14.61051838046374300 ) ) ;
#2499 = LINE ( 'NONE', #1466, #59 ) ;
#2500 = CARTESIAN_POINT ( 'NONE',  ( 8.904502085330150900, 4.904502085330152600, -14.05246824824914300 ) ) ;
#2501 = CARTESIAN_POINT ( 'NONE',  ( -6.500000000000000900, 0.0000000000000000000, 0.1499999982391999900 ) ) ;
#2502 = EDGE_LOOP ( 'NONE', ( #2910, #48, #187, #1402 ) ) ;
#2503 = ORIENTED_EDGE ( 'NONE', *, *, #989, .F. ) ;
#2504 = LINE ( 'NONE', #671, #2374 ) ;
#2505 = SURFACE_STYLE_FILL_AREA ( #1428 ) ;
#2506 = ORIENTED_EDGE ( 'NONE', *, *, #2409, .F. ) ;
#2507 = LINE ( 'NONE', #1537, #1960 ) ;
#2508 = VERTEX_POINT ( 'NONE', #529 ) ;
#2509 = CARTESIAN_POINT ( 'NONE',  ( 8.696061373361805700, 5.111740763613769700, -14.22464619135194600 ) ) ;
#2510 = DIRECTION ( 'NONE',  ( 0.0000000000000000000, -0.0000000000000000000, -1.000000000000000000 ) ) ;
#2511 = DIRECTION ( 'NONE',  ( -1.000000000000000000, 0.0000000000000000000, 0.0000000000000000000 ) ) ;
#2512 = LINE ( 'NONE', #979, #625 ) ;
#2513 = AXIS2_PLACEMENT_3D ( 'NONE', #822, #119, #2007 ) ;
#2514 = EDGE_CURVE ( 'NONE', #34, #528, #1593, .T. ) ;
#2515 = ADVANCED_FACE ( 'NONE', ( #325 ), #2661, .T. ) ;
#2516 = EDGE_LOOP ( 'NONE', ( #317, #2385, #1314 ) ) ;
#2517 = DIRECTION ( 'NONE',  ( 0.003490630149240102700, -0.003490630149240102700, 0.9999878154269293800 ) ) ;
#2518 = AXIS2_PLACEMENT_3D ( 'NONE', #1170, #1156, #2552 ) ;
#2519 = DIRECTION ( 'NONE',  ( -0.9999939076577903900, 0.0000000000000000000, -0.003490651415222201700 ) ) ;
#2520 = FACE_BOUND ( 'NONE', #2591, .T. ) ;
#2521 = AXIS2_PLACEMENT_3D ( 'NONE', #1107, #2511, #1825 ) ;
#2522 = CARTESIAN_POINT ( 'NONE',  ( 8.402735199643510500, 5.111688311957682800, -14.05143996359343800 ) ) ;
#2523 = CARTESIAN_POINT ( 'NONE',  ( -6.504627714587599900, 4.761812182758842700, 0.0000000000000000000 ) ) ;
#2524 = B_SPLINE_CURVE_WITH_KNOTS ( 'NONE', 3,
 ( #1867, #2115, #1183, #2805, #1426, #3042, #1654, #224, #1880, #464 ),
 .UNSPECIFIED., .F., .F.,
 ( 4, 3, 3, 4 ),
 ( 2.794304249569890800E-013, 9.939164120504032800E-005, 0.0001581200272746452000, 0.0002038370520496405400 ),
 .UNSPECIFIED. ) ;
#2525 = CARTESIAN_POINT ( 'NONE',  ( 7.160000000000000100, -2.799999999999999800, 0.0000000000000000000 ) ) ;
#2526 = LINE ( 'NONE', #765, #8 ) ;
#2527 = ORIENTED_EDGE ( 'NONE', *, *, #2195, .F. ) ;
#2528 = ORIENTED_EDGE ( 'NONE', *, *, #449, .T. ) ;
#2529 = CARTESIAN_POINT ( 'NONE',  ( 0.0000000000000000000, 2.799999999999999800, 3.799999999999999800 ) ) ;
#2530 = CARTESIAN_POINT ( 'NONE',  ( 6.500000000000000900, 4.700000000000000200, 0.2500000000000000000 ) ) ;
#2531 = ADVANCED_FACE ( 'NONE', ( #2830 ), #306, .T. ) ;
#2532 = ORIENTED_EDGE ( 'NONE', *, *, #1150, .T. ) ;
#2533 = CARTESIAN_POINT ( 'NONE',  ( -8.179999999999999700, -3.549999999999999800, 0.0000000000000000000 ) ) ;
#2534 = EDGE_CURVE ( 'NONE', #117, #2607, #2146, .T. ) ;
#2535 = LINE ( 'NONE', #2501, #640 ) ;
#2536 = ORIENTED_EDGE ( 'NONE', *, *, #2413, .F. ) ;
#2537 =( BOUNDED_CURVE ( )  B_SPLINE_CURVE ( 3, ( #1652, #2565, #1425, #222 ),
 .UNSPECIFIED., .F., .F. ) 
 B_SPLINE_CURVE_WITH_KNOTS ( ( 4, 4 ),
 ( 2.356200582516018400, 3.926984724663588700 ),
 .UNSPECIFIED. ) 
 CURVE ( )  GEOMETRIC_REPRESENTATION_ITEM ( )  RATIONAL_B_SPLINE_CURVE ( ( 1.000000000000000000, 0.8047407260645334000, 0.8047407260645334000, 1.000000000000000000 ) ) 
 REPRESENTATION_ITEM ( '' )  );
#2538 = AXIS2_PLACEMENT_3D ( 'NONE', #2460, #2452, #2441 ) ;
#2539 = FACE_OUTER_BOUND ( 'NONE', #1318, .T. ) ;
#2540 = CARTESIAN_POINT ( 'NONE',  ( -6.400000000211503200, 4.700000000411819200, 0.09999999960601997600 ) ) ;
#2541 = CARTESIAN_POINT ( 'NONE',  ( 5.599999999999999600, 4.799999999931969800, 0.1499999999999999900 ) ) ;
#2542 = VECTOR ( 'NONE', #2904, 1000.000000000000000 ) ;
#2543 = DIRECTION ( 'NONE',  ( 0.0000000000000000000, 0.003490651415223966800, -0.9999939076577903900 ) ) ;
#2544 = VECTOR ( 'NONE', #70, 1000.000000000000000 ) ;
#2545 = APPLICATION_PROTOCOL_DEFINITION ( 'draft international standard', 'automotive_design', 1998, #901 ) ;
#2546 = LINE ( 'NONE', #342, #655 ) ;
#2547 = ORIENTED_EDGE ( 'NONE', *, *, #1869, .T. ) ;
#2548 = ADVANCED_FACE ( 'NONE', ( #881 ), #1034, .F. ) ;
#2549 = DIRECTION ( 'NONE',  ( 0.0000000000000000000, 0.0000000000000000000, -1.000000000000000000 ) ) ;
#2550 = LINE ( 'NONE', #2529, #2768 ) ;
#2551 = ORIENTED_EDGE ( 'NONE', *, *, #2810, .T. ) ;
#2552 = DIRECTION ( 'NONE',  ( 1.000000000000000000, 0.0000000000000000000, -0.0000000000000000000 ) ) ;
#2553 = DIRECTION ( 'NONE',  ( -1.000000000000000000, -0.0000000000000000000, -0.0000000000000000000 ) ) ;
#2554 = DIRECTION ( 'NONE',  ( -1.000000000000000000, 0.0000000000000000000, -0.0000000000000000000 ) ) ;
#2555 = AXIS2_PLACEMENT_3D ( 'NONE', #2436, #1020, #990 ) ;
#2556 = ORIENTED_EDGE ( 'NONE', *, *, #556, .T. ) ;
#2557 = EDGE_CURVE ( 'NONE', #392, #113, #1519, .T. ) ;
#2558 = EDGE_CURVE ( 'NONE', #14, #312, #2750, .T. ) ;
#2559 = CARTESIAN_POINT ( 'NONE',  ( 8.550953002633999500, 18.39986788862000100, -14.05000000000000200 ) ) ;
#2560 = EDGE_CURVE ( 'NONE', #206, #118, #1457, .T. ) ;
#2561 = CARTESIAN_POINT ( 'NONE',  ( 5.400000000000000400, -4.799999999999998900, 0.1000000000000000100 ) ) ;
#2562 = VECTOR ( 'NONE', #2553, 1000.000000000000000 ) ;
#2563 = CARTESIAN_POINT ( 'NONE',  ( 9.168213101243894800, -4.668216147415229500, 19.54153467429238900 ) ) ;
#2564 = ORIENTED_EDGE ( 'NONE', *, *, #1522, .F. ) ;
#2565 = CARTESIAN_POINT ( 'NONE',  ( -8.892895219692121600, -5.099999999999866400, 0.0000000000000000000 ) ) ;
#2566 = ADVANCED_FACE ( 'NONE', ( #2062 ), #102, .T. ) ;
#2567 = EDGE_LOOP ( 'NONE', ( #2782, #2322, #848, #633 ) ) ;
#2568 = ADVANCED_FACE ( 'NONE', ( #2688 ), #2611, .T. ) ;
#2569 = CARTESIAN_POINT ( 'NONE',  ( -5.549999999999999800, -4.750000000000000000, 0.1250000000000000000 ) ) ;
#2570 = VERTEX_POINT ( 'NONE', #2692 ) ;
#2571 = DIRECTION ( 'NONE',  ( 0.0000000000000000000, -1.000000000000000000, 0.0000000000000000000 ) ) ;
#2572 = EDGE_LOOP ( 'NONE', ( #937, #1050, #677, #2006 ) ) ;
#2573 = CARTESIAN_POINT ( 'NONE',  ( 6.400000001807000200, -4.700000000000000200, 0.2500000000000000000 ) ) ;
#2574 = CYLINDRICAL_SURFACE ( 'NONE', #2891, 0.1000000000000000100 ) ;
#2575 = CARTESIAN_POINT ( 'NONE',  ( 6.400000000413999900, -4.700000000441331600, 0.09999745453883998600 ) ) ;
#2576 = EDGE_CURVE ( 'NONE', #283, #701, #173, .T. ) ;
#2577 = ORIENTED_EDGE ( 'NONE', *, *, #1053, .F. ) ;
#2578 =( BOUNDED_SURFACE ( )  B_SPLINE_SURFACE ( 3, 3, ( 
 ( #2199, #329, #2055, #1549 ),
 ( #319, #2912, #862, #1823 ),
 ( #2455, #1033, #77, #2680 ),
 ( #2286, #629, #2748, #1745 ) ),
 .UNSPECIFIED., .F., .F., .F. ) 
 B_SPLINE_SURFACE_WITH_KNOTS ( ( 4, 4 ),
 ( 4, 4 ),
 ( 0.0000000000000000000, 1.000000000000000000 ),
 ( 0.0000000000000000000, 1.000000000000000000 ),
 .UNSPECIFIED. ) 
 GEOMETRIC_REPRESENTATION_ITEM ( )  RATIONAL_B_SPLINE_SURFACE ( (
 ( 1.000000000000000000, 0.8047378541242963300, 0.8047378541242963300, 1.000000000000000000),
 ( 0.8036878171981030100, 0.6467580093978411200, 0.6467580093978411200, 0.8036878171981030100),
 ( 0.8036878171981030100, 0.6467580093978411200, 0.6467580093978411200, 0.8036878171981030100),
 ( 1.000000000000000000, 0.8047378541242963300, 0.8047378541242963300, 1.000000000000000000) ) ) 
 REPRESENTATION_ITEM ( '' )  SURFACE ( )  );
#2579 = CARTESIAN_POINT ( 'NONE',  ( -5.400000000000000400, 0.0000000000000000000, 0.0000000000000000000 ) ) ;
#2580 = ORIENTED_EDGE ( 'NONE', *, *, #821, .F. ) ;
#2581 = ADVANCED_FACE ( 'NONE', ( #2539 ), #1060, .T. ) ;
#2582 = DIRECTION ( 'NONE',  ( 0.0000000000000000000, 0.0000000000000000000, 1.000000000000000000 ) ) ;
#2583 = DIRECTION ( 'NONE',  ( 0.0000000000000000000, 0.0000000000000000000, -1.000000000000000000 ) ) ;
#2584 = CONICAL_SURFACE ( 'NONE', #107, 0.09999999995570758900, 0.7853981612160252400 ) ;
#2585 = ADVANCED_FACE ( 'NONE', ( #1993 ), #1844, .T. ) ;
#2586 = AXIS2_PLACEMENT_3D ( 'NONE', #2533, #1612, #180 ) ;
#2587 = DIRECTION ( 'NONE',  ( -0.0000000000000000000, -1.000000000000000000, 0.0000000000000000000 ) ) ;
#2588 = CARTESIAN_POINT ( 'NONE',  ( 5.573205080637480400, -4.699999999978535600, 0.0000000000000000000 ) ) ;
#2589 = FACE_OUTER_BOUND ( 'NONE', #516, .T. ) ;
#2590 = CARTESIAN_POINT ( 'NONE',  ( -6.458578644171606000, -5.100872668170398900, 0.2500000000000005000 ) ) ;
#2591 = EDGE_LOOP ( 'NONE', ( #1981, #2142, #1935, #2564 ) ) ;
#2592 = VECTOR ( 'NONE', #74, 1000.000000000000000 ) ;
#2593 = EDGE_LOOP ( 'NONE', ( #67, #2217, #1056, #794 ) ) ;
#2594 = DIRECTION ( 'NONE',  ( 0.0000000000000000000, -0.7071067811865474600, 0.7071067811865474600 ) ) ;
#2595 = VECTOR ( 'NONE', #26, 1000.000000000000000 ) ;
#2596 = CARTESIAN_POINT ( 'NONE',  ( -8.179999999999999700, -3.549999999999999800, 0.0000000000000000000 ) ) ;
#2597 = CARTESIAN_POINT ( 'NONE',  ( -5.500000000000001800, 5.100523600902239000, 0.1500000000000000200 ) ) ;
#2598 = ADVANCED_FACE ( 'NONE', ( #1918 ), #1308, .T. ) ;
#2599 = FACE_OUTER_BOUND ( 'NONE', #3025, .T. ) ;
#2600 = AXIS2_PLACEMENT_3D ( 'NONE', #3007, #657, #2323 ) ;
#2601 = CARTESIAN_POINT ( 'NONE',  ( -8.904502085330149100, -4.904502085330149100, -14.05246824824914100 ) ) ;
#2602 = VECTOR ( 'NONE', #1945, 1000.000000000000000 ) ;
#2603 = ORIENTED_EDGE ( 'NONE', *, *, #2716, .F. ) ;
#2604 = CARTESIAN_POINT ( 'NONE',  ( 6.500000000044293500, -4.800000000000000700, 0.1500000000000000200 ) ) ;
#2605 = CARTESIAN_POINT ( 'NONE',  ( -5.500000000000000000, -5.100523600902239000, 0.1500000000000000200 ) ) ;
#2606 = DIRECTION ( 'NONE',  ( 0.0000000000000000000, -0.0000000000000000000, -1.000000000000000000 ) ) ;
#2607 = VERTEX_POINT ( 'NONE', #1067 ) ;
#2608 = CARTESIAN_POINT ( 'NONE',  ( 5.599999999978741100, -4.699999999939382000, 0.09999999999999999200 ) ) ;
#2609 = VECTOR ( 'NONE', #844, 1000.000000000000000 ) ;
#2610 = ORIENTED_EDGE ( 'NONE', *, *, #2614, .F. ) ;
#2611 = CYLINDRICAL_SURFACE ( 'NONE', #519, 0.1000000000000000100 ) ;
#2612 = ORIENTED_EDGE ( 'NONE', *, *, #401, .T. ) ;
#2613 =( BOUNDED_CURVE ( )  B_SPLINE_CURVE ( 3, ( #1663, #2132, #957, #3051 ),
 .UNSPECIFIED., .F., .F. ) 
 B_SPLINE_CURVE_WITH_KNOTS ( ( 4, 4 ),
 ( 1.570796326794896800, 3.141592653589775800 ),
 .UNSPECIFIED. ) 
 CURVE ( )  GEOMETRIC_REPRESENTATION_ITEM ( )  RATIONAL_B_SPLINE_CURVE ( ( 1.000000000000000000, 0.8047378541243690500, 0.8047378541243690500, 1.000000000000000000 ) ) 
 REPRESENTATION_ITEM ( '' )  );
#2614 = EDGE_CURVE ( 'NONE', #2916, #384, #23, .T. ) ;
#2615 = EDGE_CURVE ( 'NONE', #2677, #287, #643, .T. ) ;
#2616 = FACE_OUTER_BOUND ( 'NONE', #2382, .T. ) ;
#2617 = EDGE_CURVE ( 'NONE', #994, #1187, #1304, .T. ) ;
#2618 = DIRECTION ( 'NONE',  ( 0.0000000000000000000, -1.000000000000000000, -0.0000000000000000000 ) ) ;
#2619 = FACE_OUTER_BOUND ( 'NONE', #413, .T. ) ;
#2620 = VERTEX_POINT ( 'NONE', #1776 ) ;
#2621 = CYLINDRICAL_SURFACE ( 'NONE', #2863, 0.1000000000000000100 ) ;
#2622 = ORIENTED_EDGE ( 'NONE', *, *, #1315, .F. ) ;
#2623 = DIRECTION ( 'NONE',  ( 0.0000000000000000000, 0.0000000000000000000, -1.000000000000000000 ) ) ;
#2624 = VECTOR ( 'NONE', #1610, 1000.000000000000000 ) ;
#2625 = ORIENTED_EDGE ( 'NONE', *, *, #1413, .F. ) ;
#2626 = ORIENTED_EDGE ( 'NONE', *, *, #647, .F. ) ;
#2627 = CARTESIAN_POINT ( 'NONE',  ( 5.549999999999999800, 4.750000000000000000, 0.1250000000000000000 ) ) ;
#2628 = CARTESIAN_POINT ( 'NONE',  ( -9.099999999999999600, 4.600003046170999500, 0.0000000000000000000 ) ) ;
#2629 = PLANE ( 'NONE',  #615 ) ;
#2630 = EDGE_CURVE ( 'NONE', #1386, #2879, #1228, .T. ) ;
#2631 = LINE ( 'NONE', #1611, #2018 ) ;
#2632 = AXIS2_PLACEMENT_3D ( 'NONE', #582, #2440, #2673 ) ;
#2633 = VERTEX_POINT ( 'NONE', #120 ) ;
#2634 = ORIENTED_EDGE ( 'NONE', *, *, #2617, .T. ) ;
#2635 = DIRECTION ( 'NONE',  ( 0.0000000000000000000, -0.0000000000000000000, -1.000000000000000000 ) ) ;
#2636 = ORIENTED_EDGE ( 'NONE', *, *, #988, .F. ) ;
#2637 = AXIS2_PLACEMENT_3D ( 'NONE', #64, #1022, #1959 ) ;
#2638 = CARTESIAN_POINT ( 'NONE',  ( -6.541421356237310500, -5.099999999999997900, 2.072634201430599700E-017 ) ) ;
#2639 = ORIENTED_EDGE ( 'NONE', *, *, #1109, .F. ) ;
#2640 = DIRECTION ( 'NONE',  ( 0.0000000000000000000, 0.0000000000000000000, 1.000000000000000000 ) ) ;
#2641 = CARTESIAN_POINT ( 'NONE',  ( -5.400000000000000400, 4.700000000013915300, 0.09999999999999999200 ) ) ;
#2642 = VERTEX_POINT ( 'NONE', #832 ) ;
#2643 = ORIENTED_EDGE ( 'NONE', *, *, #2865, .F. ) ;
#2644 = FACE_OUTER_BOUND ( 'NONE', #1240, .T. ) ;
#2645 = DIRECTION ( 'NONE',  ( -0.7071067811865475700, -0.7071067811865475700, 0.0000000000000000000 ) ) ;
#2646 = ORIENTED_EDGE ( 'NONE', *, *, #2656, .F. ) ;
#2647 = DIRECTION ( 'NONE',  ( -0.0000000000000000000, 0.7071067811865474600, 0.7071067811865474600 ) ) ;
#2648 = CYLINDRICAL_SURFACE ( 'NONE', #741, 0.1000000000000000200 ) ;
#2649 = EDGE_LOOP ( 'NONE', ( #2646, #2478, #2156, #2823 ) ) ;
#2650 = PLANE ( 'NONE',  #2393 ) ;
#2651 = CARTESIAN_POINT ( 'NONE',  ( 7.160000000000000100, -4.299999999999999800, 0.0000000000000000000 ) ) ;
#2652 = VECTOR ( 'NONE', #534, 1000.000000000000000 ) ;
#2653 = CARTESIAN_POINT ( 'NONE',  ( 0.0000000000000000000, -2.799999999999999800, 3.799999999999999800 ) ) ;
#2654 = AXIS2_PLACEMENT_3D ( 'NONE', #1175, #3032, #2594 ) ;
#2655 = EDGE_CURVE ( 'NONE', #583, #1043, #727, .T. ) ;
#2656 = EDGE_CURVE ( 'NONE', #1569, #2846, #575, .T. ) ;
#2657 = LINE ( 'NONE', #246, #769 ) ;
#2658 = EDGE_CURVE ( 'NONE', #3044, #583, #1778, .T. ) ;
#2659 = PLANE ( 'NONE',  #1411 ) ;
#2660 = DIRECTION ( 'NONE',  ( 0.0000000000000000000, 0.7083398377245050400, 0.7058715706787048700 ) ) ;
#2661 = PLANE ( 'NONE',  #2334 ) ;
#2662 = LINE ( 'NONE', #2917, #3062 ) ;
#2663 = ORIENTED_EDGE ( 'NONE', *, *, #204, .F. ) ;
#2664 = DIRECTION ( 'NONE',  ( 0.0000000000000000000, 1.000000000000000000, -0.0000000000000000000 ) ) ;
#2665 = CARTESIAN_POINT ( 'NONE',  ( -5.400000000000000400, -4.700000000070758700, 0.09999999999999999200 ) ) ;
#2666 = ORIENTED_EDGE ( 'NONE', *, *, #2774, .F. ) ;
#2667 = CARTESIAN_POINT ( 'NONE',  ( 6.500000000000000900, 4.799999999991500000, 0.1499999991195999900 ) ) ;
#2668 = CARTESIAN_POINT ( 'NONE',  ( 6.599999999999999600, 4.800000000045656600, 0.1000000000000000100 ) ) ;
#2669 = FACE_OUTER_BOUND ( 'NONE', #1694, .T. ) ;
#2670 = CARTESIAN_POINT ( 'NONE',  ( -9.099999999999999600, 6.406956153221000400, 0.0000000000000000000 ) ) ;
#2671 = AXIS2_PLACEMENT_3D ( 'NONE', #806, #1773, #2259 ) ;
#2672 = VERTEX_POINT ( 'NONE', #1097 ) ;
#2673 = DIRECTION ( 'NONE',  ( 1.000000000000000000, 0.0000000000000000000, -0.0000000000000000000 ) ) ;
#2674 = EDGE_CURVE ( 'NONE', #894, #96, #3008, .T. ) ;
#2675 = CARTESIAN_POINT ( 'NONE',  ( -6.400000000000000400, -4.799999999979742200, 0.2499999999843112200 ) ) ;
#2676 = PLANE ( 'NONE',  #554 ) ;
#2677 = VERTEX_POINT ( 'NONE', #2730 ) ;
#2678 = ORIENTED_EDGE ( 'NONE', *, *, #593, .T. ) ;
#2679 = DIRECTION ( 'NONE',  ( 0.7071067811865474600, -0.7071067811865474600, 0.0000000000000000000 ) ) ;
#2680 = CARTESIAN_POINT ( 'NONE',  ( -8.550953002633853800, 5.111948501679359300, -13.90276704462948800 ) ) ;
#2681 = CARTESIAN_POINT ( 'NONE',  ( -6.478638987402026000, -4.744084349458005600, -0.0000000000000000000 ) ) ;
#2682 =( GEOMETRIC_REPRESENTATION_CONTEXT ( 3 ) GLOBAL_UNCERTAINTY_ASSIGNED_CONTEXT ( ( #331 ) ) GLOBAL_UNIT_ASSIGNED_CONTEXT ( ( #1364, #2065, #635 ) ) REPRESENTATION_CONTEXT ( 'NONE', 'WORKASPACE' ) );
#2683 = ORIENTED_EDGE ( 'NONE', *, *, #232, .T. ) ;
#2684 = LINE ( 'NONE', #2273, #2609 ) ;
#2685 = CARTESIAN_POINT ( 'NONE',  ( 4.919999999999999900, 2.799999999999999800, 0.0000000000000000000 ) ) ;
#2686 = ORIENTED_EDGE ( 'NONE', *, *, #2413, .T. ) ;
#2687 = DIRECTION ( 'NONE',  ( 0.0000000000000000000, -1.000000000000000000, -0.0000000000000000000 ) ) ;
#2688 = FACE_OUTER_BOUND ( 'NONE', #748, .T. ) ;
#2689 = VERTEX_POINT ( 'NONE', #2957 ) ;
#2690 = DIRECTION ( 'NONE',  ( 0.0000000000000000000, 0.0000000000000000000, 1.000000000000000000 ) ) ;
#2691 = LINE ( 'NONE', #2815, #2404 ) ;
#2692 = CARTESIAN_POINT ( 'NONE',  ( 6.599999999999999600, -4.800001107655328200, 0.0000000000000000000 ) ) ;
#2693 = EDGE_CURVE ( 'NONE', #1690, #2677, #2325, .T. ) ;
#2694 = LINE ( 'NONE', #2579, #1461 ) ;
#2695 = ORIENTED_EDGE ( 'NONE', *, *, #2786, .F. ) ;
#2696 = DIRECTION ( 'NONE',  ( -0.0000000000000000000, 0.7071067811865474600, -0.7071067811865474600 ) ) ;
#2697 = DIRECTION ( 'NONE',  ( 0.0000000000000000000, -1.000000000000000000, 0.0000000000000000000 ) ) ;
#2698 = DIRECTION ( 'NONE',  ( -3.469446951953611000E-015, 0.0000000000000000000, 1.000000000000000000 ) ) ;
#2699 = LINE ( 'NONE', #40, #112 ) ;
#2700 = ORIENTED_EDGE ( 'NONE', *, *, #2714, .T. ) ;
#2701 = PLANE ( 'NONE',  #2826 ) ;
#2702 = FACE_OUTER_BOUND ( 'NONE', #956, .T. ) ;
#2703 = ORIENTED_EDGE ( 'NONE', *, *, #2558, .F. ) ;
#2704 = DIRECTION ( 'NONE',  ( -1.000000000000000000, 0.0000000000000000000, -0.0000000000000000000 ) ) ;
#2705 = CARTESIAN_POINT ( 'NONE',  ( -5.500000000000000000, 18.39986788862000100, 0.1499999999999999900 ) ) ;
#2706 = DIRECTION ( 'NONE',  ( 0.003490630149240127000, 0.003490630149225312900, 0.9999878154269293800 ) ) ;
#2707 = DIRECTION ( 'NONE',  ( 0.0000000000000000000, 0.0000000000000000000, 1.000000000000000000 ) ) ;
#2708 = CARTESIAN_POINT ( 'NONE',  ( -5.500000000000000000, -5.100523600902239000, 0.1500000000000000200 ) ) ;
#2709 = FACE_OUTER_BOUND ( 'NONE', #624, .T. ) ;
#2710 = CARTESIAN_POINT ( 'NONE',  ( -8.845459859982872400, 4.903888787973350800, -14.40416991886225300 ) ) ;
#2711 = ORIENTED_EDGE ( 'NONE', *, *, #2558, .T. ) ;
#2712 = ORIENTED_EDGE ( 'NONE', *, *, #2868, .T. ) ;
#2713 = AXIS2_PLACEMENT_3D ( 'NONE', #681, #695, #716 ) ;
#2714 = EDGE_CURVE ( 'NONE', #1100, #2104, #1078, .T. ) ;
#2715 = EDGE_CURVE ( 'NONE', #1403, #2844, #508, .T. ) ;
#2716 = EDGE_CURVE ( 'NONE', #1948, #1386, #1633, .T. ) ;
#2717 = ORIENTED_EDGE ( 'NONE', *, *, #2494, .F. ) ;
#2718 = CARTESIAN_POINT ( 'NONE',  ( -5.499999999955706500, -4.800000000000000700, 0.1500000000000000200 ) ) ;
#2719 = CARTESIAN_POINT ( 'NONE',  ( 6.450000000000000200, -4.750000000000000000, 0.09999490907767998000 ) ) ;
#2720 = ORIENTED_EDGE ( 'NONE', *, *, #19, .F. ) ;
#2721 = DIRECTION ( 'NONE',  ( -0.0000000000000000000, 1.000000000000000000, -0.0000000000000000000 ) ) ;
#2722 = DIRECTION ( 'NONE',  ( 0.0000000000000000000, -0.0000000000000000000, -1.000000000000000000 ) ) ;
#2723 = CIRCLE ( 'NONE', #1805, 0.1000000000000000100 ) ;
#2724 = ORIENTED_EDGE ( 'NONE', *, *, #1585, .F. ) ;
#2725 = LINE ( 'NONE', #458, #2793 ) ;
#2726 = VERTEX_POINT ( 'NONE', #1581 ) ;
#2727 = CARTESIAN_POINT ( 'NONE',  ( 9.025225760008094500, 4.781726410797812600, -14.34639438248886600 ) ) ;
#2728 = CIRCLE ( 'NONE', #1764, 0.5000000000000004400 ) ;
#2729 = CARTESIAN_POINT ( 'NONE',  ( 5.500000000000000000, -4.799999999999999800, 0.0000000000000000000 ) ) ;
#2730 = CARTESIAN_POINT ( 'NONE',  ( 5.499999566455640500, 4.800001300515536900, 0.09999916888586210500 ) ) ;
#2731 = CYLINDRICAL_SURFACE ( 'NONE', #1868, 0.5000000000000004400 ) ;
#2732 = PLANE ( 'NONE',  #1444 ) ;
#2733 = EDGE_CURVE ( 'NONE', #1861, #117, #1553, .T. ) ;
#2734 = ORIENTED_EDGE ( 'NONE', *, *, #987, .F. ) ;
#2735 = EDGE_LOOP ( 'NONE', ( #754, #2622, #1102, #2643 ) ) ;
#2736 = CARTESIAN_POINT ( 'NONE',  ( 6.400000000000000400, 4.700000000000000200, 0.2500000000000000000 ) ) ;
#2737 = AXIS2_PLACEMENT_3D ( 'NONE', #1719, #2190, #2873 ) ;
#2738 = CARTESIAN_POINT ( 'NONE',  ( 9.052984058301733600, -4.548072897865152300, -14.46373374826851500 ) ) ;
#2739 = AXIS2_PLACEMENT_3D ( 'NONE', #899, #1148, #644 ) ;
#2740 = CARTESIAN_POINT ( 'NONE',  ( 5.458578643762689500, 5.100000000000000500, 1.355252715606880500E-017 ) ) ;
#2741 = CARTESIAN_POINT ( 'NONE',  ( -5.599999999999999600, 18.39986788862000100, 0.2500000000000000000 ) ) ;
#2742 = CYLINDRICAL_SURFACE ( 'NONE', #1295, 0.4999999999999999400 ) ;
#2743 = ORIENTED_EDGE ( 'NONE', *, *, #2254, .T. ) ;
#2744 = DIRECTION ( 'NONE',  ( 1.000000000000000000, 0.0000000000000000000, 0.0000000000000000000 ) ) ;
#2745 = VERTEX_POINT ( 'NONE', #617 ) ;
#2746 = DIRECTION ( 'NONE',  ( -0.0000000000000000000, -0.0000000000000000000, 1.000000000000000000 ) ) ;
#2747 = ADVANCED_FACE ( 'NONE', ( #290 ), #2109, .F. ) ;
#2748 = CARTESIAN_POINT ( 'NONE',  ( -8.843843321466019700, 4.903548861929037300, -13.69549166440254800 ) ) ;
#2749 = CARTESIAN_POINT ( 'NONE',  ( -6.426794919581085200, 4.700000000224663100, 0.0000000000000000000 ) ) ;
#2750 = B_SPLINE_CURVE_WITH_KNOTS ( 'NONE', 3,
 ( #1971, #2210, #1047, #2681, #1287, #2913 ),
 .UNSPECIFIED., .F., .F.,
 ( 4, 2, 4 ),
 ( 4.844581805549856600E-015, 0.0001018769865690423300, 0.0002037539731332401000 ),
 .UNSPECIFIED. ) ;
#2751 = DIRECTION ( 'NONE',  ( 0.0000000000000000000, 0.0000000000000000000, -1.000000000000000000 ) ) ;
#2752 = EDGE_LOOP ( 'NONE', ( #424, #708, #2287, #1013, #1682, #2320 ) ) ;
#2753 = AXIS2_PLACEMENT_3D ( 'NONE', #676, #2347, #932 ) ;
#2754 = ORIENTED_EDGE ( 'NONE', *, *, #363, .F. ) ;
#2755 = VECTOR ( 'NONE', #1077, 1000.000000000000000 ) ;
#2756 = DIRECTION ( 'NONE',  ( 0.0000000000000000000, -0.0000000000000000000, -1.000000000000000000 ) ) ;
#2757 = VECTOR ( 'NONE', #297, 1000.000000000000000 ) ;
#2758 = CARTESIAN_POINT ( 'NONE',  ( -6.537571609956722300, 4.783281660587454600, 0.0000000000000000000 ) ) ;
#2759 = ORIENTED_EDGE ( 'NONE', *, *, #1315, .T. ) ;
#2760 = LINE ( 'NONE', #335, #2151 ) ;
#2761 = VECTOR ( 'NONE', #1898, 1000.000000000000100 ) ;
#2762 = EDGE_LOOP ( 'NONE', ( #2028, #1927, #546, #1837 ) ) ;
#2763 = DIRECTION ( 'NONE',  ( 1.000000000000000000, 0.0000000000000000000, -0.0000000000000000000 ) ) ;
#2764 = EDGE_LOOP ( 'NONE', ( #2821, #934, #2447 ) ) ;
#2765 = DIRECTION ( 'NONE',  ( 0.0000000000000000000, 1.000000000000000000, 0.0000000000000000000 ) ) ;
#2766 = DIRECTION ( 'NONE',  ( -0.0000000000000000000, 1.000000000000000000, 0.0000000000000000000 ) ) ;
#2767 = FILL_AREA_STYLE ('',( #2992 ) ) ;
#2768 = VECTOR ( 'NONE', #2763, 1000.000000000000000 ) ;
#2769 = ORIENTED_EDGE ( 'NONE', *, *, #443, .F. ) ;
#2770 = AXIS2_PLACEMENT_3D ( 'NONE', #842, #2279, #853 ) ;
#2771 = EDGE_CURVE ( 'NONE', #2642, #1835, #2180, .T. ) ;
#2772 = EDGE_CURVE ( 'NONE', #1403, #51, #2723, .T. ) ;
#2773 = ORIENTED_EDGE ( 'NONE', *, *, #444, .T. ) ;
#2774 = EDGE_CURVE ( 'NONE', #927, #1269, #237, .T. ) ;
#2775 = CARTESIAN_POINT ( 'NONE',  ( -8.550953002633997700, 4.550953002634000400, -14.55000000000000100 ) ) ;
#2776 = CARTESIAN_POINT ( 'NONE',  ( 9.099999999999905500, -4.600003046171092800, 0.0000000000000000000 ) ) ;
#2777 = ADVANCED_FACE ( 'NONE', ( #837 ), #1591, .T. ) ;
#2778 = DIRECTION ( 'NONE',  ( 0.0000000000000000000, 0.0000000000000000000, -1.000000000000000000 ) ) ;
#2779 = CIRCLE ( 'NONE', #2753, 0.5000000000000004400 ) ;
#2780 = CARTESIAN_POINT ( 'NONE',  ( 7.460000000000000900, -4.299999999999999800, 0.0000000000000000000 ) ) ;
#2781 = VERTEX_POINT ( 'NONE', #2298 ) ;
#2782 = ORIENTED_EDGE ( 'NONE', *, *, #1414, .T. ) ;
#2783 = CARTESIAN_POINT ( 'NONE',  ( 7.460000000000000900, -2.799999999999999800, 0.0000000000000000000 ) ) ;
#2784 = ORIENTED_EDGE ( 'NONE', *, *, #1929, .F. ) ;
#2785 = CARTESIAN_POINT ( 'NONE',  ( -6.599999999999999600, 18.39986788862000100, 0.1000000000000000100 ) ) ;
#2786 = EDGE_CURVE ( 'NONE', #2222, #2343, #210, .T. ) ;
#2787 = PRESENTATION_STYLE_ASSIGNMENT (( #2999 ) ) ;
#2788 = ORIENTED_EDGE ( 'NONE', *, *, #2195, .T. ) ;
#2789 = ADVANCED_FACE ( 'NONE', ( #2644 ), #2997, .T. ) ;
#2790 = VECTOR ( 'NONE', #2970, 1000.000000000000000 ) ;
#2791 = ADVANCED_FACE ( 'NONE', ( #2027 ), #2574, .F. ) ;
#2792 = DIRECTION ( 'NONE',  ( 0.0000000000000000000, -1.000000000000000000, 0.0000000000000000000 ) ) ;
#2793 = VECTOR ( 'NONE', #2121, 1000.000000000000000 ) ;
#2794 = CARTESIAN_POINT ( 'NONE',  ( 498993.5000000000000, 498995.2000001491400, 0.1000000000916647900 ) ) ;
#2795 = CARTESIAN_POINT ( 'NONE',  ( -5.599999999999999600, 4.700000000000000200, 0.2500000000000000000 ) ) ;
#2796 = VECTOR ( 'NONE', #294, 1000.000000000000000 ) ;
#2797 =( BOUNDED_SURFACE ( )  B_SPLINE_SURFACE ( 3, 3, ( 
 ( #2240, #1297, #824, #2249 ),
 ( #2938, #1320, #2011, #2710 ),
 ( #579, #1786, #130, #1797 ),
 ( #1557, #2950, #1083, #2025 ) ),
 .UNSPECIFIED., .F., .F., .F. ) 
 B_SPLINE_SURFACE_WITH_KNOTS ( ( 4, 4 ),
 ( 4, 4 ),
 ( 0.0000000000000000000, 1.000000000000000000 ),
 ( 0.0000000000000000000, 1.000000000000000000 ),
 .UNSPECIFIED. ) 
 GEOMETRIC_REPRESENTATION_ITEM ( )  RATIONAL_B_SPLINE_SURFACE ( (
 ( 1.000000000000000000, 0.8047378541243633800, 0.8047378541243633800, 1.000000000000000000),
 ( 0.8030998670934754700, 0.6462848636923649300, 0.6462848636923649300, 0.8030998670934754700),
 ( 0.8030998670934754700, 0.6462848636923649300, 0.6462848636923649300, 0.8030998670934754700),
 ( 1.000000000000000000, 0.8047378541243633800, 0.8047378541243633800, 1.000000000000000000) ) ) 
 REPRESENTATION_ITEM ( '' )  SURFACE ( )  );
#2798 = DIRECTION ( 'NONE',  ( 0.0000000000000000000, 1.000000000000000000, 0.0000000000000000000 ) ) ;
#2799 = FACE_OUTER_BOUND ( 'NONE', #2567, .T. ) ;
#2800 = VERTEX_POINT ( 'NONE', #2317 ) ;
#2801 = FACE_OUTER_BOUND ( 'NONE', #1087, .T. ) ;
#2802 = ORIENTED_EDGE ( 'NONE', *, *, #1055, .F. ) ;
#2803 = CARTESIAN_POINT ( 'NONE',  ( 9.099999999999937500, 4.600003046170990700, 4.336808689942017700E-016 ) ) ;
#2804 = ADVANCED_FACE ( 'NONE', ( #1419 ), #53, .F. ) ;
#2805 = CARTESIAN_POINT ( 'NONE',  ( -5.495372250613593600, -4.761812206854283000, 0.0000000000000000000 ) ) ;
#2806 = PRESENTATION_LAYER_ASSIGNMENT (  '', '', ( #2490 ) ) ;
#2807 = ADVANCED_FACE ( 'NONE', ( #135 ), #1879, .T. ) ;
#2808 = ORIENTED_EDGE ( 'NONE', *, *, #1644, .F. ) ;
#2809 = AXIS2_PLACEMENT_3D ( 'NONE', #1785, #357, #2017 ) ;
#2810 = EDGE_CURVE ( 'NONE', #2247, #2879, #2495, .T. ) ;
#2811 = DIRECTION ( 'NONE',  ( 0.0000000000000000000, 0.0000000000000000000, 1.000000000000000000 ) ) ;
#2812 = EDGE_CURVE ( 'NONE', #1806, #3049, #759, .T. ) ;
#2813 = DIRECTION ( 'NONE',  ( 0.0000000000000000000, -1.000000000000000000, 0.0000000000000000000 ) ) ;
#2814 = VECTOR ( 'NONE', #2423, 1000.000000000000000 ) ;
#2815 = CARTESIAN_POINT ( 'NONE',  ( -8.179999999999999700, 4.049999999999999800, 0.0000000000000000000 ) ) ;
#2816 = VERTEX_POINT ( 'NONE', #910 ) ;
#2817 = ORIENTED_EDGE ( 'NONE', *, *, #1367, .T. ) ;
#2818 = CARTESIAN_POINT ( 'NONE',  ( 32.82551999999999700, -4.550953002634000400, -14.05000000000000200 ) ) ;
#2819 = ADVANCED_FACE ( 'NONE', ( #1263 ), #2431, .F. ) ;
#2820 = DIRECTION ( 'NONE',  ( -0.0000000000000000000, -1.000000000000000000, 0.0000000000000000000 ) ) ;
#2821 = ORIENTED_EDGE ( 'NONE', *, *, #2014, .F. ) ;
#2822 = CARTESIAN_POINT ( 'NONE',  ( -6.500000433544359500, 4.800001300515536900, 0.09999916888586210500 ) ) ;
#2823 = ORIENTED_EDGE ( 'NONE', *, *, #1008, .F. ) ;
#2824 = CARTESIAN_POINT ( 'NONE',  ( -5.500000000000000000, -5.100349067268159500, 0.1000000000000000200 ) ) ;
#2825 = LINE ( 'NONE', #2372, #2218 ) ;
#2826 = AXIS2_PLACEMENT_3D ( 'NONE', #349, #1064, #2463 ) ;
#2827 = EDGE_CURVE ( 'NONE', #1127, #1923, #607, .T. ) ;
#2828 = EDGE_CURVE ( 'NONE', #2916, #1127, #1338, .T. ) ;
#2829 = ORIENTED_EDGE ( 'NONE', *, *, #363, .T. ) ;
#2830 = FACE_OUTER_BOUND ( 'NONE', #172, .T. ) ;
#2831 = CARTESIAN_POINT ( 'NONE',  ( 8.550953002633999500, -4.550953002634000400, -14.05000000000000200 ) ) ;
#2832 = DIRECTION ( 'NONE',  ( -1.000000000000000000, 0.0000000000000000000, 0.0000000000000000000 ) ) ;
#2833 = ORIENTED_EDGE ( 'NONE', *, *, #1870, .T. ) ;
#2834 = CARTESIAN_POINT ( 'NONE',  ( -8.781726410797814400, -5.025225760008092700, -14.34639438248886400 ) ) ;
#2835 = EDGE_LOOP ( 'NONE', ( #2133, #132, #1852, #2634, #359 ) ) ;
#2836 = CIRCLE ( 'NONE', #1391, 0.1000000000000000100 ) ;
#2837 = AXIS2_PLACEMENT_3D ( 'NONE', #907, #438, #2089 ) ;
#2838 = AXIS2_PLACEMENT_3D ( 'NONE', #2057, #2300, #873 ) ;
#2839 = LINE ( 'NONE', #1636, #974 ) ;
#2840 = CARTESIAN_POINT ( 'NONE',  ( -7.680000000000000600, -3.549999999999999800, 0.0000000000000000000 ) ) ;
#2841 = ADVANCED_FACE ( 'NONE', ( #1808 ), #1736, .F. ) ;
#2842 = ORIENTED_EDGE ( 'NONE', *, *, #1703, .F. ) ;
#2843 = CIRCLE ( 'NONE', #18, 0.5000000000000003300 ) ;
#2844 = VERTEX_POINT ( 'NONE', #1409 ) ;
#2845 = VECTOR ( 'NONE', #220, 1000.000000000000000 ) ;
#2846 = VERTEX_POINT ( 'NONE', #3030 ) ;
#2847 = CLOSED_SHELL ( 'NONE', ( #2362, #1830, #1176, #1162, #231, #199, #466, #2819, #3034, #2312, #3017, #2568, #242, #3021, #2841, #2129, #1590, #1843, #1204, #2581, #718, #3055, #1395, #1816, #431, #2598, #880, #2114, #3039, #650, #2804, #1639, #4, #1431, #2974, #1622, #2747, #2080, #664, #213, #2377, #2791, #969, #2359, #396, #1892, #1877, #1159, #1412, #912, #915, #2328, #1653, #2094, #1447, #2807, #1656, #179, #898, #682, #417, #1179, #686, #2324, #2101, #196, #448, #2789, #2531, #3002, #1671, #667, #1604, #1406, #2118, #2777, #622, #480, #2344, #1190, #462, #2144, #1637, #1905, #2548, #454, #1860, #1375, #1390, #938, #434, #1435, #1143, #951, #933, #1872, #2515, #860, #2566, #705, #2585, #1859 ) ) ;
#2848 = DIRECTION ( 'NONE',  ( 0.0000000000000000000, 0.0000000000000000000, -1.000000000000000000 ) ) ;
#2849 = EDGE_CURVE ( 'NONE', #868, #2174, #1112, .T. ) ;
#2850 = DIRECTION ( 'NONE',  ( 0.0000000000000000000, 1.000000000000000000, -0.0000000000000000000 ) ) ;
#2851 = DIRECTION ( 'NONE',  ( -0.7071067811864418800, -0.7071067811866530400, -1.298934084353046000E-016 ) ) ;
#2852 = DIRECTION ( 'NONE',  ( 0.0000000000000000000, 0.0000000000000000000, -1.000000000000000000 ) ) ;
#2853 = VECTOR ( 'NONE', #2746, 1000.000000000000000 ) ;
#2854 = ORIENTED_EDGE ( 'NONE', *, *, #503, .T. ) ;
#2855 = DIRECTION ( 'NONE',  ( 1.000000000000000000, 0.0000000000000000000, -0.0000000000000000000 ) ) ;
#2856 = ORIENTED_EDGE ( 'NONE', *, *, #2772, .T. ) ;
#2857 = DIRECTION ( 'NONE',  ( -1.000000000000000000, -0.0000000000000000000, 0.0000000000000000000 ) ) ;
#2858 = ORIENTED_EDGE ( 'NONE', *, *, #2534, .F. ) ;
#2859 = DIRECTION ( 'NONE',  ( 0.003490630149240127000, -0.003490630149225375300, -0.9999878154269293800 ) ) ;
#2860 = EDGE_LOOP ( 'NONE', ( #1479, #3015, #1937, #2720 ) ) ;
#2861 = DIRECTION ( 'NONE',  ( 0.0000000000000000000, 0.0000000000000000000, 1.000000000000000000 ) ) ;
#2862 = VECTOR ( 'NONE', #2510, 1000.000000000000000 ) ;
#2863 = AXIS2_PLACEMENT_3D ( 'NONE', #2207, #492, #3 ) ;
#2864 = EDGE_CURVE ( 'NONE', #1620, #1690, #537, .T. ) ;
#2865 = EDGE_CURVE ( 'NONE', #1195, #1326, #2524, .T. ) ;
#2866 = VECTOR ( 'NONE', #1664, 1000.000000000000000 ) ;
#2867 = CARTESIAN_POINT ( 'NONE',  ( -6.599999999999999600, -4.799999999965984400, 0.0000000000000000000 ) ) ;
#2868 = EDGE_CURVE ( 'NONE', #241, #333, #3047, .T. ) ;
#2869 = LINE ( 'NONE', #1916, #2796 ) ;
#2870 = DIRECTION ( 'NONE',  ( -1.000000000000000000, -0.0000000000000000000, -0.0000000000000000000 ) ) ;
#2871 = FACE_OUTER_BOUND ( 'NONE', #2164, .T. ) ;
#2872 = ORIENTED_EDGE ( 'NONE', *, *, #918, .T. ) ;
#2873 = DIRECTION ( 'NONE',  ( 0.0000000000000000000, 0.0000000000000000000, -1.000000000000000000 ) ) ;
#2874 = EDGE_CURVE ( 'NONE', #2412, #961, #2898, .T. ) ;
#2875 = DIRECTION ( 'NONE',  ( 0.0000000000000000000, -1.000000000000000000, 0.0000000000000000000 ) ) ;
#2876 = VECTOR ( 'NONE', #584, 1000.000000000000000 ) ;
#2877 = ORIENTED_EDGE ( 'NONE', *, *, #2030, .F. ) ;
#2878 =( BOUNDED_CURVE ( )  B_SPLINE_CURVE ( 3, ( #1577, #2202, #2165, #2417 ),
 .UNSPECIFIED., .F., .F. ) 
 B_SPLINE_CURVE_WITH_KNOTS ( ( 4, 4 ),
 ( 3.141592653589784700, 4.712388989188689900 ),
 .UNSPECIFIED. ) 
 CURVE ( )  GEOMETRIC_REPRESENTATION_ITEM ( )  RATIONAL_B_SPLINE_CURVE ( ( 1.000000000000000000, 0.8047378520492403100, 0.8047378520492403100, 1.000000000000000000 ) ) 
 REPRESENTATION_ITEM ( '' )  );
#2879 = VERTEX_POINT ( 'NONE', #1192 ) ;
#2880 = CARTESIAN_POINT ( 'NONE',  ( 4.620000000000000100, 0.0000000000000000000, 0.0000000000000000000 ) ) ;
#2881 = CARTESIAN_POINT ( 'NONE',  ( -6.500000000000000900, -5.100144588396649000, 0.04142135623730951900 ) ) ;
#2882 = EDGE_CURVE ( 'NONE', #2607, #1539, #551, .T. ) ;
#2883 = CARTESIAN_POINT ( 'NONE',  ( 4.620000000000000100, 2.799999999999999800, 0.0000000000000000000 ) ) ;
#2884 = VECTOR ( 'NONE', #1904, 1000.000000000000000 ) ;
#2885 = VERTEX_POINT ( 'NONE', #692 ) ;
#2886 = CARTESIAN_POINT ( 'NONE',  ( 6.400000000000000400, 4.799999999999998900, 0.2499999999999999400 ) ) ;
#2887 = CARTESIAN_POINT ( 'NONE',  ( 8.904502085330150900, 4.904502085330151800, -14.05246824824914300 ) ) ;
#2888 = ORIENTED_EDGE ( 'NONE', *, *, #2194, .T. ) ;
#2889 = DIRECTION ( 'NONE',  ( 0.0000000000000000000, 0.0000000000000000000, -1.000000000000000000 ) ) ;
#2890 = ORIENTED_EDGE ( 'NONE', *, *, #3023, .T. ) ;
#2891 = AXIS2_PLACEMENT_3D ( 'NONE', #1838, #1139, #1378 ) ;
#2892 = DIRECTION ( 'NONE',  ( 0.0000000000000000000, -0.7071067811865474600, -0.7071067811865474600 ) ) ;
#2893 = ORIENTED_EDGE ( 'NONE', *, *, #2311, .T. ) ;
#2894 = DIRECTION ( 'NONE',  ( -0.9999939076577903900, 0.0000000000000000000, 0.003490651415222201700 ) ) ;
#2895 = CARTESIAN_POINT ( 'NONE',  ( 5.400000000000000400, 5.100000000000000500, 6.776263578034402700E-018 ) ) ;
#2896 = ORIENTED_EDGE ( 'NONE', *, *, #2492, .F. ) ;
#2897 = ORIENTED_EDGE ( 'NONE', *, *, #3043, .T. ) ;
#2898 = LINE ( 'NONE', #935, #1037 ) ;
#2899 = DIRECTION ( 'NONE',  ( 0.0000000000000000000, 0.0000000000000000000, -1.000000000000000000 ) ) ;
#2900 = DIRECTION ( 'NONE',  ( 0.0000000000000000000, 0.0000000000000000000, -1.000000000000000000 ) ) ;
#2901 = VECTOR ( 'NONE', #2635, 1000.000000000000000 ) ;
#2902 = VERTEX_POINT ( 'NONE', #2575 ) ;
#2903 = DIRECTION ( 'NONE',  ( 0.0000000000000000000, -0.7071067811865475700, 0.7071067811865475700 ) ) ;
#2904 = DIRECTION ( 'NONE',  ( -0.0000000000000000000, 0.0000000000000000000, 1.000000000000000000 ) ) ;
#2905 = VECTOR ( 'NONE', #1628, 1000.000000000000000 ) ;
#2906 = AXIS2_PLACEMENT_3D ( 'NONE', #996, #1274, #1283 ) ;
#2907 = ORIENTED_EDGE ( 'NONE', *, *, #2864, .F. ) ;
#2908 = AXIS2_PLACEMENT_3D ( 'NONE', #1446, #3066, #1678 ) ;
#2909 = CIRCLE ( 'NONE', #227, 0.4999999999999999400 ) ;
#2910 = ORIENTED_EDGE ( 'NONE', *, *, #2827, .F. ) ;
#2911 = CARTESIAN_POINT ( 'NONE',  ( -5.549999999999999800, 4.750000000000000000, 0.1250000000000000000 ) ) ;
#2912 = CARTESIAN_POINT ( 'NONE',  ( -8.844880703091586600, 5.025849934129774400, -14.28263375611336300 ) ) ;
#2913 = CARTESIAN_POINT ( 'NONE',  ( -6.426794919362519600, -4.699999999978535600, 0.0000000000000000000 ) ) ;
#2914 = EDGE_LOOP ( 'NONE', ( #1594, #1961, #2281, #1164 ) ) ;
#2915 = LINE ( 'NONE', #930, #2845 ) ;
#2916 = VERTEX_POINT ( 'NONE', #707 ) ;
#2917 = CARTESIAN_POINT ( 'NONE',  ( -5.599999998192999800, -4.750000000000000000, 0.2000000000000000100 ) ) ;
#2918 = CARTESIAN_POINT ( 'NONE',  ( -5.599999999999999600, 18.39986788862000100, 0.1499999999999999900 ) ) ;
#2919 = CARTESIAN_POINT ( 'NONE',  ( 6.500000000000000900, -4.700000000000000200, 0.2500000000000000000 ) ) ;
#2920 = CARTESIAN_POINT ( 'NONE',  ( -5.549999999999999800, 4.750000000000000000, 0.1499999982392000200 ) ) ;
#2921 = ORIENTED_EDGE ( 'NONE', *, *, #37, .T. ) ;
#2922 = DIRECTION ( 'NONE',  ( 1.000000000000000000, 0.0000000000000000000, -0.0000000000000000000 ) ) ;
#2923 = CARTESIAN_POINT ( 'NONE',  ( -6.400000000000000400, -4.799999999931969800, 0.1499999999999999900 ) ) ;
#2924 = CARTESIAN_POINT ( 'NONE',  ( -7.680000000000000600, -3.549999999999999800, 0.0000000000000000000 ) ) ;
#2925 = LINE ( 'NONE', #1082, #2314 ) ;
#2926 = EDGE_CURVE ( 'NONE', #2781, #333, #2825, .T. ) ;
#2927 = EDGE_CURVE ( 'NONE', #206, #2084, #2366, .T. ) ;
#2928 = EDGE_CURVE ( 'NONE', #1631, #169, #1122, .T. ) ;
#2929 = DIRECTION ( 'NONE',  ( 0.7071067811865474600, 0.7071067811865474600, -0.0000000000000000000 ) ) ;
#2930 = EDGE_LOOP ( 'NONE', ( #1646, #809, #1073, #2700 ) ) ;
#2931 = DIRECTION ( 'NONE',  ( 1.000000000000000000, 0.0000000000000000000, 0.0000000000000000000 ) ) ;
#2932 = CARTESIAN_POINT ( 'NONE',  ( -5.500000000000001800, 5.100523600902239000, 0.1500000000000000200 ) ) ;
#2933 = ORIENTED_EDGE ( 'NONE', *, *, #1387, .F. ) ;
#2934 = EDGE_LOOP ( 'NONE', ( #621, #1911, #2829, #2872, #2098 ) ) ;
#2935 = VECTOR ( 'NONE', #843, 1000.000000000000000 ) ;
#2936 = PLANE ( 'NONE',  #2213 ) ;
#2937 = CIRCLE ( 'NONE', #1914, 0.4999999999999999400 ) ;
#2938 = CARTESIAN_POINT ( 'NONE',  ( -8.550953002633997700, 4.695277848430096800, -14.61205393683475200 ) ) ;
#2939 = DIRECTION ( 'NONE',  ( -0.0000000000000000000, 1.000000000000000000, -0.0000000000000000000 ) ) ;
#2940 = DIRECTION ( 'NONE',  ( -0.0000000000000000000, -0.0000000000000000000, -1.000000000000000000 ) ) ;
#2941 = EDGE_CURVE ( 'NONE', #2124, #2726, #393, .T. ) ;
#2942 = VECTOR ( 'NONE', #2687, 1000.000000000000000 ) ;
#2943 = VECTOR ( 'NONE', #1695, 1000.000000000000100 ) ;
#2944 = ORIENTED_EDGE ( 'NONE', *, *, #753, .T. ) ;
#2945 = AXIS2_PLACEMENT_3D ( 'NONE', #743, #1270, #1496 ) ;
#2946 = VECTOR ( 'NONE', #2043, 1000.000000000000000 ) ;
#2947 = ORIENTED_EDGE ( 'NONE', *, *, #2310, .F. ) ;
#2948 = DIRECTION ( 'NONE',  ( 0.0000000000000000000, -1.000000000000000000, -0.0000000000000000000 ) ) ;
#2949 = AXIS2_PLACEMENT_3D ( 'NONE', #2450, #1984, #792 ) ;
#2950 = CARTESIAN_POINT ( 'NONE',  ( -8.843839173419528500, 4.194343178936165400, -14.40047030350973000 ) ) ;
#2951 = DIRECTION ( 'NONE',  ( 0.003490630149240102300, 0.003490630149240102300, -0.9999878154269292700 ) ) ;
#2952 = CARTESIAN_POINT ( 'NONE',  ( -7.680000000000000600, 3.549999999999999800, 0.0000000000000000000 ) ) ;
#2953 = ORIENTED_EDGE ( 'NONE', *, *, #22, .F. ) ;
#2954 = CARTESIAN_POINT ( 'NONE',  ( 9.112341780456949500, 4.696662390203339800, -14.05246824825113300 ) ) ;
#2955 = DIRECTION ( 'NONE',  ( -0.0000000000000000000, -1.000000000000000000, -0.0000000000000000000 ) ) ;
#2956 = CARTESIAN_POINT ( 'NONE',  ( -5.541421356237309600, 5.100872668170398900, 0.2500000000000005000 ) ) ;
#2957 = CARTESIAN_POINT ( 'NONE',  ( -6.500000000000002700, 5.100523600902239000, 0.1499999999999999700 ) ) ;
#2958 = DIRECTION ( 'NONE',  ( 0.0000000000000000000, 0.0000000000000000000, -1.000000000000000000 ) ) ;
#2959 = ORIENTED_EDGE ( 'NONE', *, *, #1008, .T. ) ;
#2960 = MECHANICAL_DESIGN_GEOMETRIC_PRESENTATION_REPRESENTATION (  '', ( #2490 ), #56 ) ;
#2961 = AXIS2_PLACEMENT_3D ( 'NONE', #350, #2010, #576 ) ;
#2962 = EDGE_CURVE ( 'NONE', #2885, #967, #963, .T. ) ;
#2963 = EDGE_CURVE ( 'NONE', #659, #1421, #322, .T. ) ;
#2964 = ORIENTED_EDGE ( 'NONE', *, *, #2658, .T. ) ;
#2965 = EDGE_LOOP ( 'NONE', ( #553, #418, #2754 ) ) ;
#2966 = CARTESIAN_POINT ( 'NONE',  ( 8.550953002633995900, -4.194343178935207900, -14.40047030350875300 ) ) ;
#2967 = CARTESIAN_POINT ( 'NONE',  ( -8.550953002633999500, 4.550953002634000400, -14.05000000000000200 ) ) ;
#2968 = EDGE_LOOP ( 'NONE', ( #2717, #410, #164, #1341, #126, #2678 ) ) ;
#2969 = PRODUCT_DEFINITION_SHAPE ( 'NONE', 'NONE',  #1061 ) ;
#2970 = DIRECTION ( 'NONE',  ( 0.0000000000000000000, -1.000000000000000000, 0.0000000000000000000 ) ) ;
#2971 = B_SPLINE_CURVE_WITH_KNOTS ( 'NONE', 3,
 ( #1291, #1188, #1720, #1965, #2204, #2588 ),
 .UNSPECIFIED., .F., .F.,
 ( 4, 2, 4 ),
 ( 4.844581805549856600E-015, 0.0001018769865690423300, 0.0002037539731332401000 ),
 .UNSPECIFIED. ) ;
#2972 = VECTOR ( 'NONE', #1643, 1000.000000000000000 ) ;
#2973 = ORIENTED_EDGE ( 'NONE', *, *, #1723, .F. ) ;
#2974 = ADVANCED_FACE ( 'NONE', ( #1515 ), #833, .T. ) ;
#2975 = VECTOR ( 'NONE', #32, 1000.000000000000100 ) ;
#2976 = ORIENTED_EDGE ( 'NONE', *, *, #19, .T. ) ;
#2977 = CYLINDRICAL_SURFACE ( 'NONE', #1706, 0.1000000000000000200 ) ;
#2978 = CARTESIAN_POINT ( 'NONE',  ( 5.500000000000006200, -5.099999999999999600, 0.0000000000000000000 ) ) ;
#2979 = CARTESIAN_POINT ( 'NONE',  ( 8.401710148196778900, 5.110663260508137500, -14.34509437970171700 ) ) ;
#2980 = DIRECTION ( 'NONE',  ( -0.0000000000000000000, 0.7071067811865474600, 0.7071067811865474600 ) ) ;
#2981 = VERTEX_POINT ( 'NONE', #2264 ) ;
#2982 = EDGE_CURVE ( 'NONE', #994, #690, #2145, .T. ) ;
#2983 = EDGE_CURVE ( 'NONE', #1127, #2981, #2061, .T. ) ;
#2984 = ORIENTED_EDGE ( 'NONE', *, *, #1644, .T. ) ;
#2985 = ORIENTED_EDGE ( 'NONE', *, *, #2491, .F. ) ;
#2986 = LINE ( 'NONE', #3013, #1535 ) ;
#2987 = ORIENTED_EDGE ( 'NONE', *, *, #1869, .F. ) ;
#2988 = CARTESIAN_POINT ( 'NONE',  ( 5.549999999999999800, -4.750000000000000000, 0.1499999982392000200 ) ) ;
#2989 = AXIS2_PLACEMENT_3D ( 'NONE', #2783, #654, #3005 ) ;
#2990 = STYLED_ITEM ( 'NONE', ( #2787 ), #1454 ) ;
#2991 = CARTESIAN_POINT ( 'NONE',  ( -6.569676660895128300, 4.796289827579624200, 0.0000000000000000000 ) ) ;
#2992 = FILL_AREA_STYLE_COLOUR ( '', #997 ) ;
#2993 = CARTESIAN_POINT ( 'NONE',  ( -6.599999999999999600, -4.799999999999998900, 0.1000000000000000100 ) ) ;
#2994 = LINE ( 'NONE', #1555, #2454 ) ;
#2995 = ORIENTED_EDGE ( 'NONE', *, *, #1692, .F. ) ;
#2996 = DIRECTION ( 'NONE',  ( -0.0000000000000000000, -0.003490651415223966800, 0.9999939076577903900 ) ) ;
#2997 = PLANE ( 'NONE',  #2586 ) ;
#2998 = EDGE_CURVE ( 'NONE', #1631, #1403, #2684, .T. ) ;
#2999 = SURFACE_STYLE_USAGE ( .BOTH. , #1379 ) ;
#3000 = ORIENTED_EDGE ( 'NONE', *, *, #1470, .T. ) ;
#3001 = DIRECTION ( 'NONE',  ( 0.0000000000000000000, -0.7083398377245050400, 0.7058715706787048700 ) ) ;
#3002 = ADVANCED_FACE ( 'NONE', ( #171 ), #2732, .T. ) ;
#3003 = DIRECTION ( 'NONE',  ( 0.0000000000000000000, -1.000000000000000000, 0.0000000000000000000 ) ) ;
#3004 = AXIS2_PLACEMENT_3D ( 'NONE', #1687, #2108, #668 ) ;
#3005 = DIRECTION ( 'NONE',  ( 0.0000000000000000000, 0.0000000000000000000, 1.000000000000000000 ) ) ;
#3006 = VERTEX_POINT ( 'NONE', #1559 ) ;
#3007 = CARTESIAN_POINT ( 'NONE',  ( -5.500000000000000000, 0.0000000000000000000, 0.0000000000000000000 ) ) ;
#3008 = LINE ( 'NONE', #1076, #1707 ) ;
#3009 = DIRECTION ( 'NONE',  ( 0.0000000000000000000, -1.000000000000000000, 0.0000000000000000000 ) ) ;
#3010 = LINE ( 'NONE', #1538, #1157 ) ;
#3011 = DIRECTION ( 'NONE',  ( 0.0000000000000000000, -0.7058715706787037600, -0.7083398377245061500 ) ) ;
#3012 = DIRECTION ( 'NONE',  ( 0.0000000000000000000, 0.0000000000000000000, -1.000000000000000000 ) ) ;
#3013 = CARTESIAN_POINT ( 'NONE',  ( -10.40696032912999900, -5.050949956462792700, -14.05174532571000300 ) ) ;
#3014 = LINE ( 'NONE', #1306, #2943 ) ;
#3015 = ORIENTED_EDGE ( 'NONE', *, *, #2274, .T. ) ;
#3016 = CARTESIAN_POINT ( 'NONE',  ( 5.400000000000000400, -4.699999999957071900, 0.09999999999999999200 ) ) ;
#3017 = ADVANCED_FACE ( 'NONE', ( #798 ), #378, .T. ) ;
#3018 = DIRECTION ( 'NONE',  ( -0.0000000000000000000, 0.0000000000000000000, 1.000000000000000000 ) ) ;
#3019 = LINE ( 'NONE', #1587, #2415 ) ;
#3020 = EDGE_LOOP ( 'NONE', ( #536, #2625, #1750, #2370 ) ) ;
#3021 = ADVANCED_FACE ( 'NONE', ( #725 ), #1913, .F. ) ;
#3022 = EDGE_CURVE ( 'NONE', #3049, #2104, #98, .T. ) ;
#3023 = EDGE_CURVE ( 'NONE', #953, #491, #2535, .T. ) ;
#3024 = CARTESIAN_POINT ( 'NONE',  ( 5.400000000000000400, 4.700000000411819200, 0.09999999999999999200 ) ) ;
#3025 = EDGE_LOOP ( 'NONE', ( #2711, #435, #940, #166, #2386, #722, #116, #891, #1147, #1755, #1510, #883, #2712, #1048, #2256, #73, #280, #983, #2184, #814, #1124, #479, #1201, #315, #1424, #1009, #1996, #1915, #1824, #1452, #2953, #1339 ) ) ;
#3026 = EDGE_CURVE ( 'NONE', #1728, #1807, #1302, .T. ) ;
#3027 = DIRECTION ( 'NONE',  ( 0.0000000000000000000, 0.0000000000000000000, -1.000000000000000000 ) ) ;
#3028 = DIRECTION ( 'NONE',  ( 0.0000000000000000000, -0.0000000000000000000, 1.000000000000000000 ) ) ;
#3029 = DIRECTION ( 'NONE',  ( -0.0000000000000000000, 1.000000000000000000, 0.0000000000000000000 ) ) ;
#3030 = CARTESIAN_POINT ( 'NONE',  ( -7.680000000000000600, -3.549999999999999800, 0.0000000000000000000 ) ) ;
#3031 = VECTOR ( 'NONE', #1865, 1000.000000000000100 ) ;
#3032 = DIRECTION ( 'NONE',  ( 0.0000000000000000000, 0.7071067811865475700, 0.7071067811865475700 ) ) ;
#3033 = CARTESIAN_POINT ( 'NONE',  ( -32.82551999999999700, 4.550953002634000400, -14.05000000000000200 ) ) ;
#3034 = ADVANCED_FACE ( 'NONE', ( #1224 ), #618, .F. ) ;
#3035 = DIRECTION ( 'NONE',  ( 0.0000000000000000000, -0.0000000000000000000, -1.000000000000000000 ) ) ;
#3036 = ORIENTED_EDGE ( 'NONE', *, *, #61, .T. ) ;
#3037 = ORIENTED_EDGE ( 'NONE', *, *, #1834, .F. ) ;
#3038 = ORIENTED_EDGE ( 'NONE', *, *, #1848, .T. ) ;
#3039 = ADVANCED_FACE ( 'NONE', ( #573 ), #1358, .T. ) ;
#3040 = CARTESIAN_POINT ( 'NONE',  ( 9.050949956462728700, -4.550953002631957600, -14.05174532571000900 ) ) ;
#3041 = ORIENTED_EDGE ( 'NONE', *, *, #2173, .F. ) ;
#3042 = CARTESIAN_POINT ( 'NONE',  ( -5.462428352265284600, -4.783281681477623300, 0.0000000000000000000 ) ) ;
#3043 = EDGE_CURVE ( 'NONE', #1741, #1403, #1840, .T. ) ;
#3044 = VERTEX_POINT ( 'NONE', #1592 ) ;
#3045 = DIRECTION ( 'NONE',  ( -0.0000000000000000000, 1.000000000000000000, -0.0000000000000000000 ) ) ;
#3046 = DIRECTION ( 'NONE',  ( 0.0000000000000000000, 1.000000000000000000, -0.0000000000000000000 ) ) ;
#3047 = LINE ( 'NONE', #2127, #2289 ) ;
#3048 = CARTESIAN_POINT ( 'NONE',  ( 5.400000000000000400, 18.39986788862000100, 0.1000000000000000100 ) ) ;
#3049 = VERTEX_POINT ( 'NONE', #2525 ) ;
#3050 = AXIS2_PLACEMENT_3D ( 'NONE', #361, #2021, #588 ) ;
#3051 = CARTESIAN_POINT ( 'NONE',  ( 5.400000000000002100, -5.099999999999997900, 6.776263578034402700E-018 ) ) ;
#3052 = LINE ( 'NONE', #2628, #1194 ) ;
#3053 = VERTEX_POINT ( 'NONE', #1132 ) ;
#3054 = CARTESIAN_POINT ( 'NONE',  ( -6.500000000000000900, -5.100523600899165900, 0.1499999991195999900 ) ) ;
#3055 = ADVANCED_FACE ( 'NONE', ( #17 ), #505, .T. ) ;
#3056 = CARTESIAN_POINT ( 'NONE',  ( 6.399999999999999500, 5.100872668170400600, 0.2499999999999996700 ) ) ;
#3057 = FACE_OUTER_BOUND ( 'NONE', #2400, .T. ) ;
#3058 = DIRECTION ( 'NONE',  ( -1.000000000000000000, -0.0000000000000000000, -0.0000000000000000000 ) ) ;
#3059 = CARTESIAN_POINT ( 'NONE',  ( 4.919999999999999900, 2.799999999999999800, 0.0000000000000000000 ) ) ;
#3060 = CARTESIAN_POINT ( 'NONE',  ( -8.904502085330149100, -4.904502085330149100, -14.05246824824914100 ) ) ;
#3061 = ORIENTED_EDGE ( 'NONE', *, *, #2615, .T. ) ;
#3062 = VECTOR ( 'NONE', #2696, 1000.000000000000100 ) ;
#3063 = EDGE_LOOP ( 'NONE', ( #2724, #1169, #3061, #2784 ) ) ;
#3064 = DIRECTION ( 'NONE',  ( -0.0000000000000000000, 1.000000000000000000, -0.0000000000000000000 ) ) ;
#3065 = CARTESIAN_POINT ( 'NONE',  ( 8.550953002633999500, -4.550953002634000400, -14.05000000000000200 ) ) ;
#3066 = DIRECTION ( 'NONE',  ( -1.000000000000000000, -0.0000000000000000000, -0.0000000000000000000 ) ) ;
#3067 = LINE ( 'NONE', #2596, #1133 ) ;
#3068 = ORIENTED_EDGE ( 'NONE', *, *, #346, .T. ) ;
ENDSEC;
END-ISO-10303-21;
