ISO-10303-21;
HEADER;
FILE_DESCRIPTION (( 'STEP AP214' ),
    '1' );
FILE_NAME ('LTP-747KR.STEP',
    '2022-05-17T22:29:20',
    ( '' ),
    ( '' ),
    'SwSTEP 2.0',
    'SolidWorks 2017',
    '' );
FILE_SCHEMA (( 'AUTOMOTIVE_DESIGN' ));
ENDSEC;

DATA;
#1 = ORIENTED_EDGE ( 'NONE', *, *, #5785, .T. ) ;
#2 = FACE_OUTER_BOUND ( 'NONE', #7740, .T. ) ;
#3 = ADVANCED_FACE ( 'NONE', ( #813 ), #8897, .T. ) ;
#4 = ORIENTED_EDGE ( 'NONE', *, *, #2104, .F. ) ;
#5 = DIRECTION ( 'NONE',  ( 0.0000000000000000000, 1.000000000000000000, 0.0000000000000000000 ) ) ;
#6 = CARTESIAN_POINT ( 'NONE',  ( -5.079999999999894400, 3.299857146501273600, 2.540000000000000500 ) ) ;
#7 = CARTESIAN_POINT ( 'NONE',  ( -2.539999999999947600, 6.299999999999999800, -1.550000000000000500 ) ) ;
#8 =( GEOMETRIC_REPRESENTATION_CONTEXT ( 3 ) GLOBAL_UNCERTAINTY_ASSIGNED_CONTEXT ( ( #1982 ) ) GLOBAL_UNIT_ASSIGNED_CONTEXT ( ( #4490, #1082, #285 ) ) REPRESENTATION_CONTEXT ( 'NONE', 'WORKASPACE' ) );
#9 = DIRECTION ( 'NONE',  ( -0.0000000000000000000, -1.000000000000000000, -0.0000000000000000000 ) ) ;
#10 = ORIENTED_EDGE ( 'NONE', *, *, #4517, .F. ) ;
#11 = LINE ( 'NONE', #6731, #5820 ) ;
#12 = DIRECTION ( 'NONE',  ( -0.0000000000000000000, 0.0000000000000000000, -1.000000000000000000 ) ) ;
#13 = MANIFOLD_SOLID_BREP ( 'Pin 3', #7815 ) ;
#14 = DIRECTION ( 'NONE',  ( -0.0000000000000000000, 0.0000000000000000000, 1.000000000000000000 ) ) ;
#15 = EDGE_CURVE ( 'NONE', #351, #3767, #1868, .T. ) ;
#16 = PLANE ( 'NONE',  #4039 ) ;
#17 = ORIENTED_EDGE ( 'NONE', *, *, #4832, .T. ) ;
#18 = VECTOR ( 'NONE', #2043, 1000.000000000000000 ) ;
#19 = VERTEX_POINT ( 'NONE', #4639 ) ;
#20 = EDGE_LOOP ( 'NONE', ( #3665, #1 ) ) ;
#21 = VECTOR ( 'NONE', #3737, 1000.000000000000000 ) ;
#22 = AXIS2_PLACEMENT_3D ( 'NONE', #7364, #5309, #6690 ) ;
#24 = VECTOR ( 'NONE', #4458, 1000.000000000000000 ) ;
#23 = DIRECTION ( 'NONE',  ( 0.0000000000000000000, -0.0000000000000000000, 1.000000000000000000 ) ) ;
#25 = CARTESIAN_POINT ( 'NONE',  ( 6.330000000000001800, 0.0000000000000000000, -7.302499999999997500 ) ) ;
#26 = FILL_AREA_STYLE_COLOUR ( '', #2664 ) ;
#27 = AXIS2_PLACEMENT_3D ( 'NONE', #2557, #6771, #8041 ) ;
#28 = CARTESIAN_POINT ( 'NONE',  ( -2.539999999999974700, 6.299999999999999800, -5.079999999999999200 ) ) ;
#29 = EDGE_CURVE ( 'NONE', #2739, #1367, #4770, .T. ) ;
#30 = LINE ( 'NONE', #7661, #2927 ) ;
#31 = DIRECTION ( 'NONE',  ( 0.0000000000000000000, -0.0000000000000000000, 1.000000000000000000 ) ) ;
#32 = ORIENTED_EDGE ( 'NONE', *, *, #967, .F. ) ;
#33 = ORIENTED_EDGE ( 'NONE', *, *, #2325, .F. ) ;
#34 = CYLINDRICAL_SURFACE ( 'NONE', #3090, 0.9899999999999995500 ) ;
#35 = LINE ( 'NONE', #5598, #1536 ) ;
#36 = FACE_OUTER_BOUND ( 'NONE', #5213, .T. ) ;
#37 =( GEOMETRIC_REPRESENTATION_CONTEXT ( 3 ) GLOBAL_UNCERTAINTY_ASSIGNED_CONTEXT ( ( #3003 ) ) GLOBAL_UNIT_ASSIGNED_CONTEXT ( ( #7427, #4668, #2571 ) ) REPRESENTATION_CONTEXT ( 'NONE', 'WORKASPACE' ) );
#38 = ORIENTED_EDGE ( 'NONE', *, *, #4755, .T. ) ;
#39 = EDGE_LOOP ( 'NONE', ( #5458, #7368 ) ) ;
#40 = DIRECTION ( 'NONE',  ( 0.0000000000000000000, 1.000000000000000000, 0.0000000000000000000 ) ) ;
#41 = CARTESIAN_POINT ( 'NONE',  ( -3.660000000000001000, -4.799999999999999800, 3.559999999999998700 ) ) ;
#42 = VECTOR ( 'NONE', #7172, 1000.000000000000000 ) ;
#43 = DIRECTION ( 'NONE',  ( 0.0000000000000000000, 1.000000000000000000, 0.0000000000000000000 ) ) ;
#44 = ORIENTED_EDGE ( 'NONE', *, *, #212, .T. ) ;
#45 = ORIENTED_EDGE ( 'NONE', *, *, #5151, .F. ) ;
#46 = ORIENTED_EDGE ( 'NONE', *, *, #7911, .F. ) ;
#47 = EDGE_CURVE ( 'NONE', #379, #2939, #2930, .T. ) ;
#48 = CIRCLE ( 'NONE', #474, 0.9899999999999995500 ) ;
#49 = CARTESIAN_POINT ( 'NONE',  ( 2.540000000000158600, 3.299857146501273600, 6.630000000000000800 ) ) ;
#50 = CYLINDRICAL_SURFACE ( 'NONE', #7339, 0.9899999999999995500 ) ;
#51 = DIRECTION ( 'NONE',  ( 0.0000000000000000000, 0.0000000000000000000, 1.000000000000000000 ) ) ;
#52 = ORIENTED_EDGE ( 'NONE', *, *, #4115, .T. ) ;
#53 = DIRECTION ( 'NONE',  ( 0.0000000000000000000, 1.000000000000000000, 0.0000000000000000000 ) ) ;
#54 = CARTESIAN_POINT ( 'NONE',  ( -3.660000000000001000, 1.000000000000000000, -1.520000000000000500 ) ) ;
#55 = DIRECTION ( 'NONE',  ( 0.0000000000000000000, 1.000000000000000000, 0.0000000000000000000 ) ) ;
#56 = FACE_OUTER_BOUND ( 'NONE', #6080, .T. ) ;
#57 = ORIENTED_EDGE ( 'NONE', *, *, #4743, .F. ) ;
#58 = ORIENTED_EDGE ( 'NONE', *, *, #3898, .F. ) ;
#59 = ORIENTED_EDGE ( 'NONE', *, *, #5670, .T. ) ;
#60 = ADVANCED_FACE ( 'NONE', ( #6932 ), #8866, .T. ) ;
#61 = ORIENTED_EDGE ( 'NONE', *, *, #7736, .T. ) ;
#62 = EDGE_CURVE ( 'NONE', #7362, #5875, #6176, .T. ) ;
#63 = CARTESIAN_POINT ( 'NONE',  ( -2.539999999999921400, 3.299857146501273600, 0.9899999999999993200 ) ) ;
#64 = AXIS2_PLACEMENT_3D ( 'NONE', #5009, #2218, #2922 ) ;
#65 = VECTOR ( 'NONE', #6324, 1000.000000000000000 ) ;
#66 = VECTOR ( 'NONE', #5557, 1000.000000000000000 ) ;
#67 = CARTESIAN_POINT ( 'NONE',  ( 2.540000000000078600, 6.100000000000000500, 0.0000000000000000000 ) ) ;
#68 = CARTESIAN_POINT ( 'NONE',  ( 5.080000000000133300, 3.299857146501273600, 4.090000000000001600 ) ) ;
#69 = CARTESIAN_POINT ( 'NONE',  ( 5.204170427930421300E-014, 6.299999999999999800, -2.539999999999999600 ) ) ;
#70 = ORIENTED_EDGE ( 'NONE', *, *, #2675, .F. ) ;
#71 = DIRECTION ( 'NONE',  ( 0.0000000000000000000, 0.0000000000000000000, 1.000000000000000000 ) ) ;
#72 = DIRECTION ( 'NONE',  ( 0.0000000000000000000, 1.000000000000000000, 0.0000000000000000000 ) ) ;
#73 = ORIENTED_EDGE ( 'NONE', *, *, #4291, .T. ) ;
#74 = AXIS2_PLACEMENT_3D ( 'NONE', #2788, #2123, #7618 ) ;
#75 = LINE ( 'NONE', #181, #7186 ) ;
#76 = AXIS2_PLACEMENT_3D ( 'NONE', #111, #5605, #2181 ) ;
#77 = UNCERTAINTY_MEASURE_WITH_UNIT (LENGTH_MEASURE( 1.000000000000000100E-005 ), #5436, 'distance_accuracy_value', 'NONE');
#78 = ORIENTED_EDGE ( 'NONE', *, *, #591, .T. ) ;
#79 = CARTESIAN_POINT ( 'NONE',  ( 2.614209217276769300E-014, 6.100000000000000500, -6.069999999999999400 ) ) ;
#80 = EDGE_CURVE ( 'NONE', #8615, #7710, #6064, .T. ) ;
#81 = DIRECTION ( 'NONE',  ( 0.0000000000000000000, 0.0000000000000000000, 1.000000000000000000 ) ) ;
#82 = LINE ( 'NONE', #5236, #2442 ) ;
#83 = ORIENTED_EDGE ( 'NONE', *, *, #955, .T. ) ;
#84 = DIRECTION ( 'NONE',  ( 0.0000000000000000000, 1.000000000000000000, 0.0000000000000000000 ) ) ;
#85 = FACE_OUTER_BOUND ( 'NONE', #7495, .T. ) ;
#86 = FILL_AREA_STYLE_COLOUR ( '', #7531 ) ;
#87 = VERTEX_POINT ( 'NONE', #4731 ) ;
#88 = DIRECTION ( 'NONE',  ( 0.0000000000000000000, 1.000000000000000000, 0.0000000000000000000 ) ) ;
#89 = ORIENTED_EDGE ( 'NONE', *, *, #4362, .F. ) ;
#90 = AXIS2_PLACEMENT_3D ( 'NONE', #446, #962, #1701 ) ;
#91 = FACE_OUTER_BOUND ( 'NONE', #4198, .T. ) ;
#92 = CYLINDRICAL_SURFACE ( 'NONE', #5103, 0.9899999999999995500 ) ;
#93 = EDGE_CURVE ( 'NONE', #6993, #7518, #5086, .T. ) ;
#94 = DIRECTION ( 'NONE',  ( -0.0000000000000000000, 0.0000000000000000000, -1.000000000000000000 ) ) ;
#95 = DIRECTION ( 'NONE',  ( 0.0000000000000000000, 0.0000000000000000000, 1.000000000000000000 ) ) ;
#96 = LINE ( 'NONE', #960, #3092 ) ;
#97 = AXIS2_PLACEMENT_3D ( 'NONE', #6587, #7987, #6556 ) ;
#98 =( LENGTH_UNIT ( ) NAMED_UNIT ( * ) SI_UNIT ( .MILLI., .METRE. ) );
#99 = PLANE ( 'NONE',  #2573 ) ;
#100 = VERTEX_POINT ( 'NONE', #2634 ) ;
#101 = ORIENTED_EDGE ( 'NONE', *, *, #1306, .F. ) ;
#102 = EDGE_CURVE ( 'NONE', #7710, #8594, #1129, .T. ) ;
#103 = ORIENTED_EDGE ( 'NONE', *, *, #2513, .T. ) ;
#104 = ADVANCED_FACE ( 'NONE', ( #4226 ), #34, .F. ) ;
#105 = FACE_OUTER_BOUND ( 'NONE', #1668, .T. ) ;
#106 = CARTESIAN_POINT ( 'NONE',  ( 2.540000000000158600, 6.100000000000000500, 7.620000000000000100 ) ) ;
#107 = DIRECTION ( 'NONE',  ( 0.0000000000000000000, 0.0000000000000000000, 1.000000000000000000 ) ) ;
#108 = UNCERTAINTY_MEASURE_WITH_UNIT (LENGTH_MEASURE( 1.000000000000000100E-005 ), #1993, 'distance_accuracy_value', 'NONE');
#109 = CARTESIAN_POINT ( 'NONE',  ( -5.080000000000001000, 6.100000000000000500, -8.609999999999999400 ) ) ;
#110 = CARTESIAN_POINT ( 'NONE',  ( 6.330000000000001800, 6.299999999999999800, 8.869999999999999200 ) ) ;
#112 = VECTOR ( 'NONE', #3634, 1000.000000000000000 ) ;
#111 = CARTESIAN_POINT ( 'NONE',  ( 5.080000000000104900, 3.299857146501273600, 2.540000000000000500 ) ) ;
#113 = ORIENTED_EDGE ( 'NONE', *, *, #7813, .F. ) ;
#114 = CARTESIAN_POINT ( 'NONE',  ( -2.539999999999894800, 3.299857146501273600, 1.550000000000001200 ) ) ;
#115 = EDGE_CURVE ( 'NONE', #2196, #5358, #7800, .T. ) ;
#116 = ADVANCED_FACE ( 'NONE', ( #481 ), #3493, .T. ) ;
#117 = MECHANICAL_DESIGN_GEOMETRIC_PRESENTATION_REPRESENTATION (  '', ( #3618 ), #8763 ) ;
#118 = ORIENTED_EDGE ( 'NONE', *, *, #3752, .T. ) ;
#119 = ADVANCED_FACE ( 'NONE', ( #5951 ), #6182, .T. ) ;
#120 = FACE_OUTER_BOUND ( 'NONE', #8141, .T. ) ;
#121 = CARTESIAN_POINT ( 'NONE',  ( 3.660000000000001000, 1.000000000000000000, -1.020000000000000000 ) ) ;
#122 =( NAMED_UNIT ( * ) SI_UNIT ( $, .STERADIAN. ) SOLID_ANGLE_UNIT ( ) );
#123 = ORIENTED_EDGE ( 'NONE', *, *, #8511, .T. ) ;
#124 = LINE ( 'NONE', #2724, #1845 ) ;
#125 = CARTESIAN_POINT ( 'NONE',  ( -2.539999999999894800, 6.100000000000000500, 1.550000000000001200 ) ) ;
#126 = AXIS2_PLACEMENT_3D ( 'NONE', #3106, #6450, #2340 ) ;
#127 =( NAMED_UNIT ( * ) SI_UNIT ( $, .STERADIAN. ) SOLID_ANGLE_UNIT ( ) );
#128 = CARTESIAN_POINT ( 'NONE',  ( 3.660000000000001000, -4.799999999999999800, -6.599999999999999600 ) ) ;
#129 = LINE ( 'NONE', #360, #3339 ) ;
#130 = EDGE_CURVE ( 'NONE', #4284, #3414, #4435, .T. ) ;
#131 = ORIENTED_EDGE ( 'NONE', *, *, #1882, .F. ) ;
#132 = CARTESIAN_POINT ( 'NONE',  ( 3.660000000000001000, -10.18309518948452900, -6.099999999999999600 ) ) ;
#133 = FACE_OUTER_BOUND ( 'NONE', #3554, .T. ) ;
#134 = EDGE_LOOP ( 'NONE', ( #5630, #5033 ) ) ;
#135 = CARTESIAN_POINT ( 'NONE',  ( -5.080000000000001000, 6.100000000000000500, -6.630000000000000800 ) ) ;
#136 = DIRECTION ( 'NONE',  ( 0.0000000000000000000, 0.0000000000000000000, -1.000000000000000000 ) ) ;
#137 =( NAMED_UNIT ( * ) PLANE_ANGLE_UNIT ( ) SI_UNIT ( $, .RADIAN. ) );
#138 = EDGE_CURVE ( 'NONE', #3065, #705, #3246, .T. ) ;
#139 = CYLINDRICAL_SURFACE ( 'NONE', #1210, 0.9899999999999995500 ) ;
#140 = CYLINDRICAL_SURFACE ( 'NONE', #6094, 0.9899999999999995500 ) ;
#141 = ADVANCED_FACE ( 'NONE', ( #7695 ), #7641, .T. ) ;
#142 =( GEOMETRIC_REPRESENTATION_CONTEXT ( 3 ) GLOBAL_UNCERTAINTY_ASSIGNED_CONTEXT ( ( #2363 ) ) GLOBAL_UNIT_ASSIGNED_CONTEXT ( ( #2867, #8271, #4190 ) ) REPRESENTATION_CONTEXT ( 'NONE', 'WORKASPACE' ) );
#143 = CARTESIAN_POINT ( 'NONE',  ( -2.539999999999921400, 6.100000000000000500, 0.0000000000000000000 ) ) ;
#144 = CIRCLE ( 'NONE', #4389, 0.9899999999999995500 ) ;
#145 = ORIENTED_EDGE ( 'NONE', *, *, #2675, .T. ) ;
#146 = EDGE_LOOP ( 'NONE', ( #6563, #2040 ) ) ;
#147 = VERTEX_POINT ( 'NONE', #733 ) ;
#148 = DIRECTION ( 'NONE',  ( 0.0000000000000000000, -1.000000000000000000, 0.0000000000000000000 ) ) ;
#149 = FACE_OUTER_BOUND ( 'NONE', #4468, .T. ) ;
#150 = CARTESIAN_POINT ( 'NONE',  ( -2.540000000000000900, 6.100000000000000500, -8.609999999999999400 ) ) ;
#151 = EDGE_CURVE ( 'NONE', #8401, #6961, #4125, .T. ) ;
#152 = VERTEX_POINT ( 'NONE', #41 ) ;
#153 = DIRECTION ( 'NONE',  ( 0.0000000000000000000, 0.0000000000000000000, 1.000000000000000000 ) ) ;
#154 = ORIENTED_EDGE ( 'NONE', *, *, #4272, .F. ) ;
#155 = ADVANCED_FACE ( 'NONE', ( #5727 ), #6907, .F. ) ;
#156 = VECTOR ( 'NONE', #7609, 1000.000000000000000 ) ;
#157 = VERTEX_POINT ( 'NONE', #79 ) ;
#158 = VECTOR ( 'NONE', #4630, 1000.000000000000000 ) ;
#159 =( GEOMETRIC_REPRESENTATION_CONTEXT ( 3 ) GLOBAL_UNCERTAINTY_ASSIGNED_CONTEXT ( ( #4901 ) ) GLOBAL_UNIT_ASSIGNED_CONTEXT ( ( #3168, #3935, #5237 ) ) REPRESENTATION_CONTEXT ( 'NONE', 'WORKASPACE' ) );
#160 = LINE ( 'NONE', #6833, #3690 ) ;
#161 = CARTESIAN_POINT ( 'NONE',  ( -3.960000000000000900, 1.000000000000000000, -4.060000000000000500 ) ) ;
#162 = ORIENTED_EDGE ( 'NONE', *, *, #239, .T. ) ;
#163 = PLANE ( 'NONE',  #6464 ) ;
#164 = LINE ( 'NONE', #578, #5651 ) ;
#165 = CARTESIAN_POINT ( 'NONE',  ( 3.660000000000001000, -10.18309518948452900, -6.599999999999999600 ) ) ;
#166 = AXIS2_PLACEMENT_3D ( 'NONE', #8292, #2399, #426 ) ;
#167 = ORIENTED_EDGE ( 'NONE', *, *, #2956, .F. ) ;
#168 = VERTEX_POINT ( 'NONE', #6153 ) ;
#169 = SURFACE_SIDE_STYLE ('',( #1645 ) ) ;
#170 = FILL_AREA_STYLE ('',( #2841 ) ) ;
#171 = DIRECTION ( 'NONE',  ( 0.0000000000000000000, 0.0000000000000000000, 1.000000000000000000 ) ) ;
#172 = ORIENTED_EDGE ( 'NONE', *, *, #6250, .F. ) ;
#173 = LINE ( 'NONE', #2824, #4902 ) ;
#174 = CIRCLE ( 'NONE', #6693, 0.9899999999999993200 ) ;
#175 = VERTEX_POINT ( 'NONE', #1395 ) ;
#176 = AXIS2_PLACEMENT_3D ( 'NONE', #6898, #2750, #7600 ) ;
#177 = EDGE_CURVE ( 'NONE', #2683, #1844, #6828, .T. ) ;
#178 = CARTESIAN_POINT ( 'NONE',  ( 2.540000000000131500, 6.100000000000000500, 5.080000000000001000 ) ) ;
#179 = AXIS2_PLACEMENT_3D ( 'NONE', #2643, #1202, #1894 ) ;
#180 = DIRECTION ( 'NONE',  ( 0.0000000000000000000, -1.000000000000000000, 0.0000000000000000000 ) ) ;
#181 = CARTESIAN_POINT ( 'NONE',  ( -3.960000000000000900, 1.000000000000000000, -3.559999999999999600 ) ) ;
#182 = ORIENTED_EDGE ( 'NONE', *, *, #5836, .F. ) ;
#183 = COLOUR_RGB ( '',0.5019607843137254800, 0.5019607843137254800, 0.5019607843137254800 ) ;
#184 = VERTEX_POINT ( 'NONE', #5486 ) ;
#185 = EDGE_LOOP ( 'NONE', ( #236, #6710, #2594, #6419 ) ) ;
#186 = AXIS2_PLACEMENT_3D ( 'NONE', #3381, #4768, #673 ) ;
#187 = CIRCLE ( 'NONE', #1880, 0.9899999999999995500 ) ;
#188 = ADVANCED_FACE ( 'NONE', ( #3903 ), #780, .T. ) ;
#189 = CARTESIAN_POINT ( 'NONE',  ( -2.539999999999974700, 6.299999999999999800, -4.089999999999999900 ) ) ;
#190 = EDGE_CURVE ( 'NONE', #1506, #6939, #4333, .T. ) ;
#191 = DIRECTION ( 'NONE',  ( 0.0000000000000000000, 0.0000000000000000000, -1.000000000000000000 ) ) ;
#192 = FACE_OUTER_BOUND ( 'NONE', #2631, .T. ) ;
#193 = PLANE ( 'NONE',  #8388 ) ;
#194 = CARTESIAN_POINT ( 'NONE',  ( -2.540000000000000900, 6.100000000000000500, -7.620000000000000100 ) ) ;
#195 = DIRECTION ( 'NONE',  ( 0.0000000000000000000, 1.000000000000000000, 0.0000000000000000000 ) ) ;
#196 = AXIS2_PLACEMENT_3D ( 'NONE', #2082, #692, #5485 ) ;
#197 = VERTEX_POINT ( 'NONE', #2145 ) ;
#198 = VERTEX_POINT ( 'NONE', #6971 ) ;
#199 = MECHANICAL_DESIGN_GEOMETRIC_PRESENTATION_REPRESENTATION (  '', ( #4180 ), #3415 ) ;
#200 = EDGE_CURVE ( 'NONE', #3905, #7742, #2074, .T. ) ;
#201 = FACE_BOUND ( 'NONE', #6038, .T. ) ;
#202 = CARTESIAN_POINT ( 'NONE',  ( 5.080000000000025800, 6.100000000000000500, -5.079999999999999200 ) ) ;
#203 = CARTESIAN_POINT ( 'NONE',  ( -5.079999999999948600, 6.299999999999999800, -2.539999999999999600 ) ) ;
#204 = CARTESIAN_POINT ( 'NONE',  ( 5.080000000000025800, 6.299999999999999800, -4.089999999999999900 ) ) ;
#205 = DIRECTION ( 'NONE',  ( 0.0000000000000000000, 1.000000000000000000, 0.0000000000000000000 ) ) ;
#206 = CARTESIAN_POINT ( 'NONE',  ( 1.059393720677008300E-013, 6.299999999999999800, 1.550000000000001200 ) ) ;
#207 = FACE_OUTER_BOUND ( 'NONE', #5294, .T. ) ;
#208 = ORIENTED_EDGE ( 'NONE', *, *, #8293, .T. ) ;
#209 = AXIS2_PLACEMENT_3D ( 'NONE', #3147, #7305, #1813 ) ;
#210 = ORIENTED_EDGE ( 'NONE', *, *, #876, .T. ) ;
#211 = ORIENTED_EDGE ( 'NONE', *, *, #4078, .F. ) ;
#212 = EDGE_CURVE ( 'NONE', #6976, #157, #245, .T. ) ;
#213 = CARTESIAN_POINT ( 'NONE',  ( -3.960000000000000900, -4.799999999999999800, -4.060000000000000500 ) ) ;
#214 = DIRECTION ( 'NONE',  ( -0.0000000000000000000, 1.000000000000000000, -0.0000000000000000000 ) ) ;
#215 =( NAMED_UNIT ( * ) PLANE_ANGLE_UNIT ( ) SI_UNIT ( $, .RADIAN. ) );
#216 = CLOSED_SHELL ( 'NONE', ( #1010, #8385, #2305, #7301 ) ) ;
#217 = LINE ( 'NONE', #1052, #7338 ) ;
#218 = VERTEX_POINT ( 'NONE', #5460 ) ;
#219 = DIRECTION ( 'NONE',  ( 0.0000000000000000000, 0.0000000000000000000, 1.000000000000000000 ) ) ;
#220 = EDGE_CURVE ( 'NONE', #4022, #8374, #5311, .T. ) ;
#221 = MECHANICAL_DESIGN_GEOMETRIC_PRESENTATION_REPRESENTATION (  '', ( #4372 ), #4493 ) ;
#222 = DIRECTION ( 'NONE',  ( -0.0000000000000000000, 1.000000000000000000, -0.0000000000000000000 ) ) ;
#223 = EDGE_LOOP ( 'NONE', ( #3641, #8877 ) ) ;
#224 = ADVANCED_FACE ( 'NONE', ( #2398 ), #8392, .F. ) ;
#225 = VECTOR ( 'NONE', #732, 1000.000000000000000 ) ;
#226 = CARTESIAN_POINT ( 'NONE',  ( -5.079999999999868600, 6.100000000000000500, 6.070000000000001200 ) ) ;
#227 = CARTESIAN_POINT ( 'NONE',  ( 5.079999999999999200, 6.100000000000000500, -7.620000000000000100 ) ) ;
#228 = VERTEX_POINT ( 'NONE', #2175 ) ;
#229 = VECTOR ( 'NONE', #718, 1000.000000000000000 ) ;
#230 = EDGE_LOOP ( 'NONE', ( #6246, #5044, #2812, #4846 ) ) ;
#231 = CARTESIAN_POINT ( 'NONE',  ( 5.080000000000079100, 6.100000000000000500, 0.0000000000000000000 ) ) ;
#232 = CARTESIAN_POINT ( 'NONE',  ( -2.539999999999841500, 3.299857146501273600, 6.630000000000000800 ) ) ;
#233 = MECHANICAL_DESIGN_GEOMETRIC_PRESENTATION_REPRESENTATION (  '', ( #7804 ), #727 ) ;
#234 = PLANE ( 'NONE',  #4061 ) ;
#235 = AXIS2_PLACEMENT_3D ( 'NONE', #3891, #8717, #1177 ) ;
#236 = ORIENTED_EDGE ( 'NONE', *, *, #789, .F. ) ;
#237 = VECTOR ( 'NONE', #5758, 1000.000000000000000 ) ;
#238 = PLANE ( 'NONE',  #1821 ) ;
#239 = EDGE_CURVE ( 'NONE', #7825, #3983, #6386, .T. ) ;
#240 = CARTESIAN_POINT ( 'NONE',  ( 3.660000000000001000, -10.18309518948452900, 1.019999999999999100 ) ) ;
#241 = DIRECTION ( 'NONE',  ( -0.0000000000000000000, 1.000000000000000000, -0.0000000000000000000 ) ) ;
#242 = ORIENTED_EDGE ( 'NONE', *, *, #8911, .F. ) ;
#243 = ORIENTED_EDGE ( 'NONE', *, *, #5525, .T. ) ;
#244 = AXIS2_PLACEMENT_3D ( 'NONE', #2071, #6230, #1450 ) ;
#245 = CIRCLE ( 'NONE', #8822, 0.9899999999999995500 ) ;
#246 = DIRECTION ( 'NONE',  ( -0.0000000000000000000, 1.000000000000000000, -0.0000000000000000000 ) ) ;
#247 = FILL_AREA_STYLE_COLOUR ( '', #1206 ) ;
#248 = VERTEX_POINT ( 'NONE', #4301 ) ;
#249 = LINE ( 'NONE', #5340, #5208 ) ;
#250 = CIRCLE ( 'NONE', #2884, 0.9899999999999993200 ) ;
#251 = CARTESIAN_POINT ( 'NONE',  ( 2.540000000000105700, 6.100000000000000500, 1.550000000000001200 ) ) ;
#252 = VERTEX_POINT ( 'NONE', #189 ) ;
#253 = EDGE_CURVE ( 'NONE', #717, #7869, #1224, .T. ) ;
#254 = DIRECTION ( 'NONE',  ( 0.0000000000000000000, 1.000000000000000000, 0.0000000000000000000 ) ) ;
#255 = ORIENTED_EDGE ( 'NONE', *, *, #6825, .T. ) ;
#256 = FACE_OUTER_BOUND ( 'NONE', #6497, .T. ) ;
#257 = VERTEX_POINT ( 'NONE', #4249 ) ;
#258 = ORIENTED_EDGE ( 'NONE', *, *, #7151, .T. ) ;
#259 = ORIENTED_EDGE ( 'NONE', *, *, #2769, .F. ) ;
#260 = CIRCLE ( 'NONE', #5253, 0.9899999999999995500 ) ;
#261 = LINE ( 'NONE', #8220, #7382 ) ;
#262 = CLOSED_SHELL ( 'NONE', ( #5922, #6918, #4482, #8605 ) ) ;
#263 = AXIS2_PLACEMENT_3D ( 'NONE', #1834, #459, #6649 ) ;
#264 = FILL_AREA_STYLE_COLOUR ( '', #3512 ) ;
#265 = ORIENTED_EDGE ( 'NONE', *, *, #2435, .T. ) ;
#266 = CARTESIAN_POINT ( 'NONE',  ( -2.539999999999921400, 6.100000000000000500, 0.9899999999999993200 ) ) ;
#267 = EDGE_LOOP ( 'NONE', ( #6105, #2448, #5045, #478 ) ) ;
#268 = DIRECTION ( 'NONE',  ( 0.0000000000000000000, 1.000000000000000000, 0.0000000000000000000 ) ) ;
#269 = ORIENTED_EDGE ( 'NONE', *, *, #5509, .F. ) ;
#270 = EDGE_CURVE ( 'NONE', #991, #820, #3466, .T. ) ;
#271 = ORIENTED_EDGE ( 'NONE', *, *, #8394, .T. ) ;
#272 = VECTOR ( 'NONE', #3626, 1000.000000000000000 ) ;
#273 = CIRCLE ( 'NONE', #1738, 0.9899999999999993200 ) ;
#274 = AXIS2_PLACEMENT_3D ( 'NONE', #1066, #6524, #8545 ) ;
#275 = ADVANCED_FACE ( 'NONE', ( #592 ), #4873, .T. ) ;
#276 = ORIENTED_EDGE ( 'NONE', *, *, #7119, .F. ) ;
#277 = CARTESIAN_POINT ( 'NONE',  ( 2.540000000000158600, 6.100000000000000500, 7.620000000000000100 ) ) ;
#278 = DIRECTION ( 'NONE',  ( -0.0000000000000000000, 1.000000000000000000, -0.0000000000000000000 ) ) ;
#279 = EDGE_CURVE ( 'NONE', #1430, #218, #7141, .T. ) ;
#280 = DIRECTION ( 'NONE',  ( 0.0000000000000000000, 1.000000000000000000, 0.0000000000000000000 ) ) ;
#281 = CARTESIAN_POINT ( 'NONE',  ( -5.079999999999842000, 6.100000000000000500, 7.620000000000000100 ) ) ;
#282 = VERTEX_POINT ( 'NONE', #5662 ) ;
#283 =( NAMED_UNIT ( * ) SI_UNIT ( $, .STERADIAN. ) SOLID_ANGLE_UNIT ( ) );
#284 = LINE ( 'NONE', #8406, #4588 ) ;
#285 =( NAMED_UNIT ( * ) SI_UNIT ( $, .STERADIAN. ) SOLID_ANGLE_UNIT ( ) );
#286 = ORIENTED_EDGE ( 'NONE', *, *, #3936, .T. ) ;
#287 = FILL_AREA_STYLE_COLOUR ( '', #6663 ) ;
#288 = ADVANCED_FACE ( 'NONE', ( #3142 ), #915, .F. ) ;
#289 = DIRECTION ( 'NONE',  ( 0.0000000000000000000, 0.0000000000000000000, 1.000000000000000000 ) ) ;
#290 = CARTESIAN_POINT ( 'NONE',  ( -5.080000000000001000, 6.100000000000000500, -6.630000000000000800 ) ) ;
#291 = VECTOR ( 'NONE', #3592, 1000.000000000000000 ) ;
#292 = ORIENTED_EDGE ( 'NONE', *, *, #8273, .T. ) ;
#293 = ADVANCED_FACE ( 'NONE', ( #3027 ), #383, .F. ) ;
#294 = CARTESIAN_POINT ( 'NONE',  ( -6.329999999999997400, 6.299999999999999800, -8.869999999999999200 ) ) ;
#295 = LINE ( 'NONE', #49, #2778 ) ;
#296 = AXIS2_PLACEMENT_3D ( 'NONE', #1481, #3542, #8320 ) ;
#297 = MANIFOLD_SOLID_BREP ( 'LED 71', #3942 ) ;
#298 = DIRECTION ( 'NONE',  ( 0.0000000000000000000, 0.0000000000000000000, 1.000000000000000000 ) ) ;
#299 = ORIENTED_EDGE ( 'NONE', *, *, #3848, .T. ) ;
#300 = ORIENTED_EDGE ( 'NONE', *, *, #1242, .F. ) ;
#301 = CARTESIAN_POINT ( 'NONE',  ( 2.602085213965210600E-014, 6.100000000000000500, -4.089999999999999900 ) ) ;
#302 = CARTESIAN_POINT ( 'NONE',  ( 5.080000000000159100, 6.100000000000000500, 7.620000000000000100 ) ) ;
#303 = CYLINDRICAL_SURFACE ( 'NONE', #6029, 0.9899999999999995500 ) ;
#304 = DIRECTION ( 'NONE',  ( 0.0000000000000000000, 0.0000000000000000000, 1.000000000000000000 ) ) ;
#305 = MECHANICAL_DESIGN_GEOMETRIC_PRESENTATION_REPRESENTATION (  '', ( #435 ), #1686 ) ;
#306 = SURFACE_SIDE_STYLE ('',( #4779 ) ) ;
#307 = DIRECTION ( 'NONE',  ( -0.0000000000000000000, 1.000000000000000000, -0.0000000000000000000 ) ) ;
#308 = DIRECTION ( 'NONE',  ( 0.0000000000000000000, -0.0000000000000000000, 1.000000000000000000 ) ) ;
#309 = EDGE_CURVE ( 'NONE', #1602, #3208, #1333, .T. ) ;
#310 = VERTEX_POINT ( 'NONE', #7878 ) ;
#311 = CARTESIAN_POINT ( 'NONE',  ( -3.960000000000000900, 1.000000000000000000, -1.520000000000000500 ) ) ;
#312 = SURFACE_STYLE_USAGE ( .BOTH. , #3760 ) ;
#314 = PLANE ( 'NONE',  #445 ) ;
#313 = DIRECTION ( 'NONE',  ( 0.0000000000000000000, 0.0000000000000000000, 1.000000000000000000 ) ) ;
#315 = ORIENTED_EDGE ( 'NONE', *, *, #6411, .F. ) ;
#316 = VECTOR ( 'NONE', #704, 1000.000000000000000 ) ;
#317 = AXIS2_PLACEMENT_3D ( 'NONE', #7907, #3788, #2357 ) ;
#318 = CARTESIAN_POINT ( 'NONE',  ( -2.539999999999947600, 6.100000000000000500, -1.550000000000000500 ) ) ;
#319 = VERTEX_POINT ( 'NONE', #1723 ) ;
#320 =( LENGTH_UNIT ( ) NAMED_UNIT ( * ) SI_UNIT ( .MILLI., .METRE. ) );
#321 = PRESENTATION_LAYER_ASSIGNMENT (  '', '', ( #4810 ) ) ;
#322 = CARTESIAN_POINT ( 'NONE',  ( 2.540000000000105700, 3.299857146501273600, 2.540000000000000500 ) ) ;
#323 = ADVANCED_FACE ( 'NONE', ( #8008 ), #1054, .F. ) ;
#324 = EDGE_CURVE ( 'NONE', #1367, #7279, #5301, .T. ) ;
#325 = VECTOR ( 'NONE', #4276, 1000.000000000000000 ) ;
#326 =( LENGTH_UNIT ( ) NAMED_UNIT ( * ) SI_UNIT ( .MILLI., .METRE. ) );
#327 = DIRECTION ( 'NONE',  ( -0.0000000000000000000, -1.000000000000000000, -0.0000000000000000000 ) ) ;
#328 = DIRECTION ( 'NONE',  ( 0.0000000000000000000, 1.000000000000000000, 0.0000000000000000000 ) ) ;
#329 = ORIENTED_EDGE ( 'NONE', *, *, #6595, .T. ) ;
#330 = ORIENTED_EDGE ( 'NONE', *, *, #931, .F. ) ;
#331 = DIRECTION ( 'NONE',  ( -0.0000000000000000000, -1.000000000000000000, -0.0000000000000000000 ) ) ;
#332 = AXIS2_PLACEMENT_3D ( 'NONE', #7070, #1475, #6282 ) ;
#333 = CIRCLE ( 'NONE', #926, 0.9899999999999995500 ) ;
#334 = ADVANCED_FACE ( 'NONE', ( #5202 ), #8437, .T. ) ;
#335 = AXIS2_PLACEMENT_3D ( 'NONE', #5190, #5161, #3097 ) ;
#336 = ADVANCED_FACE ( 'NONE', ( #3667 ), #8865, .T. ) ;
#337 = ORIENTED_EDGE ( 'NONE', *, *, #8595, .T. ) ;
#338 = VECTOR ( 'NONE', #6848, 1000.000000000000000 ) ;
#339 = CIRCLE ( 'NONE', #8756, 0.9899999999999995500 ) ;
#340 = PLANE ( 'NONE',  #3432 ) ;
#341 = CARTESIAN_POINT ( 'NONE',  ( 3.960000000000000900, -4.799999999999999800, -6.599999999999999600 ) ) ;
#342 = DIRECTION ( 'NONE',  ( 0.0000000000000000000, 0.0000000000000000000, 1.000000000000000000 ) ) ;
#344 = CARTESIAN_POINT ( 'NONE',  ( -3.960000000000000900, -10.18309518948452900, -4.060000000000000500 ) ) ;
#343 = CARTESIAN_POINT ( 'NONE',  ( -2.539999999999867700, 6.100000000000000500, 5.080000000000001000 ) ) ;
#345 = MANIFOLD_SOLID_BREP ( 'LED 15', #533 ) ;
#346 = ORIENTED_EDGE ( 'NONE', *, *, #7995, .F. ) ;
#347 = EDGE_CURVE ( 'NONE', #6939, #1506, #1631, .T. ) ;
#348 = LINE ( 'NONE', #918, #5830 ) ;
#349 =( GEOMETRIC_REPRESENTATION_CONTEXT ( 3 ) GLOBAL_UNCERTAINTY_ASSIGNED_CONTEXT ( ( #5801 ) ) GLOBAL_UNIT_ASSIGNED_CONTEXT ( ( #4017, #8791, #1925 ) ) REPRESENTATION_CONTEXT ( 'NONE', 'WORKASPACE' ) );
#350 = FACE_OUTER_BOUND ( 'NONE', #1056, .T. ) ;
#351 = VERTEX_POINT ( 'NONE', #751 ) ;
#352 = CARTESIAN_POINT ( 'NONE',  ( 5.080000000000079100, 6.299999999999999800, 0.0000000000000000000 ) ) ;
#353 = DIRECTION ( 'NONE',  ( 0.0000000000000000000, 1.000000000000000000, 0.0000000000000000000 ) ) ;
#354 = DIRECTION ( 'NONE',  ( 0.0000000000000000000, 0.0000000000000000000, 1.000000000000000000 ) ) ;
#355 = DIRECTION ( 'NONE',  ( 0.0000000000000000000, 1.000000000000000000, 0.0000000000000000000 ) ) ;
#356 = ORIENTED_EDGE ( 'NONE', *, *, #2796, .T. ) ;
#357 = DIRECTION ( 'NONE',  ( -0.0000000000000000000, 1.000000000000000000, -0.0000000000000000000 ) ) ;
#358 = FACE_BOUND ( 'NONE', #6215, .T. ) ;
#359 = VECTOR ( 'NONE', #7190, 1000.000000000000000 ) ;
#360 = CARTESIAN_POINT ( 'NONE',  ( -6.329999999999997400, 6.299999999999999800, -8.869999999999999200 ) ) ;
#361 = DIRECTION ( 'NONE',  ( 0.0000000000000000000, 0.0000000000000000000, 1.000000000000000000 ) ) ;
#362 = DIRECTION ( 'NONE',  ( 0.0000000000000000000, -0.0000000000000000000, 1.000000000000000000 ) ) ;
#363 = VECTOR ( 'NONE', #3813, 1000.000000000000000 ) ;
#364 = AXIS2_PLACEMENT_3D ( 'NONE', #2035, #6824, #8845 ) ;
#365 = LINE ( 'NONE', #786, #3680 ) ;
#366 = DIRECTION ( 'NONE',  ( 0.0000000000000000000, 0.0000000000000000000, 1.000000000000000000 ) ) ;
#367 = AXIS2_PLACEMENT_3D ( 'NONE', #5902, #4515, #5814 ) ;
#368 = DIRECTION ( 'NONE',  ( 0.0000000000000000000, 1.000000000000000000, 0.0000000000000000000 ) ) ;
#369 = CIRCLE ( 'NONE', #4446, 0.9899999999999995500 ) ;
#370 = ORIENTED_EDGE ( 'NONE', *, *, #7001, .F. ) ;
#371 = EDGE_CURVE ( 'NONE', #2062, #1194, #2726, .T. ) ;
#372 = EDGE_LOOP ( 'NONE', ( #1030, #3612, #4802, #2072 ) ) ;
#373 = ORIENTED_EDGE ( 'NONE', *, *, #2956, .T. ) ;
#374 = CARTESIAN_POINT ( 'NONE',  ( 2.540000000000051500, 6.299999999999999800, -3.529999999999999400 ) ) ;
#375 = FACE_OUTER_BOUND ( 'NONE', #7966, .T. ) ;
#376 = CARTESIAN_POINT ( 'NONE',  ( -7.461217048728156800E-016, 6.100000000000000500, -8.609999999999999400 ) ) ;
#377 = EDGE_LOOP ( 'NONE', ( #8682, #3108, #4248, #8345, #4283, #8358, #131, #1042, #2317, #8104, #4052, #5172 ) ) ;
#378 = DIRECTION ( 'NONE',  ( 0.0000000000000000000, 1.000000000000000000, 0.0000000000000000000 ) ) ;
#379 = VERTEX_POINT ( 'NONE', #1772 ) ;
#380 = LINE ( 'NONE', #2415, #4994 ) ;
#381 = EDGE_LOOP ( 'NONE', ( #5160, #2836, #3487, #8799 ) ) ;
#382 = SURFACE_STYLE_USAGE ( .BOTH. , #6567 ) ;
#383 = PLANE ( 'NONE',  #335 ) ;
#384 = EDGE_LOOP ( 'NONE', ( #4633, #271, #4106, #5374 ) ) ;
#385 = COLOUR_RGB ( '',0.5019607843137254800, 0.5019607843137254800, 0.5019607843137254800 ) ;
#386 = EDGE_CURVE ( 'NONE', #3719, #100, #7131, .T. ) ;
#387 = ORIENTED_EDGE ( 'NONE', *, *, #5906, .F. ) ;
#388 = ADVANCED_FACE ( 'NONE', ( #4540 ), #3810, .F. ) ;
#389 = CARTESIAN_POINT ( 'NONE',  ( -5.079999999999868600, 6.100000000000000500, 4.090000000000001600 ) ) ;
#390 = PLANE ( 'NONE',  #515 ) ;
#391 = CIRCLE ( 'NONE', #3285, 0.9899999999999995500 ) ;
#392 = DIRECTION ( 'NONE',  ( -1.000000000000000000, 0.0000000000000000000, -0.0000000000000000000 ) ) ;
#393 = ORIENTED_EDGE ( 'NONE', *, *, #8227, .F. ) ;
#394 = ORIENTED_EDGE ( 'NONE', *, *, #3884, .F. ) ;
#395 = AXIS2_PLACEMENT_3D ( 'NONE', #6002, #3920, #7449 ) ;
#396 = CARTESIAN_POINT ( 'NONE',  ( -3.960000000000000900, -10.18309518948452900, 6.099999999999999600 ) ) ;
#397 = CARTESIAN_POINT ( 'NONE',  ( -5.079999999999974300, 6.100000000000000500, -5.079999999999999200 ) ) ;
#398 =( NAMED_UNIT ( * ) PLANE_ANGLE_UNIT ( ) SI_UNIT ( $, .RADIAN. ) );
#399 = FILL_AREA_STYLE ('',( #5985 ) ) ;
#400 = EDGE_LOOP ( 'NONE', ( #3007, #5908, #616, #4876 ) ) ;
#401 = FACE_OUTER_BOUND ( 'NONE', #3513, .T. ) ;
#402 = EDGE_CURVE ( 'NONE', #2355, #7760, #6701, .T. ) ;
#403 = ORIENTED_EDGE ( 'NONE', *, *, #4539, .F. ) ;
#404 = DIRECTION ( 'NONE',  ( 0.0000000000000000000, 0.0000000000000000000, 1.000000000000000000 ) ) ;
#405 = ORIENTED_EDGE ( 'NONE', *, *, #4985, .F. ) ;
#406 = AXIS2_PLACEMENT_3D ( 'NONE', #3402, #8243, #4077 ) ;
#407 = VECTOR ( 'NONE', #7625, 1000.000000000000000 ) ;
#408 = DIRECTION ( 'NONE',  ( 0.0000000000000000000, 1.000000000000000000, 0.0000000000000000000 ) ) ;
#409 = CARTESIAN_POINT ( 'NONE',  ( 5.080000000000104900, 6.100000000000000500, 2.540000000000000500 ) ) ;
#410 = ORIENTED_EDGE ( 'NONE', *, *, #371, .F. ) ;
#411 = ORIENTED_EDGE ( 'NONE', *, *, #2036, .F. ) ;
#412 = EDGE_CURVE ( 'NONE', #8267, #8796, #4324, .T. ) ;
#413 = CARTESIAN_POINT ( 'NONE',  ( 2.539999999999998700, 6.100000000000000500, -6.630000000000000800 ) ) ;
#414 = AXIS2_PLACEMENT_3D ( 'NONE', #1807, #6552, #5862 ) ;
#415 = FILL_AREA_STYLE_COLOUR ( '', #5055 ) ;
#416 = FACE_OUTER_BOUND ( 'NONE', #6968, .T. ) ;
#418 = CARTESIAN_POINT ( 'NONE',  ( -5.079999999999842000, 6.100000000000000500, 6.630000000000000800 ) ) ;
#417 = CARTESIAN_POINT ( 'NONE',  ( -3.660000000000001000, -10.18309518948452900, 6.599999999999999600 ) ) ;
#419 = LINE ( 'NONE', #4432, #5466 ) ;
#420 = PLANE ( 'NONE',  #7114 ) ;
#421 = AXIS2_PLACEMENT_3D ( 'NONE', #6314, #6920, #3439 ) ;
#423 = CIRCLE ( 'NONE', #5133, 0.9899999999999995500 ) ;
#422 = AXIS2_PLACEMENT_3D ( 'NONE', #8510, #355, #484 ) ;
#424 = DIRECTION ( 'NONE',  ( -0.0000000000000000000, 1.000000000000000000, -0.0000000000000000000 ) ) ;
#425 = ORIENTED_EDGE ( 'NONE', *, *, #1278, .F. ) ;
#426 = DIRECTION ( 'NONE',  ( 0.0000000000000000000, 0.0000000000000000000, 1.000000000000000000 ) ) ;
#427 = DIRECTION ( 'NONE',  ( 0.0000000000000000000, 0.0000000000000000000, -1.000000000000000000 ) ) ;
#428 = DIRECTION ( 'NONE',  ( 0.0000000000000000000, 1.000000000000000000, 0.0000000000000000000 ) ) ;
#429 = EDGE_CURVE ( 'NONE', #8515, #5740, #2507, .T. ) ;
#430 = DIRECTION ( 'NONE',  ( 0.0000000000000000000, 1.000000000000000000, 0.0000000000000000000 ) ) ;
#431 = ORIENTED_EDGE ( 'NONE', *, *, #5497, .F. ) ;
#432 = CARTESIAN_POINT ( 'NONE',  ( 1.319602242073529200E-013, 6.299999999999999800, 4.090000000000001600 ) ) ;
#433 = FACE_BOUND ( 'NONE', #1877, .T. ) ;
#434 = ADVANCED_FACE ( 'NONE', ( #7571 ), #4057, .F. ) ;
#435 = STYLED_ITEM ( 'NONE', ( #6494 ), #3870 ) ;
#436 = CARTESIAN_POINT ( 'NONE',  ( 3.660000000000001000, -4.799999999999999800, -6.099999999999999600 ) ) ;
#437 = DIRECTION ( 'NONE',  ( 0.0000000000000000000, 1.000000000000000000, 0.0000000000000000000 ) ) ;
#438 = EDGE_LOOP ( 'NONE', ( #7156, #242, #6374, #3351 ) ) ;
#439 = EDGE_CURVE ( 'NONE', #3148, #3653, #4011, .T. ) ;
#440 = VERTEX_POINT ( 'NONE', #226 ) ;
#441 = CARTESIAN_POINT ( 'NONE',  ( -5.080000000000001000, 6.299999999999999800, -7.620000000000000100 ) ) ;
#442 = DIRECTION ( 'NONE',  ( 0.0000000000000000000, 0.0000000000000000000, 1.000000000000000000 ) ) ;
#443 = VERTEX_POINT ( 'NONE', #6397 ) ;
#444 = CIRCLE ( 'NONE', #7962, 0.9899999999999995500 ) ;
#445 = AXIS2_PLACEMENT_3D ( 'NONE', #5843, #3794, #2511 ) ;
#446 = CARTESIAN_POINT ( 'NONE',  ( 7.892991815694472300E-014, 6.100000000000000500, 0.0000000000000000000 ) ) ;
#447 = PLANE ( 'NONE',  #1567 ) ;
#448 = DIRECTION ( 'NONE',  ( 0.0000000000000000000, 0.0000000000000000000, 1.000000000000000000 ) ) ;
#449 = ORIENTED_EDGE ( 'NONE', *, *, #4527, .T. ) ;
#450 = VECTOR ( 'NONE', #6089, 1000.000000000000000 ) ;
#451 = EDGE_CURVE ( 'NONE', #6279, #5641, #907, .T. ) ;
#452 = DIRECTION ( 'NONE',  ( 0.0000000000000000000, 0.0000000000000000000, 1.000000000000000000 ) ) ;
#453 = FACE_OUTER_BOUND ( 'NONE', #6351, .T. ) ;
#454 = CARTESIAN_POINT ( 'NONE',  ( 6.330000000000001800, 6.100000000000000500, -8.869999999999999200 ) ) ;
#455 = CARTESIAN_POINT ( 'NONE',  ( -3.960000000000000900, -10.18309518948452900, 6.099999999999999600 ) ) ;
#456 = AXIS2_PLACEMENT_3D ( 'NONE', #5017, #5590, #6988 ) ;
#457 = ORIENTED_EDGE ( 'NONE', *, *, #3823, .F. ) ;
#458 = LINE ( 'NONE', #341, #6468 ) ;
#459 = DIRECTION ( 'NONE',  ( 0.0000000000000000000, 1.000000000000000000, 0.0000000000000000000 ) ) ;
#460 = CLOSED_SHELL ( 'NONE', ( #8508, #6830, #5609, #2903 ) ) ;
#461 = CLOSED_SHELL ( 'NONE', ( #7832, #4261, #8282, #4942 ) ) ;
#462 = EDGE_CURVE ( 'NONE', #7108, #3864, #7032, .T. ) ;
#463 = CARTESIAN_POINT ( 'NONE',  ( 1.587271980518778500E-013, 6.299999999999999800, 7.620000000000000100 ) ) ;
#464 = DIRECTION ( 'NONE',  ( -0.0000000000000000000, 1.000000000000000000, -0.0000000000000000000 ) ) ;
#465 = MANIFOLD_SOLID_BREP ( 'LED 12', #4486 ) ;
#466 = VERTEX_POINT ( 'NONE', #318 ) ;
#467 = CIRCLE ( 'NONE', #7181, 0.9899999999999995500 ) ;
#468 = DIRECTION ( 'NONE',  ( 0.0000000000000000000, -0.0000000000000000000, 1.000000000000000000 ) ) ;
#469 = CARTESIAN_POINT ( 'NONE',  ( -5.080000000000001000, 6.100000000000000500, -6.630000000000000800 ) ) ;
#470 = CARTESIAN_POINT ( 'NONE',  ( 1.058181320345852300E-013, 6.100000000000000500, 2.540000000000000500 ) ) ;
#471 = CIRCLE ( 'NONE', #209, 0.9899999999999995500 ) ;
#472 = CIRCLE ( 'NONE', #3287, 0.9899999999999995500 ) ;
#473 = CARTESIAN_POINT ( 'NONE',  ( 5.080000000000053400, 6.299999999999999800, -3.529999999999999400 ) ) ;
#474 = AXIS2_PLACEMENT_3D ( 'NONE', #4094, #4184, #71 ) ;
#475 = ADVANCED_FACE ( 'NONE', ( #1749 ), #3558, .T. ) ;
#476 = FACE_OUTER_BOUND ( 'NONE', #5437, .T. ) ;
#477 = ORIENTED_EDGE ( 'NONE', *, *, #1899, .F. ) ;
#478 = ORIENTED_EDGE ( 'NONE', *, *, #5336, .F. ) ;
#479 = DIRECTION ( 'NONE',  ( 0.0000000000000000000, 0.0000000000000000000, 1.000000000000000000 ) ) ;
#481 = FACE_OUTER_BOUND ( 'NONE', #2888, .T. ) ;
#480 = CARTESIAN_POINT ( 'NONE',  ( 5.080000000000133300, 6.100000000000000500, 4.090000000000001600 ) ) ;
#482 = PLANE ( 'NONE',  #2828 ) ;
#483 = ORIENTED_EDGE ( 'NONE', *, *, #429, .F. ) ;
#484 = DIRECTION ( 'NONE',  ( 0.0000000000000000000, 0.0000000000000000000, 1.000000000000000000 ) ) ;
#485 = LINE ( 'NONE', #4398, #4337 ) ;
#486 = DIRECTION ( 'NONE',  ( 0.0000000000000000000, 0.0000000000000000000, 1.000000000000000000 ) ) ;
#487 = DIRECTION ( 'NONE',  ( 0.0000000000000000000, 1.000000000000000000, 0.0000000000000000000 ) ) ;
#488 = EDGE_LOOP ( 'NONE', ( #7972, #8892 ) ) ;
#489 = VERTEX_POINT ( 'NONE', #7091 ) ;
#490 = LINE ( 'NONE', #7326, #7588 ) ;
#491 = ORIENTED_EDGE ( 'NONE', *, *, #7049, .T. ) ;
#492 = CARTESIAN_POINT ( 'NONE',  ( 5.080000000000053400, 6.100000000000000500, -1.550000000000000500 ) ) ;
#493 = DIRECTION ( 'NONE',  ( -0.0000000000000000000, 1.000000000000000000, -0.0000000000000000000 ) ) ;
#494 = EDGE_LOOP ( 'NONE', ( #2228, #7102, #6521, #5571 ) ) ;
#495 = AXIS2_PLACEMENT_3D ( 'NONE', #1067, #5861, #361 ) ;
#496 = ORIENTED_EDGE ( 'NONE', *, *, #1353, .F. ) ;
#497 = CYLINDRICAL_SURFACE ( 'NONE', #2306, 0.9899999999999993200 ) ;
#498 = LINE ( 'NONE', #5246, #4780 ) ;
#499 = CARTESIAN_POINT ( 'NONE',  ( -5.079999999999921000, 6.100000000000000500, 0.0000000000000000000 ) ) ;
#500 = VERTEX_POINT ( 'NONE', #6549 ) ;
#501 = EDGE_CURVE ( 'NONE', #3767, #8146, #8429, .T. ) ;
#502 = SURFACE_STYLE_FILL_AREA ( #8117 ) ;
#503 = VERTEX_POINT ( 'NONE', #1606 ) ;
#504 = ORIENTED_EDGE ( 'NONE', *, *, #8869, .F. ) ;
#505 = VERTEX_POINT ( 'NONE', #3717 ) ;
#506 = CARTESIAN_POINT ( 'NONE',  ( 5.080000000000053400, 6.299999999999999800, -2.539999999999999600 ) ) ;
#507 = DIRECTION ( 'NONE',  ( -0.0000000000000000000, 1.000000000000000000, -0.0000000000000000000 ) ) ;
#508 = EDGE_LOOP ( 'NONE', ( #7541, #6531, #5726, #5390 ) ) ;
#509 = AXIS2_PLACEMENT_3D ( 'NONE', #7519, #7486, #8864 ) ;
#510 = UNCERTAINTY_MEASURE_WITH_UNIT (LENGTH_MEASURE( 1.000000000000000100E-005 ), #8562, 'distance_accuracy_value', 'NONE');
#511 = DIRECTION ( 'NONE',  ( 0.0000000000000000000, 0.0000000000000000000, 1.000000000000000000 ) ) ;
#512 = CARTESIAN_POINT ( 'NONE',  ( -4.762500000000000200, 1.000000000000000000, -7.302499999999997500 ) ) ;
#513 = LINE ( 'NONE', #6616, #3708 ) ;
#514 = DIRECTION ( 'NONE',  ( 0.0000000000000000000, 0.0000000000000000000, 1.000000000000000000 ) ) ;
#515 = AXIS2_PLACEMENT_3D ( 'NONE', #3800, #5972, #4610 ) ;
#516 = ORIENTED_EDGE ( 'NONE', *, *, #8832, .T. ) ;
#517 = EDGE_CURVE ( 'NONE', #3730, #6385, #594, .T. ) ;
#518 = DIRECTION ( 'NONE',  ( 0.0000000000000000000, 1.000000000000000000, 0.0000000000000000000 ) ) ;
#519 = CARTESIAN_POINT ( 'NONE',  ( -3.660000000000001000, 1.000000000000000000, 1.019999999999999100 ) ) ;
#520 = DIRECTION ( 'NONE',  ( -0.0000000000000000000, 1.000000000000000000, -0.0000000000000000000 ) ) ;
#521 = DIRECTION ( 'NONE',  ( 0.0000000000000000000, 0.0000000000000000000, 1.000000000000000000 ) ) ;
#522 = EDGE_LOOP ( 'NONE', ( #2406, #1992 ) ) ;
#523 = DIRECTION ( 'NONE',  ( 0.0000000000000000000, 1.000000000000000000, 0.0000000000000000000 ) ) ;
#524 = CARTESIAN_POINT ( 'NONE',  ( 5.080000000000079100, 6.299999999999999800, 0.0000000000000000000 ) ) ;
#525 = AXIS2_PLACEMENT_3D ( 'NONE', #5273, #7358, #8740 ) ;
#526 = DIRECTION ( 'NONE',  ( 0.0000000000000000000, 0.0000000000000000000, 1.000000000000000000 ) ) ;
#527 = EDGE_LOOP ( 'NONE', ( #3369, #4332, #1302, #8445 ) ) ;
#528 = SURFACE_STYLE_USAGE ( .BOTH. , #3842 ) ;
#529 = CARTESIAN_POINT ( 'NONE',  ( 0.0000000000000000000, 1.000000000000000000, 7.302499999999997500 ) ) ;
#530 = CARTESIAN_POINT ( 'NONE',  ( -2.539999999999921400, 3.299857146501273600, 0.0000000000000000000 ) ) ;
#531 = EDGE_CURVE ( 'NONE', #5101, #1434, #348, .T. ) ;
#532 = LINE ( 'NONE', #7365, #4063 ) ;
#533 = CLOSED_SHELL ( 'NONE', ( #1616, #3604, #2366, #4073 ) ) ;
#534 = VECTOR ( 'NONE', #1229, 1000.000000000000000 ) ;
#535 = CARTESIAN_POINT ( 'NONE',  ( -3.660000000000001000, -4.799999999999999800, -1.020000000000000000 ) ) ;
#536 = ADVANCED_FACE ( 'NONE', ( #896 ), #3051, .F. ) ;
#537 = EDGE_LOOP ( 'NONE', ( #6904, #6881 ) ) ;
#538 = CARTESIAN_POINT ( 'NONE',  ( -5.080000000000001000, 6.100000000000000500, -6.630000000000000800 ) ) ;
#539 = CARTESIAN_POINT ( 'NONE',  ( 5.080000000000104900, 6.299999999999999800, 2.540000000000000500 ) ) ;
#540 = CYLINDRICAL_SURFACE ( 'NONE', #8537, 0.9899999999999995500 ) ;
#541 = DIRECTION ( 'NONE',  ( 0.0000000000000000000, 0.0000000000000000000, 1.000000000000000000 ) ) ;
#542 = VECTOR ( 'NONE', #4316, 1000.000000000000000 ) ;
#543 = EDGE_CURVE ( 'NONE', #1290, #1258, #7697, .T. ) ;
#544 = CARTESIAN_POINT ( 'NONE',  ( -3.960000000000000900, -4.799999999999999800, -6.099999999999999600 ) ) ;
#545 = AXIS2_PLACEMENT_3D ( 'NONE', #3552, #5032, #4311 ) ;
#546 = SURFACE_STYLE_USAGE ( .BOTH. , #8713 ) ;
#547 = CIRCLE ( 'NONE', #4956, 0.9899999999999993200 ) ;
#548 = DIRECTION ( 'NONE',  ( 0.0000000000000000000, 0.0000000000000000000, 1.000000000000000000 ) ) ;
#549 = DIRECTION ( 'NONE',  ( -0.0000000000000000000, 1.000000000000000000, -0.0000000000000000000 ) ) ;
#550 = ORIENTED_EDGE ( 'NONE', *, *, #7782, .F. ) ;
#551 = DIRECTION ( 'NONE',  ( -0.0000000000000000000, 1.000000000000000000, -0.0000000000000000000 ) ) ;
#552 = CARTESIAN_POINT ( 'NONE',  ( 2.539999999999998700, 6.100000000000000500, -7.620000000000000100 ) ) ;
#553 = AXIS2_PLACEMENT_3D ( 'NONE', #8095, #1858, #2611 ) ;
#554 = DIRECTION ( 'NONE',  ( 0.0000000000000000000, -0.0000000000000000000, 1.000000000000000000 ) ) ;
#555 = VERTEX_POINT ( 'NONE', #7893 ) ;
#556 = CARTESIAN_POINT ( 'NONE',  ( 3.660000000000001000, 1.000000000000000000, -4.060000000000000500 ) ) ;
#557 = FACE_BOUND ( 'NONE', #6200, .T. ) ;
#558 = CARTESIAN_POINT ( 'NONE',  ( 3.660000000000001000, -4.799999999999999800, -4.060000000000000500 ) ) ;
#559 = DIRECTION ( 'NONE',  ( 0.0000000000000000000, 1.000000000000000000, 0.0000000000000000000 ) ) ;
#560 = DIRECTION ( 'NONE',  ( 0.0000000000000000000, -0.0000000000000000000, -1.000000000000000000 ) ) ;
#561 = EDGE_CURVE ( 'NONE', #2426, #440, #4000, .T. ) ;
#562 = ORIENTED_EDGE ( 'NONE', *, *, #2165, .F. ) ;
#563 = DIRECTION ( 'NONE',  ( 1.000000000000000000, 0.0000000000000000000, 0.0000000000000000000 ) ) ;
#564 = VECTOR ( 'NONE', #4104, 1000.000000000000000 ) ;
#565 = AXIS2_PLACEMENT_3D ( 'NONE', #8407, #4380, #5678 ) ;
#566 = CARTESIAN_POINT ( 'NONE',  ( 5.080000000000104900, 6.299999999999999800, 2.540000000000000500 ) ) ;
#567 = ORIENTED_EDGE ( 'NONE', *, *, #6719, .F. ) ;
#568 = ORIENTED_EDGE ( 'NONE', *, *, #5944, .T. ) ;
#569 = VECTOR ( 'NONE', #8201, 1000.000000000000000 ) ;
#570 = DIRECTION ( 'NONE',  ( 0.0000000000000000000, 1.000000000000000000, 0.0000000000000000000 ) ) ;
#571 = EDGE_CURVE ( 'NONE', #4853, #3442, #6476, .T. ) ;
#572 = VECTOR ( 'NONE', #2559, 1000.000000000000000 ) ;
#573 = DIRECTION ( 'NONE',  ( -1.000000000000000000, 0.0000000000000000000, 0.0000000000000000000 ) ) ;
#574 = ORIENTED_EDGE ( 'NONE', *, *, #1882, .T. ) ;
#575 = ADVANCED_FACE ( 'NONE', ( #1325 ), #3082, .F. ) ;
#576 = DIRECTION ( 'NONE',  ( 0.0000000000000000000, 1.000000000000000000, 0.0000000000000000000 ) ) ;
#577 = DIRECTION ( 'NONE',  ( -1.000000000000000000, 0.0000000000000000000, -0.0000000000000000000 ) ) ;
#578 = CARTESIAN_POINT ( 'NONE',  ( -4.762500000000000200, 0.0000000000000000000, -0.0000000000000000000 ) ) ;
#579 = DIRECTION ( 'NONE',  ( 0.0000000000000000000, 0.0000000000000000000, 1.000000000000000000 ) ) ;
#580 = EDGE_CURVE ( 'NONE', #7822, #7054, #4530, .T. ) ;
#581 = CARTESIAN_POINT ( 'NONE',  ( 1.587271980518778500E-013, 6.100000000000000500, 7.620000000000000100 ) ) ;
#582 = VERTEX_POINT ( 'NONE', #7926 ) ;
#583 = FACE_BOUND ( 'NONE', #8577, .T. ) ;
#584 = PLANE ( 'NONE',  #5757 ) ;
#585 = DIRECTION ( 'NONE',  ( 0.0000000000000000000, 0.0000000000000000000, 1.000000000000000000 ) ) ;
#586 = FILL_AREA_STYLE ('',( #7412 ) ) ;
#587 = EDGE_LOOP ( 'NONE', ( #7277, #6736, #862, #6741 ) ) ;
#588 = MANIFOLD_SOLID_BREP ( 'LED 55', #2526 ) ;
#589 = CIRCLE ( 'NONE', #7006, 0.9899999999999995500 ) ;
#590 = VERTEX_POINT ( 'NONE', #2345 ) ;
#591 = EDGE_CURVE ( 'NONE', #8316, #2906, #6588, .T. ) ;
#592 = FACE_OUTER_BOUND ( 'NONE', #7150, .T. ) ;
#593 = AXIS2_PLACEMENT_3D ( 'NONE', #6404, #5698, #7202 ) ;
#594 = CIRCLE ( 'NONE', #5993, 0.9899999999999995500 ) ;
#595 = LINE ( 'NONE', #7971, #3137 ) ;
#596 = VECTOR ( 'NONE', #136, 1000.000000000000000 ) ;
#597 = CIRCLE ( 'NONE', #3687, 0.9899999999999995500 ) ;
#598 = FILL_AREA_STYLE_COLOUR ( '', #662 ) ;
#599 = ORIENTED_EDGE ( 'NONE', *, *, #5642, .T. ) ;
#600 = DIRECTION ( 'NONE',  ( 0.0000000000000000000, -0.0000000000000000000, 1.000000000000000000 ) ) ;
#601 = ORIENTED_EDGE ( 'NONE', *, *, #2789, .F. ) ;
#602 = ORIENTED_EDGE ( 'NONE', *, *, #3455, .T. ) ;
#603 = CARTESIAN_POINT ( 'NONE',  ( -5.080000000000001000, 6.299999999999999800, -6.630000000000000800 ) ) ;
#604 = CIRCLE ( 'NONE', #1999, 0.9899999999999993200 ) ;
#605 = AXIS2_PLACEMENT_3D ( 'NONE', #8376, #2818, #4231 ) ;
#606 = EDGE_LOOP ( 'NONE', ( #8248, #2548 ) ) ;
#607 = EDGE_LOOP ( 'NONE', ( #2436, #2103 ) ) ;
#608 = CARTESIAN_POINT ( 'NONE',  ( 2.539999999999998700, 6.299999999999999800, -7.620000000000000100 ) ) ;
#609 = CARTESIAN_POINT ( 'NONE',  ( 5.204170427930421300E-014, 6.299999999999999800, -2.539999999999999600 ) ) ;
#610 = CIRCLE ( 'NONE', #8907, 0.9899999999999993200 ) ;
#611 = ORIENTED_EDGE ( 'NONE', *, *, #4539, .T. ) ;
#612 = EDGE_CURVE ( 'NONE', #8627, #4818, #6368, .T. ) ;
#613 = EDGE_LOOP ( 'NONE', ( #2063, #5878 ) ) ;
#614 = CARTESIAN_POINT ( 'NONE',  ( -3.960000000000000900, -10.18309518948452900, -1.520000000000000500 ) ) ;
#615 = CYLINDRICAL_SURFACE ( 'NONE', #4782, 0.9899999999999995500 ) ;
#616 = ORIENTED_EDGE ( 'NONE', *, *, #2877, .T. ) ;
#617 = DIRECTION ( 'NONE',  ( -1.000000000000000000, 0.0000000000000000000, 0.0000000000000000000 ) ) ;
#618 = DIRECTION ( 'NONE',  ( 0.0000000000000000000, 0.0000000000000000000, 1.000000000000000000 ) ) ;
#619 = CARTESIAN_POINT ( 'NONE',  ( 2.540000000000078600, 6.100000000000000500, 0.0000000000000000000 ) ) ;
#620 = DIRECTION ( 'NONE',  ( 1.000000000000000000, 0.0000000000000000000, -0.0000000000000000000 ) ) ;
#621 = VECTOR ( 'NONE', #8783, 1000.000000000000000 ) ;
#622 = EDGE_LOOP ( 'NONE', ( #1230, #5193, #2245, #6247 ) ) ;
#623 = EDGE_LOOP ( 'NONE', ( #3165, #4549, #1151, #2719, #5112, #7727, #7200, #2764 ) ) ;
#624 = ADVANCED_FACE ( 'NONE', ( #8213 ), #5840, .F. ) ;
#625 = EDGE_CURVE ( 'NONE', #2196, #1575, #7460, .T. ) ;
#626 = PLANE ( 'NONE',  #7046 ) ;
#627 = UNCERTAINTY_MEASURE_WITH_UNIT (LENGTH_MEASURE( 1.000000000000000100E-005 ), #7453, 'distance_accuracy_value', 'NONE');
#628 = EDGE_LOOP ( 'NONE', ( #7591, #4993, #2830, #3742 ) ) ;
#629 = CIRCLE ( 'NONE', #4724, 0.9899999999999995500 ) ;
#630 = DIRECTION ( 'NONE',  ( -0.0000000000000000000, 1.000000000000000000, -0.0000000000000000000 ) ) ;
#631 = CARTESIAN_POINT ( 'NONE',  ( -5.080000000000001000, 6.100000000000000500, -7.620000000000000100 ) ) ;
#632 = VERTEX_POINT ( 'NONE', #4563 ) ;
#633 = AXIS2_PLACEMENT_3D ( 'NONE', #1943, #4637, #1222 ) ;
#634 = DIRECTION ( 'NONE',  ( -0.0000000000000000000, 1.000000000000000000, -0.0000000000000000000 ) ) ;
#635 = DIRECTION ( 'NONE',  ( 0.0000000000000000000, 1.000000000000000000, 0.0000000000000000000 ) ) ;
#636 = VECTOR ( 'NONE', #881, 1000.000000000000000 ) ;
#637 = CLOSED_SHELL ( 'NONE', ( #8456, #2080, #3059, #3795 ) ) ;
#638 = VECTOR ( 'NONE', #767, 1000.000000000000000 ) ;
#639 = EDGE_CURVE ( 'NONE', #440, #2426, #4750, .T. ) ;
#640 = ORIENTED_EDGE ( 'NONE', *, *, #8691, .F. ) ;
#641 = VERTEX_POINT ( 'NONE', #2371 ) ;
#642 = CARTESIAN_POINT ( 'NONE',  ( -8.673617379884035500E-016, 6.100000000000000500, -7.620000000000000100 ) ) ;
#643 = DIRECTION ( 'NONE',  ( -0.0000000000000000000, 1.000000000000000000, -0.0000000000000000000 ) ) ;
#644 = VECTOR ( 'NONE', #693, 1000.000000000000000 ) ;
#645 = PRESENTATION_LAYER_ASSIGNMENT (  '', '', ( #7732 ) ) ;
#646 = SURFACE_STYLE_USAGE ( .BOTH. , #4051 ) ;
#647 = DIRECTION ( 'NONE',  ( 0.0000000000000000000, 0.0000000000000000000, 1.000000000000000000 ) ) ;
#648 = CARTESIAN_POINT ( 'NONE',  ( 2.540000000000078600, 6.299999999999999800, -0.9899999999999993200 ) ) ;
#649 = AXIS2_PLACEMENT_3D ( 'NONE', #1199, #487, #6698 ) ;
#650 = CARTESIAN_POINT ( 'NONE',  ( -6.329999999999997400, 6.299999999999999800, 8.869999999999999200 ) ) ;
#651 = FACE_OUTER_BOUND ( 'NONE', #3411, .T. ) ;
#652 = ORIENTED_EDGE ( 'NONE', *, *, #429, .T. ) ;
#653 = ORIENTED_EDGE ( 'NONE', *, *, #1679, .T. ) ;
#654 = ORIENTED_EDGE ( 'NONE', *, *, #4230, .F. ) ;
#655 = ORIENTED_EDGE ( 'NONE', *, *, #6073, .F. ) ;
#657 = FACE_BOUND ( 'NONE', #1263, .T. ) ;
#656 = PRESENTATION_LAYER_ASSIGNMENT (  '', '', ( #6636 ) ) ;
#658 = VERTEX_POINT ( 'NONE', #4593 ) ;
#659 = PLANE ( 'NONE',  #1846 ) ;
#660 = DIRECTION ( 'NONE',  ( 0.0000000000000000000, -0.0000000000000000000, 1.000000000000000000 ) ) ;
#661 = DIRECTION ( 'NONE',  ( 0.0000000000000000000, 1.000000000000000000, 0.0000000000000000000 ) ) ;
#662 = COLOUR_RGB ( '',0.7921568627450980000, 0.8196078431372548800, 0.9333333333333333500 ) ;
#663 = ORIENTED_EDGE ( 'NONE', *, *, #6903, .T. ) ;
#664 = ADVANCED_FACE ( 'NONE', ( #7250 ), #3776, .F. ) ;
#665 = ORIENTED_EDGE ( 'NONE', *, *, #6915, .F. ) ;
#666 = CARTESIAN_POINT ( 'NONE',  ( -3.960000000000000900, 1.000000000000000000, -6.599999999999999600 ) ) ;
#667 = ORIENTED_EDGE ( 'NONE', *, *, #4088, .T. ) ;
#668 = CARTESIAN_POINT ( 'NONE',  ( -5.079999999999842000, 6.299999999999999800, 8.609999999999999400 ) ) ;
#669 = PRODUCT_DEFINITION_FORMATION_WITH_SPECIFIED_SOURCE ( 'ANY', '', #2589, .NOT_KNOWN. ) ;
#670 = CARTESIAN_POINT ( 'NONE',  ( 3.660000000000001000, -4.799999999999999800, 1.019999999999999100 ) ) ;
#671 = FACE_OUTER_BOUND ( 'NONE', #4714, .T. ) ;
#672 = DIRECTION ( 'NONE',  ( 0.0000000000000000000, 0.0000000000000000000, 1.000000000000000000 ) ) ;
#673 = DIRECTION ( 'NONE',  ( 0.0000000000000000000, -0.0000000000000000000, 1.000000000000000000 ) ) ;
#674 = EDGE_CURVE ( 'NONE', #489, #6280, #2915, .T. ) ;
#675 = CARTESIAN_POINT ( 'NONE',  ( -5.079999999999842000, 6.100000000000000500, 8.609999999999999400 ) ) ;
#676 = EDGE_LOOP ( 'NONE', ( #7953, #83 ) ) ;
#677 = CIRCLE ( 'NONE', #1137, 0.9899999999999995500 ) ;
#678 = CIRCLE ( 'NONE', #8012, 0.9899999999999993200 ) ;
#679 = PRESENTATION_LAYER_ASSIGNMENT (  '', '', ( #4629 ) ) ;
#680 = DIRECTION ( 'NONE',  ( 0.0000000000000000000, 0.0000000000000000000, 1.000000000000000000 ) ) ;
#681 = AXIS2_PLACEMENT_3D ( 'NONE', #4497, #3167, #452 ) ;
#682 = ORIENTED_EDGE ( 'NONE', *, *, #3192, .F. ) ;
#683 = LINE ( 'NONE', #4164, #6049 ) ;
#684 = CARTESIAN_POINT ( 'NONE',  ( 2.540000000000131500, 6.299999999999999800, 6.070000000000001200 ) ) ;
#685 = EDGE_CURVE ( 'NONE', #4156, #3905, #5406, .T. ) ;
#686 = DIRECTION ( 'NONE',  ( 0.0000000000000000000, 0.0000000000000000000, 1.000000000000000000 ) ) ;
#687 = CARTESIAN_POINT ( 'NONE',  ( -5.079999999999921000, 6.100000000000000500, 0.0000000000000000000 ) ) ;
#688 = PRESENTATION_STYLE_ASSIGNMENT (( #2132 ) ) ;
#689 = ORIENTED_EDGE ( 'NONE', *, *, #5722, .F. ) ;
#690 = ORIENTED_EDGE ( 'NONE', *, *, #1426, .T. ) ;
#691 = VECTOR ( 'NONE', #2961, 1000.000000000000000 ) ;
#692 = DIRECTION ( 'NONE',  ( 0.0000000000000000000, 0.0000000000000000000, 1.000000000000000000 ) ) ;
#694 = COLOUR_RGB ( '',0.5019607843137254800, 0.5019607843137254800, 0.5019607843137254800 ) ;
#693 = DIRECTION ( 'NONE',  ( -0.0000000000000000000, 1.000000000000000000, -0.0000000000000000000 ) ) ;
#695 = DIRECTION ( 'NONE',  ( 0.0000000000000000000, 0.0000000000000000000, 1.000000000000000000 ) ) ;
#696 = FACE_OUTER_BOUND ( 'NONE', #6585, .T. ) ;
#697 = EDGE_CURVE ( 'NONE', #7787, #5484, #7022, .T. ) ;
#698 = CARTESIAN_POINT ( 'NONE',  ( 3.960000000000000900, 1.000000000000000000, 1.019999999999999100 ) ) ;
#699 = MANIFOLD_SOLID_BREP ( 'LED 62', #5000 ) ;
#700 = CYLINDRICAL_SURFACE ( 'NONE', #3464, 0.9899999999999995500 ) ;
#701 = CARTESIAN_POINT ( 'NONE',  ( -6.330000000000000100, 1.000000000000000000, -7.302499999999997500 ) ) ;
#702 = ORIENTED_EDGE ( 'NONE', *, *, #3326, .F. ) ;
#703 = CARTESIAN_POINT ( 'NONE',  ( 3.660000000000001000, -4.799999999999999800, -3.559999999999999600 ) ) ;
#704 = DIRECTION ( 'NONE',  ( 0.0000000000000000000, 1.000000000000000000, 0.0000000000000000000 ) ) ;
#705 = VERTEX_POINT ( 'NONE', #3135 ) ;
#706 = VECTOR ( 'NONE', #551, 1000.000000000000000 ) ;
#707 = ORIENTED_EDGE ( 'NONE', *, *, #6355, .T. ) ;
#708 = CIRCLE ( 'NONE', #5503, 0.9899999999999993200 ) ;
#709 = VECTOR ( 'NONE', #6012, 1000.000000000000000 ) ;
#710 = EDGE_LOOP ( 'NONE', ( #6109, #2294, #6334, #986 ) ) ;
#711 = ADVANCED_FACE ( 'NONE', ( #4424 ), #8222, .T. ) ;
#712 = EDGE_LOOP ( 'NONE', ( #4717, #7577, #864, #3241 ) ) ;
#713 = EDGE_CURVE ( 'NONE', #8699, #885, #8439, .T. ) ;
#714 = DIRECTION ( 'NONE',  ( 0.0000000000000000000, 1.000000000000000000, 0.0000000000000000000 ) ) ;
#715 = EDGE_LOOP ( 'NONE', ( #4330, #46, #4467, #812 ) ) ;
#716 = PRESENTATION_LAYER_ASSIGNMENT (  '', '', ( #4372 ) ) ;
#717 = VERTEX_POINT ( 'NONE', #2465 ) ;
#718 = DIRECTION ( 'NONE',  ( -0.0000000000000000000, 1.000000000000000000, -0.0000000000000000000 ) ) ;
#719 = DIRECTION ( 'NONE',  ( -0.0000000000000000000, 1.000000000000000000, -0.0000000000000000000 ) ) ;
#720 = CYLINDRICAL_SURFACE ( 'NONE', #1219, 0.9899999999999995500 ) ;
#721 = CIRCLE ( 'NONE', #3212, 0.9899999999999995500 ) ;
#722 = CARTESIAN_POINT ( 'NONE',  ( 3.660000000000001000, 1.000000000000000000, 4.059999999999999600 ) ) ;
#723 = ORIENTED_EDGE ( 'NONE', *, *, #7311, .T. ) ;
#724 = CARTESIAN_POINT ( 'NONE',  ( 5.080000000000104900, 6.100000000000000500, 3.530000000000000200 ) ) ;
#725 = CARTESIAN_POINT ( 'NONE',  ( -5.080000000000001000, 6.100000000000000500, -6.630000000000000800 ) ) ;
#726 = ORIENTED_EDGE ( 'NONE', *, *, #1332, .T. ) ;
#727 =( GEOMETRIC_REPRESENTATION_CONTEXT ( 3 ) GLOBAL_UNCERTAINTY_ASSIGNED_CONTEXT ( ( #2605 ) ) GLOBAL_UNIT_ASSIGNED_CONTEXT ( ( #1736, #398, #7263 ) ) REPRESENTATION_CONTEXT ( 'NONE', 'WORKASPACE' ) );
#728 = ORIENTED_EDGE ( 'NONE', *, *, #3382, .T. ) ;
#729 = ORIENTED_EDGE ( 'NONE', *, *, #151, .F. ) ;
#730 = AXIS2_PLACEMENT_3D ( 'NONE', #7289, #8785, #6737 ) ;
#731 = ORIENTED_EDGE ( 'NONE', *, *, #905, .T. ) ;
#732 = DIRECTION ( 'NONE',  ( 0.0000000000000000000, 1.000000000000000000, 0.0000000000000000000 ) ) ;
#733 = CARTESIAN_POINT ( 'NONE',  ( 5.080000000000104900, 6.299999999999999800, 1.550000000000001200 ) ) ;
#734 = CARTESIAN_POINT ( 'NONE',  ( 5.079999999999999200, 3.299857146501273600, -7.620000000000000100 ) ) ;
#735 = EDGE_CURVE ( 'NONE', #3067, #3938, #2187, .T. ) ;
#736 = FACE_OUTER_BOUND ( 'NONE', #2806, .T. ) ;
#737 = CLOSED_SHELL ( 'NONE', ( #6107, #475, #8390, #928 ) ) ;
#738 = CARTESIAN_POINT ( 'NONE',  ( 7.892991815694472300E-014, 6.299999999999999800, 0.0000000000000000000 ) ) ;
#739 = CARTESIAN_POINT ( 'NONE',  ( -2.539999999999947600, 6.100000000000000500, -2.539999999999999600 ) ) ;
#740 = AXIS2_PLACEMENT_3D ( 'NONE', #6257, #6319, #6895 ) ;
#741 = ORIENTED_EDGE ( 'NONE', *, *, #4684, .T. ) ;
#742 = CYLINDRICAL_SURFACE ( 'NONE', #3623, 0.9899999999999995500 ) ;
#743 = EDGE_LOOP ( 'NONE', ( #5837, #7537, #4224, #5227 ) ) ;
#744 = EDGE_CURVE ( 'NONE', #3181, #6279, #3565, .T. ) ;
#745 = DIRECTION ( 'NONE',  ( -0.0000000000000000000, 1.000000000000000000, -0.0000000000000000000 ) ) ;
#746 =( LENGTH_UNIT ( ) NAMED_UNIT ( * ) SI_UNIT ( .MILLI., .METRE. ) );
#747 = SURFACE_STYLE_FILL_AREA ( #7287 ) ;
#748 = CARTESIAN_POINT ( 'NONE',  ( 5.080000000000025800, 6.100000000000000500, -4.089999999999999900 ) ) ;
#749 = DIRECTION ( 'NONE',  ( 1.000000000000000000, 0.0000000000000000000, 0.0000000000000000000 ) ) ;
#750 = CARTESIAN_POINT ( 'NONE',  ( -2.539999999999894800, 6.100000000000000500, 1.550000000000001200 ) ) ;
#751 = CARTESIAN_POINT ( 'NONE',  ( -5.079999999999921000, 6.100000000000000500, 0.9899999999999993200 ) ) ;
#752 = EDGE_CURVE ( 'NONE', #3992, #2651, #6598, .T. ) ;
#753 = VECTOR ( 'NONE', #6158, 1000.000000000000000 ) ;
#754 = ADVANCED_FACE ( 'NONE', ( #5623 ), #4526, .F. ) ;
#755 = CARTESIAN_POINT ( 'NONE',  ( 1.318389841742373400E-013, 6.299999999999999800, 6.070000000000001200 ) ) ;
#756 = DIRECTION ( 'NONE',  ( 0.0000000000000000000, 1.000000000000000000, 0.0000000000000000000 ) ) ;
#757 = AXIS2_PLACEMENT_3D ( 'NONE', #231, #1678, #5860 ) ;
#758 = CARTESIAN_POINT ( 'NONE',  ( 5.080000000000053400, 6.299999999999999800, -2.539999999999999600 ) ) ;
#759 = SURFACE_STYLE_FILL_AREA ( #1983 ) ;
#760 = CARTESIAN_POINT ( 'NONE',  ( 5.080000000000159100, 6.299999999999999800, 7.620000000000000100 ) ) ;
#761 = CARTESIAN_POINT ( 'NONE',  ( 2.540000000000051500, 6.100000000000000500, -2.539999999999999600 ) ) ;
#762 = DIRECTION ( 'NONE',  ( 0.0000000000000000000, 0.0000000000000000000, 1.000000000000000000 ) ) ;
#763 = EDGE_CURVE ( 'NONE', #2540, #3469, #1120, .T. ) ;
#764 = ADVANCED_FACE ( 'NONE', ( #5207 ), #1752, .F. ) ;
#765 = AXIS2_PLACEMENT_3D ( 'NONE', #3113, #7295, #2493 ) ;
#766 = ORIENTED_EDGE ( 'NONE', *, *, #6662, .T. ) ;
#767 = DIRECTION ( 'NONE',  ( 0.0000000000000000000, 1.000000000000000000, 0.0000000000000000000 ) ) ;
#768 = VERTEX_POINT ( 'NONE', #648 ) ;
#769 = PLANE ( 'NONE',  #7267 ) ;
#770 = DIRECTION ( 'NONE',  ( 0.0000000000000000000, 0.0000000000000000000, -1.000000000000000000 ) ) ;
#771 = MECHANICAL_DESIGN_GEOMETRIC_PRESENTATION_REPRESENTATION (  '', ( #5067 ), #5695 ) ;
#772 = CARTESIAN_POINT ( 'NONE',  ( 2.540000000000105700, 6.100000000000000500, 3.530000000000000200 ) ) ;
#773 = EDGE_CURVE ( 'NONE', #3938, #3067, #6167, .T. ) ;
#774 = ORIENTED_EDGE ( 'NONE', *, *, #4850, .T. ) ;
#775 = ORIENTED_EDGE ( 'NONE', *, *, #8555, .T. ) ;
#776 = SURFACE_STYLE_FILL_AREA ( #7968 ) ;
#777 = ORIENTED_EDGE ( 'NONE', *, *, #5868, .T. ) ;
#778 = LINE ( 'NONE', #1829, #1613 ) ;
#779 = DIRECTION ( 'NONE',  ( 0.0000000000000000000, 0.0000000000000000000, -1.000000000000000000 ) ) ;
#780 = PLANE ( 'NONE',  #8367 ) ;
#781 = UNCERTAINTY_MEASURE_WITH_UNIT (LENGTH_MEASURE( 1.000000000000000100E-005 ), #98, 'distance_accuracy_value', 'NONE');
#782 = AXIS2_PLACEMENT_3D ( 'NONE', #5778, #4452, #1720 ) ;
#783 = CARTESIAN_POINT ( 'NONE',  ( 2.540000000000131500, 6.100000000000000500, 4.090000000000001600 ) ) ;
#784 = ORIENTED_EDGE ( 'NONE', *, *, #2058, .F. ) ;
#785 = LINE ( 'NONE', #1918, #2164 ) ;
#786 = CARTESIAN_POINT ( 'NONE',  ( -3.960000000000000900, 1.000000000000000000, -1.020000000000000000 ) ) ;
#787 = DIRECTION ( 'NONE',  ( 0.0000000000000000000, 1.000000000000000000, 0.0000000000000000000 ) ) ;
#788 = CARTESIAN_POINT ( 'NONE',  ( -5.080000000000001000, 6.100000000000000500, -7.620000000000000100 ) ) ;
#789 = EDGE_CURVE ( 'NONE', #3798, #8627, #1977, .T. ) ;
#790 = DIRECTION ( 'NONE',  ( -0.0000000000000000000, -1.000000000000000000, -0.0000000000000000000 ) ) ;
#791 = LINE ( 'NONE', #3562, #7452 ) ;
#792 = EDGE_LOOP ( 'NONE', ( #6842, #103 ) ) ;
#793 = ADVANCED_FACE ( 'NONE', ( #3355 ), #139, .T. ) ;
#794 = COLOUR_RGB ( '',0.5019607843137254800, 0.5019607843137254800, 0.5019607843137254800 ) ;
#795 = AXIS2_PLACEMENT_3D ( 'NONE', #106, #4914, #5599 ) ;
#796 = CARTESIAN_POINT ( 'NONE',  ( 5.080000000000159100, 3.299857146501273600, 8.609999999999999400 ) ) ;
#797 = EDGE_LOOP ( 'NONE', ( #1934, #599, #8256, #5901, #574, #8532, #5262, #665 ) ) ;
#798 = DIRECTION ( 'NONE',  ( -0.0000000000000000000, -1.000000000000000000, -0.0000000000000000000 ) ) ;
#799 = AXIS2_PLACEMENT_3D ( 'NONE', #5723, #998, #5676 ) ;
#800 =( NAMED_UNIT ( * ) SI_UNIT ( $, .STERADIAN. ) SOLID_ANGLE_UNIT ( ) );
#801 = EDGE_CURVE ( 'NONE', #1900, #4619, #1535, .T. ) ;
#802 = CARTESIAN_POINT ( 'NONE',  ( -2.539999999999947600, 6.299999999999999800, -2.539999999999999600 ) ) ;
#803 = CARTESIAN_POINT ( 'NONE',  ( 3.660000000000001000, 1.000000000000000000, -6.599999999999999600 ) ) ;
#804 = ORIENTED_EDGE ( 'NONE', *, *, #2756, .T. ) ;
#805 = ADVANCED_FACE ( 'NONE', ( #8867 ), #5353, .F. ) ;
#806 = CIRCLE ( 'NONE', #1587, 0.9899999999999993200 ) ;
#807 = LINE ( 'NONE', #5976, #7700 ) ;
#808 = AXIS2_PLACEMENT_3D ( 'NONE', #8488, #5796, #944 ) ;
#809 = CARTESIAN_POINT ( 'NONE',  ( 0.0000000000000000000, 0.0000000000000000000, -7.302499999999997500 ) ) ;
#810 = LINE ( 'NONE', #6594, #7705 ) ;
#811 = ORIENTED_EDGE ( 'NONE', *, *, #1928, .T. ) ;
#812 = ORIENTED_EDGE ( 'NONE', *, *, #4911, .F. ) ;
#813 = FACE_OUTER_BOUND ( 'NONE', #4733, .T. ) ;
#814 = DIRECTION ( 'NONE',  ( -0.0000000000000000000, -1.000000000000000000, -0.0000000000000000000 ) ) ;
#815 = STYLED_ITEM ( 'NONE', ( #5514 ), #297 ) ;
#816 = CIRCLE ( 'NONE', #4400, 0.9899999999999995500 ) ;
#817 = CIRCLE ( 'NONE', #422, 0.9899999999999993200 ) ;
#818 = DIRECTION ( 'NONE',  ( -1.000000000000000000, -0.0000000000000000000, -0.0000000000000000000 ) ) ;
#819 = ORIENTED_EDGE ( 'NONE', *, *, #3539, .T. ) ;
#820 = VERTEX_POINT ( 'NONE', #3990 ) ;
#821 = ORIENTED_EDGE ( 'NONE', *, *, #3576, .F. ) ;
#822 = ORIENTED_EDGE ( 'NONE', *, *, #80, .F. ) ;
#823 = ORIENTED_EDGE ( 'NONE', *, *, #7133, .T. ) ;
#824 = EDGE_CURVE ( 'NONE', #3469, #5766, #7265, .T. ) ;
#825 = DIRECTION ( 'NONE',  ( -0.0000000000000000000, -1.000000000000000000, -0.0000000000000000000 ) ) ;
#826 = AXIS2_PLACEMENT_3D ( 'NONE', #1551, #195, #906 ) ;
#827 = CIRCLE ( 'NONE', #3401, 0.9899999999999993200 ) ;
#828 = VECTOR ( 'NONE', #7005, 1000.000000000000000 ) ;
#829 = CARTESIAN_POINT ( 'NONE',  ( -3.960000000000000900, 1.000000000000000000, 6.599999999999999600 ) ) ;
#830 = CARTESIAN_POINT ( 'NONE',  ( -3.960000000000000900, -10.18309518948452900, -4.060000000000000500 ) ) ;
#831 = ORIENTED_EDGE ( 'NONE', *, *, #789, .T. ) ;
#832 = CARTESIAN_POINT ( 'NONE',  ( -5.079999999999948600, 6.299999999999999800, -2.539999999999999600 ) ) ;
#833 = ORIENTED_EDGE ( 'NONE', *, *, #1590, .F. ) ;
#834 = ORIENTED_EDGE ( 'NONE', *, *, #1401, .T. ) ;
#835 = LINE ( 'NONE', #6344, #5560 ) ;
#836 =( GEOMETRIC_REPRESENTATION_CONTEXT ( 3 ) GLOBAL_UNCERTAINTY_ASSIGNED_CONTEXT ( ( #6227 ) ) GLOBAL_UNIT_ASSIGNED_CONTEXT ( ( #7910, #1697, #6511 ) ) REPRESENTATION_CONTEXT ( 'NONE', 'WORKASPACE' ) );
#837 = ADVANCED_FACE ( 'NONE', ( #4325 ), #6818, .F. ) ;
#838 = EDGE_LOOP ( 'NONE', ( #4412, #1798 ) ) ;
#839 = CARTESIAN_POINT ( 'NONE',  ( 5.079999999999999200, 6.100000000000000500, -7.620000000000000100 ) ) ;
#840 = DIRECTION ( 'NONE',  ( -1.000000000000000000, 0.0000000000000000000, -0.0000000000000000000 ) ) ;
#841 = EDGE_CURVE ( 'NONE', #8312, #1739, #6377, .T. ) ;
#842 = DIRECTION ( 'NONE',  ( 0.0000000000000000000, 1.000000000000000000, 0.0000000000000000000 ) ) ;
#843 = VECTOR ( 'NONE', #647, 1000.000000000000000 ) ;
#844 = VERTEX_POINT ( 'NONE', #5383 ) ;
#845 = VECTOR ( 'NONE', #4905, 1000.000000000000000 ) ;
#846 = ORIENTED_EDGE ( 'NONE', *, *, #5980, .F. ) ;
#847 = ORIENTED_EDGE ( 'NONE', *, *, #3557, .T. ) ;
#848 = AXIS2_PLACEMENT_3D ( 'NONE', #28, #4838, #6210 ) ;
#849 = CIRCLE ( 'NONE', #7595, 0.9899999999999995500 ) ;
#850 = ADVANCED_FACE ( 'NONE', ( #1336 ), #908, .T. ) ;
#851 = LINE ( 'NONE', #4105, #5776 ) ;
#852 = EDGE_CURVE ( 'NONE', #8075, #2955, #8654, .T. ) ;
#853 = DIRECTION ( 'NONE',  ( 0.0000000000000000000, 0.0000000000000000000, 1.000000000000000000 ) ) ;
#854 = CARTESIAN_POINT ( 'NONE',  ( 1.058181320345852300E-013, 6.100000000000000500, 2.540000000000000500 ) ) ;
#855 = DIRECTION ( 'NONE',  ( 0.0000000000000000000, 1.000000000000000000, 0.0000000000000000000 ) ) ;
#856 = DIRECTION ( 'NONE',  ( 0.0000000000000000000, 1.000000000000000000, 0.0000000000000000000 ) ) ;
#857 = MANIFOLD_SOLID_BREP ( 'LED 44', #3489 ) ;
#858 = AXIS2_PLACEMENT_3D ( 'NONE', #8497, #8683, #1133 ) ;
#859 = DIRECTION ( 'NONE',  ( 0.0000000000000000000, 1.000000000000000000, 0.0000000000000000000 ) ) ;
#860 = ORIENTED_EDGE ( 'NONE', *, *, #7682, .F. ) ;
#861 = ORIENTED_EDGE ( 'NONE', *, *, #517, .F. ) ;
#862 = ORIENTED_EDGE ( 'NONE', *, *, #4651, .T. ) ;
#863 = EDGE_CURVE ( 'NONE', #2955, #8075, #5478, .T. ) ;
#864 = ORIENTED_EDGE ( 'NONE', *, *, #4129, .T. ) ;
#865 = PLANE ( 'NONE',  #3892 ) ;
#866 = LINE ( 'NONE', #5469, #316 ) ;
#867 = DIRECTION ( 'NONE',  ( -1.000000000000000000, 0.0000000000000000000, 0.0000000000000000000 ) ) ;
#868 = ORIENTED_EDGE ( 'NONE', *, *, #3344, .F. ) ;
#869 = CARTESIAN_POINT ( 'NONE',  ( -5.079999999999921000, 6.100000000000000500, 0.0000000000000000000 ) ) ;
#870 = CARTESIAN_POINT ( 'NONE',  ( -5.079999999999868600, 3.299857146501273600, 5.080000000000001000 ) ) ;
#871 = AXIS2_PLACEMENT_3D ( 'NONE', #614, #3251, #8089 ) ;
#872 = ORIENTED_EDGE ( 'NONE', *, *, #4303, .F. ) ;
#873 = CARTESIAN_POINT ( 'NONE',  ( 3.660000000000001000, 1.000000000000000000, 4.059999999999999600 ) ) ;
#874 = ORIENTED_EDGE ( 'NONE', *, *, #580, .T. ) ;
#875 =( NAMED_UNIT ( * ) PLANE_ANGLE_UNIT ( ) SI_UNIT ( $, .RADIAN. ) );
#876 = EDGE_CURVE ( 'NONE', #4345, #8829, #3418, .T. ) ;
#877 =( GEOMETRIC_REPRESENTATION_CONTEXT ( 3 ) GLOBAL_UNCERTAINTY_ASSIGNED_CONTEXT ( ( #1948 ) ) GLOBAL_UNIT_ASSIGNED_CONTEXT ( ( #8490, #4320, #5019 ) ) REPRESENTATION_CONTEXT ( 'NONE', 'WORKASPACE' ) );
#878 = EDGE_LOOP ( 'NONE', ( #6198, #1763 ) ) ;
#879 = ADVANCED_FACE ( 'NONE', ( #2689 ), #5686, .T. ) ;
#880 = COLOUR_RGB ( '',0.5019607843137254800, 0.5019607843137254800, 0.5019607843137254800 ) ;
#881 = DIRECTION ( 'NONE',  ( -0.0000000000000000000, 1.000000000000000000, -0.0000000000000000000 ) ) ;
#882 = DIRECTION ( 'NONE',  ( 1.000000000000000000, 0.0000000000000000000, 0.0000000000000000000 ) ) ;
#883 = DIRECTION ( 'NONE',  ( -0.0000000000000000000, 1.000000000000000000, -0.0000000000000000000 ) ) ;
#884 = PRESENTATION_LAYER_ASSIGNMENT (  '', '', ( #8145 ) ) ;
#885 = VERTEX_POINT ( 'NONE', #675 ) ;
#886 = CIRCLE ( 'NONE', #8631, 0.9899999999999995500 ) ;
#887 = AXIS2_PLACEMENT_3D ( 'NONE', #5347, #2521, #3191 ) ;
#888 = CARTESIAN_POINT ( 'NONE',  ( 3.660000000000001000, -10.18309518948452900, -1.520000000000000500 ) ) ;
#889 = SURFACE_STYLE_FILL_AREA ( #3111 ) ;
#890 = ADVANCED_FACE ( 'NONE', ( #1820, #557, #2360, #4944, #6131, #1593, #433, #657, #3631, #7758, #4720, #8926, #4189, #7538, #7090, #5907, #8618, #8184, #8715, #2034, #5037, #201, #7655, #4287, #5803, #3750, #2470, #3974, #3858, #7322, #7219, #2143, #6883, #6997, #5264, #4081 ), #6887, .F. ) ;
#891 = UNCERTAINTY_MEASURE_WITH_UNIT (LENGTH_MEASURE( 1.000000000000000100E-005 ), #4836, 'distance_accuracy_value', 'NONE');
#892 = EDGE_CURVE ( 'NONE', #1205, #7584, #7438, .T. ) ;
#893 = VERTEX_POINT ( 'NONE', #8928 ) ;
#894 = CIRCLE ( 'NONE', #633, 0.9899999999999993200 ) ;
#895 = CARTESIAN_POINT ( 'NONE',  ( 5.080000000000053400, 6.100000000000000500, -3.529999999999999400 ) ) ;
#896 = FACE_OUTER_BOUND ( 'NONE', #2666, .T. ) ;
#897 = DIRECTION ( 'NONE',  ( 0.0000000000000000000, 0.0000000000000000000, 1.000000000000000000 ) ) ;
#898 = FACE_OUTER_BOUND ( 'NONE', #3702, .T. ) ;
#899 = ORIENTED_EDGE ( 'NONE', *, *, #8555, .F. ) ;
#900 = AXIS2_PLACEMENT_3D ( 'NONE', #8197, #4065, #5365 ) ;
#901 = CARTESIAN_POINT ( 'NONE',  ( -2.539999999999867700, 6.100000000000000500, 5.080000000000001000 ) ) ;
#902 = DIRECTION ( 'NONE',  ( 0.0000000000000000000, 0.0000000000000000000, -1.000000000000000000 ) ) ;
#903 = ORIENTED_EDGE ( 'NONE', *, *, #931, .T. ) ;
#904 = CARTESIAN_POINT ( 'NONE',  ( 2.540000000000105700, 6.299999999999999800, 2.540000000000000500 ) ) ;
#905 = EDGE_CURVE ( 'NONE', #6281, #924, #5586, .T. ) ;
#906 = DIRECTION ( 'NONE',  ( 0.0000000000000000000, 0.0000000000000000000, 1.000000000000000000 ) ) ;
#907 = CIRCLE ( 'NONE', #1335, 0.9899999999999995500 ) ;
#908 = CYLINDRICAL_SURFACE ( 'NONE', #5645, 0.9899999999999995500 ) ;
#909 = LINE ( 'NONE', #1074, #4544 ) ;
#910 = CIRCLE ( 'NONE', #367, 0.9899999999999995500 ) ;
#911 = CARTESIAN_POINT ( 'NONE',  ( -5.079999999999894400, 6.100000000000000500, 1.550000000000001200 ) ) ;
#912 = FACE_OUTER_BOUND ( 'NONE', #613, .T. ) ;
#913 = EDGE_LOOP ( 'NONE', ( #6474, #3217, #425, #8408 ) ) ;
#914 = VERTEX_POINT ( 'NONE', #2124 ) ;
#915 = CYLINDRICAL_SURFACE ( 'NONE', #4023, 0.9899999999999993200 ) ;
#916 = CARTESIAN_POINT ( 'NONE',  ( -3.660000000000001000, -10.18309518948452900, -3.559999999999999600 ) ) ;
#917 = CARTESIAN_POINT ( 'NONE',  ( -5.079999999999894400, 6.100000000000000500, 3.530000000000000200 ) ) ;
#918 = CARTESIAN_POINT ( 'NONE',  ( 3.960000000000000900, -10.18309518948452900, -3.559999999999999600 ) ) ;
#919 = CIRCLE ( 'NONE', #2856, 0.9899999999999995500 ) ;
#920 = CARTESIAN_POINT ( 'NONE',  ( 3.960000000000000900, -10.18309518948452900, 6.599999999999999600 ) ) ;
#921 = EDGE_CURVE ( 'NONE', #3882, #8040, #866, .T. ) ;
#922 = ORIENTED_EDGE ( 'NONE', *, *, #5439, .T. ) ;
#923 = VERTEX_POINT ( 'NONE', #4891 ) ;
#924 = VERTEX_POINT ( 'NONE', #1469 ) ;
#925 = CYLINDRICAL_SURFACE ( 'NONE', #5295, 0.9899999999999993200 ) ;
#926 = AXIS2_PLACEMENT_3D ( 'NONE', #397, #2491, #3222 ) ;
#927 = FACE_OUTER_BOUND ( 'NONE', #7716, .T. ) ;
#928 = ADVANCED_FACE ( 'NONE', ( #105 ), #4801, .F. ) ;
#929 = VERTEX_POINT ( 'NONE', #3462 ) ;
#930 = CARTESIAN_POINT ( 'NONE',  ( 5.080000000000104900, 6.299999999999999800, 3.530000000000000200 ) ) ;
#931 = EDGE_CURVE ( 'NONE', #1555, #4150, #5166, .T. ) ;
#932 = LINE ( 'NONE', #5169, #1782 ) ;
#933 = CARTESIAN_POINT ( 'NONE',  ( 0.0000000000000000000, 1.000000000000000000, 0.0000000000000000000 ) ) ;
#934 = ORIENTED_EDGE ( 'NONE', *, *, #5892, .T. ) ;
#935 = AXIS2_PLACEMENT_3D ( 'NONE', #1287, #5345, #577 ) ;
#936 = ORIENTED_EDGE ( 'NONE', *, *, #4712, .T. ) ;
#937 = VERTEX_POINT ( 'NONE', #2061 ) ;
#938 = FILL_AREA_STYLE_COLOUR ( '', #1870 ) ;
#939 = CARTESIAN_POINT ( 'NONE',  ( 5.216294431241980000E-014, 6.100000000000000500, -3.529999999999999400 ) ) ;
#940 = LINE ( 'NONE', #8670, #8044 ) ;
#941 = ORIENTED_EDGE ( 'NONE', *, *, #8402, .F. ) ;
#942 = AXIS2_PLACEMENT_3D ( 'NONE', #1902, #1812, #3872 ) ;
#943 = DIRECTION ( 'NONE',  ( -0.0000000000000000000, 1.000000000000000000, -0.0000000000000000000 ) ) ;
#944 = DIRECTION ( 'NONE',  ( 0.0000000000000000000, 0.0000000000000000000, 1.000000000000000000 ) ) ;
#945 = DIRECTION ( 'NONE',  ( -0.0000000000000000000, 1.000000000000000000, -0.0000000000000000000 ) ) ;
#946 = EDGE_LOOP ( 'NONE', ( #89, #7719, #8642, #2079 ) ) ;
#947 = DIRECTION ( 'NONE',  ( 0.0000000000000000000, 1.000000000000000000, 0.0000000000000000000 ) ) ;
#948 = CIRCLE ( 'NONE', #3162, 0.9899999999999995500 ) ;
#949 = VERTEX_POINT ( 'NONE', #2767 ) ;
#950 = DIRECTION ( 'NONE',  ( -0.0000000000000000000, -1.000000000000000000, -0.0000000000000000000 ) ) ;
#951 = AXIS2_PLACEMENT_3D ( 'NONE', #739, #5438, #1298 ) ;
#952 = FACE_OUTER_BOUND ( 'NONE', #4293, .T. ) ;
#953 = FACE_OUTER_BOUND ( 'NONE', #7652, .T. ) ;
#954 = CARTESIAN_POINT ( 'NONE',  ( 5.080000000000053400, 6.100000000000000500, -2.539999999999999600 ) ) ;
#955 = EDGE_CURVE ( 'NONE', #6349, #2622, #1502, .T. ) ;
#956 = CARTESIAN_POINT ( 'NONE',  ( -2.539999999999894800, 6.100000000000000500, 3.530000000000000200 ) ) ;
#957 = CARTESIAN_POINT ( 'NONE',  ( -5.080000000000001000, 6.100000000000000500, -6.630000000000000800 ) ) ;
#958 = CIRCLE ( 'NONE', #8660, 0.9899999999999995500 ) ;
#959 = DIRECTION ( 'NONE',  ( 1.000000000000000000, 0.0000000000000000000, 0.0000000000000000000 ) ) ;
#960 = CARTESIAN_POINT ( 'NONE',  ( 2.614209217276769300E-014, 6.100000000000000500, -6.069999999999999400 ) ) ;
#961 =( GEOMETRIC_REPRESENTATION_CONTEXT ( 3 ) GLOBAL_UNCERTAINTY_ASSIGNED_CONTEXT ( ( #627 ) ) GLOBAL_UNIT_ASSIGNED_CONTEXT ( ( #7453, #6062, #3309 ) ) REPRESENTATION_CONTEXT ( 'NONE', 'WORKASPACE' ) );
#962 = DIRECTION ( 'NONE',  ( -0.0000000000000000000, -1.000000000000000000, -0.0000000000000000000 ) ) ;
#963 = CARTESIAN_POINT ( 'NONE',  ( 0.0000000000000000000, -4.799999999999999800, 0.0000000000000000000 ) ) ;
#964 = AXIS2_PLACEMENT_3D ( 'NONE', #2725, #4100, #2758 ) ;
#965 = FILL_AREA_STYLE ('',( #3739 ) ) ;
#966 = ADVANCED_FACE ( 'NONE', ( #6782 ), #8280, .T. ) ;
#967 = EDGE_CURVE ( 'NONE', #1258, #1290, #8831, .T. ) ;
#968 = MANIFOLD_SOLID_BREP ( 'Pin 6', #7753 ) ;
#969 = SURFACE_STYLE_USAGE ( .BOTH. , #7774 ) ;
#970 = CARTESIAN_POINT ( 'NONE',  ( 2.539999999999998700, 6.100000000000000500, -7.620000000000000100 ) ) ;
#971 = SURFACE_STYLE_USAGE ( .BOTH. , #3649 ) ;
#972 = DIRECTION ( 'NONE',  ( 0.0000000000000000000, 0.0000000000000000000, 1.000000000000000000 ) ) ;
#973 = LINE ( 'NONE', #2385, #4949 ) ;
#974 = EDGE_LOOP ( 'NONE', ( #5705, #2839, #4009, #4059 ) ) ;
#975 = STYLED_ITEM ( 'NONE', ( #6933 ), #6031 ) ;
#976 = DIRECTION ( 'NONE',  ( 0.0000000000000000000, 0.0000000000000000000, 1.000000000000000000 ) ) ;
#977 = ADVANCED_FACE ( 'NONE', ( #1714 ), #16, .F. ) ;
#978 = ORIENTED_EDGE ( 'NONE', *, *, #6704, .F. ) ;
#979 = CARTESIAN_POINT ( 'NONE',  ( 5.079999999999999200, 6.299999999999999800, -7.620000000000000100 ) ) ;
#980 = EDGE_CURVE ( 'NONE', #4797, #3386, #1283, .T. ) ;
#981 = ADVANCED_FACE ( 'NONE', ( #5895 ), #6231, .T. ) ;
#982 = CARTESIAN_POINT ( 'NONE',  ( 7.892991815694472300E-014, 6.100000000000000500, 0.0000000000000000000 ) ) ;
#983 = CIRCLE ( 'NONE', #2239, 0.9899999999999993200 ) ;
#984 = DIRECTION ( 'NONE',  ( 0.0000000000000000000, 1.000000000000000000, 0.0000000000000000000 ) ) ;
#985 =( NAMED_UNIT ( * ) SI_UNIT ( $, .STERADIAN. ) SOLID_ANGLE_UNIT ( ) );
#986 = ORIENTED_EDGE ( 'NONE', *, *, #8365, .T. ) ;
#987 = EDGE_LOOP ( 'NONE', ( #6618, #2288, #1893, #7880 ) ) ;
#988 = PRESENTATION_STYLE_ASSIGNMENT (( #382 ) ) ;
#989 =( NAMED_UNIT ( * ) PLANE_ANGLE_UNIT ( ) SI_UNIT ( $, .RADIAN. ) );
#990 = CARTESIAN_POINT ( 'NONE',  ( 4.762500000000000200, 0.0000000000000000000, 7.302499999999997500 ) ) ;
#991 = VERTEX_POINT ( 'NONE', #2952 ) ;
#992 = CARTESIAN_POINT ( 'NONE',  ( 0.0000000000000000000, 1.000000000000000000, 0.0000000000000000000 ) ) ;
#993 = EDGE_CURVE ( 'NONE', #4197, #8714, #2353, .T. ) ;
#994 = CARTESIAN_POINT ( 'NONE',  ( -5.079999999999974300, 3.299857146501273600, -4.089999999999999900 ) ) ;
#995 = DIRECTION ( 'NONE',  ( 0.0000000000000000000, 1.000000000000000000, 0.0000000000000000000 ) ) ;
#996 = ORIENTED_EDGE ( 'NONE', *, *, #2628, .F. ) ;
#997 = LINE ( 'NONE', #4132, #3883 ) ;
#998 = DIRECTION ( 'NONE',  ( -1.000000000000000000, 0.0000000000000000000, 0.0000000000000000000 ) ) ;
#999 =( LENGTH_UNIT ( ) NAMED_UNIT ( * ) SI_UNIT ( .MILLI., .METRE. ) );
#1000 = LINE ( 'NONE', #4206, #4962 ) ;
#1001 = PLANE ( 'NONE',  #7168 ) ;
#1002 = AXIS2_PLACEMENT_3D ( 'NONE', #4799, #8250, #4826 ) ;
#1003 = CARTESIAN_POINT ( 'NONE',  ( 1.318389841742373400E-013, 6.299999999999999800, 5.080000000000001000 ) ) ;
#1004 = VERTEX_POINT ( 'NONE', #6309 ) ;
#1005 = FACE_BOUND ( 'NONE', #8255, .T. ) ;
#1006 = EDGE_CURVE ( 'NONE', #7967, #4747, #5791, .T. ) ;
#1007 = LINE ( 'NONE', #6653, #6378 ) ;
#1008 = VERTEX_POINT ( 'NONE', #4339 ) ;
#1009 = CARTESIAN_POINT ( 'NONE',  ( -3.960000000000000900, -4.799999999999999800, 1.019999999999999100 ) ) ;
#1010 = ADVANCED_FACE ( 'NONE', ( #7211 ), #1492, .T. ) ;
#1011 = CARTESIAN_POINT ( 'NONE',  ( -5.079999999999868600, 6.100000000000000500, 5.080000000000001000 ) ) ;
#1012 = ORIENTED_EDGE ( 'NONE', *, *, #4732, .T. ) ;
#1013 = AXIS2_PLACEMENT_3D ( 'NONE', #8379, #1415, #3416 ) ;
#1014 = DIRECTION ( 'NONE',  ( -0.0000000000000000000, 1.000000000000000000, -0.0000000000000000000 ) ) ;
#1015 = LINE ( 'NONE', #4975, #3250 ) ;
#1016 = FILL_AREA_STYLE_COLOUR ( '', #4551 ) ;
#1017 = CARTESIAN_POINT ( 'NONE',  ( 2.539999999999998700, 6.100000000000000500, -7.620000000000000100 ) ) ;
#1018 = UNCERTAINTY_MEASURE_WITH_UNIT (LENGTH_MEASURE( 1.000000000000000100E-005 ), #7212, 'distance_accuracy_value', 'NONE');
#1019 = EDGE_CURVE ( 'NONE', #4296, #5762, #8608, .T. ) ;
#1020 = ADVANCED_FACE ( 'NONE', ( #6991 ), #7741, .F. ) ;
#1021 = VERTEX_POINT ( 'NONE', #939 ) ;
#1022 = DIRECTION ( 'NONE',  ( -0.0000000000000000000, 1.000000000000000000, -0.0000000000000000000 ) ) ;
#1023 = ORIENTED_EDGE ( 'NONE', *, *, #8227, .T. ) ;
#1025 = ORIENTED_EDGE ( 'NONE', *, *, #1908, .F. ) ;
#1024 = CARTESIAN_POINT ( 'NONE',  ( 3.960000000000000900, 1.000000000000000000, 3.559999999999998700 ) ) ;
#1026 = VECTOR ( 'NONE', #2482, 1000.000000000000000 ) ;
#1027 = ADVANCED_FACE ( 'NONE', ( #6332 ), #4183, .T. ) ;
#1028 = SURFACE_SIDE_STYLE ('',( #7369 ) ) ;
#1029 = FACE_OUTER_BOUND ( 'NONE', #8465, .T. ) ;
#1030 = ORIENTED_EDGE ( 'NONE', *, *, #8832, .F. ) ;
#1031 = AXIS2_PLACEMENT_3D ( 'NONE', #6289, #5505, #1391 ) ;
#1032 = CARTESIAN_POINT ( 'NONE',  ( -6.329999999999997400, 6.299999999999999800, 8.869999999999999200 ) ) ;
#1033 = SURFACE_STYLE_USAGE ( .BOTH. , #8210 ) ;
#1034 = ORIENTED_EDGE ( 'NONE', *, *, #6583, .T. ) ;
#1035 = FACE_OUTER_BOUND ( 'NONE', #913, .T. ) ;
#1036 = EDGE_LOOP ( 'NONE', ( #2743, #4776, #3262, #7008 ) ) ;
#1037 =( NAMED_UNIT ( * ) PLANE_ANGLE_UNIT ( ) SI_UNIT ( $, .RADIAN. ) );
#1038 = DIRECTION ( 'NONE',  ( -0.0000000000000000000, 1.000000000000000000, -0.0000000000000000000 ) ) ;
#1039 = VERTEX_POINT ( 'NONE', #2184 ) ;
#1040 = EDGE_CURVE ( 'NONE', #3700, #7108, #2786, .T. ) ;
#1041 =( NAMED_UNIT ( * ) SI_UNIT ( $, .STERADIAN. ) SOLID_ANGLE_UNIT ( ) );
#1042 = ORIENTED_EDGE ( 'NONE', *, *, #2046, .T. ) ;
#1043 = CARTESIAN_POINT ( 'NONE',  ( 1.318389841742373400E-013, 3.299857146501273600, 5.080000000000001000 ) ) ;
#1044 = CIRCLE ( 'NONE', #1002, 0.9899999999999995500 ) ;
#1045 = AXIS2_PLACEMENT_3D ( 'NONE', #2811, #7612, #1378 ) ;
#1046 = ORIENTED_EDGE ( 'NONE', *, *, #841, .F. ) ;
#1047 = DIRECTION ( 'NONE',  ( 0.0000000000000000000, 0.0000000000000000000, 1.000000000000000000 ) ) ;
#1048 = SURFACE_STYLE_USAGE ( .BOTH. , #2354 ) ;
#1049 = EDGE_CURVE ( 'NONE', #3427, #7728, #7963, .T. ) ;
#1050 =( NAMED_UNIT ( * ) SI_UNIT ( $, .STERADIAN. ) SOLID_ANGLE_UNIT ( ) );
#1051 = STYLED_ITEM ( 'NONE', ( #2609 ), #699 ) ;
#1052 = CARTESIAN_POINT ( 'NONE',  ( -5.079999999999921000, 6.100000000000000500, 0.9899999999999993200 ) ) ;
#1053 = ORIENTED_EDGE ( 'NONE', *, *, #7240, .T. ) ;
#1054 = PLANE ( 'NONE',  #8189 ) ;
#1055 = LINE ( 'NONE', #1119, #8048 ) ;
#1056 = EDGE_LOOP ( 'NONE', ( #568, #4913 ) ) ;
#1057 = DIRECTION ( 'NONE',  ( 0.0000000000000000000, 1.000000000000000000, 0.0000000000000000000 ) ) ;
#1058 = CARTESIAN_POINT ( 'NONE',  ( 6.330000000000001800, 0.0000000000000000000, 7.302499999999997500 ) ) ;
#1059 = ORIENTED_EDGE ( 'NONE', *, *, #8878, .F. ) ;
#1060 =( GEOMETRIC_REPRESENTATION_CONTEXT ( 3 ) GLOBAL_UNCERTAINTY_ASSIGNED_CONTEXT ( ( #77 ) ) GLOBAL_UNIT_ASSIGNED_CONTEXT ( ( #5436, #1354, #6129 ) ) REPRESENTATION_CONTEXT ( 'NONE', 'WORKASPACE' ) );
#1061 = DIRECTION ( 'NONE',  ( 0.0000000000000000000, 0.0000000000000000000, -1.000000000000000000 ) ) ;
#1062 = LINE ( 'NONE', #4863, #638 ) ;
#1063 = AXIS2_PLACEMENT_3D ( 'NONE', #3006, #1061, #392 ) ;
#1064 = ORIENTED_EDGE ( 'NONE', *, *, #3382, .F. ) ;
#1065 = EDGE_LOOP ( 'NONE', ( #7121, #5341, #6863, #2247 ) ) ;
#1066 = CARTESIAN_POINT ( 'NONE',  ( 2.540000000000158600, 3.299857146501273600, 7.620000000000000100 ) ) ;
#1067 = CARTESIAN_POINT ( 'NONE',  ( -2.540000000000000900, 6.100000000000000500, -7.620000000000000100 ) ) ;
#1068 = EDGE_CURVE ( 'NONE', #8146, #3767, #547, .T. ) ;
#1069 = SURFACE_STYLE_USAGE ( .BOTH. , #3197 ) ;
#1070 = CYLINDRICAL_SURFACE ( 'NONE', #7310, 0.9899999999999993200 ) ;
#1071 = SURFACE_SIDE_STYLE ('',( #3040 ) ) ;
#1072 = ADVANCED_FACE ( 'NONE', ( #5372 ), #7645, .F. ) ;
#1073 = DIRECTION ( 'NONE',  ( 0.0000000000000000000, 0.0000000000000000000, 1.000000000000000000 ) ) ;
#1074 = CARTESIAN_POINT ( 'NONE',  ( 3.660000000000001000, -10.18309518948452900, 4.059999999999999600 ) ) ;
#1075 = LINE ( 'NONE', #8094, #1184 ) ;
#1076 = CARTESIAN_POINT ( 'NONE',  ( -5.080000000000001000, 6.100000000000000500, -6.630000000000000800 ) ) ;
#1077 = EDGE_CURVE ( 'NONE', #5093, #3894, #6437, .T. ) ;
#1078 = ORIENTED_EDGE ( 'NONE', *, *, #5957, .F. ) ;
#1079 = CARTESIAN_POINT ( 'NONE',  ( -2.539999999999974700, 6.100000000000000500, -5.079999999999999200 ) ) ;
#1080 = ORIENTED_EDGE ( 'NONE', *, *, #4408, .T. ) ;
#1081 = ORIENTED_EDGE ( 'NONE', *, *, #3913, .F. ) ;
#1083 = DIRECTION ( 'NONE',  ( -0.0000000000000000000, 1.000000000000000000, -0.0000000000000000000 ) ) ;
#1082 =( NAMED_UNIT ( * ) PLANE_ANGLE_UNIT ( ) SI_UNIT ( $, .RADIAN. ) );
#1084 = EDGE_LOOP ( 'NONE', ( #729, #567, #903, #3975 ) ) ;
#1085 = AXIS2_PLACEMENT_3D ( 'NONE', #642, #6791, #5428 ) ;
#1086 = VERTEX_POINT ( 'NONE', #2242 ) ;
#1087 = DIRECTION ( 'NONE',  ( 0.0000000000000000000, -0.0000000000000000000, -1.000000000000000000 ) ) ;
#1088 = PLANE ( 'NONE',  #4934 ) ;
#1089 = CARTESIAN_POINT ( 'NONE',  ( 0.0000000000000000000, 1.000000000000000000, 0.0000000000000000000 ) ) ;
#1090 = CARTESIAN_POINT ( 'NONE',  ( 1.058181320345852300E-013, 6.100000000000000500, 3.530000000000000200 ) ) ;
#1091 = EDGE_CURVE ( 'NONE', #3730, #2053, #1389, .T. ) ;
#1092 = LINE ( 'NONE', #3824, #2987 ) ;
#1093 = ORIENTED_EDGE ( 'NONE', *, *, #5625, .T. ) ;
#1094 = DIRECTION ( 'NONE',  ( -0.0000000000000000000, -1.000000000000000000, -0.0000000000000000000 ) ) ;
#1095 = ORIENTED_EDGE ( 'NONE', *, *, #2140, .T. ) ;
#1096 = CARTESIAN_POINT ( 'NONE',  ( -5.079999999999974300, 6.299999999999999800, -4.089999999999999900 ) ) ;
#1097 = EDGE_LOOP ( 'NONE', ( #936, #2685, #8908, #2307 ) ) ;
#1098 = PLANE ( 'NONE',  #2273 ) ;
#1099 = FACE_OUTER_BOUND ( 'NONE', #2699, .T. ) ;
#1100 = CARTESIAN_POINT ( 'NONE',  ( 2.540000000000078600, 6.299999999999999800, 0.0000000000000000000 ) ) ;
#1101 = AXIS2_PLACEMENT_3D ( 'NONE', #1322, #6130, #2641 ) ;
#1102 = ORIENTED_EDGE ( 'NONE', *, *, #8499, .F. ) ;
#1103 = CYLINDRICAL_SURFACE ( 'NONE', #5394, 0.9899999999999995500 ) ;
#1104 = COLOUR_RGB ( '',0.5019607843137254800, 0.5019607843137254800, 0.5019607843137254800 ) ;
#1105 = CARTESIAN_POINT ( 'NONE',  ( 3.960000000000000900, 1.000000000000000000, 1.519999999999999600 ) ) ;
#1106 = CARTESIAN_POINT ( 'NONE',  ( 2.602085213965210600E-014, 6.299999999999999800, -5.079999999999999200 ) ) ;
#1108 = CARTESIAN_POINT ( 'NONE',  ( -3.660000000000001000, 1.000000000000000000, 6.599999999999999600 ) ) ;
#1107 = CARTESIAN_POINT ( 'NONE',  ( 5.080000000000079100, 6.299999999999999800, 0.0000000000000000000 ) ) ;
#1109 = ORIENTED_EDGE ( 'NONE', *, *, #773, .T. ) ;
#1110 = FACE_BOUND ( 'NONE', #3774, .T. ) ;
#1111 = AXIS2_PLACEMENT_3D ( 'NONE', #5215, #6624, #3904 ) ;
#1112 = COLOUR_RGB ( '',0.5019607843137254800, 0.5019607843137254800, 0.5019607843137254800 ) ;
#1113 = ADVANCED_FACE ( 'NONE', ( #2135 ), #5058, .F. ) ;
#1114 = LINE ( 'NONE', #2541, #3777 ) ;
#1115 = ORIENTED_EDGE ( 'NONE', *, *, #3238, .F. ) ;
#1116 = DIRECTION ( 'NONE',  ( 0.0000000000000000000, 1.000000000000000000, 0.0000000000000000000 ) ) ;
#1117 = DIRECTION ( 'NONE',  ( 0.0000000000000000000, 1.000000000000000000, 0.0000000000000000000 ) ) ;
#1118 = CARTESIAN_POINT ( 'NONE',  ( 0.0000000000000000000, -4.799999999999999800, 0.0000000000000000000 ) ) ;
#1119 = CARTESIAN_POINT ( 'NONE',  ( 0.0000000000000000000, 0.0000000000000000000, 7.302499999999997500 ) ) ;
#1120 = LINE ( 'NONE', #2676, #3789 ) ;
#1121 = VECTOR ( 'NONE', #4386, 1000.000000000000000 ) ;
#1122 = AXIS2_PLACEMENT_3D ( 'NONE', #7947, #3105, #1730 ) ;
#1123 = LINE ( 'NONE', #4256, #596 ) ;
#1124 = DIRECTION ( 'NONE',  ( 0.0000000000000000000, 1.000000000000000000, 0.0000000000000000000 ) ) ;
#1125 = COLOUR_RGB ( '',0.7921568627450980000, 0.8196078431372548800, 0.9333333333333333500 ) ;
#1126 = ORIENTED_EDGE ( 'NONE', *, *, #6212, .F. ) ;
#1127 = EDGE_CURVE ( 'NONE', #1917, #8543, #3527, .T. ) ;
#1128 = ORIENTED_EDGE ( 'NONE', *, *, #841, .T. ) ;
#1129 = LINE ( 'NONE', #3371, #6273 ) ;
#1130 = DIRECTION ( 'NONE',  ( -1.000000000000000000, 0.0000000000000000000, 0.0000000000000000000 ) ) ;
#1131 = CIRCLE ( 'NONE', #8289, 0.9899999999999995500 ) ;
#1132 = VECTOR ( 'NONE', #745, 1000.000000000000000 ) ;
#1133 = DIRECTION ( 'NONE',  ( 0.0000000000000000000, -0.0000000000000000000, 1.000000000000000000 ) ) ;
#1134 = MANIFOLD_SOLID_BREP ( 'LED 74', #262 ) ;
#1135 = CARTESIAN_POINT ( 'NONE',  ( 1.318389841742373400E-013, 6.299999999999999800, 5.080000000000001000 ) ) ;
#1136 = ORIENTED_EDGE ( 'NONE', *, *, #8351, .F. ) ;
#1137 = AXIS2_PLACEMENT_3D ( 'NONE', #5782, #5809, #3030 ) ;
#1138 = DIRECTION ( 'NONE',  ( 0.0000000000000000000, 0.0000000000000000000, 1.000000000000000000 ) ) ;
#1139 = EDGE_LOOP ( 'NONE', ( #8769, #7060 ) ) ;
#1140 = DIRECTION ( 'NONE',  ( 1.000000000000000000, -0.0000000000000000000, 0.0000000000000000000 ) ) ;
#1141 = ORIENTED_EDGE ( 'NONE', *, *, #5906, .T. ) ;
#1142 = CIRCLE ( 'NONE', #1559, 0.9899999999999993200 ) ;
#1143 = PRESENTATION_LAYER_ASSIGNMENT (  '', '', ( #8226 ) ) ;
#1144 = FACE_OUTER_BOUND ( 'NONE', #5005, .T. ) ;
#1145 = EDGE_CURVE ( 'NONE', #2062, #6901, #96, .T. ) ;
#1146 = ORIENTED_EDGE ( 'NONE', *, *, #1806, .T. ) ;
#1147 = LINE ( 'NONE', #8329, #8252 ) ;
#1148 = DIRECTION ( 'NONE',  ( 0.0000000000000000000, 1.000000000000000000, 0.0000000000000000000 ) ) ;
#1149 = VERTEX_POINT ( 'NONE', #8066 ) ;
#1150 = DIRECTION ( 'NONE',  ( -0.0000000000000000000, 1.000000000000000000, -0.0000000000000000000 ) ) ;
#1151 = ORIENTED_EDGE ( 'NONE', *, *, #6985, .T. ) ;
#1152 = EDGE_LOOP ( 'NONE', ( #5549, #2714 ) ) ;
#1153 = AXIS2_PLACEMENT_3D ( 'NONE', #4778, #6208, #8262 ) ;
#1154 = CARTESIAN_POINT ( 'NONE',  ( -5.079999999999868600, 6.299999999999999800, 5.080000000000001000 ) ) ;
#1155 = DIRECTION ( 'NONE',  ( -0.0000000000000000000, 1.000000000000000000, -0.0000000000000000000 ) ) ;
#1156 = DIRECTION ( 'NONE',  ( -1.000000000000000000, 0.0000000000000000000, -0.0000000000000000000 ) ) ;
#1157 = LINE ( 'NONE', #8266, #5659 ) ;
#1158 = LINE ( 'NONE', #6886, #8470 ) ;
#1159 = EDGE_CURVE ( 'NONE', #5358, #1430, #1075, .T. ) ;
#1160 = ORIENTED_EDGE ( 'NONE', *, *, #138, .F. ) ;
#1161 = ADVANCED_FACE ( 'NONE', ( #651 ), #5154, .F. ) ;
#1162 = EDGE_LOOP ( 'NONE', ( #8567, #8122, #7169, #8131 ) ) ;
#1163 = PRESENTATION_LAYER_ASSIGNMENT (  '', '', ( #7788 ) ) ;
#1164 = LINE ( 'NONE', #68, #3725 ) ;
#1165 = DIRECTION ( 'NONE',  ( -0.0000000000000000000, 1.000000000000000000, -0.0000000000000000000 ) ) ;
#1166 = CARTESIAN_POINT ( 'NONE',  ( 1.588484380849934300E-013, 6.299999999999999800, 6.630000000000000800 ) ) ;
#1167 = ORIENTED_EDGE ( 'NONE', *, *, #8797, .F. ) ;
#1168 = EDGE_CURVE ( 'NONE', #4843, #8146, #4277, .T. ) ;
#1169 = DIRECTION ( 'NONE',  ( 0.0000000000000000000, 0.0000000000000000000, 1.000000000000000000 ) ) ;
#1170 = STYLED_ITEM ( 'NONE', ( #6432 ), #1356 ) ;
#1171 = CIRCLE ( 'NONE', #7887, 0.9899999999999993200 ) ;
#1172 = DIRECTION ( 'NONE',  ( -0.0000000000000000000, -1.000000000000000000, -0.0000000000000000000 ) ) ;
#1173 = CARTESIAN_POINT ( 'NONE',  ( -6.330000000000000100, 1.000000000000000000, -7.302499999999997500 ) ) ;
#1174 = CARTESIAN_POINT ( 'NONE',  ( -3.960000000000000900, -4.799999999999999800, 1.519999999999999600 ) ) ;
#1175 = DIRECTION ( 'NONE',  ( 0.0000000000000000000, 0.0000000000000000000, 1.000000000000000000 ) ) ;
#1176 = STYLED_ITEM ( 'NONE', ( #2562 ), #2272 ) ;
#1177 = DIRECTION ( 'NONE',  ( 0.0000000000000000000, 0.0000000000000000000, 1.000000000000000000 ) ) ;
#1178 = DIRECTION ( 'NONE',  ( -0.0000000000000000000, 1.000000000000000000, -0.0000000000000000000 ) ) ;
#1179 = DIRECTION ( 'NONE',  ( -0.0000000000000000000, -1.000000000000000000, -0.0000000000000000000 ) ) ;
#1180 = DIRECTION ( 'NONE',  ( 1.000000000000000000, -0.0000000000000000000, 0.0000000000000000000 ) ) ;
#1181 = EDGE_CURVE ( 'NONE', #2392, #3274, #8396, .T. ) ;
#1182 = CARTESIAN_POINT ( 'NONE',  ( -5.079999999999868600, 6.100000000000000500, 5.080000000000001000 ) ) ;
#1183 = ORIENTED_EDGE ( 'NONE', *, *, #200, .F. ) ;
#1184 = VECTOR ( 'NONE', #7439, 1000.000000000000000 ) ;
#1185 = DIRECTION ( 'NONE',  ( -1.000000000000000000, 0.0000000000000000000, 0.0000000000000000000 ) ) ;
#1186 = VERTEX_POINT ( 'NONE', #1296 ) ;
#1187 = EDGE_CURVE ( 'NONE', #310, #8885, #4071, .T. ) ;
#1188 = CARTESIAN_POINT ( 'NONE',  ( 3.960000000000000900, -4.799999999999999800, -3.559999999999999600 ) ) ;
#1189 = ORIENTED_EDGE ( 'NONE', *, *, #47, .F. ) ;
#1190 = AXIS2_PLACEMENT_3D ( 'NONE', #3733, #8570, #7246 ) ;
#1191 = ADVANCED_FACE ( 'NONE', ( #2677 ), #584, .F. ) ;
#1192 =( NAMED_UNIT ( * ) SI_UNIT ( $, .STERADIAN. ) SOLID_ANGLE_UNIT ( ) );
#1193 = DIRECTION ( 'NONE',  ( 0.0000000000000000000, 1.000000000000000000, 0.0000000000000000000 ) ) ;
#1194 = VERTEX_POINT ( 'NONE', #4053 ) ;
#1195 = DIRECTION ( 'NONE',  ( -0.0000000000000000000, -1.000000000000000000, -0.0000000000000000000 ) ) ;
#1196 = ORIENTED_EDGE ( 'NONE', *, *, #1299, .T. ) ;
#1197 = DIRECTION ( 'NONE',  ( -0.0000000000000000000, -1.000000000000000000, -0.0000000000000000000 ) ) ;
#1198 = EDGE_CURVE ( 'NONE', #4097, #2966, #3307, .T. ) ;
#1199 = CARTESIAN_POINT ( 'NONE',  ( 2.540000000000025800, 3.299857146501273600, -5.079999999999999200 ) ) ;
#1200 = ORIENTED_EDGE ( 'NONE', *, *, #1091, .F. ) ;
#1201 = VECTOR ( 'NONE', #8722, 1000.000000000000000 ) ;
#1202 = DIRECTION ( 'NONE',  ( 0.0000000000000000000, 1.000000000000000000, 0.0000000000000000000 ) ) ;
#1203 = CARTESIAN_POINT ( 'NONE',  ( 3.660000000000001000, -10.18309518948452900, 3.559999999999998700 ) ) ;
#1204 = AXIS2_PLACEMENT_3D ( 'NONE', #469, #5251, #6684 ) ;
#1205 = VERTEX_POINT ( 'NONE', #7409 ) ;
#1206 = COLOUR_RGB ( '',0.5019607843137254800, 0.5019607843137254800, 0.5019607843137254800 ) ;
#1207 = DIRECTION ( 'NONE',  ( 0.0000000000000000000, 0.0000000000000000000, 1.000000000000000000 ) ) ;
#1208 = EDGE_CURVE ( 'NONE', #4958, #4797, #3201, .T. ) ;
#1209 = PLANE ( 'NONE',  #1111 ) ;
#1210 = AXIS2_PLACEMENT_3D ( 'NONE', #6802, #3294, #8125 ) ;
#1211 = CLOSED_SHELL ( 'NONE', ( #879, #7882, #3203, #4654 ) ) ;
#1212 = VECTOR ( 'NONE', #8060, 1000.000000000000000 ) ;
#1213 = CARTESIAN_POINT ( 'NONE',  ( -2.540000000000000900, 6.299999999999999800, -7.620000000000000100 ) ) ;
#1214 = CARTESIAN_POINT ( 'NONE',  ( 4.762500000000000200, 1.000000000000000000, 0.0000000000000000000 ) ) ;
#1215 = CARTESIAN_POINT ( 'NONE',  ( 5.204170427930421300E-014, 6.100000000000000500, -2.539999999999999600 ) ) ;
#1216 = DIRECTION ( 'NONE',  ( 0.0000000000000000000, -0.0000000000000000000, 1.000000000000000000 ) ) ;
#1217 = FACE_OUTER_BOUND ( 'NONE', #2416, .T. ) ;
#1218 = DIRECTION ( 'NONE',  ( 0.0000000000000000000, 0.0000000000000000000, 1.000000000000000000 ) ) ;
#1219 = AXIS2_PLACEMENT_3D ( 'NONE', #2000, #8229, #5453 ) ;
#1220 = COLOUR_RGB ( '',1.000000000000000000, 1.000000000000000000, 1.000000000000000000 ) ;
#1221 = VERTEX_POINT ( 'NONE', #4709 ) ;
#1222 = DIRECTION ( 'NONE',  ( 0.0000000000000000000, 0.0000000000000000000, 1.000000000000000000 ) ) ;
#1223 = ORIENTED_EDGE ( 'NONE', *, *, #3722, .F. ) ;
#1224 = CIRCLE ( 'NONE', #1266, 0.9899999999999993200 ) ;
#1225 = EDGE_CURVE ( 'NONE', #157, #6976, #4496, .T. ) ;
#1226 = CIRCLE ( 'NONE', #1313, 0.9899999999999995500 ) ;
#1227 = DIRECTION ( 'NONE',  ( 0.0000000000000000000, 0.0000000000000000000, 1.000000000000000000 ) ) ;
#1228 = CARTESIAN_POINT ( 'NONE',  ( 2.540000000000051500, 6.100000000000000500, -2.539999999999999600 ) ) ;
#1229 = DIRECTION ( 'NONE',  ( -0.0000000000000000000, 1.000000000000000000, -0.0000000000000000000 ) ) ;
#1230 = ORIENTED_EDGE ( 'NONE', *, *, #6030, .F. ) ;
#1231 = ORIENTED_EDGE ( 'NONE', *, *, #8678, .F. ) ;
#1232 = DIRECTION ( 'NONE',  ( -0.0000000000000000000, -1.000000000000000000, -0.0000000000000000000 ) ) ;
#1233 = ORIENTED_EDGE ( 'NONE', *, *, #7503, .T. ) ;
#1234 = VERTEX_POINT ( 'NONE', #1326 ) ;
#1235 = AXIS2_PLACEMENT_3D ( 'NONE', #734, #43, #1422 ) ;
#1236 = ORIENTED_EDGE ( 'NONE', *, *, #5570, .F. ) ;
#1237 = FACE_OUTER_BOUND ( 'NONE', #2003, .T. ) ;
#1238 = CIRCLE ( 'NONE', #942, 0.9899999999999995500 ) ;
#1239 = ORIENTED_EDGE ( 'NONE', *, *, #6392, .F. ) ;
#1240 = MANIFOLD_SOLID_BREP ( 'Pin 1', #6076 ) ;
#1241 = ADVANCED_FACE ( 'NONE', ( #91 ), #5471, .T. ) ;
#1242 = EDGE_CURVE ( 'NONE', #3472, #1270, #8064, .T. ) ;
#1243 = ORIENTED_EDGE ( 'NONE', *, *, #1127, .T. ) ;
#1244 = DIRECTION ( 'NONE',  ( 0.0000000000000000000, 1.000000000000000000, 0.0000000000000000000 ) ) ;
#1245 = VECTOR ( 'NONE', #2810, 1000.000000000000000 ) ;
#1246 = EDGE_LOOP ( 'NONE', ( #8047, #1360, #7379, #2244 ) ) ;
#1247 = ORIENTED_EDGE ( 'NONE', *, *, #5151, .T. ) ;
#1248 = EDGE_LOOP ( 'NONE', ( #1499, #7889, #4187, #3699 ) ) ;
#1249 = AXIS2_PLACEMENT_3D ( 'NONE', #3859, #5255, #7975 ) ;
#1250 = DIRECTION ( 'NONE',  ( 0.0000000000000000000, 1.000000000000000000, 0.0000000000000000000 ) ) ;
#1251 = DIRECTION ( 'NONE',  ( 0.0000000000000000000, 1.000000000000000000, 0.0000000000000000000 ) ) ;
#1252 = CIRCLE ( 'NONE', #7101, 0.9899999999999995500 ) ;
#1253 = CYLINDRICAL_SURFACE ( 'NONE', #8387, 0.9899999999999993200 ) ;
#1254 = CARTESIAN_POINT ( 'NONE',  ( -4.762500000000000200, 1.000000000000000000, -8.869999999999997400 ) ) ;
#1255 = AXIS2_PLACEMENT_3D ( 'NONE', #581, #6041, #526 ) ;
#1256 = ORIENTED_EDGE ( 'NONE', *, *, #6162, .F. ) ;
#1257 = EDGE_CURVE ( 'NONE', #198, #4042, #3520, .T. ) ;
#1258 = VERTEX_POINT ( 'NONE', #6669 ) ;
#1259 = CIRCLE ( 'NONE', #5653, 0.9899999999999995500 ) ;
#1260 = PLANE ( 'NONE',  #8419 ) ;
#1261 = AXIS2_PLACEMENT_3D ( 'NONE', #3594, #798, #4932 ) ;
#1262 = CARTESIAN_POINT ( 'NONE',  ( 2.614209217276769300E-014, 6.100000000000000500, -6.069999999999999400 ) ) ;
#1263 = EDGE_LOOP ( 'NONE', ( #4043, #5410 ) ) ;
#1264 = CARTESIAN_POINT ( 'NONE',  ( -3.960000000000000900, -10.18309518948452900, -1.020000000000000000 ) ) ;
#1265 = DIRECTION ( 'NONE',  ( 0.0000000000000000000, 0.0000000000000000000, 1.000000000000000000 ) ) ;
#1266 = AXIS2_PLACEMENT_3D ( 'NONE', #2893, #7735, #3572 ) ;
#1267 = CIRCLE ( 'NONE', #7771, 0.9899999999999993200 ) ;
#1268 = ORIENTED_EDGE ( 'NONE', *, *, #4743, .T. ) ;
#1269 = LINE ( 'NONE', #63, #5357 ) ;
#1270 = VERTEX_POINT ( 'NONE', #4737 ) ;
#1271 = ORIENTED_EDGE ( 'NONE', *, *, #6651, .F. ) ;
#1272 = UNCERTAINTY_MEASURE_WITH_UNIT (LENGTH_MEASURE( 1.000000000000000100E-005 ), #4961, 'distance_accuracy_value', 'NONE');
#1273 = DIRECTION ( 'NONE',  ( 0.0000000000000000000, 0.0000000000000000000, 1.000000000000000000 ) ) ;
#1274 = PRESENTATION_STYLE_ASSIGNMENT (( #3889 ) ) ;
#1275 = CARTESIAN_POINT ( 'NONE',  ( 5.080000000000159100, 6.299999999999999800, 7.620000000000000100 ) ) ;
#1276 = FACE_OUTER_BOUND ( 'NONE', #1466, .T. ) ;
#1277 = DIRECTION ( 'NONE',  ( -0.0000000000000000000, 1.000000000000000000, -0.0000000000000000000 ) ) ;
#1278 = EDGE_CURVE ( 'NONE', #1844, #7393, #4816, .T. ) ;
#1279 = CARTESIAN_POINT ( 'NONE',  ( 5.080000000000133300, 6.299999999999999800, 5.080000000000001000 ) ) ;
#1280 = AXIS2_PLACEMENT_3D ( 'NONE', #2704, #3406, #1382 ) ;
#1281 = DIRECTION ( 'NONE',  ( -0.0000000000000000000, 1.000000000000000000, -0.0000000000000000000 ) ) ;
#1282 = DIRECTION ( 'NONE',  ( -0.0000000000000000000, -1.000000000000000000, -0.0000000000000000000 ) ) ;
#1283 = LINE ( 'NONE', #7030, #6020 ) ;
#1284 = ADVANCED_FACE ( 'NONE', ( #1696 ), #1384, .T. ) ;
#1285 = CARTESIAN_POINT ( 'NONE',  ( 2.539999999999998700, 6.299999999999999800, -7.620000000000000100 ) ) ;
#1286 = ORIENTED_EDGE ( 'NONE', *, *, #7714, .F. ) ;
#1287 = CARTESIAN_POINT ( 'NONE',  ( 0.0000000000000000000, 1.000000000000000000, 7.302499999999997500 ) ) ;
#1288 = DIRECTION ( 'NONE',  ( -0.0000000000000000000, 1.000000000000000000, -0.0000000000000000000 ) ) ;
#1289 = AXIS2_PLACEMENT_3D ( 'NONE', #3169, #7411, #2492 ) ;
#1290 = VERTEX_POINT ( 'NONE', #1429 ) ;
#1291 = PLANE ( 'NONE',  #5683 ) ;
#1292 = AXIS2_PLACEMENT_3D ( 'NONE', #5191, #3125, #5092 ) ;
#1293 = ORIENTED_EDGE ( 'NONE', *, *, #3264, .F. ) ;
#1294 = CARTESIAN_POINT ( 'NONE',  ( 5.204170427930421300E-014, 3.299857146501273600, -2.539999999999999600 ) ) ;
#1295 = PRESENTATION_STYLE_ASSIGNMENT (( #4083 ) ) ;
#1296 = CARTESIAN_POINT ( 'NONE',  ( 2.540000000000078600, 6.299999999999999800, 0.9899999999999993200 ) ) ;
#1297 = DIRECTION ( 'NONE',  ( 0.0000000000000000000, 0.0000000000000000000, 1.000000000000000000 ) ) ;
#1298 = DIRECTION ( 'NONE',  ( 0.0000000000000000000, 0.0000000000000000000, 1.000000000000000000 ) ) ;
#1299 = EDGE_CURVE ( 'NONE', #7584, #1205, #7204, .T. ) ;
#1300 = DIRECTION ( 'NONE',  ( 0.0000000000000000000, 0.0000000000000000000, 1.000000000000000000 ) ) ;
#1301 = VERTEX_POINT ( 'NONE', #7528 ) ;
#1302 = ORIENTED_EDGE ( 'NONE', *, *, #4985, .T. ) ;
#1303 = AXIS2_PLACEMENT_3D ( 'NONE', #832, #5617, #6924 ) ;
#1304 = ORIENTED_EDGE ( 'NONE', *, *, #5235, .T. ) ;
#1305 = DIRECTION ( 'NONE',  ( 1.000000000000000000, -0.0000000000000000000, 0.0000000000000000000 ) ) ;
#1306 = EDGE_CURVE ( 'NONE', #1445, #7350, #958, .T. ) ;
#1307 = VECTOR ( 'NONE', #5943, 1000.000000000000000 ) ;
#1308 = CARTESIAN_POINT ( 'NONE',  ( 5.080000000000025800, 3.299857146501273600, -4.089999999999999900 ) ) ;
#1309 = DIRECTION ( 'NONE',  ( -1.000000000000000000, 0.0000000000000000000, 0.0000000000000000000 ) ) ;
#1310 = CARTESIAN_POINT ( 'NONE',  ( 5.216294431241980000E-014, 6.299999999999999800, -3.529999999999999400 ) ) ;
#1311 = ORIENTED_EDGE ( 'NONE', *, *, #3408, .T. ) ;
#1312 = LINE ( 'NONE', #4390, #8734 ) ;
#1313 = AXIS2_PLACEMENT_3D ( 'NONE', #6785, #1282, #5965 ) ;
#1314 = CIRCLE ( 'NONE', #3085, 0.9899999999999993200 ) ;
#1315 = DIRECTION ( 'NONE',  ( 0.0000000000000000000, 1.000000000000000000, 0.0000000000000000000 ) ) ;
#1316 = DIRECTION ( 'NONE',  ( 0.0000000000000000000, 0.0000000000000000000, 1.000000000000000000 ) ) ;
#1317 = CARTESIAN_POINT ( 'NONE',  ( 2.540000000000078600, 6.100000000000000500, 0.0000000000000000000 ) ) ;
#1318 = CARTESIAN_POINT ( 'NONE',  ( -5.079999999999948600, 6.100000000000000500, -3.529999999999999400 ) ) ;
#1319 = CARTESIAN_POINT ( 'NONE',  ( -3.660000000000001000, -4.799999999999999800, 1.019999999999999100 ) ) ;
#1320 = EDGE_CURVE ( 'NONE', #8787, #5396, #6874, .T. ) ;
#1321 = DIRECTION ( 'NONE',  ( 0.0000000000000000000, 1.000000000000000000, 0.0000000000000000000 ) ) ;
#1322 = CARTESIAN_POINT ( 'NONE',  ( -2.539999999999867700, 3.299857146501273600, 5.080000000000001000 ) ) ;
#1323 = ORIENTED_EDGE ( 'NONE', *, *, #5288, .F. ) ;
#1324 = FACE_BOUND ( 'NONE', #8153, .T. ) ;
#1325 = FACE_OUTER_BOUND ( 'NONE', #2528, .T. ) ;
#1326 = CARTESIAN_POINT ( 'NONE',  ( -3.960000000000000900, -4.799999999999999800, -3.559999999999999600 ) ) ;
#1327 = CARTESIAN_POINT ( 'NONE',  ( 5.080000000000133300, 6.100000000000000500, 5.080000000000001000 ) ) ;
#1328 = COLOUR_RGB ( '',0.5019607843137254800, 0.5019607843137254800, 0.5019607843137254800 ) ;
#1329 = EDGE_LOOP ( 'NONE', ( #5054, #8028, #4126, #6678 ) ) ;
#1330 = AXIS2_PLACEMENT_3D ( 'NONE', #2090, #4851, #6909 ) ;
#1331 = ADVANCED_FACE ( 'NONE', ( #6654 ), #2973, .T. ) ;
#1332 = EDGE_CURVE ( 'NONE', #1791, #7542, #7084, .T. ) ;
#1333 = LINE ( 'NONE', #2387, #24 ) ;
#1334 = DIRECTION ( 'NONE',  ( 0.0000000000000000000, -0.0000000000000000000, 1.000000000000000000 ) ) ;
#1335 = AXIS2_PLACEMENT_3D ( 'NONE', #3769, #5367, #6718 ) ;
#1336 = FACE_OUTER_BOUND ( 'NONE', #6175, .T. ) ;
#1337 = CIRCLE ( 'NONE', #1862, 0.9899999999999993200 ) ;
#1338 = DIRECTION ( 'NONE',  ( 0.0000000000000000000, 0.0000000000000000000, 1.000000000000000000 ) ) ;
#1339 = SURFACE_SIDE_STYLE ('',( #2791 ) ) ;
#1340 = ORIENTED_EDGE ( 'NONE', *, *, #1531, .F. ) ;
#1341 = ORIENTED_EDGE ( 'NONE', *, *, #3603, .F. ) ;
#1342 = CARTESIAN_POINT ( 'NONE',  ( 2.540000000000078600, 6.299999999999999800, 0.0000000000000000000 ) ) ;
#1343 = FACE_OUTER_BOUND ( 'NONE', #6304, .T. ) ;
#1344 = AXIS2_PLACEMENT_3D ( 'NONE', #970, #6371, #6403 ) ;
#1345 = VECTOR ( 'NONE', #7949, 1000.000000000000000 ) ;
#1346 = AXIS2_PLACEMENT_3D ( 'NONE', #3528, #4141, #8369 ) ;
#1347 = VERTEX_POINT ( 'NONE', #4798 ) ;
#1348 = DIRECTION ( 'NONE',  ( 0.0000000000000000000, 0.0000000000000000000, 1.000000000000000000 ) ) ;
#1349 = DIRECTION ( 'NONE',  ( -0.0000000000000000000, 0.0000000000000000000, -1.000000000000000000 ) ) ;
#1350 = LINE ( 'NONE', #8492, #42 ) ;
#1351 = DIRECTION ( 'NONE',  ( 0.0000000000000000000, 1.000000000000000000, 0.0000000000000000000 ) ) ;
#1352 = VERTEX_POINT ( 'NONE', #701 ) ;
#1353 = EDGE_CURVE ( 'NONE', #3126, #2139, #8281, .T. ) ;
#1354 =( NAMED_UNIT ( * ) PLANE_ANGLE_UNIT ( ) SI_UNIT ( $, .RADIAN. ) );
#1355 = EDGE_LOOP ( 'NONE', ( #4295, #7109, #5212, #7905 ) ) ;
#1356 = MANIFOLD_SOLID_BREP ( 'Pin 12', #2501 ) ;
#1357 = CARTESIAN_POINT ( 'NONE',  ( 1.318389841742373400E-013, 6.100000000000000500, 5.080000000000001000 ) ) ;
#1358 =( NAMED_UNIT ( * ) PLANE_ANGLE_UNIT ( ) SI_UNIT ( $, .RADIAN. ) );
#1359 = FACE_OUTER_BOUND ( 'NONE', #537, .T. ) ;
#1360 = ORIENTED_EDGE ( 'NONE', *, *, #8046, .F. ) ;
#1361 = ORIENTED_EDGE ( 'NONE', *, *, #8199, .T. ) ;
#1362 = EDGE_CURVE ( 'NONE', #8826, #5233, #6013, .T. ) ;
#1363 = DIRECTION ( 'NONE',  ( -0.0000000000000000000, 1.000000000000000000, -0.0000000000000000000 ) ) ;
#1364 = FACE_OUTER_BOUND ( 'NONE', #230, .T. ) ;
#1365 = CARTESIAN_POINT ( 'NONE',  ( -3.960000000000000900, -4.799999999999999800, -6.099999999999999600 ) ) ;
#1366 = DIRECTION ( 'NONE',  ( 0.0000000000000000000, 0.0000000000000000000, 1.000000000000000000 ) ) ;
#1367 = VERTEX_POINT ( 'NONE', #6855 ) ;
#1368 = CARTESIAN_POINT ( 'NONE',  ( 1.587271980518778500E-013, 6.100000000000000500, 7.620000000000000100 ) ) ;
#1369 = ORIENTED_EDGE ( 'NONE', *, *, #561, .F. ) ;
#1370 = FACE_OUTER_BOUND ( 'NONE', #7280, .T. ) ;
#1371 = EDGE_CURVE ( 'NONE', #3130, #2016, #1814, .T. ) ;
#1372 = ADVANCED_FACE ( 'NONE', ( #192 ), #540, .F. ) ;
#1373 = ORIENTED_EDGE ( 'NONE', *, *, #2615, .T. ) ;
#1374 = ORIENTED_EDGE ( 'NONE', *, *, #6162, .T. ) ;
#1375 = DIRECTION ( 'NONE',  ( 0.0000000000000000000, 1.000000000000000000, 0.0000000000000000000 ) ) ;
#1376 = CARTESIAN_POINT ( 'NONE',  ( -3.660000000000001000, 1.000000000000000000, 4.059999999999999600 ) ) ;
#1377 = DIRECTION ( 'NONE',  ( 0.0000000000000000000, 1.000000000000000000, 0.0000000000000000000 ) ) ;
#1378 = DIRECTION ( 'NONE',  ( 0.0000000000000000000, -0.0000000000000000000, 1.000000000000000000 ) ) ;
#1379 = AXIS2_PLACEMENT_3D ( 'NONE', #5285, #1179, #7262 ) ;
#1380 = CIRCLE ( 'NONE', #2162, 0.9899999999999995500 ) ;
#1381 = CARTESIAN_POINT ( 'NONE',  ( -2.539999999999974700, 6.299999999999999800, -5.079999999999999200 ) ) ;
#1382 = DIRECTION ( 'NONE',  ( 0.0000000000000000000, 0.0000000000000000000, 1.000000000000000000 ) ) ;
#1383 = CARTESIAN_POINT ( 'NONE',  ( 5.080000000000104900, 6.299999999999999800, 1.550000000000001200 ) ) ;
#1384 = CYLINDRICAL_SURFACE ( 'NONE', #1280, 0.9899999999999995500 ) ;
#1385 = DIRECTION ( 'NONE',  ( 0.0000000000000000000, -0.0000000000000000000, -1.000000000000000000 ) ) ;
#1386 = VERTEX_POINT ( 'NONE', #1024 ) ;
#1387 = DIRECTION ( 'NONE',  ( 0.0000000000000000000, 0.0000000000000000000, 1.000000000000000000 ) ) ;
#1388 = ORIENTED_EDGE ( 'NONE', *, *, #8413, .F. ) ;
#1389 = LINE ( 'NONE', #5606, #3968 ) ;
#1390 = CARTESIAN_POINT ( 'NONE',  ( 3.660000000000001000, -10.18309518948452900, 6.099999999999999600 ) ) ;
#1391 = DIRECTION ( 'NONE',  ( 0.0000000000000000000, 0.0000000000000000000, 1.000000000000000000 ) ) ;
#1392 = EDGE_LOOP ( 'NONE', ( #2901, #640 ) ) ;
#1393 = UNCERTAINTY_MEASURE_WITH_UNIT (LENGTH_MEASURE( 1.000000000000000100E-005 ), #4979, 'distance_accuracy_value', 'NONE');
#1394 = DIRECTION ( 'NONE',  ( 0.0000000000000000000, -1.000000000000000000, 0.0000000000000000000 ) ) ;
#1395 = CARTESIAN_POINT ( 'NONE',  ( 6.330000000000001800, 6.299999999999999800, -8.869999999999999200 ) ) ;
#1396 = CARTESIAN_POINT ( 'NONE',  ( 7.905115819006031600E-014, 6.100000000000000500, -0.9899999999999993200 ) ) ;
#1397 = EDGE_LOOP ( 'NONE', ( #3043, #4922 ) ) ;
#1398 = CARTESIAN_POINT ( 'NONE',  ( -3.660000000000001000, -10.18309518948452900, 1.019999999999999100 ) ) ;
#1399 = DIRECTION ( 'NONE',  ( 0.0000000000000000000, 1.000000000000000000, 0.0000000000000000000 ) ) ;
#1400 = CARTESIAN_POINT ( 'NONE',  ( -5.079999999999842000, 6.299999999999999800, 7.620000000000000100 ) ) ;
#1401 = EDGE_CURVE ( 'NONE', #1612, #7039, #7638, .T. ) ;
#1402 = ORIENTED_EDGE ( 'NONE', *, *, #8810, .T. ) ;
#1403 = EDGE_LOOP ( 'NONE', ( #6723, #7064, #3329, #6456 ) ) ;
#1404 = VECTOR ( 'NONE', #7216, 1000.000000000000000 ) ;
#1405 = ADVANCED_FACE ( 'NONE', ( #2567 ), #4346, .T. ) ;
#1406 = EDGE_LOOP ( 'NONE', ( #5555, #3313 ) ) ;
#1407 = CIRCLE ( 'NONE', #6154, 0.9899999999999993200 ) ;
#1408 = AXIS2_PLACEMENT_3D ( 'NONE', #6764, #6032, #2632 ) ;
#1409 = CARTESIAN_POINT ( 'NONE',  ( 5.080000000000159100, 3.299857146501273600, 7.620000000000000100 ) ) ;
#1410 = DIRECTION ( 'NONE',  ( 0.0000000000000000000, 0.0000000000000000000, 1.000000000000000000 ) ) ;
#1411 = CARTESIAN_POINT ( 'NONE',  ( -3.960000000000000900, -4.799999999999999800, 4.059999999999999600 ) ) ;
#1412 = AXIS2_PLACEMENT_3D ( 'NONE', #5459, #6876, #4790 ) ;
#1413 = ORIENTED_EDGE ( 'NONE', *, *, #6786, .T. ) ;
#1414 = FACE_OUTER_BOUND ( 'NONE', #2997, .T. ) ;
#1415 = DIRECTION ( 'NONE',  ( -0.0000000000000000000, 1.000000000000000000, -0.0000000000000000000 ) ) ;
#1416 = EDGE_CURVE ( 'NONE', #5741, #4097, #5783, .T. ) ;
#1417 = CARTESIAN_POINT ( 'NONE',  ( 2.540000000000131500, 3.299857146501273600, 5.080000000000001000 ) ) ;
#1418 = AXIS2_PLACEMENT_3D ( 'NONE', #6757, #3211, #4006 ) ;
#1419 = ORIENTED_EDGE ( 'NONE', *, *, #1416, .F. ) ;
#1420 = LINE ( 'NONE', #1173, #3347 ) ;
#1421 = CARTESIAN_POINT ( 'NONE',  ( 2.539999999999998700, 3.299857146501273600, -6.630000000000000800 ) ) ;
#1422 = DIRECTION ( 'NONE',  ( 0.0000000000000000000, 0.0000000000000000000, 1.000000000000000000 ) ) ;
#1423 = LINE ( 'NONE', #240, #4219 ) ;
#1424 = SHAPE_DEFINITION_REPRESENTATION ( #7590, #3290 ) ;
#1425 = CARTESIAN_POINT ( 'NONE',  ( -3.960000000000000900, 1.000000000000000000, 3.559999999999998700 ) ) ;
#1426 = EDGE_CURVE ( 'NONE', #4461, #6708, #5574, .T. ) ;
#1427 = DIRECTION ( 'NONE',  ( 0.0000000000000000000, 0.0000000000000000000, 1.000000000000000000 ) ) ;
#1428 = CIRCLE ( 'NONE', #1303, 0.9899999999999993200 ) ;
#1429 = CARTESIAN_POINT ( 'NONE',  ( 5.080000000000104900, 6.100000000000000500, 3.530000000000000200 ) ) ;
#1430 = VERTEX_POINT ( 'NONE', #3005 ) ;
#1431 = PLANE ( 'NONE',  #2206 ) ;
#1432 = CARTESIAN_POINT ( 'NONE',  ( 0.0000000000000000000, 1.000000000000000000, 0.0000000000000000000 ) ) ;
#1433 = ORIENTED_EDGE ( 'NONE', *, *, #1928, .F. ) ;
#1434 = VERTEX_POINT ( 'NONE', #5135 ) ;
#1435 = VECTOR ( 'NONE', #867, 1000.000000000000000 ) ;
#1436 = FACE_OUTER_BOUND ( 'NONE', #2195, .T. ) ;
#1437 = ORIENTED_EDGE ( 'NONE', *, *, #8336, .F. ) ;
#1438 = ORIENTED_EDGE ( 'NONE', *, *, #6673, .T. ) ;
#1439 = EDGE_CURVE ( 'NONE', #466, #2338, #7421, .T. ) ;
#1440 = CARTESIAN_POINT ( 'NONE',  ( -5.079999999999921000, 3.299857146501273600, 0.0000000000000000000 ) ) ;
#1441 = CARTESIAN_POINT ( 'NONE',  ( -5.079999999999842000, 6.299999999999999800, 7.620000000000000100 ) ) ;
#1442 = VECTOR ( 'NONE', #278, 1000.000000000000000 ) ;
#1443 = ORIENTED_EDGE ( 'NONE', *, *, #1159, .F. ) ;
#1444 = AXIS2_PLACEMENT_3D ( 'NONE', #4925, #5671, #8371 ) ;
#1445 = VERTEX_POINT ( 'NONE', #5168 ) ;
#1446 = EDGE_LOOP ( 'NONE', ( #8463, #996, #6260, #5117 ) ) ;
#1447 = CARTESIAN_POINT ( 'NONE',  ( -3.660000000000001000, -10.18309518948452900, -6.599999999999999600 ) ) ;
#1448 = LINE ( 'NONE', #3266, #8559 ) ;
#1449 = CIRCLE ( 'NONE', #8530, 0.9899999999999993200 ) ;
#1450 = DIRECTION ( 'NONE',  ( 0.0000000000000000000, -0.0000000000000000000, 1.000000000000000000 ) ) ;
#1451 = EDGE_LOOP ( 'NONE', ( #1311, #2059 ) ) ;
#1452 = DIRECTION ( 'NONE',  ( -1.000000000000000000, 0.0000000000000000000, 0.0000000000000000000 ) ) ;
#1453 = VECTOR ( 'NONE', #6330, 1000.000000000000000 ) ;
#1454 = VERTEX_POINT ( 'NONE', #4374 ) ;
#1455 = AXIS2_PLACEMENT_3D ( 'NONE', #8067, #1156, #2529 ) ;
#1456 = EDGE_LOOP ( 'NONE', ( #5125, #2018, #7585, #8026 ) ) ;
#1457 = ADVANCED_FACE ( 'NONE', ( #4174 ), #1601, .T. ) ;
#1458 = EDGE_LOOP ( 'NONE', ( #4499, #7048, #118, #7604 ) ) ;
#1459 = CARTESIAN_POINT ( 'NONE',  ( 4.762500000000000200, 1.000000000000000000, 7.302499999999997500 ) ) ;
#1460 = SURFACE_STYLE_USAGE ( .BOTH. , #2916 ) ;
#1461 = EDGE_CURVE ( 'NONE', #5085, #6539, #1486, .T. ) ;
#1462 = LINE ( 'NONE', #6117, #6849 ) ;
#1463 = CYLINDRICAL_SURFACE ( 'NONE', #364, 0.9899999999999995500 ) ;
#1464 = DIRECTION ( 'NONE',  ( 0.0000000000000000000, 1.000000000000000000, 0.0000000000000000000 ) ) ;
#1465 = DIRECTION ( 'NONE',  ( 0.0000000000000000000, -0.0000000000000000000, 1.000000000000000000 ) ) ;
#1466 = EDGE_LOOP ( 'NONE', ( #7582, #5501, #4679, #4036 ) ) ;
#1467 = CARTESIAN_POINT ( 'NONE',  ( -2.539999999999894800, 6.299999999999999800, 1.550000000000001200 ) ) ;
#1468 = DIRECTION ( 'NONE',  ( 0.0000000000000000000, 0.0000000000000000000, 1.000000000000000000 ) ) ;
#1469 = CARTESIAN_POINT ( 'NONE',  ( 5.080000000000053400, 6.299999999999999800, -1.550000000000000500 ) ) ;
#1470 = PRESENTATION_LAYER_ASSIGNMENT (  '', '', ( #6361 ) ) ;
#1471 = EDGE_LOOP ( 'NONE', ( #8029, #5964 ) ) ;
#1472 = ORIENTED_EDGE ( 'NONE', *, *, #7463, .T. ) ;
#1473 = EDGE_CURVE ( 'NONE', #3516, #3130, #3084, .T. ) ;
#1474 = DIRECTION ( 'NONE',  ( 0.0000000000000000000, 1.000000000000000000, 0.0000000000000000000 ) ) ;
#1475 = DIRECTION ( 'NONE',  ( 0.0000000000000000000, 1.000000000000000000, 0.0000000000000000000 ) ) ;
#1476 =( LENGTH_UNIT ( ) NAMED_UNIT ( * ) SI_UNIT ( .MILLI., .METRE. ) );
#1477 = LINE ( 'NONE', #6427, #3295 ) ;
#1478 = VERTEX_POINT ( 'NONE', #8604 ) ;
#1479 = DIRECTION ( 'NONE',  ( 1.000000000000000000, 0.0000000000000000000, 0.0000000000000000000 ) ) ;
#1480 = AXIS2_PLACEMENT_3D ( 'NONE', #7268, #6621, #304 ) ;
#1481 = CARTESIAN_POINT ( 'NONE',  ( 2.540000000000131500, 6.100000000000000500, 5.080000000000001000 ) ) ;
#1482 = ORIENTED_EDGE ( 'NONE', *, *, #8283, .F. ) ;
#1483 = DIRECTION ( 'NONE',  ( -0.0000000000000000000, -0.0000000000000000000, -1.000000000000000000 ) ) ;
#1484 = ORIENTED_EDGE ( 'NONE', *, *, #1570, .T. ) ;
#1485 = EDGE_CURVE ( 'NONE', #2607, #6128, #423, .T. ) ;
#1486 = LINE ( 'NONE', #7221, #8599 ) ;
#1487 = FACE_OUTER_BOUND ( 'NONE', #987, .T. ) ;
#1488 = DIRECTION ( 'NONE',  ( 0.0000000000000000000, 1.000000000000000000, 0.0000000000000000000 ) ) ;
#1489 = DIRECTION ( 'NONE',  ( 0.0000000000000000000, -1.000000000000000000, 0.0000000000000000000 ) ) ;
#1490 = DIRECTION ( 'NONE',  ( -0.0000000000000000000, -1.000000000000000000, -0.0000000000000000000 ) ) ;
#1491 = AXIS2_PLACEMENT_3D ( 'NONE', #135, #1464, #7026 ) ;
#1492 = CYLINDRICAL_SURFACE ( 'NONE', #545, 0.9899999999999993200 ) ;
#1493 = DIRECTION ( 'NONE',  ( 0.0000000000000000000, 1.000000000000000000, 0.0000000000000000000 ) ) ;
#1494 = SURFACE_STYLE_USAGE ( .BOTH. , #3613 ) ;
#1495 = CARTESIAN_POINT ( 'NONE',  ( -5.079999999999894400, 6.100000000000000500, 2.540000000000000500 ) ) ;
#1496 = EDGE_CURVE ( 'NONE', #2622, #6538, #8919, .T. ) ;
#1497 = EDGE_LOOP ( 'NONE', ( #3531, #4787 ) ) ;
#1498 = AXIS2_PLACEMENT_3D ( 'NONE', #3937, #4617, #1300 ) ;
#1499 = ORIENTED_EDGE ( 'NONE', *, *, #7419, .F. ) ;
#1500 = ORIENTED_EDGE ( 'NONE', *, *, #7274, .F. ) ;
#1501 = ADVANCED_FACE ( 'NONE', ( #3302 ), #2151, .T. ) ;
#1502 = CIRCLE ( 'NONE', #5011, 0.9899999999999995500 ) ;
#1503 = DIRECTION ( 'NONE',  ( 0.0000000000000000000, 1.000000000000000000, 0.0000000000000000000 ) ) ;
#1504 =( NAMED_UNIT ( * ) PLANE_ANGLE_UNIT ( ) SI_UNIT ( $, .RADIAN. ) );
#1505 = CYLINDRICAL_SURFACE ( 'NONE', #2925, 0.9899999999999993200 ) ;
#1506 = VERTEX_POINT ( 'NONE', #7678 ) ;
#1507 = DIRECTION ( 'NONE',  ( 0.0000000000000000000, 1.000000000000000000, 0.0000000000000000000 ) ) ;
#1508 = CARTESIAN_POINT ( 'NONE',  ( 2.540000000000105700, 6.100000000000000500, 3.530000000000000200 ) ) ;
#1509 = ADVANCED_FACE ( 'NONE', ( #7524 ), #4397, .F. ) ;
#1510 = EDGE_CURVE ( 'NONE', #929, #8472, #2020, .T. ) ;
#1511 = ORIENTED_EDGE ( 'NONE', *, *, #1599, .T. ) ;
#1512 = ADVANCED_FACE ( 'NONE', ( #2234 ), #7885, .T. ) ;
#1513 = DIRECTION ( 'NONE',  ( 0.0000000000000000000, -0.0000000000000000000, 1.000000000000000000 ) ) ;
#1514 = CARTESIAN_POINT ( 'NONE',  ( 2.602085213965210600E-014, 6.100000000000000500, -5.079999999999999200 ) ) ;
#1515 = CARTESIAN_POINT ( 'NONE',  ( 2.539999999999998700, 6.100000000000000500, -6.630000000000000800 ) ) ;
#1516 = STYLED_ITEM ( 'NONE', ( #2213 ), #3483 ) ;
#1517 = CARTESIAN_POINT ( 'NONE',  ( 2.540000000000078600, 3.299857146501273600, 0.0000000000000000000 ) ) ;
#1518 = ORIENTED_EDGE ( 'NONE', *, *, #3898, .T. ) ;
#1519 = CARTESIAN_POINT ( 'NONE',  ( 4.762500000000000200, 1.000000000000000000, 7.302499999999997500 ) ) ;
#1520 = DIRECTION ( 'NONE',  ( 0.0000000000000000000, 0.0000000000000000000, 1.000000000000000000 ) ) ;
#1521 = EDGE_CURVE ( 'NONE', #4958, #2210, #532, .T. ) ;
#1522 = DIRECTION ( 'NONE',  ( 0.0000000000000000000, 0.0000000000000000000, 1.000000000000000000 ) ) ;
#1523 = FACE_OUTER_BOUND ( 'NONE', #6808, .T. ) ;
#1524 = ORIENTED_EDGE ( 'NONE', *, *, #2769, .T. ) ;
#1525 = CIRCLE ( 'NONE', #4462, 0.9899999999999995500 ) ;
#1526 = PRESENTATION_LAYER_ASSIGNMENT (  '', '', ( #2041 ) ) ;
#1527 = LINE ( 'NONE', #6229, #2718 ) ;
#1528 = ORIENTED_EDGE ( 'NONE', *, *, #8188, .F. ) ;
#1529 = CARTESIAN_POINT ( 'NONE',  ( -2.540000000000000900, 6.299999999999999800, -7.620000000000000100 ) ) ;
#1530 = CARTESIAN_POINT ( 'NONE',  ( -5.079999999999894400, 6.299999999999999800, 2.540000000000000500 ) ) ;
#1531 = EDGE_CURVE ( 'NONE', #6137, #2949, #6647, .T. ) ;
#1532 = ORIENTED_EDGE ( 'NONE', *, *, #4862, .F. ) ;
#1533 = CYLINDRICAL_SURFACE ( 'NONE', #2679, 0.9899999999999995500 ) ;
#1534 = COLOUR_RGB ( '',0.5019607843137254800, 0.5019607843137254800, 0.5019607843137254800 ) ;
#1535 = LINE ( 'NONE', #6744, #7471 ) ;
#1536 = VECTOR ( 'NONE', #1488, 1000.000000000000000 ) ;
#1537 = VECTOR ( 'NONE', #51, 1000.000000000000000 ) ;
#1538 = AXIS2_PLACEMENT_3D ( 'NONE', #5983, #6644, #7293 ) ;
#1539 = ADVANCED_FACE ( 'NONE', ( #2776 ), #1070, .F. ) ;
#1540 = CARTESIAN_POINT ( 'NONE',  ( 1.058181320345852300E-013, 6.299999999999999800, 3.530000000000000200 ) ) ;
#1541 = FILL_AREA_STYLE ('',( #6730 ) ) ;
#1542 = CYLINDRICAL_SURFACE ( 'NONE', #565, 0.9899999999999993200 ) ;
#1543 = PLANE ( 'NONE',  #3223 ) ;
#1544 = VERTEX_POINT ( 'NONE', #480 ) ;
#1545 = VERTEX_POINT ( 'NONE', #1174 ) ;
#1546 = ORIENTED_EDGE ( 'NONE', *, *, #1976, .F. ) ;
#1547 = DIRECTION ( 'NONE',  ( 0.0000000000000000000, 0.0000000000000000000, 1.000000000000000000 ) ) ;
#1548 = AXIS2_PLACEMENT_3D ( 'NONE', #2727, #756, #695 ) ;
#1549 = CIRCLE ( 'NONE', #1480, 0.9899999999999995500 ) ;
#1550 = PLANE ( 'NONE',  #1921 ) ;
#1551 = CARTESIAN_POINT ( 'NONE',  ( 5.204170427930421300E-014, 6.100000000000000500, -2.539999999999999600 ) ) ;
#1552 = ORIENTED_EDGE ( 'NONE', *, *, #8678, .T. ) ;
#1553 = ADVANCED_FACE ( 'NONE', ( #416 ), #390, .T. ) ;
#1554 = FACE_OUTER_BOUND ( 'NONE', #2754, .T. ) ;
#1555 = VERTEX_POINT ( 'NONE', #1851 ) ;
#1556 = LINE ( 'NONE', #724, #4997 ) ;
#1557 = ADVANCED_FACE ( 'NONE', ( #952 ), #4520, .F. ) ;
#1558 = FACE_OUTER_BOUND ( 'NONE', #4568, .T. ) ;
#1559 = AXIS2_PLACEMENT_3D ( 'NONE', #7236, #4241, #4448 ) ;
#1560 = ORIENTED_EDGE ( 'NONE', *, *, #2977, .F. ) ;
#1561 = DIRECTION ( 'NONE',  ( 0.0000000000000000000, 0.0000000000000000000, 1.000000000000000000 ) ) ;
#1562 = DIRECTION ( 'NONE',  ( 0.0000000000000000000, 0.0000000000000000000, 1.000000000000000000 ) ) ;
#1563 = ORIENTED_EDGE ( 'NONE', *, *, #4821, .T. ) ;
#1564 = DIRECTION ( 'NONE',  ( 0.0000000000000000000, 0.0000000000000000000, 1.000000000000000000 ) ) ;
#1565 = EDGE_LOOP ( 'NONE', ( #1785, #4626 ) ) ;
#1566 = DIRECTION ( 'NONE',  ( 0.0000000000000000000, 0.0000000000000000000, 1.000000000000000000 ) ) ;
#1567 = AXIS2_PLACEMENT_3D ( 'NONE', #1089, #5256, #3925 ) ;
#1568 = LINE ( 'NONE', #1986, #8575 ) ;
#1569 = ORIENTED_EDGE ( 'NONE', *, *, #6609, .T. ) ;
#1570 = EDGE_CURVE ( 'NONE', #8098, #8714, #1808, .T. ) ;
#1571 = PLANE ( 'NONE',  #1954 ) ;
#1572 = EDGE_LOOP ( 'NONE', ( #299, #1832 ) ) ;
#1573 = CYLINDRICAL_SURFACE ( 'NONE', #3450, 0.9899999999999995500 ) ;
#1574 = CARTESIAN_POINT ( 'NONE',  ( -2.539999999999894800, 6.100000000000000500, 2.540000000000000500 ) ) ;
#1575 = VERTEX_POINT ( 'NONE', #2551 ) ;
#1576 = DIRECTION ( 'NONE',  ( 0.0000000000000000000, -0.0000000000000000000, 1.000000000000000000 ) ) ;
#1577 = DIRECTION ( 'NONE',  ( -0.0000000000000000000, 1.000000000000000000, -0.0000000000000000000 ) ) ;
#1578 = ORIENTED_EDGE ( 'NONE', *, *, #4437, .F. ) ;
#1579 = AXIS2_PLACEMENT_3D ( 'NONE', #281, #3731, #8568 ) ;
#1580 = LINE ( 'NONE', #7454, #8484 ) ;
#1581 = AXIS2_PLACEMENT_3D ( 'NONE', #7372, #8721, #2524 ) ;
#1582 = ADVANCED_FACE ( 'NONE', ( #4168 ), #1088, .T. ) ;
#1583 = FACE_OUTER_BOUND ( 'NONE', #4032, .T. ) ;
#1584 = EDGE_CURVE ( 'NONE', #3653, #2906, #4706, .T. ) ;
#1585 = CARTESIAN_POINT ( 'NONE',  ( 2.540000000000078600, 3.299857146501273600, -0.9899999999999993200 ) ) ;
#1586 = PLANE ( 'NONE',  #8730 ) ;
#1587 = AXIS2_PLACEMENT_3D ( 'NONE', #1940, #1172, #1912 ) ;
#1588 = ADVANCED_FACE ( 'NONE', ( #3949 ), #8274, .F. ) ;
#1589 = EDGE_LOOP ( 'NONE', ( #8127, #4666, #3660, #4473 ) ) ;
#1590 = EDGE_CURVE ( 'NONE', #6954, #2053, #5673, .T. ) ;
#1591 = ORIENTED_EDGE ( 'NONE', *, *, #8899, .T. ) ;
#1592 = SURFACE_SIDE_STYLE ('',( #1859 ) ) ;
#1593 = FACE_BOUND ( 'NONE', #5859, .T. ) ;
#1594 = DIRECTION ( 'NONE',  ( 1.000000000000000000, 0.0000000000000000000, -0.0000000000000000000 ) ) ;
#1595 = DIRECTION ( 'NONE',  ( 0.0000000000000000000, 1.000000000000000000, 0.0000000000000000000 ) ) ;
#1596 = AXIS2_PLACEMENT_3D ( 'NONE', #4642, #7434, #3286 ) ;
#1597 = PLANE ( 'NONE',  #2556 ) ;
#1598 = ORIENTED_EDGE ( 'NONE', *, *, #3119, .F. ) ;
#1599 = EDGE_CURVE ( 'NONE', #2652, #1004, #187, .T. ) ;
#1600 = AXIS2_PLACEMENT_3D ( 'NONE', #738, #5520, #7617 ) ;
#1601 = PLANE ( 'NONE',  #4205 ) ;
#1602 = VERTEX_POINT ( 'NONE', #519 ) ;
#1603 = MANIFOLD_SOLID_BREP ( 'LED 21', #6846 ) ;
#1604 = SURFACE_STYLE_USAGE ( .BOTH. , #3715 ) ;
#1605 = DIRECTION ( 'NONE',  ( 0.0000000000000000000, 0.0000000000000000000, 1.000000000000000000 ) ) ;
#1606 = CARTESIAN_POINT ( 'NONE',  ( -5.079999999999948600, 6.299999999999999800, -3.529999999999999400 ) ) ;
#1607 = ORIENTED_EDGE ( 'NONE', *, *, #1362, .T. ) ;
#1608 = MECHANICAL_DESIGN_GEOMETRIC_PRESENTATION_REPRESENTATION (  '', ( #1176 ), #1060 ) ;
#1609 = ORIENTED_EDGE ( 'NONE', *, *, #7613, .T. ) ;
#1610 = PRESENTATION_STYLE_ASSIGNMENT (( #7357 ) ) ;
#1611 = CARTESIAN_POINT ( 'NONE',  ( 2.602085213965210600E-014, 3.299857146501273600, -5.079999999999999200 ) ) ;
#1612 = VERTEX_POINT ( 'NONE', #6571 ) ;
#1613 = VECTOR ( 'NONE', #5917, 1000.000000000000000 ) ;
#1614 = EDGE_CURVE ( 'NONE', #8270, #6185, #4375, .T. ) ;
#1615 = CLOSED_SHELL ( 'NONE', ( #7744, #2235, #7009, #2969, #7653, #8862 ) ) ;
#1616 = ADVANCED_FACE ( 'NONE', ( #6001 ), #5773, .T. ) ;
#1617 = LINE ( 'NONE', #4457, #8311 ) ;
#1618 = DIRECTION ( 'NONE',  ( 0.0000000000000000000, 1.000000000000000000, 0.0000000000000000000 ) ) ;
#1619 =( NAMED_UNIT ( * ) PLANE_ANGLE_UNIT ( ) SI_UNIT ( $, .RADIAN. ) );
#1620 = VERTEX_POINT ( 'NONE', #6792 ) ;
#1621 = CYLINDRICAL_SURFACE ( 'NONE', #2694, 0.9899999999999995500 ) ;
#1622 = VERTEX_POINT ( 'NONE', #4674 ) ;
#1623 = AXIS2_PLACEMENT_3D ( 'NONE', #69, #2199, #5568 ) ;
#1624 = DIRECTION ( 'NONE',  ( 0.0000000000000000000, 1.000000000000000000, 0.0000000000000000000 ) ) ;
#1625 = CARTESIAN_POINT ( 'NONE',  ( 5.080000000000025800, 6.100000000000000500, -4.089999999999999900 ) ) ;
#1626 =( NAMED_UNIT ( * ) PLANE_ANGLE_UNIT ( ) SI_UNIT ( $, .RADIAN. ) );
#1627 = CLOSED_SHELL ( 'NONE', ( #6235, #8778, #155, #1957, #5387, #2771 ) ) ;
#1628 = FACE_OUTER_BOUND ( 'NONE', #6558, .T. ) ;
#1629 = EDGE_CURVE ( 'NONE', #3629, #3902, #6113, .T. ) ;
#1630 = DIRECTION ( 'NONE',  ( 0.0000000000000000000, 0.0000000000000000000, 1.000000000000000000 ) ) ;
#1631 = CIRCLE ( 'NONE', #5689, 0.9899999999999995500 ) ;
#1632 = ADVANCED_FACE ( 'NONE', ( #3403 ), #1974, .T. ) ;
#1633 = LINE ( 'NONE', #1838, #3020 ) ;
#1634 = CARTESIAN_POINT ( 'NONE',  ( 5.080000000000133300, 6.299999999999999800, 5.080000000000001000 ) ) ;
#1635 = ADVANCED_FACE ( 'NONE', ( #6542 ), #8389, .F. ) ;
#1636 =( NAMED_UNIT ( * ) SI_UNIT ( $, .STERADIAN. ) SOLID_ANGLE_UNIT ( ) );
#1637 = FACE_OUTER_BOUND ( 'NONE', #5595, .T. ) ;
#1638 = VERTEX_POINT ( 'NONE', #6765 ) ;
#1639 = ORIENTED_EDGE ( 'NONE', *, *, #5119, .T. ) ;
#1640 = EDGE_LOOP ( 'NONE', ( #7308, #726 ) ) ;
#1641 = VECTOR ( 'NONE', #7543, 1000.000000000000000 ) ;
#1642 = CARTESIAN_POINT ( 'NONE',  ( 5.080000000000159100, 6.299999999999999800, 6.630000000000000800 ) ) ;
#1643 = DIRECTION ( 'NONE',  ( 0.0000000000000000000, 0.0000000000000000000, 1.000000000000000000 ) ) ;
#1644 = LINE ( 'NONE', #2262, #7035 ) ;
#1645 = SURFACE_STYLE_FILL_AREA ( #2241 ) ;
#1646 = DIRECTION ( 'NONE',  ( 0.0000000000000000000, 1.000000000000000000, 0.0000000000000000000 ) ) ;
#1647 = EDGE_CURVE ( 'NONE', #4284, #5093, #4489, .T. ) ;
#1648 = ORIENTED_EDGE ( 'NONE', *, *, #5742, .T. ) ;
#1649 = DIRECTION ( 'NONE',  ( -0.0000000000000000000, 1.000000000000000000, -0.0000000000000000000 ) ) ;
#1650 = ORIENTED_EDGE ( 'NONE', *, *, #3139, .F. ) ;
#1651 = CIRCLE ( 'NONE', #4288, 0.9899999999999993200 ) ;
#1652 = ORIENTED_EDGE ( 'NONE', *, *, #7696, .F. ) ;
#1653 = ORIENTED_EDGE ( 'NONE', *, *, #4924, .F. ) ;
#1654 = ORIENTED_EDGE ( 'NONE', *, *, #625, .F. ) ;
#1655 = DIRECTION ( 'NONE',  ( 0.0000000000000000000, 0.0000000000000000000, -1.000000000000000000 ) ) ;
#1656 = PRESENTATION_STYLE_ASSIGNMENT (( #4159 ) ) ;
#1657 = AXIS2_PLACEMENT_3D ( 'NONE', #1517, #4304, #1547 ) ;
#1658 = DIRECTION ( 'NONE',  ( 0.0000000000000000000, 0.0000000000000000000, 1.000000000000000000 ) ) ;
#1659 = ORIENTED_EDGE ( 'NONE', *, *, #3293, .T. ) ;
#1660 = CARTESIAN_POINT ( 'NONE',  ( 6.330000000000001800, 1.000000000000000000, -7.302499999999997500 ) ) ;
#1661 = EDGE_CURVE ( 'NONE', #2231, #6023, #2879, .T. ) ;
#1662 = CYLINDRICAL_SURFACE ( 'NONE', #1235, 0.9899999999999995500 ) ;
#1663 = VERTEX_POINT ( 'NONE', #8780 ) ;
#1664 = AXIS2_PLACEMENT_3D ( 'NONE', #6103, #620, #5408 ) ;
#1665 = ORIENTED_EDGE ( 'NONE', *, *, #15, .T. ) ;
#1666 = ORIENTED_EDGE ( 'NONE', *, *, #6355, .F. ) ;
#1667 = UNCERTAINTY_MEASURE_WITH_UNIT (LENGTH_MEASURE( 1.000000000000000100E-005 ), #4222, 'distance_accuracy_value', 'NONE');
#1668 = EDGE_LOOP ( 'NONE', ( #5532, #8681 ) ) ;
#1669 = CARTESIAN_POINT ( 'NONE',  ( 2.540000000000158600, 6.299999999999999800, 7.620000000000000100 ) ) ;
#1670 = DIRECTION ( 'NONE',  ( -0.0000000000000000000, 1.000000000000000000, -0.0000000000000000000 ) ) ;
#1671 = LINE ( 'NONE', #2858, #4793 ) ;
#1672 = VECTOR ( 'NONE', #8306, 1000.000000000000000 ) ;
#1673 = PLANE ( 'NONE',  #2432 ) ;
#1674 = ADVANCED_FACE ( 'NONE', ( #2337 ), #7520, .F. ) ;
#1675 = EDGE_LOOP ( 'NONE', ( #394, #4306, #3198, #1609 ) ) ;
#1676 =( GEOMETRIC_REPRESENTATION_CONTEXT ( 3 ) GLOBAL_UNCERTAINTY_ASSIGNED_CONTEXT ( ( #8221 ) ) GLOBAL_UNIT_ASSIGNED_CONTEXT ( ( #4722, #8886, #4751 ) ) REPRESENTATION_CONTEXT ( 'NONE', 'WORKASPACE' ) );
#1677 = CARTESIAN_POINT ( 'NONE',  ( 6.330000000000001800, 6.100000000000000500, 8.869999999999999200 ) ) ;
#1678 = DIRECTION ( 'NONE',  ( 0.0000000000000000000, 1.000000000000000000, 0.0000000000000000000 ) ) ;
#1679 = EDGE_CURVE ( 'NONE', #4715, #7825, #5890, .T. ) ;
#1680 = DIRECTION ( 'NONE',  ( 0.0000000000000000000, 0.0000000000000000000, 1.000000000000000000 ) ) ;
#1681 = EDGE_LOOP ( 'NONE', ( #5845, #1034, #3650, #655 ) ) ;
#1682 = CARTESIAN_POINT ( 'NONE',  ( 3.660000000000001000, 1.000000000000000000, 6.099999999999999600 ) ) ;
#1683 = VECTOR ( 'NONE', #2370, 1000.000000000000000 ) ;
#1684 = ORIENTED_EDGE ( 'NONE', *, *, #3871, .T. ) ;
#1685 = ADVANCED_FACE ( 'NONE', ( #5464 ), #4638, .F. ) ;
#1686 =( GEOMETRIC_REPRESENTATION_CONTEXT ( 3 ) GLOBAL_UNCERTAINTY_ASSIGNED_CONTEXT ( ( #2331 ) ) GLOBAL_UNIT_ASSIGNED_CONTEXT ( ( #8050, #3911, #8025 ) ) REPRESENTATION_CONTEXT ( 'NONE', 'WORKASPACE' ) );
#1687 = PRESENTATION_STYLE_ASSIGNMENT (( #969 ) ) ;
#1688 = VERTEX_POINT ( 'NONE', #3283 ) ;
#1689 = ADVANCED_FACE ( 'NONE', ( #3619 ), #4757, .F. ) ;
#1690 = DIRECTION ( 'NONE',  ( -0.0000000000000000000, 1.000000000000000000, -0.0000000000000000000 ) ) ;
#1691 = CARTESIAN_POINT ( 'NONE',  ( -5.079999999999921000, 6.299999999999999800, 0.9899999999999993200 ) ) ;
#1692 = EDGE_LOOP ( 'NONE', ( #7675, #2665 ) ) ;
#1693 = EDGE_CURVE ( 'NONE', #3414, #3894, #1580, .T. ) ;
#1694 = EDGE_LOOP ( 'NONE', ( #5654, #7059, #2948, #8342 ) ) ;
#1695 = CARTESIAN_POINT ( 'NONE',  ( 5.080000000000159100, 6.299999999999999800, 8.609999999999999400 ) ) ;
#1696 = FACE_OUTER_BOUND ( 'NONE', #1446, .T. ) ;
#1698 = PLANE ( 'NONE',  #3422 ) ;
#1697 =( NAMED_UNIT ( * ) PLANE_ANGLE_UNIT ( ) SI_UNIT ( $, .RADIAN. ) );
#1699 = FACE_OUTER_BOUND ( 'NONE', #7019, .T. ) ;
#1700 = AXIS2_PLACEMENT_3D ( 'NONE', #2757, #5, #6906 ) ;
#1701 = DIRECTION ( 'NONE',  ( 0.0000000000000000000, 0.0000000000000000000, 1.000000000000000000 ) ) ;
#1702 = DIRECTION ( 'NONE',  ( 0.0000000000000000000, -1.000000000000000000, 0.0000000000000000000 ) ) ;
#1703 = MECHANICAL_DESIGN_GEOMETRIC_PRESENTATION_REPRESENTATION (  '', ( #4810 ), #6838 ) ;
#1704 =( LENGTH_UNIT ( ) NAMED_UNIT ( * ) SI_UNIT ( .MILLI., .METRE. ) );
#1705 = EDGE_CURVE ( 'NONE', #7128, #7812, #6219, .T. ) ;
#1706 = COLOUR_RGB ( '',0.7921568627450980000, 0.8196078431372548800, 0.9333333333333333500 ) ;
#1707 = ORIENTED_EDGE ( 'NONE', *, *, #6250, .T. ) ;
#1708 = DIRECTION ( 'NONE',  ( 0.0000000000000000000, 1.000000000000000000, 0.0000000000000000000 ) ) ;
#1709 = DIRECTION ( 'NONE',  ( 0.0000000000000000000, 0.0000000000000000000, -1.000000000000000000 ) ) ;
#1710 = DIRECTION ( 'NONE',  ( -1.000000000000000000, 0.0000000000000000000, 0.0000000000000000000 ) ) ;
#1711 = ORIENTED_EDGE ( 'NONE', *, *, #8375, .T. ) ;
#1712 = CLOSED_SHELL ( 'NONE', ( #5124, #6557, #2454, #5835, #3754, #7516 ) ) ;
#1713 = AXIS2_PLACEMENT_3D ( 'NONE', #6315, #4904, #7725 ) ;
#1714 = FACE_OUTER_BOUND ( 'NONE', #7317, .T. ) ;
#1715 = DIRECTION ( 'NONE',  ( 0.0000000000000000000, 1.000000000000000000, 0.0000000000000000000 ) ) ;
#1716 = EDGE_CURVE ( 'NONE', #1270, #3472, #7958, .T. ) ;
#1717 = CARTESIAN_POINT ( 'NONE',  ( -3.960000000000000900, 1.000000000000000000, 1.519999999999999600 ) ) ;
#1718 = VECTOR ( 'NONE', #5302, 1000.000000000000000 ) ;
#1719 = EDGE_LOOP ( 'NONE', ( #5699, #2101 ) ) ;
#1720 = DIRECTION ( 'NONE',  ( 0.0000000000000000000, 0.0000000000000000000, 1.000000000000000000 ) ) ;
#1721 = DIRECTION ( 'NONE',  ( -0.0000000000000000000, -0.0000000000000000000, -1.000000000000000000 ) ) ;
#1722 = ORIENTED_EDGE ( 'NONE', *, *, #5031, .T. ) ;
#1723 = CARTESIAN_POINT ( 'NONE',  ( -5.079999999999948600, 6.299999999999999800, -1.550000000000000500 ) ) ;
#1725 = DIRECTION ( 'NONE',  ( 0.0000000000000000000, 1.000000000000000000, 0.0000000000000000000 ) ) ;
#1724 = DIRECTION ( 'NONE',  ( 0.0000000000000000000, -1.000000000000000000, 0.0000000000000000000 ) ) ;
#1726 = EDGE_CURVE ( 'NONE', #2912, #1638, #849, .T. ) ;
#1727 = ADVANCED_FACE ( 'NONE', ( #8704 ), #7077, .T. ) ;
#1728 = AXIS2_PLACEMENT_3D ( 'NONE', #6133, #53, #5556 ) ;
#1729 = DIRECTION ( 'NONE',  ( 0.0000000000000000000, 0.0000000000000000000, 1.000000000000000000 ) ) ;
#1730 = DIRECTION ( 'NONE',  ( 0.0000000000000000000, 0.0000000000000000000, 1.000000000000000000 ) ) ;
#1731 = ADVANCED_FACE ( 'NONE', ( #6868 ), #8169, .T. ) ;
#1732 = ORIENTED_EDGE ( 'NONE', *, *, #6086, .F. ) ;
#1733 = VECTOR ( 'NONE', #1394, 1000.000000000000000 ) ;
#1734 = CARTESIAN_POINT ( 'NONE',  ( -4.762500000000000200, 0.0000000000000000000, -7.302499999999997500 ) ) ;
#1735 = FILL_AREA_STYLE ('',( #2400 ) ) ;
#1736 =( LENGTH_UNIT ( ) NAMED_UNIT ( * ) SI_UNIT ( .MILLI., .METRE. ) );
#1737 = CARTESIAN_POINT ( 'NONE',  ( -8.673617379884035500E-016, 6.100000000000000500, -7.620000000000000100 ) ) ;
#1738 = AXIS2_PLACEMENT_3D ( 'NONE', #761, #4856, #3502 ) ;
#1739 = VERTEX_POINT ( 'NONE', #1376 ) ;
#1740 = FACE_BOUND ( 'NONE', #7004, .T. ) ;
#1741 = CARTESIAN_POINT ( 'NONE',  ( -2.539999999999921400, 6.100000000000000500, -0.9899999999999993200 ) ) ;
#1742 = EDGE_CURVE ( 'NONE', #2049, #1205, #6425, .T. ) ;
#1743 = CIRCLE ( 'NONE', #1153, 0.9899999999999993200 ) ;
#1744 = ORIENTED_EDGE ( 'NONE', *, *, #3695, .F. ) ;
#1745 = FILL_AREA_STYLE ('',( #3755 ) ) ;
#1746 = ORIENTED_EDGE ( 'NONE', *, *, #7328, .T. ) ;
#1747 = DIRECTION ( 'NONE',  ( 0.0000000000000000000, 0.0000000000000000000, 1.000000000000000000 ) ) ;
#1748 = AXIS2_PLACEMENT_3D ( 'NONE', #6430, #6372, #7073 ) ;
#1749 = FACE_OUTER_BOUND ( 'NONE', #5053, .T. ) ;
#1750 = DIRECTION ( 'NONE',  ( 0.0000000000000000000, 1.000000000000000000, 0.0000000000000000000 ) ) ;
#1751 = DIRECTION ( 'NONE',  ( 0.0000000000000000000, 1.000000000000000000, 0.0000000000000000000 ) ) ;
#1752 = CYLINDRICAL_SURFACE ( 'NONE', #8597, 0.9899999999999995500 ) ;
#1753 = CIRCLE ( 'NONE', #7484, 0.9899999999999995500 ) ;
#1754 = VECTOR ( 'NONE', #7245, 1000.000000000000000 ) ;
#1756 = CARTESIAN_POINT ( 'NONE',  ( 2.540000000000158600, 3.299857146501273600, 7.620000000000000100 ) ) ;
#1755 = DIRECTION ( 'NONE',  ( 0.0000000000000000000, 1.000000000000000000, 0.0000000000000000000 ) ) ;
#1757 = EDGE_CURVE ( 'NONE', #4747, #7967, #1171, .T. ) ;
#1758 = VECTOR ( 'NONE', #5540, 1000.000000000000000 ) ;
#1759 = ORIENTED_EDGE ( 'NONE', *, *, #8077, .F. ) ;
#1760 = ORIENTED_EDGE ( 'NONE', *, *, #6514, .F. ) ;
#1761 = CARTESIAN_POINT ( 'NONE',  ( 1.587271980518778500E-013, 6.100000000000000500, 8.609999999999999400 ) ) ;
#1763 = ORIENTED_EDGE ( 'NONE', *, *, #1242, .T. ) ;
#1762 = DIRECTION ( 'NONE',  ( 0.0000000000000000000, 0.0000000000000000000, 1.000000000000000000 ) ) ;
#1764 = CARTESIAN_POINT ( 'NONE',  ( 5.080000000000133300, 6.299999999999999800, 5.080000000000001000 ) ) ;
#1765 = FACE_OUTER_BOUND ( 'NONE', #2115, .T. ) ;
#1766 = LINE ( 'NONE', #5198, #5217 ) ;
#1767 = ORIENTED_EDGE ( 'NONE', *, *, #6852, .F. ) ;
#1768 = PRESENTATION_LAYER_ASSIGNMENT (  '', '', ( #4643 ) ) ;
#1769 = CARTESIAN_POINT ( 'NONE',  ( 5.080000000000159100, 6.100000000000000500, 6.630000000000000800 ) ) ;
#1770 = ORIENTED_EDGE ( 'NONE', *, *, #7714, .T. ) ;
#1771 = CYLINDRICAL_SURFACE ( 'NONE', #5384, 0.9899999999999995500 ) ;
#1772 = CARTESIAN_POINT ( 'NONE',  ( -3.660000000000001000, 1.000000000000000000, -6.099999999999999600 ) ) ;
#1773 = EDGE_LOOP ( 'NONE', ( #7218, #8677, #1890, #1888 ) ) ;
#1774 = CARTESIAN_POINT ( 'NONE',  ( 3.660000000000001000, -10.18309518948452900, 4.059999999999999600 ) ) ;
#1775 = SURFACE_STYLE_USAGE ( .BOTH. , #7867 ) ;
#1776 = DIRECTION ( 'NONE',  ( 0.0000000000000000000, 0.0000000000000000000, 1.000000000000000000 ) ) ;
#1777 = EDGE_CURVE ( 'NONE', #7299, #3719, #3186, .T. ) ;
#1778 = LINE ( 'NONE', #3509, #3265 ) ;
#1779 = CARTESIAN_POINT ( 'NONE',  ( 6.330000000000001800, 6.299999999999999800, -8.869999999999999200 ) ) ;
#1780 = CLOSED_SHELL ( 'NONE', ( #2394, #6602, #7936, #7385 ) ) ;
#1781 = ADVANCED_FACE ( 'NONE', ( #4929 ), #92, .F. ) ;
#1782 = VECTOR ( 'NONE', #5936, 1000.000000000000000 ) ;
#1783 = AXIS2_PLACEMENT_3D ( 'NONE', #6266, #1490, #2869 ) ;
#1784 = ORIENTED_EDGE ( 'NONE', *, *, #2657, .F. ) ;
#1785 = ORIENTED_EDGE ( 'NONE', *, *, #3490, .F. ) ;
#1786 = DIRECTION ( 'NONE',  ( 0.0000000000000000000, 1.000000000000000000, 0.0000000000000000000 ) ) ;
#1787 = MANIFOLD_SOLID_BREP ( 'Pin 7', #4318 ) ;
#1788 = DIRECTION ( 'NONE',  ( 0.0000000000000000000, -0.0000000000000000000, -1.000000000000000000 ) ) ;
#1789 = EDGE_CURVE ( 'NONE', #8040, #7296, #3522, .T. ) ;
#1790 = MECHANICAL_DESIGN_GEOMETRIC_PRESENTATION_REPRESENTATION (  '', ( #7329 ), #877 ) ;
#1791 = VERTEX_POINT ( 'NONE', #7835 ) ;
#1792 = SURFACE_STYLE_FILL_AREA ( #2257 ) ;
#1793 = CYLINDRICAL_SURFACE ( 'NONE', #1860, 0.9899999999999995500 ) ;
#1794 = CARTESIAN_POINT ( 'NONE',  ( 3.960000000000000900, -10.18309518948452900, -6.099999999999999600 ) ) ;
#1795 = ORIENTED_EDGE ( 'NONE', *, *, #2729, .T. ) ;
#1796 = DIRECTION ( 'NONE',  ( 0.0000000000000000000, 1.000000000000000000, 0.0000000000000000000 ) ) ;
#1797 = DIRECTION ( 'NONE',  ( 0.0000000000000000000, 0.0000000000000000000, 1.000000000000000000 ) ) ;
#1798 = ORIENTED_EDGE ( 'NONE', *, *, #6891, .F. ) ;
#1799 = AXIS2_PLACEMENT_3D ( 'NONE', #1294, #2671, #3429 ) ;
#1800 = PLANE ( 'NONE',  #7806 ) ;
#1801 = CYLINDRICAL_SURFACE ( 'NONE', #5197, 0.9899999999999993200 ) ;
#1802 = MECHANICAL_DESIGN_GEOMETRIC_PRESENTATION_REPRESENTATION (  '', ( #6577 ), #5769 ) ;
#1803 = ORIENTED_EDGE ( 'NONE', *, *, #5509, .T. ) ;
#1804 = EDGE_LOOP ( 'NONE', ( #5192, #2113 ) ) ;
#1805 = CARTESIAN_POINT ( 'NONE',  ( 2.540000000000025800, 6.100000000000000500, -6.069999999999999400 ) ) ;
#1806 = EDGE_CURVE ( 'NONE', #4536, #4022, #8161, .T. ) ;
#1807 = CARTESIAN_POINT ( 'NONE',  ( -5.079999999999842000, 6.100000000000000500, 7.620000000000000100 ) ) ;
#1808 = CIRCLE ( 'NONE', #8056, 0.9899999999999995500 ) ;
#1809 = LINE ( 'NONE', #6853, #8276 ) ;
#1810 = FILL_AREA_STYLE ('',( #8617 ) ) ;
#1811 = AXIS2_PLACEMENT_3D ( 'NONE', #1135, #3180, #6717 ) ;
#1812 = DIRECTION ( 'NONE',  ( 0.0000000000000000000, 1.000000000000000000, 0.0000000000000000000 ) ) ;
#1813 = DIRECTION ( 'NONE',  ( 0.0000000000000000000, 0.0000000000000000000, 1.000000000000000000 ) ) ;
#1814 = CIRCLE ( 'NONE', #1600, 0.9899999999999993200 ) ;
#1815 = CARTESIAN_POINT ( 'NONE',  ( 1.319602242073529200E-013, 6.100000000000000500, 4.090000000000001600 ) ) ;
#1816 = EDGE_CURVE ( 'NONE', #1544, #500, #1477, .T. ) ;
#1817 = ORIENTED_EDGE ( 'NONE', *, *, #200, .T. ) ;
#1818 = DIRECTION ( 'NONE',  ( -1.000000000000000000, 0.0000000000000000000, 0.0000000000000000000 ) ) ;
#1819 = ORIENTED_EDGE ( 'NONE', *, *, #3238, .T. ) ;
#1820 = FACE_BOUND ( 'NONE', #1640, .T. ) ;
#1821 = AXIS2_PLACEMENT_3D ( 'NONE', #2935, #859, #5703 ) ;
#1822 = ADVANCED_FACE ( 'NONE', ( #1487 ), #2661, .F. ) ;
#1823 = DIRECTION ( 'NONE',  ( -0.0000000000000000000, -1.000000000000000000, -0.0000000000000000000 ) ) ;
#1824 = DIRECTION ( 'NONE',  ( 0.0000000000000000000, 1.000000000000000000, 0.0000000000000000000 ) ) ;
#1825 = CARTESIAN_POINT ( 'NONE',  ( 3.960000000000000900, 1.000000000000000000, -6.099999999999999600 ) ) ;
#1826 = EDGE_CURVE ( 'NONE', #4582, #1998, #6975, .T. ) ;
#1827 = EDGE_LOOP ( 'NONE', ( #1438, #4940 ) ) ;
#1828 = ORIENTED_EDGE ( 'NONE', *, *, #4693, .T. ) ;
#1829 = CARTESIAN_POINT ( 'NONE',  ( -6.329999999999997400, 6.299999999999999800, 8.869999999999999200 ) ) ;
#1830 = DIRECTION ( 'NONE',  ( 0.0000000000000000000, 0.0000000000000000000, -1.000000000000000000 ) ) ;
#1831 = DIRECTION ( 'NONE',  ( -0.0000000000000000000, -1.000000000000000000, -0.0000000000000000000 ) ) ;
#1832 = ORIENTED_EDGE ( 'NONE', *, *, #1789, .T. ) ;
#1833 =( GEOMETRIC_REPRESENTATION_CONTEXT ( 3 ) GLOBAL_UNCERTAINTY_ASSIGNED_CONTEXT ( ( #8109 ) ) GLOBAL_UNIT_ASSIGNED_CONTEXT ( ( #2311, #1037, #2369 ) ) REPRESENTATION_CONTEXT ( 'NONE', 'WORKASPACE' ) );
#1834 = CARTESIAN_POINT ( 'NONE',  ( 2.539999999999998700, 3.299857146501273600, -7.620000000000000100 ) ) ;
#1835 = CIRCLE ( 'NONE', #1330, 0.9899999999999993200 ) ;
#1836 = ORIENTED_EDGE ( 'NONE', *, *, #8188, .T. ) ;
#1837 = CYLINDRICAL_SURFACE ( 'NONE', #3999, 0.9899999999999995500 ) ;
#1838 = CARTESIAN_POINT ( 'NONE',  ( 3.660000000000001000, 1.000000000000000000, 3.559999999999998700 ) ) ;
#1839 = EDGE_LOOP ( 'NONE', ( #2623, #5324, #1081, #1115 ) ) ;
#1840 = DIRECTION ( 'NONE',  ( -0.0000000000000000000, -0.0000000000000000000, -1.000000000000000000 ) ) ;
#1841 = FACE_OUTER_BOUND ( 'NONE', #3578, .T. ) ;
#1842 = DIRECTION ( 'NONE',  ( 0.0000000000000000000, 1.000000000000000000, 0.0000000000000000000 ) ) ;
#1843 = CARTESIAN_POINT ( 'NONE',  ( 1.587271980518778500E-013, 6.100000000000000500, 8.609999999999999400 ) ) ;
#1844 = VERTEX_POINT ( 'NONE', #3714 ) ;
#1845 = VECTOR ( 'NONE', #1315, 1000.000000000000000 ) ;
#1846 = AXIS2_PLACEMENT_3D ( 'NONE', #8833, #6143, #7426 ) ;
#1847 = ORIENTED_EDGE ( 'NONE', *, *, #7578, .F. ) ;
#1848 = FACE_OUTER_BOUND ( 'NONE', #8446, .T. ) ;
#1849 = EDGE_LOOP ( 'NONE', ( #73, #5548 ) ) ;
#1850 = PLANE ( 'NONE',  #22 ) ;
#1851 = CARTESIAN_POINT ( 'NONE',  ( -2.539999999999841500, 6.100000000000000500, 8.609999999999999400 ) ) ;
#1852 = CARTESIAN_POINT ( 'NONE',  ( -5.079999999999842000, 6.100000000000000500, 8.609999999999999400 ) ) ;
#1853 = DIRECTION ( 'NONE',  ( 0.0000000000000000000, 1.000000000000000000, 0.0000000000000000000 ) ) ;
#1854 = PLANE ( 'NONE',  #5767 ) ;
#1855 = EDGE_LOOP ( 'NONE', ( #4783, #6061, #1865, #2086 ) ) ;
#1856 = SURFACE_STYLE_FILL_AREA ( #7828 ) ;
#1857 = CARTESIAN_POINT ( 'NONE',  ( 5.080000000000159100, 6.100000000000000500, 7.620000000000000100 ) ) ;
#1858 = DIRECTION ( 'NONE',  ( -0.0000000000000000000, 1.000000000000000000, -0.0000000000000000000 ) ) ;
#1859 = SURFACE_STYLE_FILL_AREA ( #3606 ) ;
#1860 = AXIS2_PLACEMENT_3D ( 'NONE', #7229, #4170, #6428 ) ;
#1861 = COLOUR_RGB ( '',0.7921568627450980000, 0.8196078431372548800, 0.9333333333333333500 ) ;
#1862 = AXIS2_PLACEMENT_3D ( 'NONE', #1107, #1755, #8600 ) ;
#1863 = ADVANCED_FACE ( 'NONE', ( #7205 ), #7069, .F. ) ;
#1864 = CIRCLE ( 'NONE', #6709, 0.9899999999999993200 ) ;
#1865 = ORIENTED_EDGE ( 'NONE', *, *, #5275, .F. ) ;
#1866 = EDGE_CURVE ( 'NONE', #3140, #2374, #2129, .T. ) ;
#1867 = EDGE_LOOP ( 'NONE', ( #3575, #5682 ) ) ;
#1868 = LINE ( 'NONE', #5375, #2518 ) ;
#1869 = CARTESIAN_POINT ( 'NONE',  ( 5.204170427930421300E-014, 6.100000000000000500, -1.550000000000000500 ) ) ;
#1870 = COLOUR_RGB ( '',0.2509803921568627400, 0.2509803921568627400, 0.2509803921568627400 ) ;
#1871 = ORIENTED_EDGE ( 'NONE', *, *, #8006, .T. ) ;
#1872 = DIRECTION ( 'NONE',  ( -0.0000000000000000000, -1.000000000000000000, -0.0000000000000000000 ) ) ;
#1873 = ORIENTED_EDGE ( 'NONE', *, *, #8018, .F. ) ;
#1874 = AXIS2_PLACEMENT_3D ( 'NONE', #1285, #2667, #3340 ) ;
#1875 = VECTOR ( 'NONE', #241, 1000.000000000000000 ) ;
#1876 = ORIENTED_EDGE ( 'NONE', *, *, #6803, .T. ) ;
#1877 = EDGE_LOOP ( 'NONE', ( #59, #8478 ) ) ;
#1878 = ORIENTED_EDGE ( 'NONE', *, *, #2104, .T. ) ;
#1879 = VECTOR ( 'NONE', #3753, 1000.000000000000000 ) ;
#1880 = AXIS2_PLACEMENT_3D ( 'NONE', #3104, #3132, #1762 ) ;
#1881 = CIRCLE ( 'NONE', #8031, 0.9899999999999995500 ) ;
#1882 = EDGE_CURVE ( 'NONE', #2682, #6023, #5565, .T. ) ;
#1883 = VERTEX_POINT ( 'NONE', #911 ) ;
#1884 = DIRECTION ( 'NONE',  ( 0.0000000000000000000, 0.0000000000000000000, 1.000000000000000000 ) ) ;
#1885 = CARTESIAN_POINT ( 'NONE',  ( -3.960000000000000900, 1.000000000000000000, -6.099999999999999600 ) ) ;
#1886 = VECTOR ( 'NONE', #4165, 1000.000000000000000 ) ;
#1887 = DIRECTION ( 'NONE',  ( 0.0000000000000000000, 1.000000000000000000, 0.0000000000000000000 ) ) ;
#1888 = ORIENTED_EDGE ( 'NONE', *, *, #7578, .T. ) ;
#1889 = CARTESIAN_POINT ( 'NONE',  ( 4.762500000000000200, 1.000000000000000000, 0.0000000000000000000 ) ) ;
#1890 = ORIENTED_EDGE ( 'NONE', *, *, #279, .T. ) ;
#1891 = ORIENTED_EDGE ( 'NONE', *, *, #6481, .T. ) ;
#1892 = CARTESIAN_POINT ( 'NONE',  ( -3.960000000000000900, -10.18309518948452900, -6.599999999999999600 ) ) ;
#1893 = ORIENTED_EDGE ( 'NONE', *, *, #6704, .T. ) ;
#1894 = DIRECTION ( 'NONE',  ( 0.0000000000000000000, 0.0000000000000000000, 1.000000000000000000 ) ) ;
#1895 = DIRECTION ( 'NONE',  ( 0.0000000000000000000, 0.0000000000000000000, 1.000000000000000000 ) ) ;
#1896 = DIRECTION ( 'NONE',  ( 1.000000000000000000, -0.0000000000000000000, 0.0000000000000000000 ) ) ;
#1897 = LINE ( 'NONE', #1968, #6745 ) ;
#1898 = FACE_OUTER_BOUND ( 'NONE', #8164, .T. ) ;
#1899 = EDGE_CURVE ( 'NONE', #4926, #4345, #6104, .T. ) ;
#1900 = VERTEX_POINT ( 'NONE', #8487 ) ;
#1901 = DIRECTION ( 'NONE',  ( 0.0000000000000000000, 0.0000000000000000000, -1.000000000000000000 ) ) ;
#1902 = CARTESIAN_POINT ( 'NONE',  ( -5.079999999999868600, 6.299999999999999800, 5.080000000000001000 ) ) ;
#1903 = ORIENTED_EDGE ( 'NONE', *, *, #3088, .T. ) ;
#1904 = CIRCLE ( 'NONE', #2252, 0.9899999999999995500 ) ;
#1905 = CARTESIAN_POINT ( 'NONE',  ( 3.960000000000000900, -10.18309518948452900, -6.599999999999999600 ) ) ;
#1906 = VERTEX_POINT ( 'NONE', #4986 ) ;
#1907 = DIRECTION ( 'NONE',  ( 0.0000000000000000000, 0.0000000000000000000, -1.000000000000000000 ) ) ;
#1908 = EDGE_CURVE ( 'NONE', #2431, #184, #6317, .T. ) ;
#1909 = AXIS2_PLACEMENT_3D ( 'NONE', #7063, #2333, #3001 ) ;
#1910 = DIRECTION ( 'NONE',  ( -0.0000000000000000000, 1.000000000000000000, -0.0000000000000000000 ) ) ;
#1911 = SURFACE_STYLE_FILL_AREA ( #2926 ) ;
#1912 = DIRECTION ( 'NONE',  ( 0.0000000000000000000, 0.0000000000000000000, 1.000000000000000000 ) ) ;
#1913 = VERTEX_POINT ( 'NONE', #3620 ) ;
#1914 = VECTOR ( 'NONE', #825, 1000.000000000000000 ) ;
#1915 = ADVANCED_FACE ( 'NONE', ( #1276 ), #7737, .F. ) ;
#1916 = ORIENTED_EDGE ( 'NONE', *, *, #7875, .F. ) ;
#1917 = VERTEX_POINT ( 'NONE', #8512 ) ;
#1918 = CARTESIAN_POINT ( 'NONE',  ( 3.660000000000001000, -4.799999999999999800, 3.559999999999998700 ) ) ;
#1919 = CARTESIAN_POINT ( 'NONE',  ( 3.660000000000001000, -10.18309518948452900, 3.559999999999998700 ) ) ;
#1920 = CARTESIAN_POINT ( 'NONE',  ( 5.079999999999999200, 6.299999999999999800, -7.620000000000000100 ) ) ;
#1921 = AXIS2_PLACEMENT_3D ( 'NONE', #3639, #88, #1576 ) ;
#1922 = DIRECTION ( 'NONE',  ( 0.0000000000000000000, 1.000000000000000000, 0.0000000000000000000 ) ) ;
#1923 = DIRECTION ( 'NONE',  ( -0.0000000000000000000, 1.000000000000000000, -0.0000000000000000000 ) ) ;
#1924 = VECTOR ( 'NONE', #3011, 1000.000000000000000 ) ;
#1925 =( NAMED_UNIT ( * ) SI_UNIT ( $, .STERADIAN. ) SOLID_ANGLE_UNIT ( ) );
#1926 = CARTESIAN_POINT ( 'NONE',  ( -5.079999999999894400, 6.100000000000000500, 2.540000000000000500 ) ) ;
#1927 = CARTESIAN_POINT ( 'NONE',  ( -2.539999999999841500, 6.100000000000000500, 6.630000000000000800 ) ) ;
#1928 = EDGE_CURVE ( 'NONE', #2949, #5668, #4480, .T. ) ;
#1929 = DIRECTION ( 'NONE',  ( -0.0000000000000000000, 1.000000000000000000, -0.0000000000000000000 ) ) ;
#1930 = VECTOR ( 'NONE', #8121, 1000.000000000000000 ) ;
#1931 = MECHANICAL_DESIGN_GEOMETRIC_PRESENTATION_REPRESENTATION (  '', ( #6361 ), #2384 ) ;
#1932 = SURFACE_SIDE_STYLE ('',( #5326 ) ) ;
#1933 = VERTEX_POINT ( 'NONE', #7227 ) ;
#1934 = ORIENTED_EDGE ( 'NONE', *, *, #2561, .F. ) ;
#1935 = DIRECTION ( 'NONE',  ( 0.0000000000000000000, 1.000000000000000000, 0.0000000000000000000 ) ) ;
#1936 = ORIENTED_EDGE ( 'NONE', *, *, #5349, .F. ) ;
#1937 = DIRECTION ( 'NONE',  ( -0.0000000000000000000, 1.000000000000000000, -0.0000000000000000000 ) ) ;
#1938 = EDGE_CURVE ( 'NONE', #2210, #3386, #82, .T. ) ;
#1939 = VECTOR ( 'NONE', #8307, 1000.000000000000000 ) ;
#1940 = CARTESIAN_POINT ( 'NONE',  ( 5.080000000000079100, 6.100000000000000500, 0.0000000000000000000 ) ) ;
#1941 = CIRCLE ( 'NONE', #2538, 0.9899999999999995500 ) ;
#1942 = AXIS2_PLACEMENT_3D ( 'NONE', #4620, #8013, #1207 ) ;
#1943 = CARTESIAN_POINT ( 'NONE',  ( -2.539999999999947600, 6.299999999999999800, -2.539999999999999600 ) ) ;
#1944 = DIRECTION ( 'NONE',  ( 0.0000000000000000000, 0.0000000000000000000, 1.000000000000000000 ) ) ;
#1945 = ORIENTED_EDGE ( 'NONE', *, *, #1049, .F. ) ;
#1946 = DIRECTION ( 'NONE',  ( 0.0000000000000000000, 1.000000000000000000, 0.0000000000000000000 ) ) ;
#1947 = EDGE_CURVE ( 'NONE', #310, #2392, #6014, .T. ) ;
#1948 = UNCERTAINTY_MEASURE_WITH_UNIT (LENGTH_MEASURE( 1.000000000000000100E-005 ), #8490, 'distance_accuracy_value', 'NONE');
#1949 = CARTESIAN_POINT ( 'NONE',  ( 2.540000000000105700, 6.299999999999999800, 2.540000000000000500 ) ) ;
#1950 = CIRCLE ( 'NONE', #2120, 0.9899999999999995500 ) ;
#1951 = DIRECTION ( 'NONE',  ( 0.0000000000000000000, 0.0000000000000000000, -1.000000000000000000 ) ) ;
#1952 = DIRECTION ( 'NONE',  ( -0.0000000000000000000, 1.000000000000000000, -0.0000000000000000000 ) ) ;
#1953 = SURFACE_STYLE_USAGE ( .BOTH. , #3261 ) ;
#1954 = AXIS2_PLACEMENT_3D ( 'NONE', #7674, #6302, #7058 ) ;
#1955 = VERTEX_POINT ( 'NONE', #1677 ) ;
#1956 = CIRCLE ( 'NONE', #1700, 0.9899999999999995500 ) ;
#1957 = ADVANCED_FACE ( 'NONE', ( #2347 ), #8609, .F. ) ;
#1958 = VECTOR ( 'NONE', #7228, 1000.000000000000000 ) ;
#1959 = EDGE_CURVE ( 'NONE', #7651, #5692, #5136, .T. ) ;
#1960 = DIRECTION ( 'NONE',  ( 0.0000000000000000000, 1.000000000000000000, 0.0000000000000000000 ) ) ;
#1961 = AXIS2_PLACEMENT_3D ( 'NONE', #3322, #2706, #2015 ) ;
#1962 = DIRECTION ( 'NONE',  ( 0.0000000000000000000, 0.0000000000000000000, -1.000000000000000000 ) ) ;
#1963 = EDGE_LOOP ( 'NONE', ( #4841, #4395, #2088, #6199 ) ) ;
#1964 = FACE_OUTER_BOUND ( 'NONE', #6467, .T. ) ;
#1965 = DIRECTION ( 'NONE',  ( 0.0000000000000000000, 1.000000000000000000, 0.0000000000000000000 ) ) ;
#1966 = VECTOR ( 'NONE', #5287, 1000.000000000000000 ) ;
#1967 = DIRECTION ( 'NONE',  ( 0.0000000000000000000, 0.0000000000000000000, 1.000000000000000000 ) ) ;
#1968 = CARTESIAN_POINT ( 'NONE',  ( -2.539999999999921400, 3.299857146501273600, -0.9899999999999993200 ) ) ;
#1969 = CIRCLE ( 'NONE', #5115, 0.9899999999999993200 ) ;
#1970 = ORIENTED_EDGE ( 'NONE', *, *, #4954, .T. ) ;
#1971 = AXIS2_PLACEMENT_3D ( 'NONE', #2794, #3410, #4864 ) ;
#1972 = EDGE_LOOP ( 'NONE', ( #7178, #846, #4890, #1500 ) ) ;
#1973 = FILL_AREA_STYLE_COLOUR ( '', #794 ) ;
#1974 = PLANE ( 'NONE',  #5905 ) ;
#1975 = CARTESIAN_POINT ( 'NONE',  ( 7.892991815694472300E-014, 6.100000000000000500, 0.0000000000000000000 ) ) ;
#1976 = EDGE_CURVE ( 'NONE', #5779, #2147, #4265, .T. ) ;
#1977 = CIRCLE ( 'NONE', #1961, 0.9899999999999995500 ) ;
#1978 = LINE ( 'NONE', #5424, #7144 ) ;
#1979 = VECTOR ( 'NONE', #7405, 1000.000000000000000 ) ;
#1980 = DIRECTION ( 'NONE',  ( 0.0000000000000000000, 0.0000000000000000000, -1.000000000000000000 ) ) ;
#1981 = DIRECTION ( 'NONE',  ( 0.0000000000000000000, 0.0000000000000000000, 1.000000000000000000 ) ) ;
#1982 = UNCERTAINTY_MEASURE_WITH_UNIT (LENGTH_MEASURE( 1.000000000000000100E-005 ), #4490, 'distance_accuracy_value', 'NONE');
#1983 = FILL_AREA_STYLE ('',( #7375 ) ) ;
#1984 = VERTEX_POINT ( 'NONE', #5855 ) ;
#1985 = CARTESIAN_POINT ( 'NONE',  ( -2.539999999999921400, 6.100000000000000500, 0.0000000000000000000 ) ) ;
#1986 = CARTESIAN_POINT ( 'NONE',  ( 3.660000000000001000, 1.000000000000000000, 3.559999999999998700 ) ) ;
#1987 = ORIENTED_EDGE ( 'NONE', *, *, #4230, .T. ) ;
#1988 = CLOSED_SHELL ( 'NONE', ( #977, #7052, #8646, #6983, #3298, #2411 ) ) ;
#1989 = VECTOR ( 'NONE', #4567, 1000.000000000000000 ) ;
#1990 = ORIENTED_EDGE ( 'NONE', *, *, #6481, .F. ) ;
#1991 = EDGE_CURVE ( 'NONE', #3427, #4354, #5784, .T. ) ;
#1992 = ORIENTED_EDGE ( 'NONE', *, *, #2390, .T. ) ;
#1993 =( LENGTH_UNIT ( ) NAMED_UNIT ( * ) SI_UNIT ( .MILLI., .METRE. ) );
#1994 = FACE_OUTER_BOUND ( 'NONE', #4366, .T. ) ;
#1995 = VERTEX_POINT ( 'NONE', #5822 ) ;
#1996 = CIRCLE ( 'NONE', #6925, 0.9899999999999995500 ) ;
#1997 = CARTESIAN_POINT ( 'NONE',  ( -3.660000000000001000, -10.18309518948452900, 3.559999999999998700 ) ) ;
#1998 = VERTEX_POINT ( 'NONE', #1734 ) ;
#1999 = AXIS2_PLACEMENT_3D ( 'NONE', #7944, #5877, #2451 ) ;
#2000 = CARTESIAN_POINT ( 'NONE',  ( -2.540000000000000900, 6.100000000000000500, -7.620000000000000100 ) ) ;
#2001 = CARTESIAN_POINT ( 'NONE',  ( 0.0000000000000000000, 1.000000000000000000, 0.0000000000000000000 ) ) ;
#2002 = VECTOR ( 'NONE', #2899, 1000.000000000000000 ) ;
#2003 = EDGE_LOOP ( 'NONE', ( #10, #4018, #8932, #6642 ) ) ;
#2004 = EDGE_LOOP ( 'NONE', ( #1369, #449, #3460, #5036 ) ) ;
#2005 = EDGE_CURVE ( 'NONE', #7518, #5747, #1267, .T. ) ;
#2006 = ADVANCED_FACE ( 'NONE', ( #8817 ), #303, .T. ) ;
#2007 = CARTESIAN_POINT ( 'NONE',  ( -4.762500000000000200, 1.000000000000000000, -0.0000000000000000000 ) ) ;
#2008 = CARTESIAN_POINT ( 'NONE',  ( 2.540000000000025800, 6.299999999999999800, -5.079999999999999200 ) ) ;
#2009 = ORIENTED_EDGE ( 'NONE', *, *, #5625, .F. ) ;
#2010 = LINE ( 'NONE', #5572, #3827 ) ;
#2011 = FACE_OUTER_BOUND ( 'NONE', #4459, .T. ) ;
#2012 =( LENGTH_UNIT ( ) NAMED_UNIT ( * ) SI_UNIT ( .MILLI., .METRE. ) );
#2013 = ORIENTED_EDGE ( 'NONE', *, *, #4408, .F. ) ;
#2014 = CARTESIAN_POINT ( 'NONE',  ( -5.080000000000001000, 6.100000000000000500, -6.630000000000000800 ) ) ;
#2015 = DIRECTION ( 'NONE',  ( 0.0000000000000000000, 0.0000000000000000000, 1.000000000000000000 ) ) ;
#2016 = VERTEX_POINT ( 'NONE', #3109 ) ;
#2017 = ORIENTED_EDGE ( 'NONE', *, *, #2711, .F. ) ;
#2018 = ORIENTED_EDGE ( 'NONE', *, *, #993, .T. ) ;
#2019 = DIRECTION ( 'NONE',  ( 0.0000000000000000000, 1.000000000000000000, 0.0000000000000000000 ) ) ;
#2020 = CIRCLE ( 'NONE', #6342, 0.9899999999999993200 ) ;
#2021 = CARTESIAN_POINT ( 'NONE',  ( 1.587271980518778500E-013, 6.299999999999999800, 8.609999999999999400 ) ) ;
#2022 = AXIS2_PLACEMENT_3D ( 'NONE', #538, #7990, #8679 ) ;
#2023 = DIRECTION ( 'NONE',  ( 0.0000000000000000000, 1.000000000000000000, 0.0000000000000000000 ) ) ;
#2024 = CARTESIAN_POINT ( 'NONE',  ( 1.587271980518778500E-013, 3.299857146501273600, 8.609999999999999400 ) ) ;
#2025 = PRESENTATION_STYLE_ASSIGNMENT (( #6799 ) ) ;
#2026 = CARTESIAN_POINT ( 'NONE',  ( -2.539999999999947600, 6.100000000000000500, -1.550000000000000500 ) ) ;
#2027 = VERTEX_POINT ( 'NONE', #5885 ) ;
#2028 = DIRECTION ( 'NONE',  ( 0.0000000000000000000, -0.0000000000000000000, 1.000000000000000000 ) ) ;
#2029 = AXIS2_PLACEMENT_3D ( 'NONE', #8792, #4561, #3196 ) ;
#2030 = DIRECTION ( 'NONE',  ( 0.0000000000000000000, 1.000000000000000000, 0.0000000000000000000 ) ) ;
#2031 = PRODUCT_DEFINITION ( 'UNKNOWN', '', #669, #8888 ) ;
#2032 = ORIENTED_EDGE ( 'NONE', *, *, #4182, .T. ) ;
#2033 = DIRECTION ( 'NONE',  ( 0.0000000000000000000, 0.0000000000000000000, -1.000000000000000000 ) ) ;
#2034 = FACE_BOUND ( 'NONE', #522, .T. ) ;
#2035 = CARTESIAN_POINT ( 'NONE',  ( -2.539999999999867700, 6.100000000000000500, 5.080000000000001000 ) ) ;
#2036 = EDGE_CURVE ( 'NONE', #5214, #2865, #6984, .T. ) ;
#2037 = CARTESIAN_POINT ( 'NONE',  ( -5.079999999999868600, 6.100000000000000500, 5.080000000000001000 ) ) ;
#2038 = ORIENTED_EDGE ( 'NONE', *, *, #1614, .T. ) ;
#2039 = ADVANCED_FACE ( 'NONE', ( #1699 ), #7414, .T. ) ;
#2040 = ORIENTED_EDGE ( 'NONE', *, *, #8283, .T. ) ;
#2041 = STYLED_ITEM ( 'NONE', ( #8524 ), #4814 ) ;
#2042 = EDGE_LOOP ( 'NONE', ( #2119, #3500, #6132, #3533 ) ) ;
#2043 = DIRECTION ( 'NONE',  ( 0.0000000000000000000, 1.000000000000000000, 0.0000000000000000000 ) ) ;
#2044 = AXIS2_PLACEMENT_3D ( 'NONE', #8238, #6152, #6181 ) ;
#2045 = CARTESIAN_POINT ( 'NONE',  ( 3.660000000000001000, -10.18309518948452900, -4.060000000000000500 ) ) ;
#2046 = EDGE_CURVE ( 'NONE', #2682, #4536, #5576, .T. ) ;
#2047 = DIRECTION ( 'NONE',  ( -0.0000000000000000000, 1.000000000000000000, -0.0000000000000000000 ) ) ;
#2048 = CARTESIAN_POINT ( 'NONE',  ( -2.539999999999921400, 6.100000000000000500, 0.0000000000000000000 ) ) ;
#2049 = VERTEX_POINT ( 'NONE', #1769 ) ;
#2050 = CIRCLE ( 'NONE', #8171, 0.9899999999999995500 ) ;
#2051 = MANIFOLD_SOLID_BREP ( 'LED 14', #8404 ) ;
#2052 = AXIS2_PLACEMENT_3D ( 'NONE', #5395, #5305, #514 ) ;
#2053 = VERTEX_POINT ( 'NONE', #5139 ) ;
#2054 = COLOUR_RGB ( '',0.7921568627450980000, 0.8196078431372548800, 0.9333333333333333500 ) ;
#2055 = CARTESIAN_POINT ( 'NONE',  ( -2.539999999999921400, 6.299999999999999800, 0.0000000000000000000 ) ) ;
#2056 = DIRECTION ( 'NONE',  ( 0.0000000000000000000, 0.0000000000000000000, 1.000000000000000000 ) ) ;
#2057 = CARTESIAN_POINT ( 'NONE',  ( 3.660000000000001000, -4.799999999999999800, -4.060000000000000500 ) ) ;
#2058 = EDGE_CURVE ( 'NONE', #8829, #5975, #419, .T. ) ;
#2059 = ORIENTED_EDGE ( 'NONE', *, *, #5473, .T. ) ;
#2060 = DIRECTION ( 'NONE',  ( -0.0000000000000000000, 1.000000000000000000, -0.0000000000000000000 ) ) ;
#2061 = CARTESIAN_POINT ( 'NONE',  ( -6.329999999999997400, 6.100000000000000500, 8.869999999999999200 ) ) ;
#2062 = VERTEX_POINT ( 'NONE', #1262 ) ;
#2063 = ORIENTED_EDGE ( 'NONE', *, *, #6431, .T. ) ;
#2064 = MECHANICAL_DESIGN_GEOMETRIC_PRESENTATION_REPRESENTATION (  '', ( #7788 ), #6560 ) ;
#2065 = EDGE_LOOP ( 'NONE', ( #8007, #5065 ) ) ;
#2066 = CIRCLE ( 'NONE', #7650, 0.9899999999999993200 ) ;
#2067 = EDGE_CURVE ( 'NONE', #6930, #5958, #7424, .T. ) ;
#2068 = AXIS2_PLACEMENT_3D ( 'NONE', #7551, #787, #4109 ) ;
#2069 =( LENGTH_UNIT ( ) NAMED_UNIT ( * ) SI_UNIT ( .MILLI., .METRE. ) );
#2070 = CARTESIAN_POINT ( 'NONE',  ( -5.079999999999974300, 3.299857146501273600, -5.079999999999999200 ) ) ;
#2071 = CARTESIAN_POINT ( 'NONE',  ( 1.587271980518778500E-013, 6.299999999999999800, 7.620000000000000100 ) ) ;
#2072 = ORIENTED_EDGE ( 'NONE', *, *, #62, .F. ) ;
#2073 = ORIENTED_EDGE ( 'NONE', *, *, #7900, .T. ) ;
#2074 = CIRCLE ( 'NONE', #4948, 0.9899999999999993200 ) ;
#2075 = EDGE_LOOP ( 'NONE', ( #6877, #3463 ) ) ;
#2076 = VECTOR ( 'NONE', #6659, 1000.000000000000000 ) ;
#2077 = CYLINDRICAL_SURFACE ( 'NONE', #7515, 0.9899999999999995500 ) ;
#2078 = AXIS2_PLACEMENT_3D ( 'NONE', #3041, #7888, #8576 ) ;
#2079 = ORIENTED_EDGE ( 'NONE', *, *, #4280, .F. ) ;
#2080 = ADVANCED_FACE ( 'NONE', ( #7193 ), #8705, .T. ) ;
#2081 = ORIENTED_EDGE ( 'NONE', *, *, #7475, .F. ) ;
#2082 = CARTESIAN_POINT ( 'NONE',  ( -6.329999999999997400, 6.299999999999999800, -8.869999999999999200 ) ) ;
#2083 = DIRECTION ( 'NONE',  ( -0.0000000000000000000, 1.000000000000000000, -0.0000000000000000000 ) ) ;
#2084 = CIRCLE ( 'NONE', #900, 0.9899999999999995500 ) ;
#2085 = CARTESIAN_POINT ( 'NONE',  ( 2.540000000000131500, 6.299999999999999800, 6.070000000000001200 ) ) ;
#2086 = ORIENTED_EDGE ( 'NONE', *, *, #5587, .F. ) ;
#2087 = EDGE_CURVE ( 'NONE', #3386, #1434, #7527, .T. ) ;
#2088 = ORIENTED_EDGE ( 'NONE', *, *, #6891, .T. ) ;
#2089 = CLOSED_SHELL ( 'NONE', ( #1027, #275, #8505, #1674 ) ) ;
#2090 = CARTESIAN_POINT ( 'NONE',  ( -5.079999999999921000, 6.100000000000000500, 0.0000000000000000000 ) ) ;
#2091 = VECTOR ( 'NONE', #1250, 1000.000000000000000 ) ;
#2092 = DIRECTION ( 'NONE',  ( 0.0000000000000000000, 0.0000000000000000000, 1.000000000000000000 ) ) ;
#2093 = CIRCLE ( 'NONE', #8937, 0.9899999999999995500 ) ;
#2094 = CARTESIAN_POINT ( 'NONE',  ( 5.080000000000079100, 6.100000000000000500, 0.0000000000000000000 ) ) ;
#2095 = ORIENTED_EDGE ( 'NONE', *, *, #1629, .T. ) ;
#2096 = DIRECTION ( 'NONE',  ( 0.0000000000000000000, 0.0000000000000000000, 1.000000000000000000 ) ) ;
#2097 = CARTESIAN_POINT ( 'NONE',  ( 2.540000000000105700, 6.100000000000000500, 1.550000000000001200 ) ) ;
#2098 = CARTESIAN_POINT ( 'NONE',  ( 5.080000000000104900, 6.100000000000000500, 2.540000000000000500 ) ) ;
#2099 = AXIS2_PLACEMENT_3D ( 'NONE', #2045, #4781, #8802 ) ;
#2100 = VECTOR ( 'NONE', #5081, 1000.000000000000000 ) ;
#2101 = ORIENTED_EDGE ( 'NONE', *, *, #8511, .F. ) ;
#2102 = ORIENTED_EDGE ( 'NONE', *, *, #6053, .T. ) ;
#2103 = ORIENTED_EDGE ( 'NONE', *, *, #3471, .T. ) ;
#2104 = EDGE_CURVE ( 'NONE', #2855, #8309, #4812, .T. ) ;
#2105 = ORIENTED_EDGE ( 'NONE', *, *, #6809, .F. ) ;
#2106 = DIRECTION ( 'NONE',  ( 0.0000000000000000000, 1.000000000000000000, 0.0000000000000000000 ) ) ;
#2107 = LINE ( 'NONE', #2097, #66 ) ;
#2108 = FILL_AREA_STYLE ('',( #26 ) ) ;
#2109 = ORIENTED_EDGE ( 'NONE', *, *, #1938, .T. ) ;
#2110 = MECHANICAL_DESIGN_GEOMETRIC_PRESENTATION_REPRESENTATION (  '', ( #4868 ), #7360 ) ;
#2111 = CARTESIAN_POINT ( 'NONE',  ( -3.960000000000000900, 1.000000000000000000, 6.099999999999999600 ) ) ;
#2112 = DIRECTION ( 'NONE',  ( 0.0000000000000000000, 1.000000000000000000, 0.0000000000000000000 ) ) ;
#2113 = ORIENTED_EDGE ( 'NONE', *, *, #4437, .T. ) ;
#2114 = EDGE_CURVE ( 'NONE', #2753, #7871, #7079, .T. ) ;
#2115 = EDGE_LOOP ( 'NONE', ( #3385, #6097, #7919, #2155 ) ) ;
#2116 = SURFACE_SIDE_STYLE ('',( #4634 ) ) ;
#2117 = DIRECTION ( 'NONE',  ( -0.0000000000000000000, -1.000000000000000000, -0.0000000000000000000 ) ) ;
#2118 = COLOUR_RGB ( '',0.5019607843137254800, 0.5019607843137254800, 0.5019607843137254800 ) ;
#2119 = ORIENTED_EDGE ( 'NONE', *, *, #2067, .F. ) ;
#2120 = AXIS2_PLACEMENT_3D ( 'NONE', #6188, #6943, #8208 ) ;
#2121 = DIRECTION ( 'NONE',  ( -0.0000000000000000000, 1.000000000000000000, -0.0000000000000000000 ) ) ;
#2122 = DIRECTION ( 'NONE',  ( 0.0000000000000000000, 0.0000000000000000000, 1.000000000000000000 ) ) ;
#2123 = DIRECTION ( 'NONE',  ( 0.0000000000000000000, 0.0000000000000000000, -1.000000000000000000 ) ) ;
#2124 = CARTESIAN_POINT ( 'NONE',  ( -2.539999999999974700, 6.100000000000000500, -6.069999999999999400 ) ) ;
#2125 = ORIENTED_EDGE ( 'NONE', *, *, #5031, .F. ) ;
#2126 = EDGE_CURVE ( 'NONE', #1544, #5420, #4066, .T. ) ;
#2127 = AXIS2_PLACEMENT_3D ( 'NONE', #2313, #5145, #8581 ) ;
#2128 = ADVANCED_FACE ( 'NONE', ( #953 ), #8843, .F. ) ;
#2129 = CIRCLE ( 'NONE', #5274, 0.9899999999999995500 ) ;
#2130 = PLANE ( 'NONE',  #4096 ) ;
#2131 = PLANE ( 'NONE',  #5199 ) ;
#2132 = SURFACE_STYLE_USAGE ( .BOTH. , #8225 ) ;
#2133 = DIRECTION ( 'NONE',  ( 0.0000000000000000000, 1.000000000000000000, 0.0000000000000000000 ) ) ;
#2135 = FACE_OUTER_BOUND ( 'NONE', #377, .T. ) ;
#2134 = AXIS2_PLACEMENT_3D ( 'NONE', #6592, #5330, #2472 ) ;
#2136 = CARTESIAN_POINT ( 'NONE',  ( -2.539999999999947600, 6.100000000000000500, -3.529999999999999400 ) ) ;
#2137 = CARTESIAN_POINT ( 'NONE',  ( -3.660000000000001000, -4.799999999999999800, 6.099999999999999600 ) ) ;
#2138 = ADVANCED_FACE ( 'NONE', ( #8485 ), #4708, .T. ) ;
#2139 = VERTEX_POINT ( 'NONE', #6697 ) ;
#2140 = EDGE_CURVE ( 'NONE', #7922, #4235, #2341, .T. ) ;
#2141 = ORIENTED_EDGE ( 'NONE', *, *, #8759, .T. ) ;
#2142 = PLANE ( 'NONE',  #5575 ) ;
#2143 = FACE_BOUND ( 'NONE', #2876, .T. ) ;
#2144 = CARTESIAN_POINT ( 'NONE',  ( -4.762500000000000200, 1.000000000000000000, 8.869999999999997400 ) ) ;
#2145 = CARTESIAN_POINT ( 'NONE',  ( -5.079999999999948600, 6.299999999999999800, -1.550000000000000500 ) ) ;
#2146 = PLANE ( 'NONE',  #7989 ) ;
#2147 = VERTEX_POINT ( 'NONE', #4707 ) ;
#2148 = DIRECTION ( 'NONE',  ( 0.0000000000000000000, 0.0000000000000000000, 1.000000000000000000 ) ) ;
#2150 = VECTOR ( 'NONE', #2179, 1000.000000000000000 ) ;
#2149 = DIRECTION ( 'NONE',  ( 0.0000000000000000000, 0.0000000000000000000, 1.000000000000000000 ) ) ;
#2151 = PLANE ( 'NONE',  #5589 ) ;
#2152 = CARTESIAN_POINT ( 'NONE',  ( -3.660000000000001000, 1.000000000000000000, 1.519999999999999600 ) ) ;
#2153 = EDGE_CURVE ( 'NONE', #4259, #6070, #1380, .T. ) ;
#2154 = CARTESIAN_POINT ( 'NONE',  ( -5.080000000000001000, 6.100000000000000500, -6.630000000000000800 ) ) ;
#2155 = ORIENTED_EDGE ( 'NONE', *, *, #4492, .F. ) ;
#2156 = EDGE_LOOP ( 'NONE', ( #5711, #5752, #3096, #516 ) ) ;
#2157 = LINE ( 'NONE', #2348, #272 ) ;
#2158 = FACE_OUTER_BOUND ( 'NONE', #7320, .T. ) ;
#2159 = MECHANICAL_DESIGN_GEOMETRIC_PRESENTATION_REPRESENTATION (  '', ( #4629 ), #3068 ) ;
#2160 = DIRECTION ( 'NONE',  ( 0.0000000000000000000, 0.0000000000000000000, 1.000000000000000000 ) ) ;
#2161 = DIRECTION ( 'NONE',  ( 0.0000000000000000000, 1.000000000000000000, 0.0000000000000000000 ) ) ;
#2162 = AXIS2_PLACEMENT_3D ( 'NONE', #1154, #7340, #3193 ) ;
#2163 = ORIENTED_EDGE ( 'NONE', *, *, #212, .F. ) ;
#2164 = VECTOR ( 'NONE', #6121, 1000.000000000000000 ) ;
#2165 = EDGE_CURVE ( 'NONE', #1194, #2062, #8170, .T. ) ;
#2166 = CARTESIAN_POINT ( 'NONE',  ( 2.540000000000158600, 6.100000000000000500, 6.630000000000000800 ) ) ;
#2167 = CARTESIAN_POINT ( 'NONE',  ( 3.660000000000001000, -4.799999999999999800, 6.599999999999999600 ) ) ;
#2168 = AXIS2_PLACEMENT_3D ( 'NONE', #8883, #2744, #3441 ) ;
#2169 = ORIENTED_EDGE ( 'NONE', *, *, #2403, .T. ) ;
#2170 = ADVANCED_FACE ( 'NONE', ( #3405 ), #8057, .T. ) ;
#2171 = VECTOR ( 'NONE', #3923, 1000.000000000000000 ) ;
#2172 = CARTESIAN_POINT ( 'NONE',  ( 1.587271980518778500E-013, 6.100000000000000500, 7.620000000000000100 ) ) ;
#2173 = CARTESIAN_POINT ( 'NONE',  ( 6.330000000000001800, 6.100000000000000500, 8.869999999999999200 ) ) ;
#2174 = SURFACE_STYLE_FILL_AREA ( #5765 ) ;
#2175 = CARTESIAN_POINT ( 'NONE',  ( 2.540000000000158600, 6.100000000000000500, 8.609999999999999400 ) ) ;
#2176 = CARTESIAN_POINT ( 'NONE',  ( -2.539999999999867700, 3.299857146501273600, 4.090000000000001600 ) ) ;
#2177 = SURFACE_STYLE_FILL_AREA ( #1745 ) ;
#2178 = EDGE_LOOP ( 'NONE', ( #8554, #5714 ) ) ;
#2179 = DIRECTION ( 'NONE',  ( -0.0000000000000000000, 1.000000000000000000, -0.0000000000000000000 ) ) ;
#2180 = AXIS2_PLACEMENT_3D ( 'NONE', #8416, #4274, #2237 ) ;
#2181 = DIRECTION ( 'NONE',  ( 0.0000000000000000000, 0.0000000000000000000, 1.000000000000000000 ) ) ;
#2182 = FACE_BOUND ( 'NONE', #6755, .T. ) ;
#2183 = DIRECTION ( 'NONE',  ( 0.0000000000000000000, 0.0000000000000000000, 1.000000000000000000 ) ) ;
#2184 = CARTESIAN_POINT ( 'NONE',  ( -2.539999999999947600, 6.299999999999999800, -3.529999999999999400 ) ) ;
#2185 = EDGE_LOOP ( 'NONE', ( #182, #6126, #5524, #2833 ) ) ;
#2186 = ADVANCED_FACE ( 'NONE', ( #1583 ), #4015, .F. ) ;
#2187 = CIRCLE ( 'NONE', #4090, 0.9899999999999995500 ) ;
#2188 = CIRCLE ( 'NONE', #395, 0.9899999999999995500 ) ;
#2189 = CYLINDRICAL_SURFACE ( 'NONE', #2720, 0.9899999999999993200 ) ;
#2190 = ADVANCED_FACE ( 'NONE', ( #5027 ), #1854, .F. ) ;
#2191 = EDGE_CURVE ( 'NONE', #7345, #1602, #6870, .T. ) ;
#2192 = LINE ( 'NONE', #5450, #5724 ) ;
#2193 = EDGE_LOOP ( 'NONE', ( #7013, #3395, #6892, #259 ) ) ;
#2194 = AXIS2_PLACEMENT_3D ( 'NONE', #3221, #7496, #6702 ) ;
#2195 = EDGE_LOOP ( 'NONE', ( #3491, #7623, #847, #6335 ) ) ;
#2196 = VERTEX_POINT ( 'NONE', #7548 ) ;
#2197 = DIRECTION ( 'NONE',  ( -0.0000000000000000000, -1.000000000000000000, -0.0000000000000000000 ) ) ;
#2198 = VECTOR ( 'NONE', #4421, 1000.000000000000000 ) ;
#2199 = DIRECTION ( 'NONE',  ( 0.0000000000000000000, 1.000000000000000000, 0.0000000000000000000 ) ) ;
#2200 = ORIENTED_EDGE ( 'NONE', *, *, #6544, .F. ) ;
#2201 = CARTESIAN_POINT ( 'NONE',  ( 6.330000000000001800, 6.299999999999999800, 8.869999999999999200 ) ) ;
#2202 = ORIENTED_EDGE ( 'NONE', *, *, #2280, .F. ) ;
#2203 = LINE ( 'NONE', #6908, #156 ) ;
#2204 = UNCERTAINTY_MEASURE_WITH_UNIT (LENGTH_MEASURE( 1.000000000000000100E-005 ), #4937, 'distance_accuracy_value', 'NONE');
#2205 = ORIENTED_EDGE ( 'NONE', *, *, #852, .T. ) ;
#2206 = AXIS2_PLACEMENT_3D ( 'NONE', #3461, #6242, #6222 ) ;
#2207 = ORIENTED_EDGE ( 'NONE', *, *, #6662, .F. ) ;
#2208 = CIRCLE ( 'NONE', #8073, 0.9899999999999995500 ) ;
#2209 = DIRECTION ( 'NONE',  ( -0.0000000000000000000, 1.000000000000000000, -0.0000000000000000000 ) ) ;
#2210 = VERTEX_POINT ( 'NONE', #556 ) ;
#2211 = CARTESIAN_POINT ( 'NONE',  ( 1.587271980518778500E-013, 6.299999999999999800, 7.620000000000000100 ) ) ;
#2212 = EDGE_CURVE ( 'NONE', #6173, #2846, #5252, .T. ) ;
#2213 = PRESENTATION_STYLE_ASSIGNMENT (( #4046 ) ) ;
#2214 = SURFACE_STYLE_USAGE ( .BOTH. , #5633 ) ;
#2215 = ORIENTED_EDGE ( 'NONE', *, *, #5670, .F. ) ;
#2216 = ORIENTED_EDGE ( 'NONE', *, *, #8351, .T. ) ;
#2217 = CARTESIAN_POINT ( 'NONE',  ( 6.330000000000001800, 0.0000000000000000000, 8.869999999999999200 ) ) ;
#2218 = DIRECTION ( 'NONE',  ( -0.0000000000000000000, -1.000000000000000000, -0.0000000000000000000 ) ) ;
#2219 = AXIS2_PLACEMENT_3D ( 'NONE', #7045, #5733, #5655 ) ;
#2220 = VERTEX_POINT ( 'NONE', #5517 ) ;
#2221 = LINE ( 'NONE', #4270, #8260 ) ;
#2222 = ADVANCED_FACE ( 'NONE', ( #7745 ), #8209, .T. ) ;
#2223 = ORIENTED_EDGE ( 'NONE', *, *, #7106, .T. ) ;
#2224 = EDGE_CURVE ( 'NONE', #3902, #1984, #3952, .T. ) ;
#2225 = DIRECTION ( 'NONE',  ( -1.000000000000000000, 0.0000000000000000000, 0.0000000000000000000 ) ) ;
#2226 = DIRECTION ( 'NONE',  ( -0.0000000000000000000, 0.0000000000000000000, 1.000000000000000000 ) ) ;
#2227 = DIRECTION ( 'NONE',  ( -0.0000000000000000000, 1.000000000000000000, -0.0000000000000000000 ) ) ;
#2228 = ORIENTED_EDGE ( 'NONE', *, *, #7285, .F. ) ;
#2229 = FACE_OUTER_BOUND ( 'NONE', #946, .T. ) ;
#2230 = AXIS2_PLACEMENT_3D ( 'NONE', #1011, #2381, #5267 ) ;
#2231 = VERTEX_POINT ( 'NONE', #2702 ) ;
#2232 = ORIENTED_EDGE ( 'NONE', *, *, #7274, .T. ) ;
#2233 = EDGE_CURVE ( 'NONE', #4354, #6156, #6327, .T. ) ;
#2234 = FACE_OUTER_BOUND ( 'NONE', #2996, .T. ) ;
#2235 = ADVANCED_FACE ( 'NONE', ( #5891 ), #8904, .F. ) ;
#2236 = DIRECTION ( 'NONE',  ( -0.0000000000000000000, 1.000000000000000000, -0.0000000000000000000 ) ) ;
#2237 = DIRECTION ( 'NONE',  ( 0.0000000000000000000, 0.0000000000000000000, 1.000000000000000000 ) ) ;
#2238 = DIRECTION ( 'NONE',  ( 0.0000000000000000000, 1.000000000000000000, 0.0000000000000000000 ) ) ;
#2239 = AXIS2_PLACEMENT_3D ( 'NONE', #4918, #814, #5603 ) ;
#2240 = VECTOR ( 'NONE', #222, 1000.000000000000000 ) ;
#2241 = FILL_AREA_STYLE ('',( #938 ) ) ;
#2242 = CARTESIAN_POINT ( 'NONE',  ( -5.079999999999894400, 6.100000000000000500, 3.530000000000000200 ) ) ;
#2243 = EDGE_CURVE ( 'NONE', #7038, #893, #851, .T. ) ;
#2244 = ORIENTED_EDGE ( 'NONE', *, *, #571, .T. ) ;
#2245 = ORIENTED_EDGE ( 'NONE', *, *, #177, .T. ) ;
#2246 = PRESENTATION_LAYER_ASSIGNMENT (  '', '', ( #3505 ) ) ;
#2247 = ORIENTED_EDGE ( 'NONE', *, *, #3994, .F. ) ;
#2248 = VECTOR ( 'NONE', #563, 1000.000000000000000 ) ;
#2249 = DIRECTION ( 'NONE',  ( 0.0000000000000000000, -0.0000000000000000000, -1.000000000000000000 ) ) ;
#2250 = CARTESIAN_POINT ( 'NONE',  ( 3.960000000000000900, -4.799999999999999800, -6.099999999999999600 ) ) ;
#2251 = CARTESIAN_POINT ( 'NONE',  ( 2.540000000000158600, 6.100000000000000500, 7.620000000000000100 ) ) ;
#2252 = AXIS2_PLACEMENT_3D ( 'NONE', #1529, #4319, #1605 ) ;
#2253 = CARTESIAN_POINT ( 'NONE',  ( -8.673617379884035500E-016, 6.100000000000000500, -7.620000000000000100 ) ) ;
#2254 = AXIS2_PLACEMENT_3D ( 'NONE', #7085, #3635, #5713 ) ;
#2255 = PRESENTATION_STYLE_ASSIGNMENT (( #5368 ) ) ;
#2256 = VERTEX_POINT ( 'NONE', #4852 ) ;
#2257 = FILL_AREA_STYLE ('',( #6376 ) ) ;
#2258 = ORIENTED_EDGE ( 'NONE', *, *, #5756, .F. ) ;
#2259 = EDGE_CURVE ( 'NONE', #7913, #6939, #295, .T. ) ;
#2260 = ORIENTED_EDGE ( 'NONE', *, *, #4527, .F. ) ;
#2261 = ADVANCED_FACE ( 'NONE', ( #7959 ), #5674, .T. ) ;
#2262 = CARTESIAN_POINT ( 'NONE',  ( -5.079999999999974300, 3.299857146501273600, -6.069999999999999400 ) ) ;
#2263 = FACE_OUTER_BOUND ( 'NONE', #4233, .T. ) ;
#2264 = PRESENTATION_LAYER_ASSIGNMENT (  '', '', ( #4111 ) ) ;
#2265 = ORIENTED_EDGE ( 'NONE', *, *, #744, .F. ) ;
#2266 = CIRCLE ( 'NONE', #6475, 0.9899999999999995500 ) ;
#2267 = DIRECTION ( 'NONE',  ( 0.0000000000000000000, 1.000000000000000000, 0.0000000000000000000 ) ) ;
#2268 = EDGE_CURVE ( 'NONE', #8022, #4692, #3845, .T. ) ;
#2269 = VECTOR ( 'NONE', #2852, 1000.000000000000000 ) ;
#2270 = ORIENTED_EDGE ( 'NONE', *, *, #8724, .F. ) ;
#2271 = LINE ( 'NONE', #8500, #7561 ) ;
#2272 = MANIFOLD_SOLID_BREP ( 'LED 53', #5337 ) ;
#2273 = AXIS2_PLACEMENT_3D ( 'NONE', #2497, #3720, #7960 ) ;
#2274 = ORIENTED_EDGE ( 'NONE', *, *, #8450, .F. ) ;
#2275 = ORIENTED_EDGE ( 'NONE', *, *, #4971, .F. ) ;
#2276 = DIRECTION ( 'NONE',  ( 0.0000000000000000000, 0.0000000000000000000, 1.000000000000000000 ) ) ;
#2277 = DIRECTION ( 'NONE',  ( 0.0000000000000000000, -0.0000000000000000000, 1.000000000000000000 ) ) ;
#2278 = DIRECTION ( 'NONE',  ( 0.0000000000000000000, 1.000000000000000000, 0.0000000000000000000 ) ) ;
#2279 = DIRECTION ( 'NONE',  ( 0.0000000000000000000, 1.000000000000000000, 0.0000000000000000000 ) ) ;
#2280 = EDGE_CURVE ( 'NONE', #3365, #2414, #1809, .T. ) ;
#2281 = ORIENTED_EDGE ( 'NONE', *, *, #3837, .F. ) ;
#2282 = LINE ( 'NONE', #3115, #5619 ) ;
#2283 = CARTESIAN_POINT ( 'NONE',  ( 5.080000000000025800, 6.100000000000000500, -5.079999999999999200 ) ) ;
#2284 = PRESENTATION_STYLE_ASSIGNMENT (( #1460 ) ) ;
#2285 = AXIS2_PLACEMENT_3D ( 'NONE', #1985, #6800, #3259 ) ;
#2286 = CARTESIAN_POINT ( 'NONE',  ( 7.905115819006031600E-014, 3.299857146501273600, -0.9899999999999993200 ) ) ;
#2287 = SURFACE_STYLE_FILL_AREA ( #2777 ) ;
#2288 = ORIENTED_EDGE ( 'NONE', *, *, #8612, .T. ) ;
#2289 = ORIENTED_EDGE ( 'NONE', *, *, #8165, .T. ) ;
#2290 = EDGE_CURVE ( 'NONE', #3270, #6357, #4596, .T. ) ;
#2291 = PRESENTATION_STYLE_ASSIGNMENT (( #4675 ) ) ;
#2292 = PLANE ( 'NONE',  #3145 ) ;
#2293 = EDGE_CURVE ( 'NONE', #4818, #5610, #4803, .T. ) ;
#2294 = ORIENTED_EDGE ( 'NONE', *, *, #4182, .F. ) ;
#2295 = LINE ( 'NONE', #7703, #3467 ) ;
#2296 = DIRECTION ( 'NONE',  ( 1.000000000000000000, -0.0000000000000000000, 0.0000000000000000000 ) ) ;
#2297 = ORIENTED_EDGE ( 'NONE', *, *, #3982, .F. ) ;
#2298 = DIRECTION ( 'NONE',  ( 0.0000000000000000000, 1.000000000000000000, 0.0000000000000000000 ) ) ;
#2299 = VERTEX_POINT ( 'NONE', #7525 ) ;
#2300 = VERTEX_POINT ( 'NONE', #6155 ) ;
#2301 = ORIENTED_EDGE ( 'NONE', *, *, #3227, .F. ) ;
#2302 = PLANE ( 'NONE',  #3757 ) ;
#2303 = ORIENTED_EDGE ( 'NONE', *, *, #8069, .F. ) ;
#2304 = CIRCLE ( 'NONE', #3976, 0.9899999999999995500 ) ;
#2305 = ADVANCED_FACE ( 'NONE', ( #3178 ), #8333, .T. ) ;
#2306 = AXIS2_PLACEMENT_3D ( 'NONE', #3304, #4694, #3333 ) ;
#2307 = ORIENTED_EDGE ( 'NONE', *, *, #5836, .T. ) ;
#2308 = CARTESIAN_POINT ( 'NONE',  ( -3.660000000000001000, -10.18309518948452900, -1.520000000000000500 ) ) ;
#2309 = CYLINDRICAL_SURFACE ( 'NONE', #4917, 0.9899999999999995500 ) ;
#2310 = VERTEX_POINT ( 'NONE', #6977 ) ;
#2311 =( LENGTH_UNIT ( ) NAMED_UNIT ( * ) SI_UNIT ( .MILLI., .METRE. ) );
#2312 = DIRECTION ( 'NONE',  ( -0.0000000000000000000, -0.0000000000000000000, -1.000000000000000000 ) ) ;
#2313 = CARTESIAN_POINT ( 'NONE',  ( 5.080000000000104900, 6.100000000000000500, 2.540000000000000500 ) ) ;
#2314 = ORIENTED_EDGE ( 'NONE', *, *, #5083, .F. ) ;
#2315 = DIRECTION ( 'NONE',  ( 0.0000000000000000000, 0.0000000000000000000, 1.000000000000000000 ) ) ;
#2316 = ORIENTED_EDGE ( 'NONE', *, *, #3076, .F. ) ;
#2317 = ORIENTED_EDGE ( 'NONE', *, *, #2990, .T. ) ;
#2318 = ADVANCED_FACE ( 'NONE', ( #7950 ), #1801, .F. ) ;
#2319 = ADVANCED_FACE ( 'NONE', ( #4698 ), #4195, .T. ) ;
#2320 = LINE ( 'NONE', #6856, #5987 ) ;
#2321 = ADVANCED_FACE ( 'NONE', ( #6106 ), #1573, .T. ) ;
#2322 = CLOSED_SHELL ( 'NONE', ( #2006, #4297, #4425, #7100 ) ) ;
#2323 = PLANE ( 'NONE',  #858 ) ;
#2324 = CARTESIAN_POINT ( 'NONE',  ( 3.660000000000001000, 1.000000000000000000, -6.599999999999999600 ) ) ;
#2325 = EDGE_CURVE ( 'NONE', #658, #5916, #4267, .T. ) ;
#2326 = CARTESIAN_POINT ( 'NONE',  ( 2.539999999999998700, 6.299999999999999800, -7.620000000000000100 ) ) ;
#2327 = DIRECTION ( 'NONE',  ( 0.0000000000000000000, 0.0000000000000000000, 1.000000000000000000 ) ) ;
#2328 = ORIENTED_EDGE ( 'NONE', *, *, #4705, .F. ) ;
#2329 = PRESENTATION_STYLE_ASSIGNMENT (( #3511 ) ) ;
#2330 = APPLICATION_CONTEXT ( 'automotive_design' ) ;
#2331 = UNCERTAINTY_MEASURE_WITH_UNIT (LENGTH_MEASURE( 1.000000000000000100E-005 ), #8050, 'distance_accuracy_value', 'NONE');
#2332 = ORIENTED_EDGE ( 'NONE', *, *, #2756, .F. ) ;
#2333 = DIRECTION ( 'NONE',  ( 0.0000000000000000000, 1.000000000000000000, 0.0000000000000000000 ) ) ;
#2334 = AXIS2_PLACEMENT_3D ( 'NONE', #608, #4010, #8838 ) ;
#2335 =( NAMED_UNIT ( * ) PLANE_ANGLE_UNIT ( ) SI_UNIT ( $, .RADIAN. ) );
#2336 = CARTESIAN_POINT ( 'NONE',  ( -8.673617379884035500E-016, 6.299999999999999800, -7.620000000000000100 ) ) ;
#2337 = FACE_OUTER_BOUND ( 'NONE', #7766, .T. ) ;
#2338 = VERTEX_POINT ( 'NONE', #5533 ) ;
#2339 = AXIS2_PLACEMENT_3D ( 'NONE', #8813, #643, #3341 ) ;
#2340 = DIRECTION ( 'NONE',  ( 0.0000000000000000000, 0.0000000000000000000, 1.000000000000000000 ) ) ;
#2341 = CIRCLE ( 'NONE', #8349, 0.9899999999999995500 ) ;
#2342 = EDGE_CURVE ( 'NONE', #8588, #5747, #1062, .T. ) ;
#2343 = ORIENTED_EDGE ( 'NONE', *, *, #3490, .T. ) ;
#2344 = CARTESIAN_POINT ( 'NONE',  ( -3.960000000000000900, -10.18309518948452900, -6.099999999999999600 ) ) ;
#2345 = CARTESIAN_POINT ( 'NONE',  ( -6.329999999999997400, 6.299999999999999800, 8.869999999999999200 ) ) ;
#2346 =( GEOMETRIC_REPRESENTATION_CONTEXT ( 3 ) GLOBAL_UNCERTAINTY_ASSIGNED_CONTEXT ( ( #510 ) ) GLOBAL_UNIT_ASSIGNED_CONTEXT ( ( #8562, #7817, #4415 ) ) REPRESENTATION_CONTEXT ( 'NONE', 'WORKASPACE' ) );
#2347 = FACE_OUTER_BOUND ( 'NONE', #5649, .T. ) ;
#2348 = CARTESIAN_POINT ( 'NONE',  ( -6.329999999999997400, 0.0000000000000000000, -8.869999999999999200 ) ) ;
#2349 = EDGE_CURVE ( 'NONE', #6948, #8180, #1269, .T. ) ;
#2350 =( NAMED_UNIT ( * ) PLANE_ANGLE_UNIT ( ) SI_UNIT ( $, .RADIAN. ) );
#2351 = AXIS2_PLACEMENT_3D ( 'NONE', #1317, #8205, #4012 ) ;
#2352 = ADVANCED_FACE ( 'NONE', ( #2229 ), #4483, .T. ) ;
#2353 = LINE ( 'NONE', #114, #4607 ) ;
#2354 = SURFACE_SIDE_STYLE ('',( #3684 ) ) ;
#2355 = VERTEX_POINT ( 'NONE', #6204 ) ;
#2356 = DIRECTION ( 'NONE',  ( 0.0000000000000000000, 0.0000000000000000000, 1.000000000000000000 ) ) ;
#2357 = DIRECTION ( 'NONE',  ( 0.0000000000000000000, 0.0000000000000000000, 1.000000000000000000 ) ) ;
#2358 = APPLICATION_CONTEXT ( 'automotive_design' ) ;
#2359 = ORIENTED_EDGE ( 'NONE', *, *, #4506, .F. ) ;
#2360 = FACE_BOUND ( 'NONE', #4060, .T. ) ;
#2361 = EDGE_CURVE ( 'NONE', #7279, #1663, #7416, .T. ) ;
#2362 = ADVANCED_FACE ( 'NONE', ( #85 ), #7586, .F. ) ;
#2363 = UNCERTAINTY_MEASURE_WITH_UNIT (LENGTH_MEASURE( 1.000000000000000100E-005 ), #2867, 'distance_accuracy_value', 'NONE');
#2364 = AXIS2_PLACEMENT_3D ( 'NONE', #1857, #6069, #8158 ) ;
#2365 = CARTESIAN_POINT ( 'NONE',  ( -2.539999999999921400, 6.299999999999999800, 0.9899999999999993200 ) ) ;
#2366 = ADVANCED_FACE ( 'NONE', ( #5248 ), #4900, .T. ) ;
#2367 = DIRECTION ( 'NONE',  ( -0.0000000000000000000, 1.000000000000000000, -0.0000000000000000000 ) ) ;
#2368 = CARTESIAN_POINT ( 'NONE',  ( -3.960000000000000900, -10.18309518948452900, 1.019999999999999100 ) ) ;
#2369 =( NAMED_UNIT ( * ) SI_UNIT ( $, .STERADIAN. ) SOLID_ANGLE_UNIT ( ) );
#2370 = DIRECTION ( 'NONE',  ( 0.0000000000000000000, 1.000000000000000000, 0.0000000000000000000 ) ) ;
#2371 = CARTESIAN_POINT ( 'NONE',  ( 5.079999999999999200, 6.299999999999999800, -6.630000000000000800 ) ) ;
#2372 = EDGE_LOOP ( 'NONE', ( #346, #2748, #356, #7489 ) ) ;
#2373 = AXIS2_PLACEMENT_3D ( 'NONE', #904, #4257, #1520 ) ;
#2374 = VERTEX_POINT ( 'NONE', #7723 ) ;
#2375 = LINE ( 'NONE', #8887, #7668 ) ;
#2376 = CARTESIAN_POINT ( 'NONE',  ( -5.079999999999868600, 3.299857146501273600, 6.070000000000001200 ) ) ;
#2377 = FACE_OUTER_BOUND ( 'NONE', #3915, .T. ) ;
#2378 = EDGE_CURVE ( 'NONE', #2374, #8166, #6640, .T. ) ;
#2379 = ORIENTED_EDGE ( 'NONE', *, *, #6852, .T. ) ;
#2380 = LINE ( 'NONE', #1421, #225 ) ;
#2381 = DIRECTION ( 'NONE',  ( -0.0000000000000000000, 1.000000000000000000, -0.0000000000000000000 ) ) ;
#2382 = DIRECTION ( 'NONE',  ( 0.0000000000000000000, 1.000000000000000000, 0.0000000000000000000 ) ) ;
#2383 = LINE ( 'NONE', #7836, #1958 ) ;
#2384 =( GEOMETRIC_REPRESENTATION_CONTEXT ( 3 ) GLOBAL_UNCERTAINTY_ASSIGNED_CONTEXT ( ( #4232 ) ) GLOBAL_UNIT_ASSIGNED_CONTEXT ( ( #320, #2335, #3705 ) ) REPRESENTATION_CONTEXT ( 'NONE', 'WORKASPACE' ) );
#2385 = CARTESIAN_POINT ( 'NONE',  ( -3.960000000000000900, -10.18309518948452900, 1.519999999999999600 ) ) ;
#2386 = CARTESIAN_POINT ( 'NONE',  ( 3.660000000000001000, -10.18309518948452900, 1.519999999999999600 ) ) ;
#2387 = CARTESIAN_POINT ( 'NONE',  ( -3.660000000000001000, 1.000000000000000000, 1.019999999999999100 ) ) ;
#2388 = DIRECTION ( 'NONE',  ( 0.0000000000000000000, 1.000000000000000000, 0.0000000000000000000 ) ) ;
#2389 = EDGE_LOOP ( 'NONE', ( #6249, #2708, #1361, #7790 ) ) ;
#2390 = EDGE_CURVE ( 'NONE', #3263, #949, #3075, .T. ) ;
#2391 = LINE ( 'NONE', #6436, #8223 ) ;
#2392 = VERTEX_POINT ( 'NONE', #3473 ) ;
#2393 = DIRECTION ( 'NONE',  ( 0.0000000000000000000, 1.000000000000000000, 0.0000000000000000000 ) ) ;
#2394 = ADVANCED_FACE ( 'NONE', ( #1370 ), #8163, .T. ) ;
#2395 = CARTESIAN_POINT ( 'NONE',  ( -5.080000000000001000, 3.299857146501273600, -7.620000000000000100 ) ) ;
#2396 = CIRCLE ( 'NONE', #6540, 0.9899999999999993200 ) ;
#2397 = VERTEX_POINT ( 'NONE', #7686 ) ;
#2398 = FACE_OUTER_BOUND ( 'NONE', #7232, .T. ) ;
#2399 = DIRECTION ( 'NONE',  ( 0.0000000000000000000, 1.000000000000000000, 0.0000000000000000000 ) ) ;
#2400 = FILL_AREA_STYLE_COLOUR ( '', #2054 ) ;
#2401 = DIRECTION ( 'NONE',  ( -0.0000000000000000000, 1.000000000000000000, -0.0000000000000000000 ) ) ;
#2402 = CARTESIAN_POINT ( 'NONE',  ( -3.660000000000001000, -10.18309518948452900, 6.099999999999999600 ) ) ;
#2403 = EDGE_CURVE ( 'NONE', #175, #198, #2444, .T. ) ;
#2404 = ADVANCED_FACE ( 'NONE', ( #7514 ), #7197, .T. ) ;
#2405 = VECTOR ( 'NONE', #3727, 1000.000000000000000 ) ;
#2406 = ORIENTED_EDGE ( 'NONE', *, *, #2738, .T. ) ;
#2407 = EDGE_LOOP ( 'NONE', ( #5725, #7165, #2359, #5442 ) ) ;
#2408 = ORIENTED_EDGE ( 'NONE', *, *, #763, .T. ) ;
#2409 = CARTESIAN_POINT ( 'NONE',  ( -2.539999999999974700, 6.100000000000000500, -5.079999999999999200 ) ) ;
#2410 = FACE_OUTER_BOUND ( 'NONE', #2407, .T. ) ;
#2411 = ADVANCED_FACE ( 'NONE', ( #3836 ), #2130, .T. ) ;
#2412 = MECHANICAL_DESIGN_GEOMETRIC_PRESENTATION_REPRESENTATION (  '', ( #5356 ), #3498 ) ;
#2413 = PRESENTATION_STYLE_ASSIGNMENT (( #3803 ) ) ;
#2414 = VERTEX_POINT ( 'NONE', #121 ) ;
#2415 = CARTESIAN_POINT ( 'NONE',  ( -2.539999999999974700, 6.100000000000000500, -4.089999999999999900 ) ) ;
#2416 = EDGE_LOOP ( 'NONE', ( #2260, #4028, #2835, #823 ) ) ;
#2417 = EDGE_CURVE ( 'NONE', #252, #5668, #6320, .T. ) ;
#2418 = FACE_OUTER_BOUND ( 'NONE', #6934, .T. ) ;
#2419 = DIRECTION ( 'NONE',  ( -1.000000000000000000, 0.0000000000000000000, 0.0000000000000000000 ) ) ;
#2420 = ORIENTED_EDGE ( 'NONE', *, *, #5679, .F. ) ;
#2421 = AXIS2_PLACEMENT_3D ( 'NONE', #6017, #6074, #6705 ) ;
#2422 = CARTESIAN_POINT ( 'NONE',  ( 3.660000000000001000, -4.799999999999999800, -4.060000000000000500 ) ) ;
#2423 = CARTESIAN_POINT ( 'NONE',  ( -5.080000000000001000, 6.100000000000000500, -6.630000000000000800 ) ) ;
#2424 = ORIENTED_EDGE ( 'NONE', *, *, #7957, .T. ) ;
#2425 = CYLINDRICAL_SURFACE ( 'NONE', #7863, 0.9899999999999995500 ) ;
#2426 = VERTEX_POINT ( 'NONE', #4155 ) ;
#2427 = CIRCLE ( 'NONE', #4740, 0.9899999999999995500 ) ;
#2428 = VECTOR ( 'NONE', #2183, 1000.000000000000000 ) ;
#2429 = AXIS2_PLACEMENT_3D ( 'NONE', #6278, #1503, #23 ) ;
#2430 = ORIENTED_EDGE ( 'NONE', *, *, #7555, .F. ) ;
#2431 = VERTEX_POINT ( 'NONE', #4118 ) ;
#2432 = AXIS2_PLACEMENT_3D ( 'NONE', #8539, #2393, #2458 ) ;
#2433 = DIRECTION ( 'NONE',  ( 0.0000000000000000000, 1.000000000000000000, 0.0000000000000000000 ) ) ;
#2434 = CARTESIAN_POINT ( 'NONE',  ( -6.329999999999997400, 0.0000000000000000000, 8.869999999999999200 ) ) ;
#2435 = EDGE_CURVE ( 'NONE', #7253, #1186, #4920, .T. ) ;
#2436 = ORIENTED_EDGE ( 'NONE', *, *, #7213, .T. ) ;
#2437 = CARTESIAN_POINT ( 'NONE',  ( -5.079999999999868600, 6.100000000000000500, 5.080000000000001000 ) ) ;
#2438 = SURFACE_STYLE_FILL_AREA ( #3843 ) ;
#2439 = ORIENTED_EDGE ( 'NONE', *, *, #6099, .T. ) ;
#2440 = AXIS2_PLACEMENT_3D ( 'NONE', #4791, #4134, #2784 ) ;
#2441 = CARTESIAN_POINT ( 'NONE',  ( -4.762500000000000200, 1.000000000000000000, 7.302499999999997500 ) ) ;
#2442 = VECTOR ( 'NONE', #4556, 1000.000000000000000 ) ;
#2443 = ORIENTED_EDGE ( 'NONE', *, *, #7932, .F. ) ;
#2444 = LINE ( 'NONE', #8314, #1914 ) ;
#2445 = DIRECTION ( 'NONE',  ( 0.0000000000000000000, 0.0000000000000000000, 1.000000000000000000 ) ) ;
#2446 = MANIFOLD_SOLID_BREP ( 'LED 24', #6341 ) ;
#2447 = CARTESIAN_POINT ( 'NONE',  ( 2.540000000000158600, 6.100000000000000500, 6.630000000000000800 ) ) ;
#2448 = ORIENTED_EDGE ( 'NONE', *, *, #7203, .T. ) ;
#2449 = EDGE_CURVE ( 'NONE', #8312, #8515, #5569, .T. ) ;
#2450 = ORIENTED_EDGE ( 'NONE', *, *, #2126, .F. ) ;
#2451 = DIRECTION ( 'NONE',  ( 0.0000000000000000000, 0.0000000000000000000, 1.000000000000000000 ) ) ;
#2452 = PRESENTATION_STYLE_ASSIGNMENT (( #1494 ) ) ;
#2453 = AXIS2_PLACEMENT_3D ( 'NONE', #3155, #5903, #5931 ) ;
#2454 = ADVANCED_FACE ( 'NONE', ( #2962 ), #6923, .F. ) ;
#2455 = DIRECTION ( 'NONE',  ( -0.0000000000000000000, 1.000000000000000000, -0.0000000000000000000 ) ) ;
#2456 = FILL_AREA_STYLE_COLOUR ( '', #2118 ) ;
#2457 = CARTESIAN_POINT ( 'NONE',  ( 3.660000000000001000, -4.799999999999999800, 1.519999999999999600 ) ) ;
#2458 = DIRECTION ( 'NONE',  ( 0.0000000000000000000, -0.0000000000000000000, 1.000000000000000000 ) ) ;
#2459 = EDGE_CURVE ( 'NONE', #6337, #4681, #3515, .T. ) ;
#2460 =( NAMED_UNIT ( * ) PLANE_ANGLE_UNIT ( ) SI_UNIT ( $, .RADIAN. ) );
#2461 = ORIENTED_EDGE ( 'NONE', *, *, #6841, .T. ) ;
#2462 = PLANE ( 'NONE',  #2763 ) ;
#2463 = EDGE_LOOP ( 'NONE', ( #1064, #2163, #5272, #5795 ) ) ;
#2464 = FILL_AREA_STYLE_COLOUR ( '', #7943 ) ;
#2465 = CARTESIAN_POINT ( 'NONE',  ( 5.216294431241980000E-014, 6.299999999999999800, -3.529999999999999400 ) ) ;
#2466 = ORIENTED_EDGE ( 'NONE', *, *, #8797, .T. ) ;
#2467 = ORIENTED_EDGE ( 'NONE', *, *, #8402, .T. ) ;
#2468 = AXIS2_PLACEMENT_3D ( 'NONE', #2581, #6071, #4682 ) ;
#2469 = DIRECTION ( 'NONE',  ( -0.0000000000000000000, -1.000000000000000000, -0.0000000000000000000 ) ) ;
#2470 = FACE_BOUND ( 'NONE', #3930, .T. ) ;
#2471 = EDGE_LOOP ( 'NONE', ( #1200, #5297, #5559, #6763 ) ) ;
#2472 = DIRECTION ( 'NONE',  ( 0.0000000000000000000, 0.0000000000000000000, 1.000000000000000000 ) ) ;
#2473 = PRESENTATION_LAYER_ASSIGNMENT (  '', '', ( #6331 ) ) ;
#2474 = SURFACE_STYLE_USAGE ( .BOTH. , #5153 ) ;
#2475 = FACE_OUTER_BOUND ( 'NONE', #7768, .T. ) ;
#2476 = ORIENTED_EDGE ( 'NONE', *, *, #7540, .T. ) ;
#2477 = ORIENTED_EDGE ( 'NONE', *, *, #2849, .F. ) ;
#2478 = UNCERTAINTY_MEASURE_WITH_UNIT (LENGTH_MEASURE( 1.000000000000000100E-005 ), #5116, 'distance_accuracy_value', 'NONE');
#2479 = DIRECTION ( 'NONE',  ( 1.000000000000000000, 0.0000000000000000000, 0.0000000000000000000 ) ) ;
#2480 = CARTESIAN_POINT ( 'NONE',  ( -5.079999999999974300, 6.100000000000000500, -5.079999999999999200 ) ) ;
#2481 = ORIENTED_EDGE ( 'NONE', *, *, #5879, .T. ) ;
#2482 = DIRECTION ( 'NONE',  ( -0.0000000000000000000, 1.000000000000000000, -0.0000000000000000000 ) ) ;
#2483 = AXIS2_PLACEMENT_3D ( 'NONE', #6138, #8853, #3354 ) ;
#2484 = CARTESIAN_POINT ( 'NONE',  ( 4.762500000000000200, 1.000000000000000000, -7.302499999999997500 ) ) ;
#2485 = CARTESIAN_POINT ( 'NONE',  ( -2.539999999999894800, 6.299999999999999800, 2.540000000000000500 ) ) ;
#2486 = CARTESIAN_POINT ( 'NONE',  ( 3.960000000000000900, 1.000000000000000000, -4.060000000000000500 ) ) ;
#2487 = DIRECTION ( 'NONE',  ( -0.0000000000000000000, 1.000000000000000000, -0.0000000000000000000 ) ) ;
#2488 = ORIENTED_EDGE ( 'NONE', *, *, #2403, .F. ) ;
#2489 = CARTESIAN_POINT ( 'NONE',  ( 3.960000000000000900, -10.18309518948452900, -1.520000000000000500 ) ) ;
#2490 = LINE ( 'NONE', #916, #7781 ) ;
#2491 = DIRECTION ( 'NONE',  ( -0.0000000000000000000, -1.000000000000000000, -0.0000000000000000000 ) ) ;
#2492 = DIRECTION ( 'NONE',  ( 0.0000000000000000000, -0.0000000000000000000, 1.000000000000000000 ) ) ;
#2493 = DIRECTION ( 'NONE',  ( 0.0000000000000000000, 0.0000000000000000000, 1.000000000000000000 ) ) ;
#2494 = AXIS2_PLACEMENT_3D ( 'NONE', #6072, #3321, #4738 ) ;
#2495 = ORIENTED_EDGE ( 'NONE', *, *, #1789, .F. ) ;
#2496 = CIRCLE ( 'NONE', #2334, 0.9899999999999995500 ) ;
#2497 = CARTESIAN_POINT ( 'NONE',  ( 2.540000000000105700, 6.299999999999999800, 2.540000000000000500 ) ) ;
#2498 = ADVANCED_FACE ( 'NONE', ( #6860 ), #2853, .T. ) ;
#2499 = EDGE_CURVE ( 'NONE', #3938, #6124, #1164, .T. ) ;
#2500 = VECTOR ( 'NONE', #2684, 1000.000000000000000 ) ;
#2501 = CLOSED_SHELL ( 'NONE', ( #6515, #6202, #1557, #8414, #5342, #1632 ) ) ;
#2502 = DIRECTION ( 'NONE',  ( 0.0000000000000000000, 0.0000000000000000000, 1.000000000000000000 ) ) ;
#2503 = EDGE_LOOP ( 'NONE', ( #833, #4884 ) ) ;
#2504 = CYLINDRICAL_SURFACE ( 'NONE', #8101, 0.9899999999999995500 ) ;
#2505 = CARTESIAN_POINT ( 'NONE',  ( -6.329999999999997400, 0.0000000000000000000, -8.869999999999999200 ) ) ;
#2506 = MECHANICAL_DESIGN_GEOMETRIC_PRESENTATION_REPRESENTATION (  '', ( #4176 ), #5096 ) ;
#2507 = LINE ( 'NONE', #8830, #5838 ) ;
#2508 = CARTESIAN_POINT ( 'NONE',  ( -2.539999999999867700, 6.299999999999999800, 5.080000000000001000 ) ) ;
#2509 = CARTESIAN_POINT ( 'NONE',  ( -3.660000000000001000, -10.18309518948452900, -4.060000000000000500 ) ) ;
#2510 = CIRCLE ( 'NONE', #6668, 0.9899999999999995500 ) ;
#2511 = DIRECTION ( 'NONE',  ( -0.0000000000000000000, 0.0000000000000000000, 1.000000000000000000 ) ) ;
#2512 = AXIS2_PLACEMENT_3D ( 'NONE', #3245, #2633, #8082 ) ;
#2513 = EDGE_CURVE ( 'NONE', #4344, #641, #4058, .T. ) ;
#2514 = FACE_OUTER_BOUND ( 'NONE', #6083, .T. ) ;
#2515 = ORIENTED_EDGE ( 'NONE', *, *, #5892, .F. ) ;
#2516 = ORIENTED_EDGE ( 'NONE', *, *, #6392, .T. ) ;
#2517 = CARTESIAN_POINT ( 'NONE',  ( -2.539999999999974700, 6.299999999999999800, -4.089999999999999900 ) ) ;
#2518 = VECTOR ( 'NONE', #8083, 1000.000000000000000 ) ;
#2519 = CARTESIAN_POINT ( 'NONE',  ( -2.539999999999867700, 6.100000000000000500, 5.080000000000001000 ) ) ;
#2520 = ORIENTED_EDGE ( 'NONE', *, *, #4280, .T. ) ;
#2521 = DIRECTION ( 'NONE',  ( 0.0000000000000000000, 1.000000000000000000, 0.0000000000000000000 ) ) ;
#2522 = VECTOR ( 'NONE', #995, 1000.000000000000000 ) ;
#2523 = AXIS2_PLACEMENT_3D ( 'NONE', #7786, #3630, #1658 ) ;
#2524 = DIRECTION ( 'NONE',  ( 0.0000000000000000000, 0.0000000000000000000, 1.000000000000000000 ) ) ;
#2525 = EDGE_LOOP ( 'NONE', ( #8253, #7087, #4434, #2629 ) ) ;
#2526 = CLOSED_SHELL ( 'NONE', ( #8692, #1241, #6463, #5511 ) ) ;
#2527 = LINE ( 'NONE', #2447, #1442 ) ;
#2528 = EDGE_LOOP ( 'NONE', ( #1443, #2535, #8182, #3477 ) ) ;
#2529 = DIRECTION ( 'NONE',  ( -0.0000000000000000000, 0.0000000000000000000, 1.000000000000000000 ) ) ;
#2530 = DIRECTION ( 'NONE',  ( -0.0000000000000000000, 1.000000000000000000, -0.0000000000000000000 ) ) ;
#2531 = ORIENTED_EDGE ( 'NONE', *, *, #93, .F. ) ;
#2532 = EDGE_CURVE ( 'NONE', #500, #6953, #5138, .T. ) ;
#2533 = LINE ( 'NONE', #4178, #7816 ) ;
#2534 = CARTESIAN_POINT ( 'NONE',  ( 5.080000000000159100, 6.299999999999999800, 7.620000000000000100 ) ) ;
#2535 = ORIENTED_EDGE ( 'NONE', *, *, #7555, .T. ) ;
#2536 = LINE ( 'NONE', #6010, #621 ) ;
#2537 = ORIENTED_EDGE ( 'NONE', *, *, #1187, .T. ) ;
#2538 = AXIS2_PLACEMENT_3D ( 'NONE', #8332, #2117, #81 ) ;
#2539 = ORIENTED_EDGE ( 'NONE', *, *, #130, .F. ) ;
#2540 = VERTEX_POINT ( 'NONE', #7593 ) ;
#2541 = CARTESIAN_POINT ( 'NONE',  ( -3.960000000000000900, -4.799999999999999800, 3.559999999999998700 ) ) ;
#2542 = ORIENTED_EDGE ( 'NONE', *, *, #3762, .F. ) ;
#2543 = EDGE_CURVE ( 'NONE', #2310, #7501, #8809, .T. ) ;
#2544 = CARTESIAN_POINT ( 'NONE',  ( 5.080000000000025800, 6.100000000000000500, -5.079999999999999200 ) ) ;
#2545 = DIRECTION ( 'NONE',  ( 0.0000000000000000000, 0.0000000000000000000, 1.000000000000000000 ) ) ;
#2546 = CIRCLE ( 'NONE', #3360, 0.9899999999999993200 ) ;
#2547 = VECTOR ( 'NONE', #8010, 1000.000000000000000 ) ;
#2548 = ORIENTED_EDGE ( 'NONE', *, *, #7654, .F. ) ;
#2549 = ADVANCED_FACE ( 'NONE', ( #8591 ), #6760, .T. ) ;
#2550 = CARTESIAN_POINT ( 'NONE',  ( 2.540000000000158600, 6.100000000000000500, 8.609999999999999400 ) ) ;
#2551 = CARTESIAN_POINT ( 'NONE',  ( -3.960000000000000900, 1.000000000000000000, 6.099999999999999600 ) ) ;
#2552 = ORIENTED_EDGE ( 'NONE', *, *, #3063, .F. ) ;
#2553 = AXIS2_PLACEMENT_3D ( 'NONE', #4735, #3345, #8301 ) ;
#2554 = VECTOR ( 'NONE', #7925, 1000.000000000000000 ) ;
#2555 = CARTESIAN_POINT ( 'NONE',  ( -2.540000000000000900, 3.299857146501273600, -8.609999999999999400 ) ) ;
#2556 = AXIS2_PLACEMENT_3D ( 'NONE', #2873, #5753, #959 ) ;
#2557 = CARTESIAN_POINT ( 'NONE',  ( 7.892991815694472300E-014, 3.299857146501273600, 0.0000000000000000000 ) ) ;
#2558 = ORIENTED_EDGE ( 'NONE', *, *, #4622, .T. ) ;
#2559 = DIRECTION ( 'NONE',  ( -1.000000000000000000, 0.0000000000000000000, 0.0000000000000000000 ) ) ;
#2560 = CARTESIAN_POINT ( 'NONE',  ( 5.080000000000025800, 3.299857146501273600, -6.069999999999999400 ) ) ;
#2561 = EDGE_CURVE ( 'NONE', #2947, #6122, #5884, .T. ) ;
#2562 = PRESENTATION_STYLE_ASSIGNMENT (( #646 ) ) ;
#2563 = CARTESIAN_POINT ( 'NONE',  ( -4.762500000000000200, 1.000000000000000000, 7.302499999999997500 ) ) ;
#2564 = MANIFOLD_SOLID_BREP ( 'LED 43', #3114 ) ;
#2565 = AXIS2_PLACEMENT_3D ( 'NONE', #1275, #6169, #6781 ) ;
#2566 = DIRECTION ( 'NONE',  ( 0.0000000000000000000, 0.0000000000000000000, 1.000000000000000000 ) ) ;
#2567 = FACE_OUTER_BOUND ( 'NONE', #7852, .T. ) ;
#2568 = CARTESIAN_POINT ( 'NONE',  ( -3.660000000000001000, 1.000000000000000000, -4.060000000000000500 ) ) ;
#2569 = EDGE_CURVE ( 'NONE', #5916, #658, #629, .T. ) ;
#2570 = DIRECTION ( 'NONE',  ( 0.0000000000000000000, 0.0000000000000000000, 1.000000000000000000 ) ) ;
#2571 =( NAMED_UNIT ( * ) SI_UNIT ( $, .STERADIAN. ) SOLID_ANGLE_UNIT ( ) );
#2572 = VECTOR ( 'NONE', #3584, 1000.000000000000000 ) ;
#2573 = AXIS2_PLACEMENT_3D ( 'NONE', #5621, #3517, #8383 ) ;
#2574 = CARTESIAN_POINT ( 'NONE',  ( 2.540000000000078600, 6.299999999999999800, 0.0000000000000000000 ) ) ;
#2575 = CARTESIAN_POINT ( 'NONE',  ( 1.588484380849934300E-013, 6.100000000000000500, 6.630000000000000800 ) ) ;
#2576 =( LENGTH_UNIT ( ) NAMED_UNIT ( * ) SI_UNIT ( .MILLI., .METRE. ) );
#2577 = CARTESIAN_POINT ( 'NONE',  ( 2.614209217276769300E-014, 3.299857146501273600, -6.069999999999999400 ) ) ;
#2578 = CARTESIAN_POINT ( 'NONE',  ( 2.540000000000051500, 6.100000000000000500, -2.539999999999999600 ) ) ;
#2579 = EDGE_CURVE ( 'NONE', #3719, #5506, #835, .T. ) ;
#2580 = ORIENTED_EDGE ( 'NONE', *, *, #451, .T. ) ;
#2581 = CARTESIAN_POINT ( 'NONE',  ( -2.539999999999841500, 6.299999999999999800, 7.620000000000000100 ) ) ;
#2582 = ORIENTED_EDGE ( 'NONE', *, *, #5417, .T. ) ;
#2583 = CARTESIAN_POINT ( 'NONE',  ( -2.539999999999841500, 6.100000000000000500, 7.620000000000000100 ) ) ;
#2584 = AXIS2_PLACEMENT_3D ( 'NONE', #3497, #2030, #8300 ) ;
#2585 = COLOUR_RGB ( '',0.5019607843137254800, 0.5019607843137254800, 0.5019607843137254800 ) ;
#2586 = ADVANCED_FACE ( 'NONE', ( #6311 ), #6098, .F. ) ;
#2587 = EDGE_CURVE ( 'NONE', #8594, #3177, #284, .T. ) ;
#2588 = DIRECTION ( 'NONE',  ( -0.0000000000000000000, -1.000000000000000000, -0.0000000000000000000 ) ) ;
#2589 = PRODUCT ( 'LTP-747KR', 'LTP-747KR', '', ( #8531 ) ) ;
#2590 = PRESENTATION_LAYER_ASSIGNMENT (  '', '', ( #7329 ) ) ;
#2591 = VERTEX_POINT ( 'NONE', #204 ) ;
#2592 = ORIENTED_EDGE ( 'NONE', *, *, #2290, .T. ) ;
#2593 = CYLINDRICAL_SURFACE ( 'NONE', #6313, 0.9899999999999993200 ) ;
#2594 = ORIENTED_EDGE ( 'NONE', *, *, #4371, .T. ) ;
#2595 = VECTOR ( 'NONE', #4704, 1000.000000000000000 ) ;
#2596 = CARTESIAN_POINT ( 'NONE',  ( -2.539999999999894800, 6.100000000000000500, 3.530000000000000200 ) ) ;
#2597 = SURFACE_SIDE_STYLE ('',( #4307 ) ) ;
#2598 = ORIENTED_EDGE ( 'NONE', *, *, #3504, .T. ) ;
#2599 = VECTOR ( 'NONE', #6151, 1000.000000000000000 ) ;
#2600 = CIRCLE ( 'NONE', #456, 0.9899999999999995500 ) ;
#2601 = CARTESIAN_POINT ( 'NONE',  ( 3.960000000000000900, -4.799999999999999800, 6.099999999999999600 ) ) ;
#2602 = SURFACE_SIDE_STYLE ('',( #8544 ) ) ;
#2603 = CARTESIAN_POINT ( 'NONE',  ( -5.079999999999974300, 3.299857146501273600, -5.079999999999999200 ) ) ;
#2604 = EDGE_CURVE ( 'NONE', #885, #7350, #4260, .T. ) ;
#2605 = UNCERTAINTY_MEASURE_WITH_UNIT (LENGTH_MEASURE( 1.000000000000000100E-005 ), #1736, 'distance_accuracy_value', 'NONE');
#2606 = CARTESIAN_POINT ( 'NONE',  ( 5.080000000000053400, 6.100000000000000500, -1.550000000000000500 ) ) ;
#2607 = VERTEX_POINT ( 'NONE', #5764 ) ;
#2608 = LINE ( 'NONE', #5935, #8212 ) ;
#2609 = PRESENTATION_STYLE_ASSIGNMENT (( #1069 ) ) ;
#2610 = DIRECTION ( 'NONE',  ( 0.0000000000000000000, 0.0000000000000000000, 1.000000000000000000 ) ) ;
#2611 = DIRECTION ( 'NONE',  ( 0.0000000000000000000, 0.0000000000000000000, 1.000000000000000000 ) ) ;
#2612 = CYLINDRICAL_SURFACE ( 'NONE', #6547, 0.9899999999999995500 ) ;
#2613 = ORIENTED_EDGE ( 'NONE', *, *, #3315, .T. ) ;
#2614 = PRESENTATION_LAYER_ASSIGNMENT (  '', '', ( #3991 ) ) ;
#2615 = EDGE_CURVE ( 'NONE', #1622, #3181, #948, .T. ) ;
#2616 = EDGE_LOOP ( 'NONE', ( #2936, #8514 ) ) ;
#2617 = DIRECTION ( 'NONE',  ( 0.0000000000000000000, 1.000000000000000000, 0.0000000000000000000 ) ) ;
#2618 = PLANE ( 'NONE',  #6847 ) ;
#2619 = CARTESIAN_POINT ( 'NONE',  ( 2.540000000000158600, 6.299999999999999800, 8.609999999999999400 ) ) ;
#2620 = VECTOR ( 'NONE', #1840, 1000.000000000000000 ) ;
#2621 = DIRECTION ( 'NONE',  ( 0.0000000000000000000, -1.000000000000000000, 0.0000000000000000000 ) ) ;
#2622 = VERTEX_POINT ( 'NONE', #8489 ) ;
#2623 = ORIENTED_EDGE ( 'NONE', *, *, #220, .F. ) ;
#2624 = ORIENTED_EDGE ( 'NONE', *, *, #2945, .F. ) ;
#2625 = FILL_AREA_STYLE_COLOUR ( '', #3356 ) ;
#2626 = FACE_OUTER_BOUND ( 'NONE', #6042, .T. ) ;
#2627 = VECTOR ( 'NONE', #2367, 1000.000000000000000 ) ;
#2628 = EDGE_CURVE ( 'NONE', #8585, #6672, #1259, .T. ) ;
#2629 = ORIENTED_EDGE ( 'NONE', *, *, #347, .F. ) ;
#2630 = ADVANCED_FACE ( 'NONE', ( #3943 ), #4264, .T. ) ;
#2631 = EDGE_LOOP ( 'NONE', ( #1102, #4271, #8931, #7688 ) ) ;
#2632 = DIRECTION ( 'NONE',  ( 0.0000000000000000000, 0.0000000000000000000, 1.000000000000000000 ) ) ;
#2633 = DIRECTION ( 'NONE',  ( 0.0000000000000000000, 1.000000000000000000, 0.0000000000000000000 ) ) ;
#2634 = CARTESIAN_POINT ( 'NONE',  ( 3.660000000000001000, -4.799999999999999800, 4.059999999999999600 ) ) ;
#2635 = FACE_OUTER_BOUND ( 'NONE', #267, .T. ) ;
#2636 = ORIENTED_EDGE ( 'NONE', *, *, #3837, .T. ) ;
#2637 = EDGE_LOOP ( 'NONE', ( #6146, #4427, #6108, #2430 ) ) ;
#2638 = CARTESIAN_POINT ( 'NONE',  ( -6.329999999999997400, 6.299999999999999800, -8.869999999999999200 ) ) ;
#2639 = AXIS2_PLACEMENT_3D ( 'NONE', #7659, #180, #7775 ) ;
#2640 = CARTESIAN_POINT ( 'NONE',  ( 3.660000000000001000, -10.18309518948452900, -4.060000000000000500 ) ) ;
#2641 = DIRECTION ( 'NONE',  ( 0.0000000000000000000, 0.0000000000000000000, 1.000000000000000000 ) ) ;
#2642 = EDGE_LOOP ( 'NONE', ( #8695, #3296, #1987, #411 ) ) ;
#2643 = CARTESIAN_POINT ( 'NONE',  ( -5.079999999999948600, 6.100000000000000500, -2.539999999999999600 ) ) ;
#2644 = DIRECTION ( 'NONE',  ( 0.0000000000000000000, -0.0000000000000000000, 1.000000000000000000 ) ) ;
#2645 = DIRECTION ( 'NONE',  ( 0.0000000000000000000, 1.000000000000000000, 0.0000000000000000000 ) ) ;
#2646 = DIRECTION ( 'NONE',  ( 0.0000000000000000000, 0.0000000000000000000, 1.000000000000000000 ) ) ;
#2647 = EDGE_CURVE ( 'NONE', #1008, #3806, #1904, .T. ) ;
#2648 = CIRCLE ( 'NONE', #2940, 0.9899999999999995500 ) ;
#2649 = LINE ( 'NONE', #7679, #828 ) ;
#2650 = EDGE_CURVE ( 'NONE', #218, #1221, #5995, .T. ) ;
#2651 = VERTEX_POINT ( 'NONE', #7094 ) ;
#2652 = VERTEX_POINT ( 'NONE', #8432 ) ;
#2653 = DIRECTION ( 'NONE',  ( 0.0000000000000000000, 0.0000000000000000000, 1.000000000000000000 ) ) ;
#2654 = ORIENTED_EDGE ( 'NONE', *, *, #3408, .F. ) ;
#2655 = DIRECTION ( 'NONE',  ( -1.000000000000000000, 0.0000000000000000000, -0.0000000000000000000 ) ) ;
#2656 = EDGE_LOOP ( 'NONE', ( #1167, #3605, #8711, #1189 ) ) ;
#2657 = EDGE_CURVE ( 'NONE', #6835, #8550, #4474, .T. ) ;
#2658 = CARTESIAN_POINT ( 'NONE',  ( -3.960000000000000900, 1.000000000000000000, 1.019999999999999100 ) ) ;
#2659 = MECHANICAL_DESIGN_GEOMETRIC_PRESENTATION_REPRESENTATION (  '', ( #1170 ), #3916 ) ;
#2660 = DIRECTION ( 'NONE',  ( 0.0000000000000000000, 1.000000000000000000, 0.0000000000000000000 ) ) ;
#2661 = CYLINDRICAL_SURFACE ( 'NONE', #6362, 0.9899999999999995500 ) ;
#2662 = CARTESIAN_POINT ( 'NONE',  ( -3.960000000000000900, -10.18309518948452900, 6.599999999999999600 ) ) ;
#2663 = ORIENTED_EDGE ( 'NONE', *, *, #1938, .F. ) ;
#2664 = COLOUR_RGB ( '',0.5019607843137254800, 0.5019607843137254800, 0.5019607843137254800 ) ;
#2665 = ORIENTED_EDGE ( 'NONE', *, *, #2067, .T. ) ;
#2666 = EDGE_LOOP ( 'NONE', ( #3141, #286, #3697, #2125 ) ) ;
#2667 = DIRECTION ( 'NONE',  ( 0.0000000000000000000, 1.000000000000000000, 0.0000000000000000000 ) ) ;
#2668 =( NAMED_UNIT ( * ) SI_UNIT ( $, .STERADIAN. ) SOLID_ANGLE_UNIT ( ) );
#2669 = AXIS2_PLACEMENT_3D ( 'NONE', #5238, #1708, #6551 ) ;
#2670 = VECTOR ( 'NONE', #6732, 1000.000000000000000 ) ;
#2671 = DIRECTION ( 'NONE',  ( 0.0000000000000000000, 1.000000000000000000, 0.0000000000000000000 ) ) ;
#2672 =( NAMED_UNIT ( * ) SI_UNIT ( $, .STERADIAN. ) SOLID_ANGLE_UNIT ( ) );
#2673 = DIRECTION ( 'NONE',  ( 1.000000000000000000, 0.0000000000000000000, 0.0000000000000000000 ) ) ;
#2674 = CARTESIAN_POINT ( 'NONE',  ( -8.673617379884035500E-016, 3.299857146501273600, -6.630000000000000800 ) ) ;
#2675 = EDGE_CURVE ( 'NONE', #1933, #1739, #2862, .T. ) ;
#2676 = CARTESIAN_POINT ( 'NONE',  ( 2.540000000000025800, 6.100000000000000500, -4.089999999999999900 ) ) ;
#2677 = FACE_OUTER_BOUND ( 'NONE', #3563, .T. ) ;
#2678 = ADVANCED_FACE ( 'NONE', ( #5876 ), #742, .F. ) ;
#2679 = AXIS2_PLACEMENT_3D ( 'NONE', #2437, #1038, #5178 ) ;
#2680 = CARTESIAN_POINT ( 'NONE',  ( 3.660000000000001000, -10.18309518948452900, 6.099999999999999600 ) ) ;
#2681 = ORIENTED_EDGE ( 'NONE', *, *, #2900, .T. ) ;
#2682 = VERTEX_POINT ( 'NONE', #8462 ) ;
#2683 = VERTEX_POINT ( 'NONE', #917 ) ;
#2684 = DIRECTION ( 'NONE',  ( 0.0000000000000000000, 1.000000000000000000, 0.0000000000000000000 ) ) ;
#2685 = ORIENTED_EDGE ( 'NONE', *, *, #1777, .T. ) ;
#2686 = AXIS2_PLACEMENT_3D ( 'NONE', #8789, #8120, #4680 ) ;
#2687 = DIRECTION ( 'NONE',  ( 0.0000000000000000000, 0.0000000000000000000, 1.000000000000000000 ) ) ;
#2688 = EDGE_CURVE ( 'NONE', #4614, #8016, #75, .T. ) ;
#2689 = FACE_OUTER_BOUND ( 'NONE', #5900, .T. ) ;
#2690 = EDGE_LOOP ( 'NONE', ( #3039, #702, #2408, #5328 ) ) ;
#2691 = DIRECTION ( 'NONE',  ( -0.0000000000000000000, 1.000000000000000000, -0.0000000000000000000 ) ) ;
#2692 = CYLINDRICAL_SURFACE ( 'NONE', #5635, 0.9899999999999995500 ) ;
#2693 = EDGE_LOOP ( 'NONE', ( #4322, #6408, #4481, #4872 ) ) ;
#2694 = AXIS2_PLACEMENT_3D ( 'NONE', #8650, #6593, #7902 ) ;
#2695 = ORIENTED_EDGE ( 'NONE', *, *, #5132, .F. ) ;
#2696 = DIRECTION ( 'NONE',  ( 0.0000000000000000000, 0.0000000000000000000, -1.000000000000000000 ) ) ;
#2697 = DIRECTION ( 'NONE',  ( 0.0000000000000000000, 1.000000000000000000, 0.0000000000000000000 ) ) ;
#2698 = SURFACE_SIDE_STYLE ('',( #502 ) ) ;
#2699 = EDGE_LOOP ( 'NONE', ( #2552, #4896, #5833, #2770 ) ) ;
#2700 = DIRECTION ( 'NONE',  ( 0.0000000000000000000, 1.000000000000000000, 0.0000000000000000000 ) ) ;
#2701 = EDGE_CURVE ( 'NONE', #2912, #844, #6753, .T. ) ;
#2702 = CARTESIAN_POINT ( 'NONE',  ( -4.762500000000000200, 1.000000000000000000, -7.302499999999997500 ) ) ;
#2703 = SURFACE_STYLE_FILL_AREA ( #6387 ) ;
#2704 = CARTESIAN_POINT ( 'NONE',  ( -5.079999999999842000, 3.299857146501273600, 7.620000000000000100 ) ) ;
#2705 = CARTESIAN_POINT ( 'NONE',  ( 5.080000000000079100, 3.299857146501273600, -0.9899999999999993200 ) ) ;
#2706 = DIRECTION ( 'NONE',  ( 0.0000000000000000000, 1.000000000000000000, 0.0000000000000000000 ) ) ;
#2707 = AXIS2_PLACEMENT_3D ( 'NONE', #8418, #842, #2946 ) ;
#2708 = ORIENTED_EDGE ( 'NONE', *, *, #4971, .T. ) ;
#2709 = VECTOR ( 'NONE', #5454, 1000.000000000000000 ) ;
#2710 = VECTOR ( 'NONE', #5143, 1000.000000000000000 ) ;
#2711 = EDGE_CURVE ( 'NONE', #8885, #3274, #1055, .T. ) ;
#2712 = DIRECTION ( 'NONE',  ( 0.0000000000000000000, 0.0000000000000000000, 1.000000000000000000 ) ) ;
#2713 = CARTESIAN_POINT ( 'NONE',  ( -2.539999999999947600, 6.299999999999999800, -3.529999999999999400 ) ) ;
#2714 = ORIENTED_EDGE ( 'NONE', *, *, #2977, .T. ) ;
#2715 = VECTOR ( 'NONE', #6526, 1000.000000000000000 ) ;
#2716 = DIRECTION ( 'NONE',  ( 0.0000000000000000000, 0.0000000000000000000, 1.000000000000000000 ) ) ;
#2717 = DIRECTION ( 'NONE',  ( 0.0000000000000000000, 0.0000000000000000000, 1.000000000000000000 ) ) ;
#2718 = VECTOR ( 'NONE', #7627, 1000.000000000000000 ) ;
#2719 = ORIENTED_EDGE ( 'NONE', *, *, #571, .F. ) ;
#2720 = AXIS2_PLACEMENT_3D ( 'NONE', #2094, #7616, #2149 ) ;
#2721 = MANIFOLD_SOLID_BREP ( 'LED 75', #2943 ) ;
#2722 = ORIENTED_EDGE ( 'NONE', *, *, #1320, .F. ) ;
#2723 = ADVANCED_FACE ( 'NONE', ( #2011 ), #1001, .T. ) ;
#2724 = CARTESIAN_POINT ( 'NONE',  ( 5.080000000000053400, 3.299857146501273600, -3.529999999999999400 ) ) ;
#2726 = CIRCLE ( 'NONE', #166, 0.9899999999999995500 ) ;
#2725 = CARTESIAN_POINT ( 'NONE',  ( -5.079999999999948600, 3.299857146501273600, -2.539999999999999600 ) ) ;
#2727 = CARTESIAN_POINT ( 'NONE',  ( -2.540000000000000900, 6.100000000000000500, -7.620000000000000100 ) ) ;
#2728 = DIRECTION ( 'NONE',  ( 0.0000000000000000000, 0.0000000000000000000, 1.000000000000000000 ) ) ;
#2729 = EDGE_CURVE ( 'NONE', #6122, #5779, #7622, .T. ) ;
#2730 = COLOUR_RGB ( '',0.5019607843137254800, 0.5019607843137254800, 0.5019607843137254800 ) ;
#2731 = DIRECTION ( 'NONE',  ( 0.0000000000000000000, 0.0000000000000000000, 1.000000000000000000 ) ) ;
#2732 = FACE_OUTER_BOUND ( 'NONE', #185, .T. ) ;
#2733 = EDGE_LOOP ( 'NONE', ( #4678, #2205 ) ) ;
#2734 = DIRECTION ( 'NONE',  ( -0.0000000000000000000, 1.000000000000000000, -0.0000000000000000000 ) ) ;
#2735 = ORIENTED_EDGE ( 'NONE', *, *, #279, .F. ) ;
#2736 = AXIS2_PLACEMENT_3D ( 'NONE', #3359, #3973, #6840 ) ;
#2737 = VECTOR ( 'NONE', #7870, 1000.000000000000000 ) ;
#2738 = EDGE_CURVE ( 'NONE', #949, #3263, #174, .T. ) ;
#2739 = VERTEX_POINT ( 'NONE', #5110 ) ;
#2740 = CARTESIAN_POINT ( 'NONE',  ( -3.660000000000001000, -4.799999999999999800, 4.059999999999999600 ) ) ;
#2741 = CIRCLE ( 'NONE', #5664, 0.9899999999999995500 ) ;
#2742 = ORIENTED_EDGE ( 'NONE', *, *, #6022, .F. ) ;
#2743 = ORIENTED_EDGE ( 'NONE', *, *, #3353, .F. ) ;
#2744 = DIRECTION ( 'NONE',  ( 0.0000000000000000000, 1.000000000000000000, 0.0000000000000000000 ) ) ;
#2745 = DIRECTION ( 'NONE',  ( 0.0000000000000000000, 0.0000000000000000000, 1.000000000000000000 ) ) ;
#2746 = VECTOR ( 'NONE', #634, 1000.000000000000000 ) ;
#2747 = DIRECTION ( 'NONE',  ( 0.0000000000000000000, 1.000000000000000000, 0.0000000000000000000 ) ) ;
#2748 = ORIENTED_EDGE ( 'NONE', *, *, #7643, .T. ) ;
#2749 = PRESENTATION_LAYER_ASSIGNMENT (  '', '', ( #4868 ) ) ;
#2750 = DIRECTION ( 'NONE',  ( -0.0000000000000000000, -1.000000000000000000, -0.0000000000000000000 ) ) ;
#2751 = DIRECTION ( 'NONE',  ( 0.0000000000000000000, 1.000000000000000000, 0.0000000000000000000 ) ) ;
#2752 = CIRCLE ( 'NONE', #7927, 0.9899999999999993200 ) ;
#2753 = VERTEX_POINT ( 'NONE', #5918 ) ;
#2754 = EDGE_LOOP ( 'NONE', ( #3840, #8211, #6611, #1795 ) ) ;
#2755 = ORIENTED_EDGE ( 'NONE', *, *, #439, .F. ) ;
#2756 = EDGE_CURVE ( 'NONE', #6639, #3629, #4368, .T. ) ;
#2757 = CARTESIAN_POINT ( 'NONE',  ( 5.080000000000159100, 6.100000000000000500, 7.620000000000000100 ) ) ;
#2758 = DIRECTION ( 'NONE',  ( 0.0000000000000000000, 0.0000000000000000000, 1.000000000000000000 ) ) ;
#2759 = CARTESIAN_POINT ( 'NONE',  ( -4.762500000000000200, 1.000000000000000000, 0.0000000000000000000 ) ) ;
#2760 = CARTESIAN_POINT ( 'NONE',  ( 1.587271980518778500E-013, 6.299999999999999800, 7.620000000000000100 ) ) ;
#2761 = CIRCLE ( 'NONE', #3953, 0.9899999999999995500 ) ;
#2762 = VECTOR ( 'NONE', #2401, 1000.000000000000000 ) ;
#2763 = AXIS2_PLACEMENT_3D ( 'NONE', #6550, #8009, #3195 ) ;
#2764 = ORIENTED_EDGE ( 'NONE', *, *, #8477, .F. ) ;
#2765 = DIRECTION ( 'NONE',  ( 0.0000000000000000000, 0.0000000000000000000, 1.000000000000000000 ) ) ;
#2766 = CARTESIAN_POINT ( 'NONE',  ( 3.960000000000000900, -4.799999999999999800, 3.559999999999998700 ) ) ;
#2767 = CARTESIAN_POINT ( 'NONE',  ( -2.539999999999921400, 6.100000000000000500, 0.9899999999999993200 ) ) ;
#2768 = EDGE_CURVE ( 'NONE', #5849, #2683, #6214, .T. ) ;
#2769 = EDGE_CURVE ( 'NONE', #4645, #7296, #3507, .T. ) ;
#2770 = ORIENTED_EDGE ( 'NONE', *, *, #5360, .F. ) ;
#2771 = ADVANCED_FACE ( 'NONE', ( #4161 ), #3771, .T. ) ;
#2772 = EDGE_LOOP ( 'NONE', ( #1891, #7466 ) ) ;
#2773 = PLANE ( 'NONE',  #1971 ) ;
#2774 =( NAMED_UNIT ( * ) PLANE_ANGLE_UNIT ( ) SI_UNIT ( $, .RADIAN. ) );
#2775 = DIRECTION ( 'NONE',  ( 0.0000000000000000000, 0.0000000000000000000, 1.000000000000000000 ) ) ;
#2776 = FACE_OUTER_BOUND ( 'NONE', #3869, .T. ) ;
#2777 = FILL_AREA_STYLE ('',( #4119 ) ) ;
#2778 = VECTOR ( 'NONE', #6797, 1000.000000000000000 ) ;
#2779 = AXIS2_PLACEMENT_3D ( 'NONE', #6756, #2621, #4663 ) ;
#2780 = DIRECTION ( 'NONE',  ( 0.0000000000000000000, 0.0000000000000000000, 1.000000000000000000 ) ) ;
#2781 = DIRECTION ( 'NONE',  ( 1.000000000000000000, 0.0000000000000000000, 0.0000000000000000000 ) ) ;
#2782 = CARTESIAN_POINT ( 'NONE',  ( -3.660000000000001000, -10.18309518948452900, 1.519999999999999600 ) ) ;
#2783 = DIRECTION ( 'NONE',  ( 1.000000000000000000, 0.0000000000000000000, -0.0000000000000000000 ) ) ;
#2784 = DIRECTION ( 'NONE',  ( 0.0000000000000000000, -0.0000000000000000000, -1.000000000000000000 ) ) ;
#2785 = MECHANICAL_DESIGN_GEOMETRIC_PRESENTATION_REPRESENTATION (  '', ( #3991 ), #5078 ) ;
#2786 = LINE ( 'NONE', #8481, #2572 ) ;
#2787 = DIRECTION ( 'NONE',  ( 0.0000000000000000000, 0.0000000000000000000, 1.000000000000000000 ) ) ;
#2788 = CARTESIAN_POINT ( 'NONE',  ( 3.660000000000001000, -10.18309518948452900, -3.559999999999999600 ) ) ;
#2789 = EDGE_CURVE ( 'NONE', #3263, #6708, #5013, .T. ) ;
#2790 = DIRECTION ( 'NONE',  ( 0.0000000000000000000, 1.000000000000000000, 0.0000000000000000000 ) ) ;
#2791 = SURFACE_STYLE_FILL_AREA ( #5338 ) ;
#2792 = EDGE_LOOP ( 'NONE', ( #6513, #5425, #4574, #113 ) ) ;
#2793 = AXIS2_PLACEMENT_3D ( 'NONE', #957, #7941, #5159 ) ;
#2794 = CARTESIAN_POINT ( 'NONE',  ( -2.539999999999974700, 6.299999999999999800, -5.079999999999999200 ) ) ;
#2795 = ORIENTED_EDGE ( 'NONE', *, *, #2701, .T. ) ;
#2796 = EDGE_CURVE ( 'NONE', #6449, #7871, #940, .T. ) ;
#2797 = CYLINDRICAL_SURFACE ( 'NONE', #4886, 0.9899999999999995500 ) ;
#2798 = DIRECTION ( 'NONE',  ( 0.0000000000000000000, 1.000000000000000000, 0.0000000000000000000 ) ) ;
#2799 = PLANE ( 'NONE',  #3188 ) ;
#2800 = CARTESIAN_POINT ( 'NONE',  ( -3.960000000000000900, 1.000000000000000000, -4.060000000000000500 ) ) ;
#2801 = EDGE_LOOP ( 'NONE', ( #2275, #2598, #7374, #7915 ) ) ;
#2802 = ORIENTED_EDGE ( 'NONE', *, *, #1306, .T. ) ;
#2803 = LINE ( 'NONE', #3278, #8421 ) ;
#2804 = AXIS2_PLACEMENT_3D ( 'NONE', #3091, #437, #5185 ) ;
#2805 = ADVANCED_FACE ( 'NONE', ( #5553 ), #6413, .F. ) ;
#2806 = EDGE_LOOP ( 'NONE', ( #5097, #3659 ) ) ;
#2807 = CIRCLE ( 'NONE', #5924, 0.9899999999999993200 ) ;
#2808 = CARTESIAN_POINT ( 'NONE',  ( -2.539999999999841500, 3.299857146501273600, 7.620000000000000100 ) ) ;
#2809 = DIRECTION ( 'NONE',  ( 0.0000000000000000000, 1.000000000000000000, 0.0000000000000000000 ) ) ;
#2810 = DIRECTION ( 'NONE',  ( 0.0000000000000000000, 1.000000000000000000, 0.0000000000000000000 ) ) ;
#2811 = CARTESIAN_POINT ( 'NONE',  ( -5.080000000000001000, 6.100000000000000500, -6.630000000000000800 ) ) ;
#2812 = ORIENTED_EDGE ( 'NONE', *, *, #1661, .F. ) ;
#2813 = CARTESIAN_POINT ( 'NONE',  ( 5.080000000000079100, 6.100000000000000500, 0.0000000000000000000 ) ) ;
#2814 =( LENGTH_UNIT ( ) NAMED_UNIT ( * ) SI_UNIT ( .MILLI., .METRE. ) );
#2815 = ORIENTED_EDGE ( 'NONE', *, *, #8475, .T. ) ;
#2816 = FACE_BOUND ( 'NONE', #7535, .T. ) ;
#2817 = EDGE_CURVE ( 'NONE', #2397, #4667, #2851, .T. ) ;
#2818 = DIRECTION ( 'NONE',  ( 0.0000000000000000000, 1.000000000000000000, 0.0000000000000000000 ) ) ;
#2819 = DIRECTION ( 'NONE',  ( 0.0000000000000000000, 1.000000000000000000, 0.0000000000000000000 ) ) ;
#2820 = MECHANICAL_DESIGN_GEOMETRIC_PRESENTATION_REPRESENTATION (  '', ( #8834 ), #349 ) ;
#2821 = ORIENTED_EDGE ( 'NONE', *, *, #4129, .F. ) ;
#2822 = CARTESIAN_POINT ( 'NONE',  ( 2.540000000000105700, 6.299999999999999800, 3.530000000000000200 ) ) ;
#2823 = PRESENTATION_STYLE_ASSIGNMENT (( #7562 ) ) ;
#2824 = CARTESIAN_POINT ( 'NONE',  ( -3.960000000000000900, 1.000000000000000000, -6.599999999999999600 ) ) ;
#2825 = VERTEX_POINT ( 'NONE', #3081 ) ;
#2826 = VECTOR ( 'NONE', #2697, 1000.000000000000000 ) ;
#2827 = VECTOR ( 'NONE', #1690, 1000.000000000000000 ) ;
#2828 = AXIS2_PLACEMENT_3D ( 'NONE', #1118, #3890, #3861 ) ;
#2829 = FACE_OUTER_BOUND ( 'NONE', #5200, .T. ) ;
#2830 = ORIENTED_EDGE ( 'NONE', *, *, #2688, .T. ) ;
#2831 = DIRECTION ( 'NONE',  ( -0.0000000000000000000, 1.000000000000000000, -0.0000000000000000000 ) ) ;
#2832 = CARTESIAN_POINT ( 'NONE',  ( 2.540000000000078600, 3.299857146501273600, 0.0000000000000000000 ) ) ;
#2833 = ORIENTED_EDGE ( 'NONE', *, *, #1705, .F. ) ;
#2834 = EDGE_CURVE ( 'NONE', #4853, #8267, #513, .T. ) ;
#2835 = ORIENTED_EDGE ( 'NONE', *, *, #3519, .T. ) ;
#2836 = ORIENTED_EDGE ( 'NONE', *, *, #7428, .T. ) ;
#2837 = CARTESIAN_POINT ( 'NONE',  ( -2.539999999999947600, 6.100000000000000500, -2.539999999999999600 ) ) ;
#2838 = CYLINDRICAL_SURFACE ( 'NONE', #2986, 0.9899999999999995500 ) ;
#2839 = ORIENTED_EDGE ( 'NONE', *, *, #4577, .F. ) ;
#2840 = DIRECTION ( 'NONE',  ( 0.0000000000000000000, -1.000000000000000000, 0.0000000000000000000 ) ) ;
#2841 = FILL_AREA_STYLE_COLOUR ( '', #4594 ) ;
#2842 = DIRECTION ( 'NONE',  ( 0.0000000000000000000, -0.0000000000000000000, 1.000000000000000000 ) ) ;
#2843 = EDGE_LOOP ( 'NONE', ( #3363, #2582 ) ) ;
#2844 = AXIS2_PLACEMENT_3D ( 'NONE', #3052, #1710, #5863 ) ;
#2845 = LINE ( 'NONE', #7000, #1453 ) ;
#2846 = VERTEX_POINT ( 'NONE', #7377 ) ;
#2847 = VERTEX_POINT ( 'NONE', #4471 ) ;
#2848 = ADVANCED_FACE ( 'NONE', ( #4580 ), #3173, .F. ) ;
#2849 = EDGE_CURVE ( 'NONE', #4285, #5243, #8261, .T. ) ;
#2850 = ORIENTED_EDGE ( 'NONE', *, *, #6499, .F. ) ;
#2851 = CIRCLE ( 'NONE', #4792, 0.9899999999999993200 ) ;
#2852 = DIRECTION ( 'NONE',  ( 0.0000000000000000000, 1.000000000000000000, 0.0000000000000000000 ) ) ;
#2853 = PLANE ( 'NONE',  #7513 ) ;
#2854 = PLANE ( 'NONE',  #244 ) ;
#2855 = VERTEX_POINT ( 'NONE', #492 ) ;
#2856 = AXIS2_PLACEMENT_3D ( 'NONE', #2534, #3226, #8070 ) ;
#2857 =( NAMED_UNIT ( * ) PLANE_ANGLE_UNIT ( ) SI_UNIT ( $, .RADIAN. ) );
#2858 = CARTESIAN_POINT ( 'NONE',  ( -2.540000000000000900, 3.299857146501273600, -6.630000000000000800 ) ) ;
#2859 = ADVANCED_FACE ( 'NONE', ( #6518 ), #5286, .F. ) ;
#2860 = UNCERTAINTY_MEASURE_WITH_UNIT (LENGTH_MEASURE( 1.000000000000000100E-005 ), #8687, 'distance_accuracy_value', 'NONE');
#2861 = EDGE_LOOP ( 'NONE', ( #941, #6935, #2466, #2624 ) ) ;
#2862 = LINE ( 'NONE', #5652, #7840 ) ;
#2863 = EDGE_CURVE ( 'NONE', #5351, #4149, #6850, .T. ) ;
#2864 = ADVANCED_FACE ( 'NONE', ( #2954 ), #7611, .F. ) ;
#2865 = VERTEX_POINT ( 'NONE', #8819 ) ;
#2866 = DIRECTION ( 'NONE',  ( 0.0000000000000000000, 1.000000000000000000, 0.0000000000000000000 ) ) ;
#2867 =( LENGTH_UNIT ( ) NAMED_UNIT ( * ) SI_UNIT ( .MILLI., .METRE. ) );
#2868 = FILL_AREA_STYLE ('',( #4916 ) ) ;
#2869 = DIRECTION ( 'NONE',  ( 0.0000000000000000000, 0.0000000000000000000, 1.000000000000000000 ) ) ;
#2870 = ORIENTED_EDGE ( 'NONE', *, *, #5991, .F. ) ;
#2871 = AXIS2_PLACEMENT_3D ( 'NONE', #2544, #4487, #1138 ) ;
#2872 = SURFACE_STYLE_FILL_AREA ( #2108 ) ;
#2873 = CARTESIAN_POINT ( 'NONE',  ( 3.660000000000001000, -10.18309518948452900, 1.019999999999999100 ) ) ;
#2874 = VERTEX_POINT ( 'NONE', #7441 ) ;
#2875 = DIRECTION ( 'NONE',  ( 0.0000000000000000000, 1.000000000000000000, 0.0000000000000000000 ) ) ;
#2876 = EDGE_LOOP ( 'NONE', ( #8690, #7348 ) ) ;
#2877 = EDGE_CURVE ( 'NONE', #2300, #8098, #7177, .T. ) ;
#2878 = MECHANICAL_DESIGN_GEOMETRIC_PRESENTATION_REPRESENTATION (  '', ( #3505 ), #3328 ) ;
#2879 = LINE ( 'NONE', #2007, #2968 ) ;
#2880 = CARTESIAN_POINT ( 'NONE',  ( -2.539999999999841500, 6.100000000000000500, 7.620000000000000100 ) ) ;
#2881 = CARTESIAN_POINT ( 'NONE',  ( -5.079999999999842000, 6.100000000000000500, 8.609999999999999400 ) ) ;
#2882 = PRESENTATION_LAYER_ASSIGNMENT (  '', '', ( #1176 ) ) ;
#2883 = CARTESIAN_POINT ( 'NONE',  ( 1.058181320345852300E-013, 6.299999999999999800, 2.540000000000000500 ) ) ;
#2885 = PRESENTATION_STYLE_ASSIGNMENT (( #7378 ) ) ;
#2884 = AXIS2_PLACEMENT_3D ( 'NONE', #3249, #523, #8666 ) ;
#2886 = DIRECTION ( 'NONE',  ( 1.000000000000000000, 0.0000000000000000000, 0.0000000000000000000 ) ) ;
#2887 = EDGE_LOOP ( 'NONE', ( #8871, #5737, #5355, #5681 ) ) ;
#2888 = EDGE_LOOP ( 'NONE', ( #4169, #4130 ) ) ;
#2889 = EDGE_CURVE ( 'NONE', #5214, #6287, #5448, .T. ) ;
#2890 = ORIENTED_EDGE ( 'NONE', *, *, #5107, .F. ) ;
#2891 = ORIENTED_EDGE ( 'NONE', *, *, #1181, .F. ) ;
#2892 = ADVANCED_FACE ( 'NONE', ( #1364 ), #3965, .F. ) ;
#2893 = CARTESIAN_POINT ( 'NONE',  ( 5.204170427930421300E-014, 6.299999999999999800, -2.539999999999999600 ) ) ;
#2894 = ORIENTED_EDGE ( 'NONE', *, *, #1959, .F. ) ;
#2895 = DIRECTION ( 'NONE',  ( 0.0000000000000000000, 0.0000000000000000000, 1.000000000000000000 ) ) ;
#2897 = VECTOR ( 'NONE', #6507, 1000.000000000000000 ) ;
#2896 = DIRECTION ( 'NONE',  ( 0.0000000000000000000, 0.0000000000000000000, 1.000000000000000000 ) ) ;
#2898 = VERTEX_POINT ( 'NONE', #8753 ) ;
#2899 = DIRECTION ( 'NONE',  ( 0.0000000000000000000, 0.0000000000000000000, -1.000000000000000000 ) ) ;
#2900 = EDGE_CURVE ( 'NONE', #6858, #5755, #5339, .T. ) ;
#2901 = ORIENTED_EDGE ( 'NONE', *, *, #4684, .F. ) ;
#2902 = ORIENTED_EDGE ( 'NONE', *, *, #3616, .T. ) ;
#2903 = ADVANCED_FACE ( 'NONE', ( #8795 ), #5321, .F. ) ;
#2904 = FACE_OUTER_BOUND ( 'NONE', #8179, .T. ) ;
#2905 = CARTESIAN_POINT ( 'NONE',  ( -3.960000000000000900, -10.18309518948452900, 6.599999999999999600 ) ) ;
#2906 = VERTEX_POINT ( 'NONE', #4683 ) ;
#2907 = DIRECTION ( 'NONE',  ( 0.0000000000000000000, 0.0000000000000000000, 1.000000000000000000 ) ) ;
#2908 = EDGE_CURVE ( 'NONE', #505, #2825, #3280, .T. ) ;
#2909 = DIRECTION ( 'NONE',  ( 0.0000000000000000000, 0.0000000000000000000, 1.000000000000000000 ) ) ;
#2910 = VECTOR ( 'NONE', #4436, 1000.000000000000000 ) ;
#2911 = STYLED_ITEM ( 'NONE', ( #688 ), #6688 ) ;
#2912 = VERTEX_POINT ( 'NONE', #1927 ) ;
#2913 = FACE_BOUND ( 'NONE', #1471, .T. ) ;
#2914 = CARTESIAN_POINT ( 'NONE',  ( -6.329999999999997400, 6.100000000000000500, -8.869999999999999200 ) ) ;
#2915 = LINE ( 'NONE', #8702, #1966 ) ;
#2916 = SURFACE_SIDE_STYLE ('',( #5942 ) ) ;
#2917 =( NAMED_UNIT ( * ) SI_UNIT ( $, .STERADIAN. ) SOLID_ANGLE_UNIT ( ) );
#2918 = VECTOR ( 'NONE', #1305, 1000.000000000000000 ) ;
#2919 = ORIENTED_EDGE ( 'NONE', *, *, #892, .F. ) ;
#2920 = MECHANICAL_DESIGN_GEOMETRIC_PRESENTATION_REPRESENTATION (  '', ( #6331 ), #4771 ) ;
#2921 = FACE_OUTER_BOUND ( 'NONE', #1572, .T. ) ;
#2922 = DIRECTION ( 'NONE',  ( 0.0000000000000000000, 0.0000000000000000000, 1.000000000000000000 ) ) ;
#2923 = CIRCLE ( 'NONE', #8434, 0.9899999999999995500 ) ;
#2924 = ADVANCED_FACE ( 'NONE', ( #8902 ), #3867, .T. ) ;
#2925 = AXIS2_PLACEMENT_3D ( 'NONE', #1215, #4068, #5419 ) ;
#2926 = FILL_AREA_STYLE ('',( #264 ) ) ;
#2927 = VECTOR ( 'NONE', #95, 1000.000000000000000 ) ;
#2928 = ORIENTED_EDGE ( 'NONE', *, *, #3016, .T. ) ;
#2929 = EDGE_LOOP ( 'NONE', ( #2542, #1653, #611, #7025 ) ) ;
#2930 = LINE ( 'NONE', #1885, #7906 ) ;
#2931 = DIRECTION ( 'NONE',  ( 0.0000000000000000000, 0.0000000000000000000, 1.000000000000000000 ) ) ;
#2932 = CYLINDRICAL_SURFACE ( 'NONE', #263, 0.9899999999999995500 ) ;
#2933 = CYLINDRICAL_SURFACE ( 'NONE', #8269, 0.9899999999999993200 ) ;
#2934 = DIRECTION ( 'NONE',  ( 0.0000000000000000000, 0.0000000000000000000, 1.000000000000000000 ) ) ;
#2935 = CARTESIAN_POINT ( 'NONE',  ( -5.080000000000001000, 6.100000000000000500, -6.630000000000000800 ) ) ;
#2936 = ORIENTED_EDGE ( 'NONE', *, *, #501, .T. ) ;
#2937 = VECTOR ( 'NONE', #4192, 1000.000000000000000 ) ;
#2938 = ORIENTED_EDGE ( 'NONE', *, *, #5205, .T. ) ;
#2939 = VERTEX_POINT ( 'NONE', #8701 ) ;
#2940 = AXIS2_PLACEMENT_3D ( 'NONE', #7403, #1887, #3247 ) ;
#2941 = CYLINDRICAL_SURFACE ( 'NONE', #4431, 0.9899999999999995500 ) ;
#2942 = CARTESIAN_POINT ( 'NONE',  ( 1.058181320345852300E-013, 6.100000000000000500, 3.530000000000000200 ) ) ;
#2943 = CLOSED_SHELL ( 'NONE', ( #2321, #793, #2723, #1509 ) ) ;
#2944 = CARTESIAN_POINT ( 'NONE',  ( 7.892991815694472300E-014, 6.100000000000000500, 0.0000000000000000000 ) ) ;
#2945 = EDGE_CURVE ( 'NONE', #3284, #379, #3496, .T. ) ;
#2946 = DIRECTION ( 'NONE',  ( 0.0000000000000000000, 0.0000000000000000000, 1.000000000000000000 ) ) ;
#2947 = VERTEX_POINT ( 'NONE', #454 ) ;
#2948 = ORIENTED_EDGE ( 'NONE', *, *, #2796, .F. ) ;
#2949 = VERTEX_POINT ( 'NONE', #6743 ) ;
#2950 = DIRECTION ( 'NONE',  ( 0.0000000000000000000, 0.0000000000000000000, 1.000000000000000000 ) ) ;
#2951 = DIRECTION ( 'NONE',  ( 0.0000000000000000000, 0.0000000000000000000, 1.000000000000000000 ) ) ;
#2952 = CARTESIAN_POINT ( 'NONE',  ( 3.660000000000001000, -4.799999999999999800, -6.099999999999999600 ) ) ;
#2953 = LINE ( 'NONE', #750, #7506 ) ;
#2954 = FACE_OUTER_BOUND ( 'NONE', #5883, .T. ) ;
#2955 = VERTEX_POINT ( 'NONE', #4144 ) ;
#2956 = EDGE_CURVE ( 'NONE', #7812, #1386, #1568, .T. ) ;
#2957 = CARTESIAN_POINT ( 'NONE',  ( -6.330000000000000100, 1.000000000000000000, 7.302499999999997500 ) ) ;
#2958 = CARTESIAN_POINT ( 'NONE',  ( 2.540000000000025800, 6.100000000000000500, -5.079999999999999200 ) ) ;
#2959 = DIRECTION ( 'NONE',  ( 0.0000000000000000000, 0.0000000000000000000, 1.000000000000000000 ) ) ;
#2960 = EDGE_LOOP ( 'NONE', ( #6290, #4721, #4528, #3934 ) ) ;
#2961 = DIRECTION ( 'NONE',  ( -0.0000000000000000000, 1.000000000000000000, -0.0000000000000000000 ) ) ;
#2962 = FACE_OUTER_BOUND ( 'NONE', #3434, .T. ) ;
#2963 = AXIS2_PLACEMENT_3D ( 'NONE', #3874, #1165, #3061 ) ;
#2964 = VERTEX_POINT ( 'NONE', #4054 ) ;
#2965 = CARTESIAN_POINT ( 'NONE',  ( 5.080000000000053400, 6.100000000000000500, -2.539999999999999600 ) ) ;
#2966 = VERTEX_POINT ( 'NONE', #7462 ) ;
#2967 = EDGE_CURVE ( 'NONE', #7922, #641, #1158, .T. ) ;
#2968 = VECTOR ( 'NONE', #2696, 1000.000000000000000 ) ;
#2969 = ADVANCED_FACE ( 'NONE', ( #3602 ), #5493, .F. ) ;
#2970 = DIRECTION ( 'NONE',  ( -0.0000000000000000000, 0.0000000000000000000, -1.000000000000000000 ) ) ;
#2971 = CARTESIAN_POINT ( 'NONE',  ( -5.080000000000001000, 6.100000000000000500, -6.630000000000000800 ) ) ;
#2972 = AXIS2_PLACEMENT_3D ( 'NONE', #3758, #1595, #8596 ) ;
#2973 = CYLINDRICAL_SURFACE ( 'NONE', #2068, 0.9899999999999995500 ) ;
#2974 = CARTESIAN_POINT ( 'NONE',  ( -2.539999999999867700, 6.100000000000000500, 4.090000000000001600 ) ) ;
#2975 = UNCERTAINTY_MEASURE_WITH_UNIT (LENGTH_MEASURE( 1.000000000000000100E-005 ), #999, 'distance_accuracy_value', 'NONE');
#2976 = DIRECTION ( 'NONE',  ( -1.000000000000000000, 0.0000000000000000000, 0.0000000000000000000 ) ) ;
#2977 = EDGE_CURVE ( 'NONE', #3682, #7777, #1044, .T. ) ;
#2978 = ORIENTED_EDGE ( 'NONE', *, *, #517, .T. ) ;
#2979 = DIRECTION ( 'NONE',  ( -0.0000000000000000000, 1.000000000000000000, -0.0000000000000000000 ) ) ;
#2980 = DIRECTION ( 'NONE',  ( 0.0000000000000000000, 1.000000000000000000, 0.0000000000000000000 ) ) ;
#2981 = ORIENTED_EDGE ( 'NONE', *, *, #6224, .F. ) ;
#2982 = SURFACE_STYLE_FILL_AREA ( #5754 ) ;
#2983 = CARTESIAN_POINT ( 'NONE',  ( 5.080000000000133300, 6.299999999999999800, 6.070000000000001200 ) ) ;
#2984 =( NAMED_UNIT ( * ) PLANE_ANGLE_UNIT ( ) SI_UNIT ( $, .RADIAN. ) );
#2985 = CARTESIAN_POINT ( 'NONE',  ( 5.204170427930421300E-014, 6.100000000000000500, -1.550000000000000500 ) ) ;
#2986 = AXIS2_PLACEMENT_3D ( 'NONE', #322, #3766, #8607 ) ;
#2987 = VECTOR ( 'NONE', #4602, 1000.000000000000000 ) ;
#2988 = ORIENTED_EDGE ( 'NONE', *, *, #6533, .T. ) ;
#2989 = CARTESIAN_POINT ( 'NONE',  ( -2.539999999999867700, 6.299999999999999800, 5.080000000000001000 ) ) ;
#2990 = EDGE_CURVE ( 'NONE', #4536, #3759, #2320, .T. ) ;
#2991 = ORIENTED_EDGE ( 'NONE', *, *, #8244, .F. ) ;
#2992 = DIRECTION ( 'NONE',  ( 0.0000000000000000000, 0.0000000000000000000, 1.000000000000000000 ) ) ;
#2993 = PRESENTATION_STYLE_ASSIGNMENT (( #6880 ) ) ;
#2994 = DIRECTION ( 'NONE',  ( 0.0000000000000000000, 0.0000000000000000000, 1.000000000000000000 ) ) ;
#2995 = DIRECTION ( 'NONE',  ( 0.0000000000000000000, 0.0000000000000000000, 1.000000000000000000 ) ) ;
#2996 = EDGE_LOOP ( 'NONE', ( #7630, #2232 ) ) ;
#2997 = EDGE_LOOP ( 'NONE', ( #1236, #3219, #123, #1528 ) ) ;
#2998 = DIRECTION ( 'NONE',  ( 0.0000000000000000000, 0.0000000000000000000, 1.000000000000000000 ) ) ;
#2999 = ORIENTED_EDGE ( 'NONE', *, *, #8649, .F. ) ;
#3000 = EDGE_CURVE ( 'NONE', #5958, #6930, #8144, .T. ) ;
#3001 = DIRECTION ( 'NONE',  ( 0.0000000000000000000, 0.0000000000000000000, 1.000000000000000000 ) ) ;
#3002 = VECTOR ( 'NONE', #3314, 1000.000000000000000 ) ;
#3003 = UNCERTAINTY_MEASURE_WITH_UNIT (LENGTH_MEASURE( 1.000000000000000100E-005 ), #7427, 'distance_accuracy_value', 'NONE');
#3004 = DIRECTION ( 'NONE',  ( 0.0000000000000000000, -0.0000000000000000000, 1.000000000000000000 ) ) ;
#3005 = CARTESIAN_POINT ( 'NONE',  ( -3.660000000000001000, -4.799999999999999800, 6.599999999999999600 ) ) ;
#3006 = CARTESIAN_POINT ( 'NONE',  ( 3.660000000000001000, -10.18309518948452900, -1.020000000000000000 ) ) ;
#3007 = ORIENTED_EDGE ( 'NONE', *, *, #993, .F. ) ;
#3008 = ADVANCED_FACE ( 'NONE', ( #3389 ), #7552, .F. ) ;
#3009 = VECTOR ( 'NONE', #779, 1000.000000000000000 ) ;
#3010 = AXIS2_PLACEMENT_3D ( 'NONE', #3419, #72, #4870 ) ;
#3011 = DIRECTION ( 'NONE',  ( 0.0000000000000000000, -1.000000000000000000, 0.0000000000000000000 ) ) ;
#3012 = FACE_OUTER_BOUND ( 'NONE', #4777, .T. ) ;
#3013 = CARTESIAN_POINT ( 'NONE',  ( -2.539999999999841500, 6.299999999999999800, 6.630000000000000800 ) ) ;
#3014 = DIRECTION ( 'NONE',  ( -0.0000000000000000000, -1.000000000000000000, -0.0000000000000000000 ) ) ;
#3015 = DIRECTION ( 'NONE',  ( 0.0000000000000000000, 1.000000000000000000, 0.0000000000000000000 ) ) ;
#3016 = EDGE_CURVE ( 'NONE', #2338, #466, #6633, .T. ) ;
#3017 = ORIENTED_EDGE ( 'NONE', *, *, #6673, .F. ) ;
#3018 = CARTESIAN_POINT ( 'NONE',  ( 2.540000000000025800, 6.299999999999999800, -6.069999999999999400 ) ) ;
#3019 = ADVANCED_FACE ( 'NONE', ( #7831 ), #1463, .F. ) ;
#3020 = VECTOR ( 'NONE', #6536, 1000.000000000000000 ) ;
#3021 = ADVANCED_FACE ( 'NONE', ( #6746 ), #1253, .F. ) ;
#3022 = SURFACE_STYLE_USAGE ( .BOTH. , #1592 ) ;
#3023 = VECTOR ( 'NONE', #770, 1000.000000000000000 ) ;
#3024 = ORIENTED_EDGE ( 'NONE', *, *, #402, .F. ) ;
#3025 = EDGE_CURVE ( 'NONE', #8092, #1995, #7066, .T. ) ;
#3026 = EDGE_LOOP ( 'NONE', ( #8493, #8659, #5952, #7327 ) ) ;
#3027 = FACE_OUTER_BOUND ( 'NONE', #4774, .T. ) ;
#3028 = SURFACE_SIDE_STYLE ('',( #7980 ) ) ;
#3029 = PRESENTATION_LAYER_ASSIGNMENT (  '', '', ( #3618 ) ) ;
#3030 = DIRECTION ( 'NONE',  ( 0.0000000000000000000, 0.0000000000000000000, 1.000000000000000000 ) ) ;
#3031 = LINE ( 'NONE', #161, #8340 ) ;
#3032 = APPLICATION_PROTOCOL_DEFINITION ( 'draft international standard', 'automotive_design', 1998, #2358 ) ;
#3033 = ORIENTED_EDGE ( 'NONE', *, *, #2587, .F. ) ;
#3034 = ORIENTED_EDGE ( 'NONE', *, *, #1371, .F. ) ;
#3035 = SURFACE_STYLE_FILL_AREA ( #4627 ) ;
#3036 = ORIENTED_EDGE ( 'NONE', *, *, #8466, .T. ) ;
#3037 = ORIENTED_EDGE ( 'NONE', *, *, #1049, .T. ) ;
#3039 = ORIENTED_EDGE ( 'NONE', *, *, #5179, .F. ) ;
#3038 = DIRECTION ( 'NONE',  ( -0.0000000000000000000, 1.000000000000000000, -0.0000000000000000000 ) ) ;
#3040 = SURFACE_STYLE_FILL_AREA ( #1810 ) ;
#3041 = CARTESIAN_POINT ( 'NONE',  ( -5.080000000000001000, 6.100000000000000500, -6.630000000000000800 ) ) ;
#3042 = AXIS2_PLACEMENT_3D ( 'NONE', #6712, #3849, #4599 ) ;
#3043 = ORIENTED_EDGE ( 'NONE', *, *, #5927, .T. ) ;
#3044 = DIRECTION ( 'NONE',  ( 0.0000000000000000000, 0.0000000000000000000, 1.000000000000000000 ) ) ;
#3045 = VERTEX_POINT ( 'NONE', #1383 ) ;
#3046 = FACE_OUTER_BOUND ( 'NONE', #6527, .T. ) ;
#3047 = ORIENTED_EDGE ( 'NONE', *, *, #1091, .T. ) ;
#3048 = CARTESIAN_POINT ( 'NONE',  ( 3.660000000000001000, 1.000000000000000000, -6.599999999999999600 ) ) ;
#3049 = CARTESIAN_POINT ( 'NONE',  ( 1.318389841742373400E-013, 3.299857146501273600, 6.070000000000001200 ) ) ;
#3050 = EDGE_CURVE ( 'NONE', #582, #2607, #4794, .T. ) ;
#3051 = PLANE ( 'NONE',  #4419 ) ;
#3052 = CARTESIAN_POINT ( 'NONE',  ( 3.960000000000000900, -10.18309518948452900, 1.019999999999999100 ) ) ;
#3053 = ORIENTED_EDGE ( 'NONE', *, *, #6366, .F. ) ;
#3054 = DIRECTION ( 'NONE',  ( 0.0000000000000000000, 1.000000000000000000, 0.0000000000000000000 ) ) ;
#3055 = ORIENTED_EDGE ( 'NONE', *, *, #1726, .F. ) ;
#3056 = PRESENTATION_LAYER_ASSIGNMENT (  '', '', ( #435 ) ) ;
#3057 = DIRECTION ( 'NONE',  ( 0.0000000000000000000, 1.000000000000000000, 0.0000000000000000000 ) ) ;
#3058 = LINE ( 'NONE', #873, #6301 ) ;
#3059 = ADVANCED_FACE ( 'NONE', ( #736 ), #7497, .T. ) ;
#3060 = ORIENTED_EDGE ( 'NONE', *, *, #6321, .F. ) ;
#3061 = DIRECTION ( 'NONE',  ( 0.0000000000000000000, 0.0000000000000000000, 1.000000000000000000 ) ) ;
#3062 = DIRECTION ( 'NONE',  ( 0.0000000000000000000, 0.0000000000000000000, 1.000000000000000000 ) ) ;
#3063 = EDGE_CURVE ( 'NONE', #6603, #1454, #273, .T. ) ;
#3064 = CARTESIAN_POINT ( 'NONE',  ( -3.960000000000000900, -4.799999999999999800, 6.099999999999999600 ) ) ;
#3065 = VERTEX_POINT ( 'NONE', #703 ) ;
#3066 = DIRECTION ( 'NONE',  ( 0.0000000000000000000, 1.000000000000000000, 0.0000000000000000000 ) ) ;
#3067 = VERTEX_POINT ( 'NONE', #5468 ) ;
#3068 =( GEOMETRIC_REPRESENTATION_CONTEXT ( 3 ) GLOBAL_UNCERTAINTY_ASSIGNED_CONTEXT ( ( #3785 ) ) GLOBAL_UNIT_ASSIGNED_CONTEXT ( ( #8598, #6509, #3095 ) ) REPRESENTATION_CONTEXT ( 'NONE', 'WORKASPACE' ) );
#3069 = ADVANCED_FACE ( 'NONE', ( #1898 ), #1431, .T. ) ;
#3070 = DIRECTION ( 'NONE',  ( 0.0000000000000000000, -0.0000000000000000000, 1.000000000000000000 ) ) ;
#3071 = CARTESIAN_POINT ( 'NONE',  ( -2.539999999999921400, 6.299999999999999800, 0.0000000000000000000 ) ) ;
#3072 = ORIENTED_EDGE ( 'NONE', *, *, #3871, .F. ) ;
#3073 = ADVANCED_FACE ( 'NONE', ( #7397 ), #6912, .F. ) ;
#3074 = CARTESIAN_POINT ( 'NONE',  ( 2.539999999999998700, 6.100000000000000500, -6.630000000000000800 ) ) ;
#3075 = CIRCLE ( 'NONE', #3927, 0.9899999999999993200 ) ;
#3076 = EDGE_CURVE ( 'NONE', #184, #1913, #6957, .T. ) ;
#3077 = DIRECTION ( 'NONE',  ( -0.0000000000000000000, 0.0000000000000000000, 1.000000000000000000 ) ) ;
#3078 = ORIENTED_EDGE ( 'NONE', *, *, #7772, .T. ) ;
#3079 = EDGE_LOOP ( 'NONE', ( #4047, #3289, #6510, #1437 ) ) ;
#3080 = CARTESIAN_POINT ( 'NONE',  ( 2.614209217276769300E-014, 6.299999999999999800, -6.069999999999999400 ) ) ;
#3081 = CARTESIAN_POINT ( 'NONE',  ( -2.540000000000000900, 6.100000000000000500, -6.630000000000000800 ) ) ;
#3082 = PLANE ( 'NONE',  #6866 ) ;
#3083 = DIRECTION ( 'NONE',  ( 0.0000000000000000000, -0.0000000000000000000, 1.000000000000000000 ) ) ;
#3084 = LINE ( 'NONE', #8483, #2240 ) ;
#3085 = AXIS2_PLACEMENT_3D ( 'NONE', #7124, #8580, #2276 ) ;
#3086 = VECTOR ( 'NONE', #2225, 1000.000000000000000 ) ;
#3087 = DIRECTION ( 'NONE',  ( 0.0000000000000000000, -0.0000000000000000000, 1.000000000000000000 ) ) ;
#3088 = EDGE_CURVE ( 'NONE', #8787, #8399, #2107, .T. ) ;
#3089 = DIRECTION ( 'NONE',  ( 0.0000000000000000000, -1.000000000000000000, 0.0000000000000000000 ) ) ;
#3090 = AXIS2_PLACEMENT_3D ( 'NONE', #4045, #520, #6009 ) ;
#3091 = CARTESIAN_POINT ( 'NONE',  ( 1.058181320345852300E-013, 3.299857146501273600, 2.540000000000000500 ) ) ;
#3092 = VECTOR ( 'NONE', #1022, 1000.000000000000000 ) ;
#3093 = DIRECTION ( 'NONE',  ( 0.0000000000000000000, 1.000000000000000000, 0.0000000000000000000 ) ) ;
#3094 = ORIENTED_EDGE ( 'NONE', *, *, #8006, .F. ) ;
#3095 =( NAMED_UNIT ( * ) SI_UNIT ( $, .STERADIAN. ) SOLID_ANGLE_UNIT ( ) );
#3096 = ORIENTED_EDGE ( 'NONE', *, *, #1416, .T. ) ;
#3097 = DIRECTION ( 'NONE',  ( 0.0000000000000000000, -0.0000000000000000000, 1.000000000000000000 ) ) ;
#3098 = DIRECTION ( 'NONE',  ( 0.0000000000000000000, 1.000000000000000000, 0.0000000000000000000 ) ) ;
#3099 = ORIENTED_EDGE ( 'NONE', *, *, #7782, .T. ) ;
#3100 = SURFACE_STYLE_FILL_AREA ( #8216 ) ;
#3101 = EDGE_CURVE ( 'NONE', #4149, #893, #8366, .T. ) ;
#3102 = AXIS2_PLACEMENT_3D ( 'NONE', #3963, #1232, #3320 ) ;
#3103 = DIRECTION ( 'NONE',  ( 0.0000000000000000000, 0.0000000000000000000, 1.000000000000000000 ) ) ;
#3104 = CARTESIAN_POINT ( 'NONE',  ( -5.079999999999842000, 6.299999999999999800, 7.620000000000000100 ) ) ;
#3105 = DIRECTION ( 'NONE',  ( 0.0000000000000000000, 1.000000000000000000, 0.0000000000000000000 ) ) ;
#3106 = CARTESIAN_POINT ( 'NONE',  ( -5.080000000000001000, 3.299857146501273600, -7.620000000000000100 ) ) ;
#3107 = COLOUR_RGB ( '',0.5019607843137254800, 0.5019607843137254800, 0.5019607843137254800 ) ;
#3108 = ORIENTED_EDGE ( 'NONE', *, *, #5463, .F. ) ;
#3109 = CARTESIAN_POINT ( 'NONE',  ( 7.892991815694472300E-014, 6.299999999999999800, 0.9899999999999993200 ) ) ;
#3110 = ORIENTED_EDGE ( 'NONE', *, *, #2378, .F. ) ;
#3111 = FILL_AREA_STYLE ('',( #5175 ) ) ;
#3112 = DIRECTION ( 'NONE',  ( 0.0000000000000000000, -1.000000000000000000, 0.0000000000000000000 ) ) ;
#3113 = CARTESIAN_POINT ( 'NONE',  ( 2.540000000000051500, 3.299857146501273600, -2.539999999999999600 ) ) ;
#3114 = CLOSED_SHELL ( 'NONE', ( #2138, #8100, #7664, #2186 ) ) ;
#3115 = CARTESIAN_POINT ( 'NONE',  ( 1.059393720677008300E-013, 3.299857146501273600, 1.550000000000001200 ) ) ;
#3116 = DIRECTION ( 'NONE',  ( 0.0000000000000000000, 0.0000000000000000000, 1.000000000000000000 ) ) ;
#3117 = CIRCLE ( 'NONE', #7848, 0.9899999999999995500 ) ;
#3118 = ADVANCED_FACE ( 'NONE', ( #4903 ), #1793, .F. ) ;
#3119 = EDGE_CURVE ( 'NONE', #3414, #4284, #4686, .T. ) ;
#3120 = EDGE_LOOP ( 'NONE', ( #4741, #8382, #373, #1239 ) ) ;
#3121 = CARTESIAN_POINT ( 'NONE',  ( 1.058181320345852300E-013, 3.299857146501273600, 3.530000000000000200 ) ) ;
#3122 = UNCERTAINTY_MEASURE_WITH_UNIT (LENGTH_MEASURE( 1.000000000000000100E-005 ), #2069, 'distance_accuracy_value', 'NONE');
#3123 = DIRECTION ( 'NONE',  ( 0.0000000000000000000, -0.0000000000000000000, 1.000000000000000000 ) ) ;
#3124 = CARTESIAN_POINT ( 'NONE',  ( 3.660000000000001000, 1.000000000000000000, -3.559999999999999600 ) ) ;
#3125 = DIRECTION ( 'NONE',  ( 0.0000000000000000000, 0.0000000000000000000, 1.000000000000000000 ) ) ;
#3126 = VERTEX_POINT ( 'NONE', #5669 ) ;
#3127 = FACE_BOUND ( 'NONE', #2503, .T. ) ;
#3128 = EDGE_CURVE ( 'NONE', #1688, #5114, #2649, .T. ) ;
#3129 = LINE ( 'NONE', #4865, #18 ) ;
#3130 = VERTEX_POINT ( 'NONE', #7767 ) ;
#3131 = CARTESIAN_POINT ( 'NONE',  ( 2.540000000000131500, 3.299857146501273600, 5.080000000000001000 ) ) ;
#3132 = DIRECTION ( 'NONE',  ( 0.0000000000000000000, 1.000000000000000000, 0.0000000000000000000 ) ) ;
#3133 = AXIS2_PLACEMENT_3D ( 'NONE', #839, #7053, #7670 ) ;
#3134 = FACE_BOUND ( 'NONE', #4476, .T. ) ;
#3135 = CARTESIAN_POINT ( 'NONE',  ( 3.660000000000001000, 1.000000000000000000, -3.559999999999999600 ) ) ;
#3136 = COLOUR_RGB ( '',0.5019607843137254800, 0.5019607843137254800, 0.5019607843137254800 ) ;
#3137 = VECTOR ( 'NONE', #3306, 1000.000000000000000 ) ;
#3138 = FACE_OUTER_BOUND ( 'NONE', #3388, .T. ) ;
#3139 = EDGE_CURVE ( 'NONE', #2431, #5741, #4466, .T. ) ;
#3140 = VERTEX_POINT ( 'NONE', #3583 ) ;
#3141 = ORIENTED_EDGE ( 'NONE', *, *, #7240, .F. ) ;
#3142 = FACE_OUTER_BOUND ( 'NONE', #5534, .T. ) ;
#3143 = CARTESIAN_POINT ( 'NONE',  ( -2.539999999999867700, 6.100000000000000500, 4.090000000000001600 ) ) ;
#3144 = FACE_OUTER_BOUND ( 'NONE', #2861, .T. ) ;
#3145 = AXIS2_PLACEMENT_3D ( 'NONE', #5712, #1624, #7142 ) ;
#3146 = COLOUR_RGB ( '',0.5019607843137254800, 0.5019607843137254800, 0.5019607843137254800 ) ;
#3147 = CARTESIAN_POINT ( 'NONE',  ( 2.540000000000105700, 6.299999999999999800, 2.540000000000000500 ) ) ;
#3148 = VERTEX_POINT ( 'NONE', #4310 ) ;
#3149 = EDGE_CURVE ( 'NONE', #5506, #4239, #3058, .T. ) ;
#3150 = CYLINDRICAL_SURFACE ( 'NONE', #4570, 0.9899999999999995500 ) ;
#3151 = DIRECTION ( 'NONE',  ( -0.0000000000000000000, 1.000000000000000000, -0.0000000000000000000 ) ) ;
#3152 = ORIENTED_EDGE ( 'NONE', *, *, #1866, .F. ) ;
#3153 = AXIS2_PLACEMENT_3D ( 'NONE', #302, #5798, #1680 ) ;
#3154 = PLANE ( 'NONE',  #3409 ) ;
#3155 = CARTESIAN_POINT ( 'NONE',  ( 3.660000000000001000, -10.18309518948452900, 6.099999999999999600 ) ) ;
#3156 = LINE ( 'NONE', #3779, #8774 ) ;
#3157 = ORIENTED_EDGE ( 'NONE', *, *, #7965, .F. ) ;
#3158 = ADVANCED_FACE ( 'NONE', ( #7935 ), #4927, .F. ) ;
#3159 = DIRECTION ( 'NONE',  ( 0.0000000000000000000, 0.0000000000000000000, 1.000000000000000000 ) ) ;
#3160 = LINE ( 'NONE', #2577, #4353 ) ;
#3161 = DIRECTION ( 'NONE',  ( 0.0000000000000000000, 1.000000000000000000, 0.0000000000000000000 ) ) ;
#3162 = AXIS2_PLACEMENT_3D ( 'NONE', #2958, #7776, #1643 ) ;
#3163 =( NAMED_UNIT ( * ) SI_UNIT ( $, .STERADIAN. ) SOLID_ANGLE_UNIT ( ) );
#3164 = ORIENTED_EDGE ( 'NONE', *, *, #8691, .T. ) ;
#3165 = ORIENTED_EDGE ( 'NONE', *, *, #7386, .F. ) ;
#3166 = AXIS2_PLACEMENT_3D ( 'NONE', #6443, #2267, #2950 ) ;
#3167 = DIRECTION ( 'NONE',  ( 0.0000000000000000000, 1.000000000000000000, 0.0000000000000000000 ) ) ;
#3168 =( LENGTH_UNIT ( ) NAMED_UNIT ( * ) SI_UNIT ( .MILLI., .METRE. ) );
#3169 = CARTESIAN_POINT ( 'NONE',  ( -5.080000000000001000, 6.100000000000000500, -6.630000000000000800 ) ) ;
#3170 = EDGE_CURVE ( 'NONE', #8627, #3798, #3319, .T. ) ;
#3171 = CARTESIAN_POINT ( 'NONE',  ( 5.080000000000133300, 6.100000000000000500, 5.080000000000001000 ) ) ;
#3172 = PRESENTATION_STYLE_ASSIGNMENT (( #6433 ) ) ;
#3173 = CYLINDRICAL_SURFACE ( 'NONE', #7572, 0.9899999999999995500 ) ;
#3174 = ORIENTED_EDGE ( 'NONE', *, *, #8759, .F. ) ;
#3175 = AXIS2_PLACEMENT_3D ( 'NONE', #8915, #1965, #4661 ) ;
#3176 = DIRECTION ( 'NONE',  ( 0.0000000000000000000, 0.0000000000000000000, 1.000000000000000000 ) ) ;
#3177 = VERTEX_POINT ( 'NONE', #8480 ) ;
#3178 = FACE_OUTER_BOUND ( 'NONE', #5240, .T. ) ;
#3179 = DIRECTION ( 'NONE',  ( 0.0000000000000000000, 1.000000000000000000, 0.0000000000000000000 ) ) ;
#3180 = DIRECTION ( 'NONE',  ( 0.0000000000000000000, 1.000000000000000000, 0.0000000000000000000 ) ) ;
#3181 = VERTEX_POINT ( 'NONE', #4279 ) ;
#3182 = EDGE_CURVE ( 'NONE', #3629, #6639, #6091, .T. ) ;
#3183 = ORIENTED_EDGE ( 'NONE', *, *, #8636, .F. ) ;
#3184 = CARTESIAN_POINT ( 'NONE',  ( 5.080000000000104900, 3.299857146501273600, 3.530000000000000200 ) ) ;
#3185 = CARTESIAN_POINT ( 'NONE',  ( -5.079999999999868600, 3.299857146501273600, 4.090000000000001600 ) ) ;
#3186 = LINE ( 'NONE', #2766, #843 ) ;
#3187 = PLANE ( 'NONE',  #5792 ) ;
#3188 = AXIS2_PLACEMENT_3D ( 'NONE', #4910, #2112, #8354 ) ;
#3189 = DIRECTION ( 'NONE',  ( 0.0000000000000000000, 0.0000000000000000000, 1.000000000000000000 ) ) ;
#3190 = CARTESIAN_POINT ( 'NONE',  ( -2.539999999999894800, 6.299999999999999800, 2.540000000000000500 ) ) ;
#3191 = DIRECTION ( 'NONE',  ( 0.0000000000000000000, 0.0000000000000000000, 1.000000000000000000 ) ) ;
#3192 = EDGE_CURVE ( 'NONE', #5477, #147, #8071, .T. ) ;
#3193 = DIRECTION ( 'NONE',  ( 0.0000000000000000000, 0.0000000000000000000, 1.000000000000000000 ) ) ;
#3194 = ORIENTED_EDGE ( 'NONE', *, *, #1485, .T. ) ;
#3195 = DIRECTION ( 'NONE',  ( -0.0000000000000000000, 0.0000000000000000000, -1.000000000000000000 ) ) ;
#3196 = DIRECTION ( 'NONE',  ( 0.0000000000000000000, 0.0000000000000000000, 1.000000000000000000 ) ) ;
#3197 = SURFACE_SIDE_STYLE ('',( #4217 ) ) ;
#3198 = ORIENTED_EDGE ( 'NONE', *, *, #6380, .T. ) ;
#3199 = MECHANICAL_DESIGN_GEOMETRIC_PRESENTATION_REPRESENTATION (  '', ( #7732 ), #1833 ) ;
#3200 = CARTESIAN_POINT ( 'NONE',  ( 5.216294431241980000E-014, 6.100000000000000500, -3.529999999999999400 ) ) ;
#3201 = LINE ( 'NONE', #558, #8823 ) ;
#3202 = MANIFOLD_SOLID_BREP ( 'LED 52', #7568 ) ;
#3203 = ADVANCED_FACE ( 'NONE', ( #1359 ), #1550, .T. ) ;
#3204 = EDGE_CURVE ( 'NONE', #5904, #8399, #5440, .T. ) ;
#3205 = DIRECTION ( 'NONE',  ( 0.0000000000000000000, 1.000000000000000000, 0.0000000000000000000 ) ) ;
#3206 = CARTESIAN_POINT ( 'NONE',  ( -3.960000000000000900, -10.18309518948452900, -3.559999999999999600 ) ) ;
#3207 = VECTOR ( 'NONE', #5748, 1000.000000000000000 ) ;
#3208 = VERTEX_POINT ( 'NONE', #2152 ) ;
#3209 = CARTESIAN_POINT ( 'NONE',  ( 1.058181320345852300E-013, 6.100000000000000500, 3.530000000000000200 ) ) ;
#3210 = ORIENTED_EDGE ( 'NONE', *, *, #402, .T. ) ;
#3211 = DIRECTION ( 'NONE',  ( -0.0000000000000000000, 1.000000000000000000, -0.0000000000000000000 ) ) ;
#3212 = AXIS2_PLACEMENT_3D ( 'NONE', #3818, #2588, #3228 ) ;
#3213 = VECTOR ( 'NONE', #4221, 1000.000000000000000 ) ;
#3214 = CARTESIAN_POINT ( 'NONE',  ( 2.540000000000025800, 6.299999999999999800, -5.079999999999999200 ) ) ;
#3215 = EDGE_LOOP ( 'NONE', ( #7733, #5386 ) ) ;
#3216 = PLANE ( 'NONE',  #3932 ) ;
#3217 = ORIENTED_EDGE ( 'NONE', *, *, #6030, .T. ) ;
#3218 = CARTESIAN_POINT ( 'NONE',  ( 2.540000000000078600, 6.100000000000000500, 0.9899999999999993200 ) ) ;
#3219 = ORIENTED_EDGE ( 'NONE', *, *, #4203, .T. ) ;
#3220 = VECTOR ( 'NONE', #7370, 1000.000000000000000 ) ;
#3221 = CARTESIAN_POINT ( 'NONE',  ( 5.080000000000104900, 3.299857146501273600, 2.540000000000000500 ) ) ;
#3222 = DIRECTION ( 'NONE',  ( 0.0000000000000000000, 0.0000000000000000000, 1.000000000000000000 ) ) ;
#3223 = AXIS2_PLACEMENT_3D ( 'NONE', #5687, #7055, #2970 ) ;
#3224 = VERTEX_POINT ( 'NONE', #6333 ) ;
#3225 = VECTOR ( 'NONE', #3089, 1000.000000000000000 ) ;
#3226 = DIRECTION ( 'NONE',  ( 0.0000000000000000000, 1.000000000000000000, 0.0000000000000000000 ) ) ;
#3227 = EDGE_CURVE ( 'NONE', #5420, #1544, #8889, .T. ) ;
#3228 = DIRECTION ( 'NONE',  ( 0.0000000000000000000, 0.0000000000000000000, 1.000000000000000000 ) ) ;
#3229 = DIRECTION ( 'NONE',  ( 0.0000000000000000000, 1.000000000000000000, 0.0000000000000000000 ) ) ;
#3230 = ORIENTED_EDGE ( 'NONE', *, *, #955, .F. ) ;
#3231 = FACE_BOUND ( 'NONE', #6239, .T. ) ;
#3232 = AXIS2_PLACEMENT_3D ( 'NONE', #3492, #1489, #7823 ) ;
#3233 = DIRECTION ( 'NONE',  ( 0.0000000000000000000, 1.000000000000000000, 0.0000000000000000000 ) ) ;
#3234 = DIRECTION ( 'NONE',  ( -0.0000000000000000000, 1.000000000000000000, -0.0000000000000000000 ) ) ;
#3235 = CYLINDRICAL_SURFACE ( 'NONE', #2230, 0.9899999999999995500 ) ;
#3236 = DIRECTION ( 'NONE',  ( 0.0000000000000000000, 0.0000000000000000000, -1.000000000000000000 ) ) ;
#3237 = AXIS2_PLACEMENT_3D ( 'NONE', #5373, #6691, #5344 ) ;
#3238 = EDGE_CURVE ( 'NONE', #8374, #19, #7821, .T. ) ;
#3239 = ADVANCED_FACE ( 'NONE', ( #5973 ), #482, .T. ) ;
#3240 = LINE ( 'NONE', #748, #1758 ) ;
#3241 = ORIENTED_EDGE ( 'NONE', *, *, #7984, .T. ) ;
#3242 = ORIENTED_EDGE ( 'NONE', *, *, #8724, .T. ) ;
#3243 = DIRECTION ( 'NONE',  ( -0.0000000000000000000, 1.000000000000000000, -0.0000000000000000000 ) ) ;
#3244 = EDGE_LOOP ( 'NONE', ( #7272, #4147 ) ) ;
#3246 = LINE ( 'NONE', #4758, #7366 ) ;
#3245 = CARTESIAN_POINT ( 'NONE',  ( -5.080000000000001000, 6.100000000000000500, -6.630000000000000800 ) ) ;
#3247 = DIRECTION ( 'NONE',  ( 0.0000000000000000000, 0.0000000000000000000, 1.000000000000000000 ) ) ;
#3248 = LINE ( 'NONE', #3950, #2076 ) ;
#3249 = CARTESIAN_POINT ( 'NONE',  ( 2.540000000000051500, 6.100000000000000500, -2.539999999999999600 ) ) ;
#3250 = VECTOR ( 'NONE', #7789, 1000.000000000000000 ) ;
#3251 = DIRECTION ( 'NONE',  ( 1.000000000000000000, 0.0000000000000000000, -0.0000000000000000000 ) ) ;
#3252 = UNCERTAINTY_MEASURE_WITH_UNIT (LENGTH_MEASURE( 1.000000000000000100E-005 ), #2814, 'distance_accuracy_value', 'NONE');
#3253 = PRESENTATION_LAYER_ASSIGNMENT (  '', '', ( #975 ) ) ;
#3254 = DIRECTION ( 'NONE',  ( 1.000000000000000000, 0.0000000000000000000, -0.0000000000000000000 ) ) ;
#3255 = VERTEX_POINT ( 'NONE', #4586 ) ;
#3256 = EDGE_LOOP ( 'NONE', ( #7435, #6496, #7565, #5694 ) ) ;
#3257 = PRESENTATION_STYLE_ASSIGNMENT (( #1048 ) ) ;
#3258 = ORIENTED_EDGE ( 'NONE', *, *, #4350, .T. ) ;
#3259 = DIRECTION ( 'NONE',  ( 0.0000000000000000000, 0.0000000000000000000, 1.000000000000000000 ) ) ;
#3260 = DIRECTION ( 'NONE',  ( 0.0000000000000000000, 0.0000000000000000000, 1.000000000000000000 ) ) ;
#3261 = SURFACE_SIDE_STYLE ('',( #4760 ) ) ;
#3262 = ORIENTED_EDGE ( 'NONE', *, *, #8703, .T. ) ;
#3263 = VERTEX_POINT ( 'NONE', #5231 ) ;
#3264 = EDGE_CURVE ( 'NONE', #6953, #500, #1252, .T. ) ;
#3265 = VECTOR ( 'NONE', #6955, 1000.000000000000000 ) ;
#3266 = CARTESIAN_POINT ( 'NONE',  ( -3.960000000000000900, -4.799999999999999800, 3.559999999999998700 ) ) ;
#3267 = ORIENTED_EDGE ( 'NONE', *, *, #8308, .F. ) ;
#3268 = FACE_OUTER_BOUND ( 'NONE', #797, .T. ) ;
#3269 = ORIENTED_EDGE ( 'NONE', *, *, #5920, .F. ) ;
#3270 = VERTEX_POINT ( 'NONE', #2457 ) ;
#3271 = ORIENTED_EDGE ( 'NONE', *, *, #3735, .F. ) ;
#3272 = CARTESIAN_POINT ( 'NONE',  ( -8.673617379884035500E-016, 6.299999999999999800, -6.630000000000000800 ) ) ;
#3273 = CARTESIAN_POINT ( 'NONE',  ( -5.080000000000001000, 6.100000000000000500, -6.630000000000000800 ) ) ;
#3274 = VERTEX_POINT ( 'NONE', #1058 ) ;
#3275 = EDGE_CURVE ( 'NONE', #3300, #2256, #6300, .T. ) ;
#3276 = CARTESIAN_POINT ( 'NONE',  ( -4.762500000000000200, 0.0000000000000000000, 0.0000000000000000000 ) ) ;
#3277 = PRESENTATION_LAYER_ASSIGNMENT (  '', '', ( #1170 ) ) ;
#3278 = CARTESIAN_POINT ( 'NONE',  ( -2.539999999999947600, 6.100000000000000500, -3.529999999999999400 ) ) ;
#3279 = CIRCLE ( 'NONE', #3010, 0.9899999999999995500 ) ;
#3280 = CIRCLE ( 'NONE', #2029, 0.9899999999999995500 ) ;
#3281 = ORIENTED_EDGE ( 'NONE', *, *, #3384, .T. ) ;
#3282 = PLANE ( 'NONE',  #1874 ) ;
#3283 = CARTESIAN_POINT ( 'NONE',  ( 3.660000000000001000, -4.799999999999999800, -1.020000000000000000 ) ) ;
#3284 = VERTEX_POINT ( 'NONE', #7288 ) ;
#3285 = AXIS2_PLACEMENT_3D ( 'NONE', #8037, #1148, #354 ) ;
#3286 = DIRECTION ( 'NONE',  ( 0.0000000000000000000, 0.0000000000000000000, 1.000000000000000000 ) ) ;
#3287 = AXIS2_PLACEMENT_3D ( 'NONE', #1017, #3828, #2998 ) ;
#3288 = DIRECTION ( 'NONE',  ( -0.0000000000000000000, -1.000000000000000000, -0.0000000000000000000 ) ) ;
#3289 = ORIENTED_EDGE ( 'NONE', *, *, #3640, .T. ) ;
#3290 = ADVANCED_BREP_SHAPE_REPRESENTATION ( 'LTP-747KR', ( #5639, #4158, #13, #968, #1240, #5479, #1787, #7807, #1356, #8850, #4309, #5079, #6861, #6578, #4976, #465, #3638, #2051, #345, #7359, #4699, #2446, #3483, #4814, #6306, #6979, #6031, #8033, #2564, #857, #6688, #3202, #2272, #7647, #588, #699, #4416, #8578, #8467, #7532, #6416, #1134, #2721, #1603, #3756, #8304, #3870, #7920, #297, #1292 ), #8 ) ;
#3291 = CARTESIAN_POINT ( 'NONE',  ( -5.079999999999921000, 3.299857146501273600, -0.9899999999999993200 ) ) ;
#3292 = CARTESIAN_POINT ( 'NONE',  ( -3.960000000000000900, 1.000000000000000000, -4.060000000000000500 ) ) ;
#3293 = EDGE_CURVE ( 'NONE', #3126, #3224, #4146, .T. ) ;
#3294 = DIRECTION ( 'NONE',  ( 0.0000000000000000000, 1.000000000000000000, 0.0000000000000000000 ) ) ;
#3295 = VECTOR ( 'NONE', #6399, 1000.000000000000000 ) ;
#3296 = ORIENTED_EDGE ( 'NONE', *, *, #6086, .T. ) ;
#3297 = VECTOR ( 'NONE', #6316, 1000.000000000000000 ) ;
#3298 = ADVANCED_FACE ( 'NONE', ( #3593 ), #447, .T. ) ;
#3299 = EDGE_LOOP ( 'NONE', ( #5015, #101 ) ) ;
#3300 = VERTEX_POINT ( 'NONE', #6546 ) ;
#3301 = DIRECTION ( 'NONE',  ( -0.0000000000000000000, 1.000000000000000000, -0.0000000000000000000 ) ) ;
#3302 = FACE_OUTER_BOUND ( 'NONE', #7684, .T. ) ;
#3303 = EDGE_CURVE ( 'NONE', #590, #937, #932, .T. ) ;
#3304 = CARTESIAN_POINT ( 'NONE',  ( -5.079999999999921000, 6.100000000000000500, 0.0000000000000000000 ) ) ;
#3305 = PLANE ( 'NONE',  #6601 ) ;
#3306 = DIRECTION ( 'NONE',  ( 0.0000000000000000000, 1.000000000000000000, 0.0000000000000000000 ) ) ;
#3307 = LINE ( 'NONE', #1264, #4936 ) ;
#3308 = AXIS2_PLACEMENT_3D ( 'NONE', #6141, #3745, #5141 ) ;
#3309 =( NAMED_UNIT ( * ) SI_UNIT ( $, .STERADIAN. ) SOLID_ANGLE_UNIT ( ) );
#3310 = DIRECTION ( 'NONE',  ( -0.0000000000000000000, 1.000000000000000000, -0.0000000000000000000 ) ) ;
#3311 = ORIENTED_EDGE ( 'NONE', *, *, #5980, .T. ) ;
#3312 = DIRECTION ( 'NONE',  ( 0.0000000000000000000, 0.0000000000000000000, 1.000000000000000000 ) ) ;
#3313 = ORIENTED_EDGE ( 'NONE', *, *, #3275, .F. ) ;
#3314 = DIRECTION ( 'NONE',  ( 0.0000000000000000000, 0.0000000000000000000, 1.000000000000000000 ) ) ;
#3315 = EDGE_CURVE ( 'NONE', #6614, #257, #2752, .T. ) ;
#3316 = ORIENTED_EDGE ( 'NONE', *, *, #531, .T. ) ;
#3317 = DIRECTION ( 'NONE',  ( 0.0000000000000000000, -0.0000000000000000000, 1.000000000000000000 ) ) ;
#3318 =( NAMED_UNIT ( * ) PLANE_ANGLE_UNIT ( ) SI_UNIT ( $, .RADIAN. ) );
#3319 = CIRCLE ( 'NONE', #6187, 0.9899999999999995500 ) ;
#3320 = DIRECTION ( 'NONE',  ( 0.0000000000000000000, 0.0000000000000000000, 1.000000000000000000 ) ) ;
#3321 = DIRECTION ( 'NONE',  ( -0.0000000000000000000, -1.000000000000000000, -0.0000000000000000000 ) ) ;
#3322 = CARTESIAN_POINT ( 'NONE',  ( 1.318389841742373400E-013, 6.100000000000000500, 5.080000000000001000 ) ) ;
#3323 = PRESENTATION_LAYER_ASSIGNMENT (  '', '', ( #5356 ) ) ;
#3324 = CIRCLE ( 'NONE', #4084, 0.9899999999999995500 ) ;
#3325 = EDGE_LOOP ( 'NONE', ( #3886, #4701, #3078, #1732 ) ) ;
#3326 = EDGE_CURVE ( 'NONE', #2540, #6995, #391, .T. ) ;
#3327 =( NAMED_UNIT ( * ) PLANE_ANGLE_UNIT ( ) SI_UNIT ( $, .RADIAN. ) );
#3328 =( GEOMETRIC_REPRESENTATION_CONTEXT ( 3 ) GLOBAL_UNCERTAINTY_ASSIGNED_CONTEXT ( ( #6459 ) ) GLOBAL_UNIT_ASSIGNED_CONTEXT ( ( #8097, #8793, #4649 ) ) REPRESENTATION_CONTEXT ( 'NONE', 'WORKASPACE' ) );
#3329 = ORIENTED_EDGE ( 'NONE', *, *, #3438, .T. ) ;
#3330 = CARTESIAN_POINT ( 'NONE',  ( -5.079999999999948600, 3.299857146501273600, -2.539999999999999600 ) ) ;
#3331 = CARTESIAN_POINT ( 'NONE',  ( -2.539999999999867700, 3.299857146501273600, 6.070000000000001200 ) ) ;
#3332 = FACE_OUTER_BOUND ( 'NONE', #3120, .T. ) ;
#3333 = DIRECTION ( 'NONE',  ( 0.0000000000000000000, 0.0000000000000000000, 1.000000000000000000 ) ) ;
#3334 = DIRECTION ( 'NONE',  ( 0.0000000000000000000, 0.0000000000000000000, 1.000000000000000000 ) ) ;
#3335 = AXIS2_PLACEMENT_3D ( 'NONE', #7656, #1474, #6986 ) ;
#3336 = ORIENTED_EDGE ( 'NONE', *, *, #4506, .T. ) ;
#3337 = AXIS2_PLACEMENT_3D ( 'NONE', #3958, #1195, #4521 ) ;
#3338 = ADVANCED_FACE ( 'NONE', ( #7499 ), #7057, .T. ) ;
#3339 = VECTOR ( 'NONE', #327, 1000.000000000000000 ) ;
#3340 = DIRECTION ( 'NONE',  ( 0.0000000000000000000, -0.0000000000000000000, 1.000000000000000000 ) ) ;
#3341 = DIRECTION ( 'NONE',  ( 0.0000000000000000000, 0.0000000000000000000, 1.000000000000000000 ) ) ;
#3342 = CARTESIAN_POINT ( 'NONE',  ( 3.960000000000000900, 1.000000000000000000, 1.019999999999999100 ) ) ;
#3343 = CARTESIAN_POINT ( 'NONE',  ( 3.960000000000000900, -10.18309518948452900, 6.099999999999999600 ) ) ;
#3344 = EDGE_CURVE ( 'NONE', #8176, #2355, #4685, .T. ) ;
#3345 = DIRECTION ( 'NONE',  ( 0.0000000000000000000, 1.000000000000000000, 0.0000000000000000000 ) ) ;
#3346 = ORIENTED_EDGE ( 'NONE', *, *, #1816, .F. ) ;
#3347 = VECTOR ( 'NONE', #5909, 1000.000000000000000 ) ;
#3348 = DIRECTION ( 'NONE',  ( 1.000000000000000000, 0.0000000000000000000, 0.0000000000000000000 ) ) ;
#3349 = VECTOR ( 'NONE', #4808, 1000.000000000000000 ) ;
#3350 = VERTEX_POINT ( 'NONE', #5974 ) ;
#3351 = ORIENTED_EDGE ( 'NONE', *, *, #253, .F. ) ;
#3352 = FACE_BOUND ( 'NONE', #4242, .T. ) ;
#3353 = EDGE_CURVE ( 'NONE', #7967, #6614, #4465, .T. ) ;
#3354 = DIRECTION ( 'NONE',  ( 0.0000000000000000000, 0.0000000000000000000, 1.000000000000000000 ) ) ;
#3355 = FACE_OUTER_BOUND ( 'NONE', #4131, .T. ) ;
#3356 = COLOUR_RGB ( '',0.5019607843137254800, 0.5019607843137254800, 0.5019607843137254800 ) ;
#3357 = CIRCLE ( 'NONE', #6232, 0.9899999999999995500 ) ;
#3358 = CARTESIAN_POINT ( 'NONE',  ( -5.080000000000001000, 6.100000000000000500, -6.630000000000000800 ) ) ;
#3359 = CARTESIAN_POINT ( 'NONE',  ( -2.539999999999947600, 6.100000000000000500, -2.539999999999999600 ) ) ;
#3360 = AXIS2_PLACEMENT_3D ( 'NONE', #687, #6055, #4095 ) ;
#3361 = PRESENTATION_STYLE_ASSIGNMENT (( #7749 ) ) ;
#3362 = CARTESIAN_POINT ( 'NONE',  ( 2.614209217276769300E-014, 6.299999999999999800, -6.069999999999999400 ) ) ;
#3363 = ORIENTED_EDGE ( 'NONE', *, *, #8107, .T. ) ;
#3364 = ORIENTED_EDGE ( 'NONE', *, *, #5010, .T. ) ;
#3365 = VERTEX_POINT ( 'NONE', #7255 ) ;
#3366 = CARTESIAN_POINT ( 'NONE',  ( -5.080000000000001000, 6.100000000000000500, -6.630000000000000800 ) ) ;
#3367 = FACE_OUTER_BOUND ( 'NONE', #1162, .T. ) ;
#3368 = EDGE_CURVE ( 'NONE', #8667, #4022, #4571, .T. ) ;
#3369 = ORIENTED_EDGE ( 'NONE', *, *, #2889, .F. ) ;
#3370 = CARTESIAN_POINT ( 'NONE',  ( -5.080000000000001000, 6.100000000000000500, -6.630000000000000800 ) ) ;
#3371 = CARTESIAN_POINT ( 'NONE',  ( 3.660000000000001000, 1.000000000000000000, 1.519999999999999600 ) ) ;
#3372 = VECTOR ( 'NONE', #5487, 1000.000000000000000 ) ;
#3373 = DIRECTION ( 'NONE',  ( -0.0000000000000000000, 1.000000000000000000, -0.0000000000000000000 ) ) ;
#3374 = ORIENTED_EDGE ( 'NONE', *, *, #5879, .F. ) ;
#3375 = DIRECTION ( 'NONE',  ( 0.0000000000000000000, 1.000000000000000000, 0.0000000000000000000 ) ) ;
#3376 = VECTOR ( 'NONE', #749, 1000.000000000000000 ) ;
#3377 = AXIS2_PLACEMENT_3D ( 'NONE', #3964, #4019, #585 ) ;
#3378 = CIRCLE ( 'NONE', #6120, 0.9899999999999995500 ) ;
#3379 = ORIENTED_EDGE ( 'NONE', *, *, #7729, .F. ) ;
#3380 = CARTESIAN_POINT ( 'NONE',  ( -2.539999999999867700, 6.100000000000000500, 4.090000000000001600 ) ) ;
#3381 = CARTESIAN_POINT ( 'NONE',  ( -5.080000000000001000, 6.299999999999999800, -7.620000000000000100 ) ) ;
#3382 = EDGE_CURVE ( 'NONE', #157, #7822, #3160, .T. ) ;
#3383 = CIRCLE ( 'NONE', #6994, 0.9899999999999993200 ) ;
#3384 = EDGE_CURVE ( 'NONE', #7603, #6635, #2648, .T. ) ;
#3385 = ORIENTED_EDGE ( 'NONE', *, *, #8571, .F. ) ;
#3386 = VERTEX_POINT ( 'NONE', #2486 ) ;
#3387 = ADVANCED_FACE ( 'NONE', ( #5869 ), #3819, .T. ) ;
#3388 = EDGE_LOOP ( 'NONE', ( #4689, #5283, #258, #7384 ) ) ;
#3389 = FACE_OUTER_BOUND ( 'NONE', #2733, .T. ) ;
#3390 = CARTESIAN_POINT ( 'NONE',  ( -2.539999999999921400, 6.299999999999999800, -0.9899999999999993200 ) ) ;
#3391 = CARTESIAN_POINT ( 'NONE',  ( 7.892991815694472300E-014, 6.100000000000000500, 0.0000000000000000000 ) ) ;
#3392 = ORIENTED_EDGE ( 'NONE', *, *, #5165, .T. ) ;
#3393 = PRESENTATION_LAYER_ASSIGNMENT (  '', '', ( #8319 ) ) ;
#3394 = ORIENTED_EDGE ( 'NONE', *, *, #7311, .F. ) ;
#3395 = ORIENTED_EDGE ( 'NONE', *, *, #921, .T. ) ;
#3396 = ORIENTED_EDGE ( 'NONE', *, *, #1908, .T. ) ;
#3397 = SURFACE_SIDE_STYLE ('',( #3452 ) ) ;
#3398 = CARTESIAN_POINT ( 'NONE',  ( 5.080000000000159100, 6.100000000000000500, 6.630000000000000800 ) ) ;
#3399 = DIRECTION ( 'NONE',  ( 1.000000000000000000, 0.0000000000000000000, -0.0000000000000000000 ) ) ;
#3400 = DIRECTION ( 'NONE',  ( 0.0000000000000000000, -0.0000000000000000000, 1.000000000000000000 ) ) ;
#3401 = AXIS2_PLACEMENT_3D ( 'NONE', #4640, #5312, #3312 ) ;
#3402 = CARTESIAN_POINT ( 'NONE',  ( 5.080000000000025800, 6.100000000000000500, -5.079999999999999200 ) ) ;
#3403 = FACE_OUTER_BOUND ( 'NONE', #2389, .T. ) ;
#3404 = FILL_AREA_STYLE ('',( #7494 ) ) ;
#3405 = FACE_OUTER_BOUND ( 'NONE', #8426, .T. ) ;
#3406 = DIRECTION ( 'NONE',  ( 0.0000000000000000000, 1.000000000000000000, 0.0000000000000000000 ) ) ;
#3407 = DIRECTION ( 'NONE',  ( 0.0000000000000000000, 0.0000000000000000000, 1.000000000000000000 ) ) ;
#3408 = EDGE_CURVE ( 'NONE', #2855, #6942, #827, .T. ) ;
#3409 = AXIS2_PLACEMENT_3D ( 'NONE', #2509, #1818, #442 ) ;
#3410 = DIRECTION ( 'NONE',  ( 0.0000000000000000000, 1.000000000000000000, 0.0000000000000000000 ) ) ;
#3411 = EDGE_LOOP ( 'NONE', ( #6720, #1532, #5656, #1196 ) ) ;
#3412 = SURFACE_SIDE_STYLE ('',( #5409 ) ) ;
#3413 = SURFACE_SIDE_STYLE ('',( #2872 ) ) ;
#3414 = VERTEX_POINT ( 'NONE', #6065 ) ;
#3415 =( GEOMETRIC_REPRESENTATION_CONTEXT ( 3 ) GLOBAL_UNCERTAINTY_ASSIGNED_CONTEXT ( ( #7701 ) ) GLOBAL_UNIT_ASSIGNED_CONTEXT ( ( #7037, #6340, #7092 ) ) REPRESENTATION_CONTEXT ( 'NONE', 'WORKASPACE' ) );
#3416 = DIRECTION ( 'NONE',  ( 0.0000000000000000000, 0.0000000000000000000, 1.000000000000000000 ) ) ;
#3417 = EDGE_CURVE ( 'NONE', #1998, #7948, #164, .T. ) ;
#3418 = LINE ( 'NONE', #7464, #2248 ) ;
#3419 = CARTESIAN_POINT ( 'NONE',  ( -8.673617379884035500E-016, 6.299999999999999800, -7.620000000000000100 ) ) ;
#3420 = LINE ( 'NONE', #8653, #4508 ) ;
#3421 = EDGE_LOOP ( 'NONE', ( #4056, #8242, #7991, #1563 ) ) ;
#3422 = AXIS2_PLACEMENT_3D ( 'NONE', #5163, #3098, #3761 ) ;
#3423 = ADVANCED_FACE ( 'NONE', ( #6844 ), #6123, .F. ) ;
#3424 = CARTESIAN_POINT ( 'NONE',  ( -5.079999999999921000, 6.100000000000000500, -0.9899999999999993200 ) ) ;
#3425 = DIRECTION ( 'NONE',  ( -0.0000000000000000000, 0.0000000000000000000, -1.000000000000000000 ) ) ;
#3426 = CARTESIAN_POINT ( 'NONE',  ( 0.0000000000000000000, 1.000000000000000000, -7.302499999999997500 ) ) ;
#3427 = VERTEX_POINT ( 'NONE', #6817 ) ;
#3428 = EDGE_CURVE ( 'NONE', #641, #4344, #8460, .T. ) ;
#3429 = DIRECTION ( 'NONE',  ( 0.0000000000000000000, 0.0000000000000000000, 1.000000000000000000 ) ) ;
#3430 = PLANE ( 'NONE',  #4381 ) ;
#3431 = CARTESIAN_POINT ( 'NONE',  ( -2.539999999999841500, 6.100000000000000500, 8.609999999999999400 ) ) ;
#3432 = AXIS2_PLACEMENT_3D ( 'NONE', #933, #3879, #8739 ) ;
#3433 = EDGE_LOOP ( 'NONE', ( #5751, #8750 ) ) ;
#3434 = EDGE_LOOP ( 'NONE', ( #172, #3724, #8873, #8811 ) ) ;
#3435 = CIRCLE ( 'NONE', #3484, 0.9899999999999995500 ) ;
#3436 = ORIENTED_EDGE ( 'NONE', *, *, #7010, .F. ) ;
#3437 = CYLINDRICAL_SURFACE ( 'NONE', #5516, 0.9899999999999995500 ) ;
#3438 = EDGE_CURVE ( 'NONE', #6708, #4461, #3383, .T. ) ;
#3439 = DIRECTION ( 'NONE',  ( 0.0000000000000000000, -0.0000000000000000000, 1.000000000000000000 ) ) ;
#3440 = DIRECTION ( 'NONE',  ( 1.000000000000000000, 0.0000000000000000000, 0.0000000000000000000 ) ) ;
#3441 = DIRECTION ( 'NONE',  ( 0.0000000000000000000, 0.0000000000000000000, 1.000000000000000000 ) ) ;
#3442 = VERTEX_POINT ( 'NONE', #3957 ) ;
#3443 = FACE_OUTER_BOUND ( 'NONE', #4892, .T. ) ;
#3444 = CARTESIAN_POINT ( 'NONE',  ( 5.079999999999999200, 6.100000000000000500, -8.609999999999999400 ) ) ;
#3445 = CARTESIAN_POINT ( 'NONE',  ( 5.080000000000079100, 6.100000000000000500, 0.0000000000000000000 ) ) ;
#3446 = CLOSED_SHELL ( 'NONE', ( #1863, #3073, #4027, #2128, #1582, #2924 ) ) ;
#3447 = CIRCLE ( 'NONE', #6373, 0.9899999999999995500 ) ;
#3448 = ORIENTED_EDGE ( 'NONE', *, *, #892, .T. ) ;
#3449 = DIRECTION ( 'NONE',  ( 0.0000000000000000000, 0.0000000000000000000, 1.000000000000000000 ) ) ;
#3450 = AXIS2_PLACEMENT_3D ( 'NONE', #1409, #4177, #4931 ) ;
#3451 = CLOSED_SHELL ( 'NONE', ( #1731, #6501, #2498, #8504 ) ) ;
#3452 = SURFACE_STYLE_FILL_AREA ( #4044 ) ;
#3453 = PRESENTATION_STYLE_ASSIGNMENT (( #1033 ) ) ;
#3454 = CARTESIAN_POINT ( 'NONE',  ( 2.540000000000078600, 6.299999999999999800, 0.0000000000000000000 ) ) ;
#3455 = EDGE_CURVE ( 'NONE', #5484, #2310, #2536, .T. ) ;
#3456 = LINE ( 'NONE', #2286, #5077 ) ;
#3457 = CARTESIAN_POINT ( 'NONE',  ( 5.080000000000053400, 6.299999999999999800, -2.539999999999999600 ) ) ;
#3458 = CARTESIAN_POINT ( 'NONE',  ( 1.058181320345852300E-013, 6.299999999999999800, 2.540000000000000500 ) ) ;
#3459 = PLANE ( 'NONE',  #4725 ) ;
#3460 = ORIENTED_EDGE ( 'NONE', *, *, #5187, .T. ) ;
#3461 = CARTESIAN_POINT ( 'NONE',  ( -5.079999999999868600, 6.299999999999999800, 5.080000000000001000 ) ) ;
#3462 = CARTESIAN_POINT ( 'NONE',  ( -5.079999999999921000, 6.100000000000000500, 0.9899999999999993200 ) ) ;
#3463 = ORIENTED_EDGE ( 'NONE', *, *, #8624, .T. ) ;
#3464 = AXIS2_PLACEMENT_3D ( 'NONE', #1611, #856, #2934 ) ;
#3465 = EDGE_LOOP ( 'NONE', ( #5379, #5919, #2443, #4124 ) ) ;
#3466 = LINE ( 'NONE', #5001, #8019 ) ;
#3467 = VECTOR ( 'NONE', #2831, 1000.000000000000000 ) ;
#3468 = VECTOR ( 'NONE', #6221, 1000.000000000000000 ) ;
#3469 = VERTEX_POINT ( 'NONE', #8839 ) ;
#3470 = ADVANCED_FACE ( 'NONE', ( #5003 ), #2309, .F. ) ;
#3471 = EDGE_CURVE ( 'NONE', #6993, #8588, #6400, .T. ) ;
#3472 = VERTEX_POINT ( 'NONE', #1318 ) ;
#3473 = CARTESIAN_POINT ( 'NONE',  ( 6.330000000000001800, 0.0000000000000000000, 8.869999999999999200 ) ) ;
#3474 = CARTESIAN_POINT ( 'NONE',  ( -3.660000000000001000, -4.799999999999999800, -6.599999999999999600 ) ) ;
#3475 = ORIENTED_EDGE ( 'NONE', *, *, #6421, .T. ) ;
#3476 = ORIENTED_EDGE ( 'NONE', *, *, #4600, .F. ) ;
#3477 = ORIENTED_EDGE ( 'NONE', *, *, #8899, .F. ) ;
#3478 = CARTESIAN_POINT ( 'NONE',  ( -5.079999999999921000, 3.299857146501273600, 0.0000000000000000000 ) ) ;
#3479 = DIRECTION ( 'NONE',  ( 0.0000000000000000000, 1.000000000000000000, 0.0000000000000000000 ) ) ;
#3480 = PRESENTATION_STYLE_ASSIGNMENT (( #6750 ) ) ;
#3481 = CARTESIAN_POINT ( 'NONE',  ( 1.318389841742373400E-013, 6.100000000000000500, 5.080000000000001000 ) ) ;
#3482 = VERTEX_POINT ( 'NONE', #7433 ) ;
#3483 = MANIFOLD_SOLID_BREP ( 'LED 25', #6398 ) ;
#3484 = AXIS2_PLACEMENT_3D ( 'NONE', #8436, #950, #8519 ) ;
#3485 = FILL_AREA_STYLE ('',( #8290 ) ) ;
#3486 = ADVANCED_FACE ( 'NONE', ( #7934 ), #6090, .F. ) ;
#3487 = ORIENTED_EDGE ( 'NONE', *, *, #3773, .T. ) ;
#3488 = ORIENTED_EDGE ( 'NONE', *, *, #8595, .F. ) ;
#3489 = CLOSED_SHELL ( 'NONE', ( #3521, #7467, #116, #8540 ) ) ;
#3490 = EDGE_CURVE ( 'NONE', #3983, #7825, #2427, .T. ) ;
#3491 = ORIENTED_EDGE ( 'NONE', *, *, #4850, .F. ) ;
#3492 = CARTESIAN_POINT ( 'NONE',  ( 0.0000000000000000000, 0.0000000000000000000, 0.0000000000000000000 ) ) ;
#3493 = PLANE ( 'NONE',  #6626 ) ;
#3494 = DIRECTION ( 'NONE',  ( -0.0000000000000000000, 1.000000000000000000, -0.0000000000000000000 ) ) ;
#3495 = LINE ( 'NONE', #5075, #7396 ) ;
#3496 = LINE ( 'NONE', #5382, #5242 ) ;
#3497 = CARTESIAN_POINT ( 'NONE',  ( 2.540000000000158600, 6.299999999999999800, 7.620000000000000100 ) ) ;
#3498 =( GEOMETRIC_REPRESENTATION_CONTEXT ( 3 ) GLOBAL_UNCERTAINTY_ASSIGNED_CONTEXT ( ( #7845 ) ) GLOBAL_UNIT_ASSIGNED_CONTEXT ( ( #8626, #215, #1050 ) ) REPRESENTATION_CONTEXT ( 'NONE', 'WORKASPACE' ) );
#3499 = CARTESIAN_POINT ( 'NONE',  ( 0.0000000000000000000, 1.000000000000000000, 0.0000000000000000000 ) ) ;
#3500 = ORIENTED_EDGE ( 'NONE', *, *, #8244, .T. ) ;
#3501 = CARTESIAN_POINT ( 'NONE',  ( -2.539999999999867700, 6.100000000000000500, 5.080000000000001000 ) ) ;
#3502 = DIRECTION ( 'NONE',  ( 0.0000000000000000000, 0.0000000000000000000, 1.000000000000000000 ) ) ;
#3503 = CARTESIAN_POINT ( 'NONE',  ( -5.080000000000001000, 6.100000000000000500, -6.630000000000000800 ) ) ;
#3504 = EDGE_CURVE ( 'NONE', #2027, #6835, #6625, .T. ) ;
#3505 = STYLED_ITEM ( 'NONE', ( #5414 ), #857 ) ;
#3506 = ORIENTED_EDGE ( 'NONE', *, *, #2153, .T. ) ;
#3507 = LINE ( 'NONE', #3049, #1683 ) ;
#3508 = EDGE_LOOP ( 'NONE', ( #1817, #707 ) ) ;
#3509 = CARTESIAN_POINT ( 'NONE',  ( -3.660000000000001000, -10.18309518948452900, -4.060000000000000500 ) ) ;
#3510 = DIRECTION ( 'NONE',  ( -0.0000000000000000000, 1.000000000000000000, -0.0000000000000000000 ) ) ;
#3511 = SURFACE_STYLE_USAGE ( .BOTH. , #5564 ) ;
#3512 = COLOUR_RGB ( '',0.7921568627450980000, 0.8196078431372548800, 0.9333333333333333500 ) ;
#3513 = EDGE_LOOP ( 'NONE', ( #601, #4573, #8430, #690 ) ) ;
#3514 = CARTESIAN_POINT ( 'NONE',  ( 5.080000000000133300, 6.299999999999999800, 6.070000000000001200 ) ) ;
#3515 = LINE ( 'NONE', #4809, #6535 ) ;
#3516 = VERTEX_POINT ( 'NONE', #1396 ) ;
#3517 = DIRECTION ( 'NONE',  ( 0.0000000000000000000, 1.000000000000000000, 0.0000000000000000000 ) ) ;
#3518 = EDGE_LOOP ( 'NONE', ( #5968, #5749 ) ) ;
#3519 = EDGE_CURVE ( 'NONE', #440, #1347, #1147, .T. ) ;
#3520 = LINE ( 'NONE', #7461, #7857 ) ;
#3521 = ADVANCED_FACE ( 'NONE', ( #4251 ), #6734, .T. ) ;
#3522 = CIRCLE ( 'NONE', #6480, 0.9899999999999995500 ) ;
#3523 = DIRECTION ( 'NONE',  ( 0.0000000000000000000, 1.000000000000000000, 0.0000000000000000000 ) ) ;
#3524 = DIRECTION ( 'NONE',  ( -0.0000000000000000000, 1.000000000000000000, -0.0000000000000000000 ) ) ;
#3525 =( GEOMETRIC_REPRESENTATION_CONTEXT ( 3 ) GLOBAL_UNCERTAINTY_ASSIGNED_CONTEXT ( ( #5530 ) ) GLOBAL_UNIT_ASSIGNED_CONTEXT ( ( #5707, #8474, #2917 ) ) REPRESENTATION_CONTEXT ( 'NONE', 'WORKASPACE' ) );
#3526 = DIRECTION ( 'NONE',  ( -0.0000000000000000000, -1.000000000000000000, -0.0000000000000000000 ) ) ;
#3527 = CIRCLE ( 'NONE', #7448, 0.9899999999999995500 ) ;
#3528 = CARTESIAN_POINT ( 'NONE',  ( -2.539999999999867700, 6.299999999999999800, 5.080000000000001000 ) ) ;
#3529 = DIRECTION ( 'NONE',  ( -1.000000000000000000, -0.0000000000000000000, -0.0000000000000000000 ) ) ;
#3530 = EDGE_CURVE ( 'NONE', #1021, #717, #5430, .T. ) ;
#3531 = ORIENTED_EDGE ( 'NONE', *, *, #7762, .F. ) ;
#3532 = ORIENTED_EDGE ( 'NONE', *, *, #697, .T. ) ;
#3533 = ORIENTED_EDGE ( 'NONE', *, *, #5165, .F. ) ;
#3534 = UNCERTAINTY_MEASURE_WITH_UNIT (LENGTH_MEASURE( 1.000000000000000100E-005 ), #6008, 'distance_accuracy_value', 'NONE');
#3535 = ADVANCED_FACE ( 'NONE', ( #1994 ), #1771, .F. ) ;
#3536 = VECTOR ( 'NONE', #2734, 1000.000000000000000 ) ;
#3537 = DIRECTION ( 'NONE',  ( -0.0000000000000000000, 1.000000000000000000, -0.0000000000000000000 ) ) ;
#3538 = AXIS2_PLACEMENT_3D ( 'NONE', #2368, #3077, #4470 ) ;
#3539 = EDGE_CURVE ( 'NONE', #5998, #7501, #4895, .T. ) ;
#3540 = VECTOR ( 'NONE', #2479, 1000.000000000000000 ) ;
#3541 = EDGE_LOOP ( 'NONE', ( #7730, #1141, #1012, #3597 ) ) ;
#3542 = DIRECTION ( 'NONE',  ( -0.0000000000000000000, 1.000000000000000000, -0.0000000000000000000 ) ) ;
#3543 = DIRECTION ( 'NONE',  ( 0.0000000000000000000, 1.000000000000000000, 0.0000000000000000000 ) ) ;
#3544 = VERTEX_POINT ( 'NONE', #2085 ) ;
#3545 = DIRECTION ( 'NONE',  ( -0.0000000000000000000, 1.000000000000000000, -0.0000000000000000000 ) ) ;
#3546 = CIRCLE ( 'NONE', #7209, 0.9899999999999995500 ) ;
#3547 = CARTESIAN_POINT ( 'NONE',  ( 2.539999999999998700, 6.100000000000000500, -8.609999999999999400 ) ) ;
#3548 = EDGE_CURVE ( 'NONE', #2256, #3300, #8356, .T. ) ;
#3549 = ORIENTED_EDGE ( 'NONE', *, *, #1777, .F. ) ;
#3550 = FACE_OUTER_BOUND ( 'NONE', #400, .T. ) ;
#3551 = DIRECTION ( 'NONE',  ( 0.0000000000000000000, 1.000000000000000000, 0.0000000000000000000 ) ) ;
#3552 = CARTESIAN_POINT ( 'NONE',  ( 5.080000000000053400, 3.299857146501273600, -2.539999999999999600 ) ) ;
#3553 = CYLINDRICAL_SURFACE ( 'NONE', #8183, 0.9899999999999995500 ) ;
#3554 = EDGE_LOOP ( 'NONE', ( #7982, #5856 ) ) ;
#3555 = ADVANCED_FACE ( 'NONE', ( #4243 ), #5857, .F. ) ;
#3556 = LINE ( 'NONE', #2441, #3225 ) ;
#3557 = EDGE_CURVE ( 'NONE', #3177, #8615, #8452, .T. ) ;
#3558 = CYLINDRICAL_SURFACE ( 'NONE', #6394, 0.9899999999999995500 ) ;
#3559 = AXIS2_PLACEMENT_3D ( 'NONE', #6243, #6160, #6422 ) ;
#3560 = CIRCLE ( 'NONE', #3598, 0.9899999999999993200 ) ;
#3561 = ORIENTED_EDGE ( 'NONE', *, *, #5050, .F. ) ;
#3562 = CARTESIAN_POINT ( 'NONE',  ( -6.329999999999997400, 6.100000000000000500, 8.869999999999999200 ) ) ;
#3563 = EDGE_LOOP ( 'NONE', ( #2870, #6758, #337, #1025 ) ) ;
#3564 = ADVANCED_FACE ( 'NONE', ( #8668 ), #6263, .T. ) ;
#3565 = LINE ( 'NONE', #8671, #363 ) ;
#3566 = SURFACE_STYLE_FILL_AREA ( #6686 ) ;
#3567 = DIRECTION ( 'NONE',  ( -1.000000000000000000, 0.0000000000000000000, -0.0000000000000000000 ) ) ;
#3568 = AXIS2_PLACEMENT_3D ( 'NONE', #1949, #5554, #1348 ) ;
#3569 = LINE ( 'NONE', #7970, #1754 ) ;
#3570 = ADVANCED_FACE ( 'NONE', ( #56 ), #2146, .T. ) ;
#3571 = DIRECTION ( 'NONE',  ( 0.0000000000000000000, 1.000000000000000000, 0.0000000000000000000 ) ) ;
#3572 = DIRECTION ( 'NONE',  ( 0.0000000000000000000, 0.0000000000000000000, 1.000000000000000000 ) ) ;
#3573 = VECTOR ( 'NONE', #1937, 1000.000000000000000 ) ;
#3574 = PLANE ( 'NONE',  #3633 ) ;
#3575 = ORIENTED_EDGE ( 'NONE', *, *, #5957, .T. ) ;
#3576 = EDGE_CURVE ( 'NONE', #1352, #2231, #3809, .T. ) ;
#3577 = ORIENTED_EDGE ( 'NONE', *, *, #6651, .T. ) ;
#3578 = EDGE_LOOP ( 'NONE', ( #8572, #652, #4835, #5359 ) ) ;
#3579 = CARTESIAN_POINT ( 'NONE',  ( 6.330000000000001800, 6.100000000000000500, 8.869999999999999200 ) ) ;
#3580 = FACE_OUTER_BOUND ( 'NONE', #3600, .T. ) ;
#3581 = DIRECTION ( 'NONE',  ( 0.0000000000000000000, 0.0000000000000000000, 1.000000000000000000 ) ) ;
#3582 = VERTEX_POINT ( 'NONE', #5550 ) ;
#3583 = CARTESIAN_POINT ( 'NONE',  ( 5.080000000000159100, 6.100000000000000500, 6.630000000000000800 ) ) ;
#3584 = DIRECTION ( 'NONE',  ( -0.0000000000000000000, 1.000000000000000000, -0.0000000000000000000 ) ) ;
#3585 = ORIENTED_EDGE ( 'NONE', *, *, #8424, .T. ) ;
#3586 = FACE_OUTER_BOUND ( 'NONE', #3816, .T. ) ;
#3587 = EDGE_LOOP ( 'NONE', ( #3281, #6747 ) ) ;
#3588 = AXIS2_PLACEMENT_3D ( 'NONE', #3961, #4644, #3317 ) ;
#3589 = FACE_OUTER_BOUND ( 'NONE', #8556, .T. ) ;
#3590 = EDGE_CURVE ( 'NONE', #5741, #1913, #6506, .T. ) ;
#3591 = EDGE_LOOP ( 'NONE', ( #8264, #3034 ) ) ;
#3592 = DIRECTION ( 'NONE',  ( -0.0000000000000000000, -0.0000000000000000000, -1.000000000000000000 ) ) ;
#3593 = FACE_OUTER_BOUND ( 'NONE', #7969, .T. ) ;
#3594 = CARTESIAN_POINT ( 'NONE',  ( 2.540000000000131500, 6.100000000000000500, 5.080000000000001000 ) ) ;
#3595 = DIRECTION ( 'NONE',  ( 0.0000000000000000000, 0.0000000000000000000, 1.000000000000000000 ) ) ;
#3596 = ORIENTED_EDGE ( 'NONE', *, *, #7017, .T. ) ;
#3597 = ORIENTED_EDGE ( 'NONE', *, *, #3616, .F. ) ;
#3598 = AXIS2_PLACEMENT_3D ( 'NONE', #8854, #5996, #2566 ) ;
#3599 = DIRECTION ( 'NONE',  ( 0.0000000000000000000, 0.0000000000000000000, 1.000000000000000000 ) ) ;
#3600 = EDGE_LOOP ( 'NONE', ( #5423, #1711, #8784, #2265 ) ) ;
#3601 = CIRCLE ( 'NONE', #6426, 0.9899999999999995500 ) ;
#3602 = FACE_OUTER_BOUND ( 'NONE', #6384, .T. ) ;
#3603 = EDGE_CURVE ( 'NONE', #6349, #3997, #2203, .T. ) ;
#3604 = ADVANCED_FACE ( 'NONE', ( #3046 ), #1662, .T. ) ;
#3605 = ORIENTED_EDGE ( 'NONE', *, *, #3539, .F. ) ;
#3606 = FILL_AREA_STYLE ('',( #3726 ) ) ;
#3607 = DIRECTION ( 'NONE',  ( 0.0000000000000000000, 0.0000000000000000000, 1.000000000000000000 ) ) ;
#3608 = DIRECTION ( 'NONE',  ( 0.0000000000000000000, 1.000000000000000000, 0.0000000000000000000 ) ) ;
#3609 = ORIENTED_EDGE ( 'NONE', *, *, #735, .F. ) ;
#3610 = AXIS2_PLACEMENT_3D ( 'NONE', #5348, #1922, #6739 ) ;
#3611 = SURFACE_STYLE_FILL_AREA ( #4866 ) ;
#3612 = ORIENTED_EDGE ( 'NONE', *, *, #1198, .T. ) ;
#3613 = SURFACE_SIDE_STYLE ('',( #8587 ) ) ;
#3614 = CARTESIAN_POINT ( 'NONE',  ( -8.673617379884035500E-016, 3.299857146501273600, -7.620000000000000100 ) ) ;
#3615 = ORIENTED_EDGE ( 'NONE', *, *, #324, .F. ) ;
#3616 = EDGE_CURVE ( 'NONE', #8482, #7076, #3696, .T. ) ;
#3617 = ADVANCED_FACE ( 'NONE', ( #1035 ), #8782, .T. ) ;
#3618 = STYLED_ITEM ( 'NONE', ( #2284 ), #465 ) ;
#3619 = FACE_OUTER_BOUND ( 'NONE', #607, .T. ) ;
#3620 = CARTESIAN_POINT ( 'NONE',  ( -3.660000000000001000, 1.000000000000000000, -1.020000000000000000 ) ) ;
#3621 = PLANE ( 'NONE',  #2639 ) ;
#3622 = DIRECTION ( 'NONE',  ( 0.0000000000000000000, 0.0000000000000000000, 1.000000000000000000 ) ) ;
#3623 = AXIS2_PLACEMENT_3D ( 'NONE', #2251, #2227, #5729 ) ;
#3624 = DIRECTION ( 'NONE',  ( 0.0000000000000000000, 0.0000000000000000000, 1.000000000000000000 ) ) ;
#3625 = AXIS2_PLACEMENT_3D ( 'NONE', #3501, #4855, #8302 ) ;
#3626 = DIRECTION ( 'NONE',  ( -1.000000000000000000, -0.0000000000000000000, -0.0000000000000000000 ) ) ;
#3627 = VERTEX_POINT ( 'NONE', #930 ) ;
#3628 = EDGE_CURVE ( 'NONE', #8176, #5774, #8880, .T. ) ;
#3629 = VERTEX_POINT ( 'NONE', #109 ) ;
#3630 = DIRECTION ( 'NONE',  ( -1.000000000000000000, 0.0000000000000000000, 0.0000000000000000000 ) ) ;
#3631 = FACE_BOUND ( 'NONE', #3215, .T. ) ;
#3632 = CARTESIAN_POINT ( 'NONE',  ( -5.079999999999974300, 6.100000000000000500, -6.069999999999999400 ) ) ;
#3633 = AXIS2_PLACEMENT_3D ( 'NONE', #8417, #7105, #1594 ) ;
#3634 = DIRECTION ( 'NONE',  ( -0.0000000000000000000, 1.000000000000000000, -0.0000000000000000000 ) ) ;
#3636 = PRESENTATION_STYLE_ASSIGNMENT (( #5127 ) ) ;
#3635 = DIRECTION ( 'NONE',  ( 0.0000000000000000000, 1.000000000000000000, 0.0000000000000000000 ) ) ;
#3637 = ORIENTED_EDGE ( 'NONE', *, *, #2459, .T. ) ;
#3638 = MANIFOLD_SOLID_BREP ( 'LED 13', #2089 ) ;
#3639 = CARTESIAN_POINT ( 'NONE',  ( -2.539999999999921400, 6.299999999999999800, 0.0000000000000000000 ) ) ;
#3640 = EDGE_CURVE ( 'NONE', #937, #8732, #2845, .T. ) ;
#3641 = ORIENTED_EDGE ( 'NONE', *, *, #7492, .T. ) ;
#3642 = ORIENTED_EDGE ( 'NONE', *, *, #6609, .F. ) ;
#3643 = ADVANCED_FACE ( 'NONE', ( #3268 ), #3574, .F. ) ;
#3644 = CARTESIAN_POINT ( 'NONE',  ( -2.539999999999974700, 3.299857146501273600, -5.079999999999999200 ) ) ;
#3645 = LINE ( 'NONE', #5665, #2150 ) ;
#3646 = AXIS2_PLACEMENT_3D ( 'NONE', #5680, #5829, #5150 ) ;
#3647 = DIRECTION ( 'NONE',  ( 0.0000000000000000000, 1.000000000000000000, 0.0000000000000000000 ) ) ;
#3648 = DIRECTION ( 'NONE',  ( -0.0000000000000000000, 1.000000000000000000, -0.0000000000000000000 ) ) ;
#3649 = SURFACE_SIDE_STYLE ('',( #2174 ) ) ;
#3650 = ORIENTED_EDGE ( 'NONE', *, *, #5388, .T. ) ;
#3651 = FACE_OUTER_BOUND ( 'NONE', #7930, .T. ) ;
#3652 = EDGE_CURVE ( 'NONE', #3516, #3582, #6292, .T. ) ;
#3653 = VERTEX_POINT ( 'NONE', #4329 ) ;
#3654 = DIRECTION ( 'NONE',  ( 0.0000000000000000000, 1.000000000000000000, 0.0000000000000000000 ) ) ;
#3655 = AXIS2_PLACEMENT_3D ( 'NONE', #1774, #427, #7318 ) ;
#3656 = EDGE_LOOP ( 'NONE', ( #8112, #1607, #4883, #8088 ) ) ;
#3657 = LINE ( 'NONE', #1459, #1733 ) ;
#3658 = DIRECTION ( 'NONE',  ( 0.0000000000000000000, 1.000000000000000000, 0.0000000000000000000 ) ) ;
#3659 = ORIENTED_EDGE ( 'NONE', *, *, #2325, .T. ) ;
#3660 = ORIENTED_EDGE ( 'NONE', *, *, #6683, .T. ) ;
#3661 = DIRECTION ( 'NONE',  ( 0.0000000000000000000, -0.0000000000000000000, 1.000000000000000000 ) ) ;
#3662 = MECHANICAL_DESIGN_GEOMETRIC_PRESENTATION_REPRESENTATION (  '', ( #4194 ), #6804 ) ;
#3663 = PLANE ( 'NONE',  #196 ) ;
#3664 = CARTESIAN_POINT ( 'NONE',  ( -3.660000000000001000, 1.000000000000000000, -6.599999999999999600 ) ) ;
#3665 = ORIENTED_EDGE ( 'NONE', *, *, #3326, .T. ) ;
#3666 = FACE_OUTER_BOUND ( 'NONE', #2004, .T. ) ;
#3667 = FACE_OUTER_BOUND ( 'NONE', #6211, .T. ) ;
#3668 = UNCERTAINTY_MEASURE_WITH_UNIT (LENGTH_MEASURE( 1.000000000000000100E-005 ), #1704, 'distance_accuracy_value', 'NONE');
#3669 = CYLINDRICAL_SURFACE ( 'NONE', #7127, 0.9899999999999995500 ) ;
#3670 = CARTESIAN_POINT ( 'NONE',  ( 2.539999999999998700, 3.299857146501273600, -7.620000000000000100 ) ) ;
#3671 = LINE ( 'NONE', #417, #4005 ) ;
#3672 = PLANE ( 'NONE',  #2078 ) ;
#3673 = AXIS2_PLACEMENT_3D ( 'NONE', #4211, #5504, #31 ) ;
#3674 = DIRECTION ( 'NONE',  ( -0.0000000000000000000, 1.000000000000000000, -0.0000000000000000000 ) ) ;
#3675 = CIRCLE ( 'NONE', #4688, 0.9899999999999995500 ) ;
#3676 = ORIENTED_EDGE ( 'NONE', *, *, #7428, .F. ) ;
#3677 = VERTEX_POINT ( 'NONE', #8444 ) ;
#3678 = CARTESIAN_POINT ( 'NONE',  ( 2.540000000000051500, 6.299999999999999800, -2.539999999999999600 ) ) ;
#3679 = FACE_OUTER_BOUND ( 'NONE', #7937, .T. ) ;
#3680 = VECTOR ( 'NONE', #818, 1000.000000000000000 ) ;
#3681 = DIRECTION ( 'NONE',  ( -0.0000000000000000000, -1.000000000000000000, -0.0000000000000000000 ) ) ;
#3682 = VERTEX_POINT ( 'NONE', #3547 ) ;
#3683 = ORIENTED_EDGE ( 'NONE', *, *, #1485, .F. ) ;
#3684 = SURFACE_STYLE_FILL_AREA ( #8623 ) ;
#3685 = ORIENTED_EDGE ( 'NONE', *, *, #4755, .F. ) ;
#3686 = ORIENTED_EDGE ( 'NONE', *, *, #2817, .F. ) ;
#3687 = AXIS2_PLACEMENT_3D ( 'NONE', #5126, #378, #3062 ) ;
#3688 = ORIENTED_EDGE ( 'NONE', *, *, #4662, .F. ) ;
#3689 = CARTESIAN_POINT ( 'NONE',  ( 5.080000000000079100, 6.100000000000000500, -0.9899999999999993200 ) ) ;
#3690 = VECTOR ( 'NONE', #1960, 1000.000000000000000 ) ;
#3691 = ADVANCED_FACE ( 'NONE', ( #2418 ), #5545, .F. ) ;
#3692 = CARTESIAN_POINT ( 'NONE',  ( 5.080000000000079100, 6.299999999999999800, 0.9899999999999993200 ) ) ;
#3693 = EDGE_LOOP ( 'NONE', ( #6788, #1722, #6056, #7490 ) ) ;
#3694 = DIRECTION ( 'NONE',  ( -0.0000000000000000000, -1.000000000000000000, -0.0000000000000000000 ) ) ;
#3695 = EDGE_CURVE ( 'NONE', #991, #8848, #4030, .T. ) ;
#3696 = LINE ( 'NONE', #1515, #5331 ) ;
#3697 = ORIENTED_EDGE ( 'NONE', *, *, #102, .T. ) ;
#3698 = CARTESIAN_POINT ( 'NONE',  ( -5.079999999999842000, 6.100000000000000500, 7.620000000000000100 ) ) ;
#3699 = ORIENTED_EDGE ( 'NONE', *, *, #1401, .F. ) ;
#3700 = VERTEX_POINT ( 'NONE', #8393 ) ;
#3701 = DIRECTION ( 'NONE',  ( -0.0000000000000000000, 1.000000000000000000, -0.0000000000000000000 ) ) ;
#3702 = EDGE_LOOP ( 'NONE', ( #3311, #8147 ) ) ;
#3703 = AXIS2_PLACEMENT_3D ( 'NONE', #470, #3234, #3880 ) ;
#3704 = ADVANCED_FACE ( 'NONE', ( #3586 ), #163, .F. ) ;
#3705 =( NAMED_UNIT ( * ) SI_UNIT ( $, .STERADIAN. ) SOLID_ANGLE_UNIT ( ) );
#3706 = CARTESIAN_POINT ( 'NONE',  ( -8.673617379884035500E-016, 6.100000000000000500, -6.630000000000000800 ) ) ;
#3707 = VECTOR ( 'NONE', #4992, 1000.000000000000000 ) ;
#3708 = VECTOR ( 'NONE', #1180, 1000.000000000000000 ) ;
#3709 = ADVANCED_FACE ( 'NONE', ( #7923 ), #1543, .F. ) ;
#3710 = AXIS2_PLACEMENT_3D ( 'NONE', #5848, #8716, #6665 ) ;
#3711 = CARTESIAN_POINT ( 'NONE',  ( -5.079999999999921000, 6.100000000000000500, -0.9899999999999993200 ) ) ;
#3712 = ORIENTED_EDGE ( 'NONE', *, *, #3063, .T. ) ;
#3713 = EDGE_CURVE ( 'NONE', #3997, #6538, #4455, .T. ) ;
#3714 = CARTESIAN_POINT ( 'NONE',  ( -5.079999999999894400, 6.299999999999999800, 3.530000000000000200 ) ) ;
#3715 = SURFACE_SIDE_STYLE ('',( #7892 ) ) ;
#3716 = CARTESIAN_POINT ( 'NONE',  ( -5.079999999999894400, 6.100000000000000500, 2.540000000000000500 ) ) ;
#3717 = CARTESIAN_POINT ( 'NONE',  ( -2.540000000000000900, 6.100000000000000500, -8.609999999999999400 ) ) ;
#3718 = ORIENTED_EDGE ( 'NONE', *, *, #1168, .T. ) ;
#3719 = VERTEX_POINT ( 'NONE', #7080 ) ;
#3720 = DIRECTION ( 'NONE',  ( 0.0000000000000000000, 1.000000000000000000, 0.0000000000000000000 ) ) ;
#3721 = DIRECTION ( 'NONE',  ( 0.0000000000000000000, 0.0000000000000000000, 1.000000000000000000 ) ) ;
#3722 = EDGE_CURVE ( 'NONE', #6281, #6296, #610, .T. ) ;
#3723 = VECTOR ( 'NONE', #8697, 1000.000000000000000 ) ;
#3724 = ORIENTED_EDGE ( 'NONE', *, *, #6218, .T. ) ;
#3725 = VECTOR ( 'NONE', #2133, 1000.000000000000000 ) ;
#3726 = FILL_AREA_STYLE_COLOUR ( '', #4116 ) ;
#3727 = DIRECTION ( 'NONE',  ( 1.000000000000000000, 0.0000000000000000000, 0.0000000000000000000 ) ) ;
#3728 = ORIENTED_EDGE ( 'NONE', *, *, #5944, .F. ) ;
#3729 = ORIENTED_EDGE ( 'NONE', *, *, #4589, .T. ) ;
#3730 = VERTEX_POINT ( 'NONE', #3632 ) ;
#3731 = DIRECTION ( 'NONE',  ( -0.0000000000000000000, 1.000000000000000000, -0.0000000000000000000 ) ) ;
#3732 = DIRECTION ( 'NONE',  ( -0.0000000000000000000, 1.000000000000000000, -0.0000000000000000000 ) ) ;
#3733 = CARTESIAN_POINT ( 'NONE',  ( 5.080000000000104900, 6.100000000000000500, 2.540000000000000500 ) ) ;
#3734 = VECTOR ( 'NONE', #357, 1000.000000000000000 ) ;
#3735 = EDGE_CURVE ( 'NONE', #1270, #319, #7487, .T. ) ;
#3736 = AXIS2_PLACEMENT_3D ( 'NONE', #3614, #5693, #7792 ) ;
#3737 = DIRECTION ( 'NONE',  ( -0.0000000000000000000, -0.0000000000000000000, -1.000000000000000000 ) ) ;
#3738 = CARTESIAN_POINT ( 'NONE',  ( -2.540000000000000900, 6.299999999999999800, -7.620000000000000100 ) ) ;
#3739 = FILL_AREA_STYLE_COLOUR ( '', #3146 ) ;
#3740 = ADVANCED_FACE ( 'NONE', ( #1554 ), #7851, .T. ) ;
#3741 = SURFACE_STYLE_USAGE ( .BOTH. , #6579 ) ;
#3742 = ORIENTED_EDGE ( 'NONE', *, *, #6218, .F. ) ;
#3743 = DIRECTION ( 'NONE',  ( 0.0000000000000000000, 0.0000000000000000000, 1.000000000000000000 ) ) ;
#3744 = AXIS2_PLACEMENT_3D ( 'NONE', #4923, #6307, #2951 ) ;
#3745 = DIRECTION ( 'NONE',  ( 0.0000000000000000000, 1.000000000000000000, 0.0000000000000000000 ) ) ;
#3746 = ORIENTED_EDGE ( 'NONE', *, *, #8703, .F. ) ;
#3747 = PRESENTATION_LAYER_ASSIGNMENT (  '', '', ( #4503 ) ) ;
#3748 = ORIENTED_EDGE ( 'NONE', *, *, #1584, .F. ) ;
#3749 = DIRECTION ( 'NONE',  ( 0.0000000000000000000, 0.0000000000000000000, 1.000000000000000000 ) ) ;
#3750 = FACE_BOUND ( 'NONE', #20, .T. ) ;
#3751 = ADVANCED_FACE ( 'NONE', ( #2635 ), #3150, .T. ) ;
#3752 = EDGE_CURVE ( 'NONE', #3255, #4656, #380, .T. ) ;
#3753 = DIRECTION ( 'NONE',  ( 0.0000000000000000000, 1.000000000000000000, 0.0000000000000000000 ) ) ;
#3754 = ADVANCED_FACE ( 'NONE', ( #5643 ), #8526, .T. ) ;
#3755 = FILL_AREA_STYLE_COLOUR ( '', #2730 ) ;
#3756 = MANIFOLD_SOLID_BREP ( 'LED 31', #3451 ) ;
#3757 = AXIS2_PLACEMENT_3D ( 'NONE', #6478, #1057, #7860 ) ;
#3758 = CARTESIAN_POINT ( 'NONE',  ( -5.079999999999894400, 6.299999999999999800, 2.540000000000000500 ) ) ;
#3759 = VERTEX_POINT ( 'NONE', #1660 ) ;
#3760 = SURFACE_SIDE_STYLE ('',( #5622 ) ) ;
#3761 = DIRECTION ( 'NONE',  ( 0.0000000000000000000, -0.0000000000000000000, 1.000000000000000000 ) ) ;
#3762 = EDGE_CURVE ( 'NONE', #7138, #87, #2527, .T. ) ;
#3763 = LINE ( 'NONE', #7456, #3002 ) ;
#3764 = DIRECTION ( 'NONE',  ( 0.0000000000000000000, 0.0000000000000000000, 1.000000000000000000 ) ) ;
#3765 = CARTESIAN_POINT ( 'NONE',  ( -3.960000000000000900, -4.799999999999999800, -1.020000000000000000 ) ) ;
#3766 = DIRECTION ( 'NONE',  ( 0.0000000000000000000, 1.000000000000000000, 0.0000000000000000000 ) ) ;
#3767 = VERTEX_POINT ( 'NONE', #1691 ) ;
#3768 = DIRECTION ( 'NONE',  ( 0.0000000000000000000, 0.0000000000000000000, 1.000000000000000000 ) ) ;
#3769 = CARTESIAN_POINT ( 'NONE',  ( 2.540000000000025800, 6.299999999999999800, -5.079999999999999200 ) ) ;
#3770 = CARTESIAN_POINT ( 'NONE',  ( 2.540000000000158600, 6.299999999999999800, 6.630000000000000800 ) ) ;
#3771 = PLANE ( 'NONE',  #8494 ) ;
#3772 = DIRECTION ( 'NONE',  ( 0.0000000000000000000, 0.0000000000000000000, 1.000000000000000000 ) ) ;
#3773 = EDGE_CURVE ( 'NONE', #6845, #6835, #4016, .T. ) ;
#3774 = EDGE_LOOP ( 'NONE', ( #3157, #3686 ) ) ;
#3775 = PLANE ( 'NONE',  #6142 ) ;
#3776 = CYLINDRICAL_SURFACE ( 'NONE', #5362, 0.9899999999999993200 ) ;
#3777 = VECTOR ( 'NONE', #3780, 1000.000000000000000 ) ;
#3778 = ORIENTED_EDGE ( 'NONE', *, *, #3713, .T. ) ;
#3779 = CARTESIAN_POINT ( 'NONE',  ( -3.960000000000000900, 1.000000000000000000, 3.559999999999998700 ) ) ;
#3780 = DIRECTION ( 'NONE',  ( 0.0000000000000000000, 0.0000000000000000000, -1.000000000000000000 ) ) ;
#3781 = EDGE_LOOP ( 'NONE', ( #7708, #2928 ) ) ;
#3782 = FACE_OUTER_BOUND ( 'NONE', #1397, .T. ) ;
#3783 = DIRECTION ( 'NONE',  ( 0.0000000000000000000, 1.000000000000000000, 0.0000000000000000000 ) ) ;
#3784 = EDGE_CURVE ( 'NONE', #4150, #6961, #597, .T. ) ;
#3785 = UNCERTAINTY_MEASURE_WITH_UNIT (LENGTH_MEASURE( 1.000000000000000100E-005 ), #8598, 'distance_accuracy_value', 'NONE');
#3786 =( NAMED_UNIT ( * ) PLANE_ANGLE_UNIT ( ) SI_UNIT ( $, .RADIAN. ) );
#3787 = AXIS2_PLACEMENT_3D ( 'NONE', #2037, #790, #5494 ) ;
#3788 = DIRECTION ( 'NONE',  ( -0.0000000000000000000, 1.000000000000000000, -0.0000000000000000000 ) ) ;
#3789 = VECTOR ( 'NONE', #4020, 1000.000000000000000 ) ;
#3790 = FACE_OUTER_BOUND ( 'NONE', #6393, .T. ) ;
#3791 = PRESENTATION_STYLE_ASSIGNMENT (( #8448 ) ) ;
#3792 = FILL_AREA_STYLE ('',( #1016 ) ) ;
#3794 = DIRECTION ( 'NONE',  ( -1.000000000000000000, 0.0000000000000000000, -0.0000000000000000000 ) ) ;
#3793 = DIRECTION ( 'NONE',  ( 0.0000000000000000000, 0.0000000000000000000, 1.000000000000000000 ) ) ;
#3795 = ADVANCED_FACE ( 'NONE', ( #8239 ), #5873, .F. ) ;
#3796 = CIRCLE ( 'NONE', #6134, 0.9899999999999995500 ) ;
#3797 = EDGE_LOOP ( 'NONE', ( #5332, #8045 ) ) ;
#3798 = VERTEX_POINT ( 'NONE', #7278 ) ;
#3799 = DIRECTION ( 'NONE',  ( 0.0000000000000000000, 1.000000000000000000, 0.0000000000000000000 ) ) ;
#3801 = ORIENTED_EDGE ( 'NONE', *, *, #2342, .T. ) ;
#3800 = CARTESIAN_POINT ( 'NONE',  ( 0.0000000000000000000, -4.799999999999999800, 0.0000000000000000000 ) ) ;
#3802 = VECTOR ( 'NONE', #2388, 1000.000000000000000 ) ;
#3803 = SURFACE_STYLE_USAGE ( .BOTH. , #1028 ) ;
#3804 = PRESENTATION_STYLE_ASSIGNMENT (( #7313 ) ) ;
#3805 = AXIS2_PLACEMENT_3D ( 'NONE', #6608, #1150, #1227 ) ;
#3806 = VERTEX_POINT ( 'NONE', #5186 ) ;
#3807 = DIRECTION ( 'NONE',  ( 0.0000000000000000000, 0.0000000000000000000, 1.000000000000000000 ) ) ;
#3808 = ORIENTED_EDGE ( 'NONE', *, *, #7554, .F. ) ;
#3809 = LINE ( 'NONE', #3426, #1886 ) ;
#3810 = PLANE ( 'NONE',  #7855 ) ;
#3811 = EDGE_LOOP ( 'NONE', ( #5542, #2613 ) ) ;
#3812 = EDGE_CURVE ( 'NONE', #6234, #1478, #5959, .T. ) ;
#3813 = DIRECTION ( 'NONE',  ( 0.0000000000000000000, 1.000000000000000000, 0.0000000000000000000 ) ) ;
#3814 = LINE ( 'NONE', #1009, #5647 ) ;
#3815 = CIRCLE ( 'NONE', #6170, 0.9899999999999995500 ) ;
#3816 = EDGE_LOOP ( 'NONE', ( #1419, #5457, #6310, #4511 ) ) ;
#3817 = AXIS2_PLACEMENT_3D ( 'NONE', #7874, #3658, #308 ) ;
#3818 = CARTESIAN_POINT ( 'NONE',  ( 2.540000000000105700, 6.100000000000000500, 2.540000000000000500 ) ) ;
#3819 = CYLINDRICAL_SURFACE ( 'NONE', #3868, 0.9899999999999995500 ) ;
#3820 = EDGE_LOOP ( 'NONE', ( #6762, #7040, #4502, #6079 ) ) ;
#3821 = ORIENTED_EDGE ( 'NONE', *, *, #8911, .T. ) ;
#3822 = CARTESIAN_POINT ( 'NONE',  ( 5.080000000000133300, 6.100000000000000500, 4.090000000000001600 ) ) ;
#3823 = EDGE_CURVE ( 'NONE', #248, #4919, #4880, .T. ) ;
#3824 = CARTESIAN_POINT ( 'NONE',  ( 3.660000000000001000, -4.799999999999999800, 6.099999999999999600 ) ) ;
#3825 = CARTESIAN_POINT ( 'NONE',  ( -5.079999999999842000, 6.299999999999999800, 7.620000000000000100 ) ) ;
#3826 = EDGE_LOOP ( 'NONE', ( #5427, #7954, #5584, #7827 ) ) ;
#3827 = VECTOR ( 'NONE', #6899, 1000.000000000000000 ) ;
#3829 = CARTESIAN_POINT ( 'NONE',  ( 5.080000000000025800, 6.299999999999999800, -5.079999999999999200 ) ) ;
#3828 = DIRECTION ( 'NONE',  ( -0.0000000000000000000, -1.000000000000000000, -0.0000000000000000000 ) ) ;
#3830 = EDGE_LOOP ( 'NONE', ( #32, #208, #1023, #7658 ) ) ;
#3831 = AXIS2_PLACEMENT_3D ( 'NONE', #2965, #3654, #4358 ) ;
#3832 = CARTESIAN_POINT ( 'NONE',  ( 2.540000000000078600, 6.100000000000000500, -0.9899999999999993200 ) ) ;
#3833 = SURFACE_SIDE_STYLE ('',( #747 ) ) ;
#3834 = ORIENTED_EDGE ( 'NONE', *, *, #3101, .F. ) ;
#3835 = DIRECTION ( 'NONE',  ( 0.0000000000000000000, 1.000000000000000000, 0.0000000000000000000 ) ) ;
#3836 = FACE_OUTER_BOUND ( 'NONE', #1097, .T. ) ;
#3837 = EDGE_CURVE ( 'NONE', #1194, #4522, #7811, .T. ) ;
#3838 = DIRECTION ( 'NONE',  ( 0.0000000000000000000, 0.0000000000000000000, 1.000000000000000000 ) ) ;
#3839 = ORIENTED_EDGE ( 'NONE', *, *, #7258, .F. ) ;
#3840 = ORIENTED_EDGE ( 'NONE', *, *, #7386, .T. ) ;
#3841 = CARTESIAN_POINT ( 'NONE',  ( 3.660000000000001000, -4.799999999999999800, 4.059999999999999600 ) ) ;
#3842 = SURFACE_SIDE_STYLE ('',( #889 ) ) ;
#3843 = FILL_AREA_STYLE ('',( #2464 ) ) ;
#3844 = CARTESIAN_POINT ( 'NONE',  ( 7.892991815694472300E-014, 3.299857146501273600, 0.9899999999999993200 ) ) ;
#3845 = CIRCLE ( 'NONE', #2553, 0.9899999999999993200 ) ;
#3846 = CARTESIAN_POINT ( 'NONE',  ( 2.540000000000131500, 6.100000000000000500, 5.080000000000001000 ) ) ;
#3847 = ADVANCED_FACE ( 'NONE', ( #6183 ), #7904, .F. ) ;
#3848 = EDGE_CURVE ( 'NONE', #7296, #8040, #4558, .T. ) ;
#3849 = DIRECTION ( 'NONE',  ( 0.0000000000000000000, 1.000000000000000000, 0.0000000000000000000 ) ) ;
#3850 = EDGE_CURVE ( 'NONE', #1149, #5477, #2741, .T. ) ;
#3851 = DIRECTION ( 'NONE',  ( 0.0000000000000000000, 1.000000000000000000, 0.0000000000000000000 ) ) ;
#3852 = SURFACE_STYLE_USAGE ( .BOTH. , #5896 ) ;
#3853 = ORIENTED_EDGE ( 'NONE', *, *, #8846, .F. ) ;
#3854 = DIRECTION ( 'NONE',  ( 0.0000000000000000000, 1.000000000000000000, 0.0000000000000000000 ) ) ;
#3855 = CARTESIAN_POINT ( 'NONE',  ( 5.080000000000159100, 6.100000000000000500, 7.620000000000000100 ) ) ;
#3856 = EDGE_LOOP ( 'NONE', ( #45, #7408, #4220, #6186 ) ) ;
#3858 = FACE_BOUND ( 'NONE', #1849, .T. ) ;
#3857 = MECHANICAL_DESIGN_GEOMETRIC_PRESENTATION_REPRESENTATION (  '', ( #8319 ), #1676 ) ;
#3859 = CARTESIAN_POINT ( 'NONE',  ( 2.540000000000025800, 6.100000000000000500, -5.079999999999999200 ) ) ;
#3860 = CARTESIAN_POINT ( 'NONE',  ( -2.539999999999974700, 6.100000000000000500, -5.079999999999999200 ) ) ;
#3861 = DIRECTION ( 'NONE',  ( 0.0000000000000000000, -0.0000000000000000000, -1.000000000000000000 ) ) ;
#3862 = CARTESIAN_POINT ( 'NONE',  ( 3.660000000000001000, 1.000000000000000000, 1.519999999999999600 ) ) ;
#3863 = VECTOR ( 'NONE', #2419, 1000.000000000000000 ) ;
#3864 = VERTEX_POINT ( 'NONE', #2568 ) ;
#3865 = ORIENTED_EDGE ( 'NONE', *, *, #3455, .F. ) ;
#3866 = CARTESIAN_POINT ( 'NONE',  ( 2.539999999999998700, 6.299999999999999800, -6.630000000000000800 ) ) ;
#3867 = PLANE ( 'NONE',  #6350 ) ;
#3868 = AXIS2_PLACEMENT_3D ( 'NONE', #2603, #8084, #3981 ) ;
#3869 = EDGE_LOOP ( 'NONE', ( #3476, #3017, #265, #7170 ) ) ;
#3870 = MANIFOLD_SOLID_BREP ( 'LED 51', #5646 ) ;
#3871 = EDGE_CURVE ( 'NONE', #3894, #5093, #369, .T. ) ;
#3872 = DIRECTION ( 'NONE',  ( 0.0000000000000000000, 0.0000000000000000000, 1.000000000000000000 ) ) ;
#3873 = ORIENTED_EDGE ( 'NONE', *, *, #7419, .T. ) ;
#3874 = CARTESIAN_POINT ( 'NONE',  ( 2.602085213965210600E-014, 6.100000000000000500, -5.079999999999999200 ) ) ;
#3875 = ORIENTED_EDGE ( 'NONE', *, *, #6985, .F. ) ;
#3876 = CARTESIAN_POINT ( 'NONE',  ( 2.540000000000158600, 6.100000000000000500, 7.620000000000000100 ) ) ;
#3877 = FACE_OUTER_BOUND ( 'NONE', #8582, .T. ) ;
#3878 = AXIS2_PLACEMENT_3D ( 'NONE', #3214, #518, #6007 ) ;
#3879 = DIRECTION ( 'NONE',  ( 0.0000000000000000000, 1.000000000000000000, 0.0000000000000000000 ) ) ;
#3880 = DIRECTION ( 'NONE',  ( 0.0000000000000000000, 0.0000000000000000000, 1.000000000000000000 ) ) ;
#3881 = AXIS2_PLACEMENT_3D ( 'NONE', #8061, #6605, #5882 ) ;
#3882 = VERTEX_POINT ( 'NONE', #1815 ) ;
#3883 = VECTOR ( 'NONE', #4789, 1000.000000000000000 ) ;
#3884 = EDGE_CURVE ( 'NONE', #1883, #1917, #490, .T. ) ;
#3885 = ADVANCED_FACE ( 'NONE', ( #7912 ), #6655, .T. ) ;
#3886 = ORIENTED_EDGE ( 'NONE', *, *, #3128, .F. ) ;
#3887 = VECTOR ( 'NONE', #630, 1000.000000000000000 ) ;
#3888 = ORIENTED_EDGE ( 'NONE', *, *, #3784, .F. ) ;
#3889 = SURFACE_STYLE_USAGE ( .BOTH. , #3833 ) ;
#3890 = DIRECTION ( 'NONE',  ( 0.0000000000000000000, -1.000000000000000000, 0.0000000000000000000 ) ) ;
#3891 = CARTESIAN_POINT ( 'NONE',  ( -2.539999999999894800, 6.100000000000000500, 2.540000000000000500 ) ) ;
#3892 = AXIS2_PLACEMENT_3D ( 'NONE', #6813, #4070, #8890 ) ;
#3893 = DIRECTION ( 'NONE',  ( 0.0000000000000000000, 1.000000000000000000, 0.0000000000000000000 ) ) ;
#3894 = VERTEX_POINT ( 'NONE', #7994 ) ;
#3895 = LINE ( 'NONE', #920, #691 ) ;
#3896 = DIRECTION ( 'NONE',  ( 0.0000000000000000000, -1.000000000000000000, 0.0000000000000000000 ) ) ;
#3897 = CIRCLE ( 'NONE', #8696, 0.9899999999999995500 ) ;
#3898 = EDGE_CURVE ( 'NONE', #7913, #555, #5738, .T. ) ;
#3899 = DIRECTION ( 'NONE',  ( -0.0000000000000000000, 0.0000000000000000000, 1.000000000000000000 ) ) ;
#3900 = CIRCLE ( 'NONE', #740, 0.9899999999999995500 ) ;
#3901 = ORIENTED_EDGE ( 'NONE', *, *, #8477, .T. ) ;
#3902 = VERTEX_POINT ( 'NONE', #8652 ) ;
#3903 = FACE_OUTER_BOUND ( 'NONE', #5177, .T. ) ;
#3904 = DIRECTION ( 'NONE',  ( 0.0000000000000000000, -0.0000000000000000000, 1.000000000000000000 ) ) ;
#3905 = VERTEX_POINT ( 'NONE', #6630 ) ;
#3906 = FACE_OUTER_BOUND ( 'NONE', #4702, .T. ) ;
#3907 = AXIS2_PLACEMENT_3D ( 'NONE', #979, #1715, #4411 ) ;
#3908 = FACE_OUTER_BOUND ( 'NONE', #5827, .T. ) ;
#3909 = PLANE ( 'NONE',  #4188 ) ;
#3910 = ORIENTED_EDGE ( 'NONE', *, *, #8658, .F. ) ;
#3911 =( NAMED_UNIT ( * ) PLANE_ANGLE_UNIT ( ) SI_UNIT ( $, .RADIAN. ) );
#3912 = ORIENTED_EDGE ( 'NONE', *, *, #3149, .F. ) ;
#3913 = EDGE_CURVE ( 'NONE', #19, #8667, #4443, .T. ) ;
#3914 = FACE_OUTER_BOUND ( 'NONE', #8232, .T. ) ;
#3915 = EDGE_LOOP ( 'NONE', ( #7755, #4988, #7376, #3642 ) ) ;
#3916 =( GEOMETRIC_REPRESENTATION_CONTEXT ( 3 ) GLOBAL_UNCERTAINTY_ASSIGNED_CONTEXT ( ( #3252 ) ) GLOBAL_UNIT_ASSIGNED_CONTEXT ( ( #2814, #8335, #4766 ) ) REPRESENTATION_CONTEXT ( 'NONE', 'WORKASPACE' ) );
#3917 = CARTESIAN_POINT ( 'NONE',  ( 2.602085213965210600E-014, 6.299999999999999800, -5.079999999999999200 ) ) ;
#3918 = EDGE_LOOP ( 'NONE', ( #5413, #7353, #2681, #3954 ) ) ;
#3919 = ORIENTED_EDGE ( 'NONE', *, *, #8749, .F. ) ;
#3920 = DIRECTION ( 'NONE',  ( -0.0000000000000000000, -1.000000000000000000, -0.0000000000000000000 ) ) ;
#3921 = VECTOR ( 'NONE', #4623, 1000.000000000000000 ) ;
#3922 = ORIENTED_EDGE ( 'NONE', *, *, #5132, .T. ) ;
#3923 = DIRECTION ( 'NONE',  ( -0.0000000000000000000, 1.000000000000000000, -0.0000000000000000000 ) ) ;
#3924 = CARTESIAN_POINT ( 'NONE',  ( -5.079999999999974300, 6.299999999999999800, -5.079999999999999200 ) ) ;
#3925 = DIRECTION ( 'NONE',  ( 0.0000000000000000000, -0.0000000000000000000, 1.000000000000000000 ) ) ;
#3926 = EDGE_LOOP ( 'NONE', ( #4952, #57, #5632, #1146 ) ) ;
#3927 = AXIS2_PLACEMENT_3D ( 'NONE', #143, #4151, #2160 ) ;
#3928 = CARTESIAN_POINT ( 'NONE',  ( -3.960000000000000900, 1.000000000000000000, -1.520000000000000500 ) ) ;
#3929 = ORIENTED_EDGE ( 'NONE', *, *, #3603, .T. ) ;
#3930 = EDGE_LOOP ( 'NONE', ( #4532, #8193 ) ) ;
#3931 = CARTESIAN_POINT ( 'NONE',  ( 1.059393720677008300E-013, 6.100000000000000500, 1.550000000000001200 ) ) ;
#3932 = AXIS2_PLACEMENT_3D ( 'NONE', #1889, #4641, #6694 ) ;
#3933 = UNCERTAINTY_MEASURE_WITH_UNIT (LENGTH_MEASURE( 1.000000000000000100E-005 ), #1476, 'distance_accuracy_value', 'NONE');
#3934 = ORIENTED_EDGE ( 'NONE', *, *, #2688, .F. ) ;
#3935 =( NAMED_UNIT ( * ) PLANE_ANGLE_UNIT ( ) SI_UNIT ( $, .RADIAN. ) );
#3936 = EDGE_CURVE ( 'NONE', #6539, #7710, #810, .T. ) ;
#3937 = CARTESIAN_POINT ( 'NONE',  ( 2.540000000000025800, 6.299999999999999800, -5.079999999999999200 ) ) ;
#3938 = VERTEX_POINT ( 'NONE', #3822 ) ;
#3939 = ADVANCED_FACE ( 'NONE', ( #256 ), #8684, .T. ) ;
#3940 = AXIS2_PLACEMENT_3D ( 'NONE', #8516, #268, #3624 ) ;
#3941 = CARTESIAN_POINT ( 'NONE',  ( 5.080000000000159100, 6.299999999999999800, 8.609999999999999400 ) ) ;
#3942 = CLOSED_SHELL ( 'NONE', ( #5426, #1284, #5106, #5170 ) ) ;
#3943 = FACE_OUTER_BOUND ( 'NONE', #2772, .T. ) ;
#3944 = DIRECTION ( 'NONE',  ( -1.000000000000000000, -0.0000000000000000000, -0.0000000000000000000 ) ) ;
#3945 = ORIENTED_EDGE ( 'NONE', *, *, #4589, .F. ) ;
#3946 = EDGE_CURVE ( 'NONE', #705, #2210, #7476, .T. ) ;
#3947 = PLANE ( 'NONE',  #1204 ) ;
#3948 = CARTESIAN_POINT ( 'NONE',  ( -2.540000000000000900, 6.299999999999999800, -8.609999999999999400 ) ) ;
#3949 = FACE_OUTER_BOUND ( 'NONE', #587, .T. ) ;
#3950 = CARTESIAN_POINT ( 'NONE',  ( -3.960000000000000900, -4.799999999999999800, -1.520000000000000500 ) ) ;
#3951 = EDGE_LOOP ( 'NONE', ( #3053, #2894, #1413, #3853 ) ) ;
#3952 = CIRCLE ( 'NONE', #5937, 0.9899999999999995500 ) ;
#3953 = AXIS2_PLACEMENT_3D ( 'NONE', #5544, #8321, #2780 ) ;
#3954 = ORIENTED_EDGE ( 'NONE', *, *, #8046, .T. ) ;
#3955 = DIRECTION ( 'NONE',  ( -0.0000000000000000000, 1.000000000000000000, -0.0000000000000000000 ) ) ;
#3956 = CARTESIAN_POINT ( 'NONE',  ( 2.540000000000051500, 3.299857146501273600, -3.529999999999999400 ) ) ;
#3957 = CARTESIAN_POINT ( 'NONE',  ( -4.762500000000000200, 0.0000000000000000000, 8.869999999999999200 ) ) ;
#3958 = CARTESIAN_POINT ( 'NONE',  ( 5.204170427930421300E-014, 6.100000000000000500, -2.539999999999999600 ) ) ;
#3959 = DIRECTION ( 'NONE',  ( 0.0000000000000000000, 0.0000000000000000000, 1.000000000000000000 ) ) ;
#3960 = EDGE_CURVE ( 'NONE', #4285, #4995, #3796, .T. ) ;
#3961 = CARTESIAN_POINT ( 'NONE',  ( -5.080000000000001000, 6.100000000000000500, -6.630000000000000800 ) ) ;
#3962 = VECTOR ( 'NONE', #424, 1000.000000000000000 ) ;
#3963 = CARTESIAN_POINT ( 'NONE',  ( 2.602085213965210600E-014, 6.100000000000000500, -5.079999999999999200 ) ) ;
#3964 = CARTESIAN_POINT ( 'NONE',  ( 2.540000000000105700, 6.299999999999999800, 2.540000000000000500 ) ) ;
#3965 = PLANE ( 'NONE',  #1455 ) ;
#3966 = DIRECTION ( 'NONE',  ( -0.0000000000000000000, 1.000000000000000000, -0.0000000000000000000 ) ) ;
#3967 = AXIS2_PLACEMENT_3D ( 'NONE', #7407, #1980, #5979 ) ;
#3968 = VECTOR ( 'NONE', #7859, 1000.000000000000000 ) ;
#3969 = EDGE_CURVE ( 'NONE', #1004, #2652, #2084, .T. ) ;
#3970 = VERTEX_POINT ( 'NONE', #1166 ) ;
#3971 = DIRECTION ( 'NONE',  ( 0.0000000000000000000, -0.0000000000000000000, 1.000000000000000000 ) ) ;
#3972 = ORIENTED_EDGE ( 'NONE', *, *, #7081, .F. ) ;
#3973 = DIRECTION ( 'NONE',  ( -0.0000000000000000000, 1.000000000000000000, -0.0000000000000000000 ) ) ;
#3974 = FACE_BOUND ( 'NONE', #6082, .T. ) ;
#3975 = ORIENTED_EDGE ( 'NONE', *, *, #3784, .T. ) ;
#3976 = AXIS2_PLACEMENT_3D ( 'NONE', #5361, #4745, #8913 ) ;
#3977 = FACE_OUTER_BOUND ( 'NONE', #4786, .T. ) ;
#3978 = ADVANCED_FACE ( 'NONE', ( #3914 ), #6937, .F. ) ;
#3979 = DIRECTION ( 'NONE',  ( 0.0000000000000000000, -1.000000000000000000, 0.0000000000000000000 ) ) ;
#3980 = FILL_AREA_STYLE_COLOUR ( '', #6711 ) ;
#3981 = DIRECTION ( 'NONE',  ( 0.0000000000000000000, 0.0000000000000000000, 1.000000000000000000 ) ) ;
#3982 = EDGE_CURVE ( 'NONE', #6672, #8585, #7153, .T. ) ;
#3983 = VERTEX_POINT ( 'NONE', #2021 ) ;
#3984 = EDGE_LOOP ( 'NONE', ( #3194, #8479 ) ) ;
#3985 = FACE_OUTER_BOUND ( 'NONE', #3325, .T. ) ;
#3986 = CARTESIAN_POINT ( 'NONE',  ( 5.079999999999999200, 6.100000000000000500, -7.620000000000000100 ) ) ;
#3987 = CARTESIAN_POINT ( 'NONE',  ( 4.762500000000000200, 0.0000000000000000000, 0.0000000000000000000 ) ) ;
#3988 = CARTESIAN_POINT ( 'NONE',  ( 1.587271980518778500E-013, 6.100000000000000500, 7.620000000000000100 ) ) ;
#3989 = CARTESIAN_POINT ( 'NONE',  ( 2.540000000000025800, 6.100000000000000500, -5.079999999999999200 ) ) ;
#3990 = CARTESIAN_POINT ( 'NONE',  ( 3.660000000000001000, -4.799999999999999800, -6.599999999999999600 ) ) ;
#3991 = STYLED_ITEM ( 'NONE', ( #3257 ), #3756 ) ;
#3992 = VERTEX_POINT ( 'NONE', #684 ) ;
#3993 = CIRCLE ( 'NONE', #4806, 0.9899999999999993200 ) ;
#3994 = EDGE_CURVE ( 'NONE', #3067, #4142, #2192, .T. ) ;
#3995 = CARTESIAN_POINT ( 'NONE',  ( -5.079999999999894400, 3.299857146501273600, 2.540000000000000500 ) ) ;
#3996 = CARTESIAN_POINT ( 'NONE',  ( -3.960000000000000900, 1.000000000000000000, 4.059999999999999600 ) ) ;
#3997 = VERTEX_POINT ( 'NONE', #7508 ) ;
#3998 = FACE_BOUND ( 'NONE', #4882, .T. ) ;
#3999 = AXIS2_PLACEMENT_3D ( 'NONE', #2480, #1910, #6658 ) ;
#4000 = CIRCLE ( 'NONE', #8882, 0.9899999999999995500 ) ;
#4001 = CARTESIAN_POINT ( 'NONE',  ( 3.660000000000001000, 1.000000000000000000, 3.559999999999998700 ) ) ;
#4002 = DIRECTION ( 'NONE',  ( -1.000000000000000000, 0.0000000000000000000, -0.0000000000000000000 ) ) ;
#4003 = LINE ( 'NONE', #6629, #4426 ) ;
#4004 = EDGE_LOOP ( 'NONE', ( #5977, #7047 ) ) ;
#4005 = VECTOR ( 'NONE', #3701, 1000.000000000000000 ) ;
#4006 = DIRECTION ( 'NONE',  ( 0.0000000000000000000, 0.0000000000000000000, 1.000000000000000000 ) ) ;
#4007 = AXIS2_PLACEMENT_3D ( 'NONE', #7316, #7921, #3768 ) ;
#4008 = EDGE_CURVE ( 'NONE', #949, #4461, #8443, .T. ) ;
#4009 = ORIENTED_EDGE ( 'NONE', *, *, #744, .T. ) ;
#4010 = DIRECTION ( 'NONE',  ( 0.0000000000000000000, 1.000000000000000000, 0.0000000000000000000 ) ) ;
#4011 = LINE ( 'NONE', #7677, #359 ) ;
#4012 = DIRECTION ( 'NONE',  ( 0.0000000000000000000, 0.0000000000000000000, 1.000000000000000000 ) ) ;
#4013 = DIRECTION ( 'NONE',  ( 0.0000000000000000000, 1.000000000000000000, 0.0000000000000000000 ) ) ;
#4014 = CYLINDRICAL_SURFACE ( 'NONE', #4523, 0.9899999999999995500 ) ;
#4015 = PLANE ( 'NONE',  #3588 ) ;
#4016 = LINE ( 'NONE', #2324, #2405 ) ;
#4017 =( LENGTH_UNIT ( ) NAMED_UNIT ( * ) SI_UNIT ( .MILLI., .METRE. ) );
#4018 = ORIENTED_EDGE ( 'NONE', *, *, #8918, .F. ) ;
#4019 = DIRECTION ( 'NONE',  ( 0.0000000000000000000, 1.000000000000000000, 0.0000000000000000000 ) ) ;
#4020 = DIRECTION ( 'NONE',  ( -0.0000000000000000000, 1.000000000000000000, -0.0000000000000000000 ) ) ;
#4021 = ORIENTED_EDGE ( 'NONE', *, *, #3773, .F. ) ;
#4022 = VERTEX_POINT ( 'NONE', #6754 ) ;
#4023 = AXIS2_PLACEMENT_3D ( 'NONE', #7185, #3732, #342 ) ;
#4024 = FACE_OUTER_BOUND ( 'NONE', #7929, .T. ) ;
#4025 = CIRCLE ( 'NONE', #3337, 0.9899999999999993200 ) ;
#4026 = VERTEX_POINT ( 'NONE', #7446 ) ;
#4027 = ADVANCED_FACE ( 'NONE', ( #8228 ), #7474, .F. ) ;
#4028 = ORIENTED_EDGE ( 'NONE', *, *, #639, .F. ) ;
#4029 = DIRECTION ( 'NONE',  ( -0.0000000000000000000, 1.000000000000000000, -0.0000000000000000000 ) ) ;
#4030 = LINE ( 'NONE', #132, #8565 ) ;
#4031 = ORIENTED_EDGE ( 'NONE', *, *, #4384, .T. ) ;
#4032 = EDGE_LOOP ( 'NONE', ( #1080, #4031 ) ) ;
#4033 = CARTESIAN_POINT ( 'NONE',  ( 2.540000000000051500, 6.100000000000000500, -3.529999999999999400 ) ) ;
#4034 = CIRCLE ( 'NONE', #4606, 0.9899999999999993200 ) ;
#4035 = DIRECTION ( 'NONE',  ( -0.0000000000000000000, 1.000000000000000000, -0.0000000000000000000 ) ) ;
#4036 = ORIENTED_EDGE ( 'NONE', *, *, #1584, .T. ) ;
#4037 = EDGE_CURVE ( 'NONE', #503, #319, #5947, .T. ) ;
#4038 = CARTESIAN_POINT ( 'NONE',  ( -2.539999999999947600, 3.299857146501273600, -2.539999999999999600 ) ) ;
#4039 = AXIS2_PLACEMENT_3D ( 'NONE', #6223, #2976, #219 ) ;
#4040 = CARTESIAN_POINT ( 'NONE',  ( 2.540000000000025800, 6.100000000000000500, -5.079999999999999200 ) ) ;
#4041 = CARTESIAN_POINT ( 'NONE',  ( -5.079999999999948600, 6.100000000000000500, -1.550000000000000500 ) ) ;
#4042 = VERTEX_POINT ( 'NONE', #4719 ) ;
#4043 = ORIENTED_EDGE ( 'NONE', *, *, #3227, .T. ) ;
#4044 = FILL_AREA_STYLE ('',( #1973 ) ) ;
#4045 = CARTESIAN_POINT ( 'NONE',  ( 5.080000000000133300, 6.100000000000000500, 5.080000000000001000 ) ) ;
#4046 = SURFACE_STYLE_USAGE ( .BOTH. , #2698 ) ;
#4047 = ORIENTED_EDGE ( 'NONE', *, *, #3303, .T. ) ;
#4048 = AXIS2_PLACEMENT_3D ( 'NONE', #194, #8422, #8449 ) ;
#4049 = LINE ( 'NONE', #8805, #4360 ) ;
#4050 = PRESENTATION_STYLE_ASSIGNMENT (( #1775 ) ) ;
#4051 = SURFACE_SIDE_STYLE ('',( #6115 ) ) ;
#4052 = ORIENTED_EDGE ( 'NONE', *, *, #6554, .F. ) ;
#4053 = CARTESIAN_POINT ( 'NONE',  ( 2.602085213965210600E-014, 6.100000000000000500, -4.089999999999999900 ) ) ;
#4054 = CARTESIAN_POINT ( 'NONE',  ( 7.905115819006031600E-014, 6.100000000000000500, -0.9899999999999993200 ) ) ;
#4055 = EDGE_CURVE ( 'NONE', #3582, #3516, #1864, .T. ) ;
#4056 = ORIENTED_EDGE ( 'NONE', *, *, #1187, .F. ) ;
#4057 = PLANE ( 'NONE',  #4716 ) ;
#4058 = CIRCLE ( 'NONE', #7222, 0.9899999999999995500 ) ;
#4059 = ORIENTED_EDGE ( 'NONE', *, *, #8273, .F. ) ;
#4060 = EDGE_LOOP ( 'NONE', ( #8310, #8323 ) ) ;
#4061 = AXIS2_PLACEMENT_3D ( 'NONE', #5041, #947, #3083 ) ;
#4062 = CARTESIAN_POINT ( 'NONE',  ( 5.204170427930421300E-014, 6.299999999999999800, -1.550000000000000500 ) ) ;
#4063 = VECTOR ( 'NONE', #4585, 1000.000000000000000 ) ;
#4064 = AXIS2_PLACEMENT_3D ( 'NONE', #3370, #576, #7401 ) ;
#4065 = DIRECTION ( 'NONE',  ( 0.0000000000000000000, 1.000000000000000000, 0.0000000000000000000 ) ) ;
#4066 = CIRCLE ( 'NONE', #1581, 0.9899999999999995500 ) ;
#4067 = EDGE_CURVE ( 'NONE', #8166, #6931, #4655, .T. ) ;
#4068 = DIRECTION ( 'NONE',  ( -0.0000000000000000000, 1.000000000000000000, -0.0000000000000000000 ) ) ;
#4069 = CARTESIAN_POINT ( 'NONE',  ( 3.660000000000001000, -4.799999999999999800, -3.559999999999999600 ) ) ;
#4070 = DIRECTION ( 'NONE',  ( 0.0000000000000000000, 0.0000000000000000000, -1.000000000000000000 ) ) ;
#4071 = LINE ( 'NONE', #3987, #4387 ) ;
#4072 = AXIS2_PLACEMENT_3D ( 'NONE', #8828, #6779, #4691 ) ;
#4073 = ADVANCED_FACE ( 'NONE', ( #1637 ), #6869, .F. ) ;
#4074 = EDGE_LOOP ( 'NONE', ( #6508, #5982, #7184, #8085 ) ) ;
#4075 = EDGE_LOOP ( 'NONE', ( #1650, #3396, #4335, #8648 ) ) ;
#4076 = ORIENTED_EDGE ( 'NONE', *, *, #3722, .T. ) ;
#4077 = DIRECTION ( 'NONE',  ( 0.0000000000000000000, 0.0000000000000000000, 1.000000000000000000 ) ) ;
#4078 = EDGE_CURVE ( 'NONE', #2220, #5404, #7269, .T. ) ;
#4079 = VERTEX_POINT ( 'NONE', #2619 ) ;
#4080 = DIRECTION ( 'NONE',  ( 0.0000000000000000000, 0.0000000000000000000, 1.000000000000000000 ) ) ;
#4081 = FACE_OUTER_BOUND ( 'NONE', #8893, .T. ) ;
#4082 = FILL_AREA_STYLE ('',( #86 ) ) ;
#4083 = SURFACE_STYLE_USAGE ( .BOTH. , #4827 ) ;
#4084 = AXIS2_PLACEMENT_3D ( 'NONE', #7107, #6440, #2995 ) ;
#4085 = FACE_OUTER_BOUND ( 'NONE', #4137, .T. ) ;
#4086 = EDGE_LOOP ( 'NONE', ( #2742, #6087, #8669, #330 ) ) ;
#4087 = ORIENTED_EDGE ( 'NONE', *, *, #6339, .F. ) ;
#4088 = EDGE_CURVE ( 'NONE', #152, #1933, #6926, .T. ) ;
#4089 = CARTESIAN_POINT ( 'NONE',  ( -2.539999999999947600, 6.299999999999999800, -2.539999999999999600 ) ) ;
#4090 = AXIS2_PLACEMENT_3D ( 'NONE', #3171, #1831, #7985 ) ;
#4091 = ORIENTED_EDGE ( 'NONE', *, *, #4272, .T. ) ;
#4092 = DIRECTION ( 'NONE',  ( 0.0000000000000000000, 0.0000000000000000000, 1.000000000000000000 ) ) ;
#4093 = CARTESIAN_POINT ( 'NONE',  ( -5.079999999999842000, 6.100000000000000500, 7.620000000000000100 ) ) ;
#4094 = CARTESIAN_POINT ( 'NONE',  ( -5.079999999999974300, 6.299999999999999800, -5.079999999999999200 ) ) ;
#4095 = DIRECTION ( 'NONE',  ( 0.0000000000000000000, 0.0000000000000000000, 1.000000000000000000 ) ) ;
#4096 = AXIS2_PLACEMENT_3D ( 'NONE', #8403, #5650, #2249 ) ;
#4097 = VERTEX_POINT ( 'NONE', #8857 ) ;
#4098 = LINE ( 'NONE', #2024, #450 ) ;
#4099 = LINE ( 'NONE', #6343, #7681 ) ;
#4100 = DIRECTION ( 'NONE',  ( 0.0000000000000000000, 1.000000000000000000, 0.0000000000000000000 ) ) ;
#4101 = CARTESIAN_POINT ( 'NONE',  ( -5.079999999999894400, 3.299857146501273600, 3.530000000000000200 ) ) ;
#4102 = DIRECTION ( 'NONE',  ( 0.0000000000000000000, 0.0000000000000000000, 1.000000000000000000 ) ) ;
#4103 = EDGE_CURVE ( 'NONE', #4656, #5249, #5080, .T. ) ;
#4104 = DIRECTION ( 'NONE',  ( -0.0000000000000000000, 1.000000000000000000, -0.0000000000000000000 ) ) ;
#4105 = CARTESIAN_POINT ( 'NONE',  ( 2.540000000000105700, 3.299857146501273600, 1.550000000000001200 ) ) ;
#4106 = ORIENTED_EDGE ( 'NONE', *, *, #2817, .T. ) ;
#4107 = VECTOR ( 'NONE', #5577, 1000.000000000000000 ) ;
#4108 = DIRECTION ( 'NONE',  ( 0.0000000000000000000, -0.0000000000000000000, 1.000000000000000000 ) ) ;
#4109 = DIRECTION ( 'NONE',  ( 0.0000000000000000000, 0.0000000000000000000, 1.000000000000000000 ) ) ;
#4110 = ORIENTED_EDGE ( 'NONE', *, *, #8336, .T. ) ;
#4111 = STYLED_ITEM ( 'NONE', ( #6612 ), #3638 ) ;
#4112 = EDGE_LOOP ( 'NONE', ( #6493, #5508, #4485, #3875 ) ) ;
#4113 = ADVANCED_FACE ( 'NONE', ( #8870 ), #2854, .T. ) ;
#4114 = VECTOR ( 'NONE', #4463, 1000.000000000000000 ) ;
#4115 = EDGE_CURVE ( 'NONE', #7039, #1301, #3900, .T. ) ;
#4116 = COLOUR_RGB ( '',0.5019607843137254800, 0.5019607843137254800, 0.5019607843137254800 ) ;
#4117 = CIRCLE ( 'NONE', #8673, 0.9899999999999993200 ) ;
#4118 = CARTESIAN_POINT ( 'NONE',  ( -3.660000000000001000, -4.799999999999999800, -1.520000000000000500 ) ) ;
#4119 = FILL_AREA_STYLE_COLOUR ( '', #1125 ) ;
#4120 = AXIS2_PLACEMENT_3D ( 'NONE', #4410, #2469, #404 ) ;
#4121 = CYLINDRICAL_SURFACE ( 'NONE', #1013, 0.9899999999999995500 ) ;
#4122 = DIRECTION ( 'NONE',  ( 0.0000000000000000000, 1.000000000000000000, 0.0000000000000000000 ) ) ;
#4123 = ORIENTED_EDGE ( 'NONE', *, *, #5107, .T. ) ;
#4124 = ORIENTED_EDGE ( 'NONE', *, *, #7841, .F. ) ;
#4125 = LINE ( 'NONE', #4879, #1641 ) ;
#4126 = ORIENTED_EDGE ( 'NONE', *, *, #80, .T. ) ;
#4127 = LINE ( 'NONE', #5244, #4336 ) ;
#4128 = CYLINDRICAL_SURFACE ( 'NONE', #126, 0.9899999999999995500 ) ;
#4129 = EDGE_CURVE ( 'NONE', #2139, #7981, #3240, .T. ) ;
#4130 = ORIENTED_EDGE ( 'NONE', *, *, #8119, .T. ) ;
#4131 = EDGE_LOOP ( 'NONE', ( #3436, #5934, #8664, #689 ) ) ;
#4132 = CARTESIAN_POINT ( 'NONE',  ( 3.660000000000001000, -4.799999999999999800, 1.019999999999999100 ) ) ;
#4133 = VECTOR ( 'NONE', #2382, 1000.000000000000000 ) ;
#4134 = DIRECTION ( 'NONE',  ( 0.0000000000000000000, -1.000000000000000000, 0.0000000000000000000 ) ) ;
#4135 = ORIENTED_EDGE ( 'NONE', *, *, #3264, .T. ) ;
#4136 = ORIENTED_EDGE ( 'NONE', *, *, #1647, .T. ) ;
#4137 = EDGE_LOOP ( 'NONE', ( #3585, #2461, #5739, #7589 ) ) ;
#4138 = CARTESIAN_POINT ( 'NONE',  ( 3.660000000000001000, 1.000000000000000000, 6.599999999999999600 ) ) ;
#4139 = LINE ( 'NONE', #3276, #158 ) ;
#4140 =( GEOMETRIC_REPRESENTATION_CONTEXT ( 3 ) GLOBAL_UNCERTAINTY_ASSIGNED_CONTEXT ( ( #891 ) ) GLOBAL_UNIT_ASSIGNED_CONTEXT ( ( #4836, #7559, #7507 ) ) REPRESENTATION_CONTEXT ( 'NONE', 'WORKASPACE' ) );
#4141 = DIRECTION ( 'NONE',  ( 0.0000000000000000000, 1.000000000000000000, 0.0000000000000000000 ) ) ;
#4142 = VERTEX_POINT ( 'NONE', #3514 ) ;
#4143 = DIRECTION ( 'NONE',  ( 0.0000000000000000000, 0.0000000000000000000, 1.000000000000000000 ) ) ;
#4144 = CARTESIAN_POINT ( 'NONE',  ( -5.079999999999868600, 6.100000000000000500, 6.070000000000001200 ) ) ;
#4145 = DIRECTION ( 'NONE',  ( 0.0000000000000000000, 1.000000000000000000, 0.0000000000000000000 ) ) ;
#4146 = LINE ( 'NONE', #7367, #7724 ) ;
#4147 = ORIENTED_EDGE ( 'NONE', *, *, #6294, .T. ) ;
#4148 = ORIENTED_EDGE ( 'NONE', *, *, #6683, .F. ) ;
#4149 = VERTEX_POINT ( 'NONE', #2822 ) ;
#4150 = VERTEX_POINT ( 'NONE', #4181 ) ;
#4151 = DIRECTION ( 'NONE',  ( 0.0000000000000000000, 1.000000000000000000, 0.0000000000000000000 ) ) ;
#4152 = LINE ( 'NONE', #2167, #65 ) ;
#4153 = VECTOR ( 'NONE', #6801, 1000.000000000000000 ) ;
#4154 = DIRECTION ( 'NONE',  ( 0.0000000000000000000, 1.000000000000000000, 0.0000000000000000000 ) ) ;
#4155 = CARTESIAN_POINT ( 'NONE',  ( -5.079999999999868600, 6.100000000000000500, 4.090000000000001600 ) ) ;
#4156 = VERTEX_POINT ( 'NONE', #8318 ) ;
#4157 = AXIS2_PLACEMENT_3D ( 'NONE', #1279, #6088, #1967 ) ;
#4158 = MANIFOLD_SOLID_BREP ( 'Pin 8', #1988 ) ;
#4159 = SURFACE_STYLE_USAGE ( .BOTH. , #6992 ) ;
#4160 = ORIENTED_EDGE ( 'NONE', *, *, #752, .F. ) ;
#4161 = FACE_OUTER_BOUND ( 'NONE', #5615, .T. ) ;
#4162 = ADVANCED_FACE ( 'NONE', ( #912 ), #4210, .T. ) ;
#4163 = ORIENTED_EDGE ( 'NONE', *, *, #1496, .F. ) ;
#4164 = CARTESIAN_POINT ( 'NONE',  ( -2.539999999999974700, 3.299857146501273600, -4.089999999999999900 ) ) ;
#4165 = DIRECTION ( 'NONE',  ( 1.000000000000000000, -0.0000000000000000000, 0.0000000000000000000 ) ) ;
#4166 = AXIS2_PLACEMENT_3D ( 'NONE', #5579, #6972, #8922 ) ;
#4167 = CARTESIAN_POINT ( 'NONE',  ( -2.539999999999974700, 6.100000000000000500, -6.069999999999999400 ) ) ;
#4168 = FACE_OUTER_BOUND ( 'NONE', #5994, .T. ) ;
#4169 = ORIENTED_EDGE ( 'NONE', *, *, #2361, .T. ) ;
#4170 = DIRECTION ( 'NONE',  ( -0.0000000000000000000, 1.000000000000000000, -0.0000000000000000000 ) ) ;
#4171 = EDGE_CURVE ( 'NONE', #3864, #4614, #30, .T. ) ;
#4172 = DIRECTION ( 'NONE',  ( 0.0000000000000000000, 1.000000000000000000, 0.0000000000000000000 ) ) ;
#4173 = ORIENTED_EDGE ( 'NONE', *, *, #7746, .T. ) ;
#4174 = FACE_OUTER_BOUND ( 'NONE', #8622, .T. ) ;
#4175 = VECTOR ( 'NONE', #7260, 1000.000000000000000 ) ;
#4176 = STYLED_ITEM ( 'NONE', ( #1610 ), #5079 ) ;
#4177 = DIRECTION ( 'NONE',  ( 0.0000000000000000000, 1.000000000000000000, 0.0000000000000000000 ) ) ;
#4178 = CARTESIAN_POINT ( 'NONE',  ( 2.540000000000025800, 3.299857146501273600, -6.069999999999999400 ) ) ;
#4179 = CARTESIAN_POINT ( 'NONE',  ( -5.080000000000001000, 6.100000000000000500, -6.630000000000000800 ) ) ;
#4180 = STYLED_ITEM ( 'NONE', ( #1687 ), #1787 ) ;
#4181 = CARTESIAN_POINT ( 'NONE',  ( -2.539999999999841500, 6.299999999999999800, 8.609999999999999400 ) ) ;
#4182 = EDGE_CURVE ( 'NONE', #885, #8699, #144, .T. ) ;
#4183 = CYLINDRICAL_SURFACE ( 'NONE', #3736, 0.9899999999999995500 ) ;
#4184 = DIRECTION ( 'NONE',  ( 0.0000000000000000000, 1.000000000000000000, 0.0000000000000000000 ) ) ;
#4185 = DIRECTION ( 'NONE',  ( 0.0000000000000000000, 0.0000000000000000000, 1.000000000000000000 ) ) ;
#4186 = ORIENTED_EDGE ( 'NONE', *, *, #2087, .F. ) ;
#4187 = ORIENTED_EDGE ( 'NONE', *, *, #4115, .F. ) ;
#4188 = AXIS2_PLACEMENT_3D ( 'NONE', #539, #1935, #3971 ) ;
#4189 = FACE_BOUND ( 'NONE', #7580, .T. ) ;
#4190 =( NAMED_UNIT ( * ) SI_UNIT ( $, .STERADIAN. ) SOLID_ANGLE_UNIT ( ) );
#4191 = CARTESIAN_POINT ( 'NONE',  ( -2.539999999999841500, 6.299999999999999800, 7.620000000000000100 ) ) ;
#4192 = DIRECTION ( 'NONE',  ( 1.000000000000000000, 0.0000000000000000000, 0.0000000000000000000 ) ) ;
#4193 = EDGE_LOOP ( 'NONE', ( #6194, #3316, #5886, #1160 ) ) ;
#4194 = STYLED_ITEM ( 'NONE', ( #2291 ), #13 ) ;
#4195 = PLANE ( 'NONE',  #6873 ) ;
#4196 = CARTESIAN_POINT ( 'NONE',  ( 5.080000000000159100, 6.299999999999999800, 7.620000000000000100 ) ) ;
#4197 = VERTEX_POINT ( 'NONE', #125 ) ;
#4198 = EDGE_LOOP ( 'NONE', ( #682, #5023, #3099, #1759 ) ) ;
#4199 = LINE ( 'NONE', #7564, #569 ) ;
#4200 = UNCERTAINTY_MEASURE_WITH_UNIT (LENGTH_MEASURE( 1.000000000000000100E-005 ), #6096, 'distance_accuracy_value', 'NONE');
#4201 = ADVANCED_FACE ( 'NONE', ( #476 ), #4121, .F. ) ;
#4202 = LINE ( 'NONE', #7801, #8415 ) ;
#4203 = EDGE_CURVE ( 'NONE', #5762, #6185, #5211, .T. ) ;
#4204 = DIRECTION ( 'NONE',  ( 0.0000000000000000000, 0.0000000000000000000, 1.000000000000000000 ) ) ;
#4205 = AXIS2_PLACEMENT_3D ( 'NONE', #963, #1702, #6479 ) ;
#4206 = CARTESIAN_POINT ( 'NONE',  ( 3.660000000000001000, -4.799999999999999800, -1.520000000000000500 ) ) ;
#4207 = CARTESIAN_POINT ( 'NONE',  ( 5.079999999999999200, 6.299999999999999800, -7.620000000000000100 ) ) ;
#4208 = ORIENTED_EDGE ( 'NONE', *, *, #1716, .F. ) ;
#4209 = FACE_OUTER_BOUND ( 'NONE', #7415, .T. ) ;
#4210 = PLANE ( 'NONE',  #1623 ) ;
#4211 = CARTESIAN_POINT ( 'NONE',  ( -5.079999999999921000, 6.299999999999999800, 0.0000000000000000000 ) ) ;
#4212 = AXIS2_PLACEMENT_3D ( 'NONE', #2519, #5278, #1175 ) ;
#4213 = CLOSED_SHELL ( 'NONE', ( #5786, #2261, #4162, #6149 ) ) ;
#4214 = FACE_BOUND ( 'NONE', #4004, .T. ) ;
#4215 = DIRECTION ( 'NONE',  ( -0.0000000000000000000, -0.0000000000000000000, -1.000000000000000000 ) ) ;
#4216 = PLANE ( 'NONE',  #3232 ) ;
#4217 = SURFACE_STYLE_FILL_AREA ( #399 ) ;
#4218 = EDGE_CURVE ( 'NONE', #4404, #197, #1428, .T. ) ;
#4219 = VECTOR ( 'NONE', #5685, 1000.000000000000000 ) ;
#4220 = ORIENTED_EDGE ( 'NONE', *, *, #5679, .T. ) ;
#4221 = DIRECTION ( 'NONE',  ( 1.000000000000000000, -0.0000000000000000000, 0.0000000000000000000 ) ) ;
#4222 =( LENGTH_UNIT ( ) NAMED_UNIT ( * ) SI_UNIT ( .MILLI., .METRE. ) );
#4223 = DIRECTION ( 'NONE',  ( 0.0000000000000000000, 0.0000000000000000000, 1.000000000000000000 ) ) ;
#4224 = ORIENTED_EDGE ( 'NONE', *, *, #47, .T. ) ;
#4225 = AXIS2_PLACEMENT_3D ( 'NONE', #3670, #4428, #3764 ) ;
#4226 = FACE_OUTER_BOUND ( 'NONE', #5770, .T. ) ;
#4227 = VECTOR ( 'NONE', #7868, 1000.000000000000000 ) ;
#4228 = CYLINDRICAL_SURFACE ( 'NONE', #1418, 0.9899999999999993200 ) ;
#4229 = CIRCLE ( 'NONE', #4845, 0.9899999999999993200 ) ;
#4230 = EDGE_CURVE ( 'NONE', #2847, #2865, #4547, .T. ) ;
#4231 = DIRECTION ( 'NONE',  ( 0.0000000000000000000, 0.0000000000000000000, 1.000000000000000000 ) ) ;
#4232 = UNCERTAINTY_MEASURE_WITH_UNIT (LENGTH_MEASURE( 1.000000000000000100E-005 ), #320, 'distance_accuracy_value', 'NONE');
#4233 = EDGE_LOOP ( 'NONE', ( #5672, #1247, #7188, #2420 ) ) ;
#4234 = EDGE_LOOP ( 'NONE', ( #2032, #5333 ) ) ;
#4235 = VERTEX_POINT ( 'NONE', #3444 ) ;
#4236 = LINE ( 'NONE', #1779, #2737 ) ;
#4237 = CIRCLE ( 'NONE', #887, 0.9899999999999995500 ) ;
#4238 = CARTESIAN_POINT ( 'NONE',  ( 6.330000000000001800, 1.000000000000000000, 0.0000000000000000000 ) ) ;
#4239 = VERTEX_POINT ( 'NONE', #722 ) ;
#4240 = AXIS2_PLACEMENT_3D ( 'NONE', #2283, #7750, #976 ) ;
#4241 = DIRECTION ( 'NONE',  ( 0.0000000000000000000, 1.000000000000000000, 0.0000000000000000000 ) ) ;
#4242 = EDGE_LOOP ( 'NONE', ( #899, #393 ) ) ;
#4243 = FACE_OUTER_BOUND ( 'NONE', #2792, .T. ) ;
#4244 = ORIENTED_EDGE ( 'NONE', *, *, #5824, .T. ) ;
#4245 = EDGE_LOOP ( 'NONE', ( #3888, #3919 ) ) ;
#4246 = EDGE_CURVE ( 'NONE', #4026, #3759, #6382, .T. ) ;
#4247 = ADVANCED_FACE ( 'NONE', ( #5519 ), #6345, .F. ) ;
#4248 = ORIENTED_EDGE ( 'NONE', *, *, #2900, .F. ) ;
#4249 = CARTESIAN_POINT ( 'NONE',  ( -2.539999999999947600, 6.299999999999999800, -1.550000000000000500 ) ) ;
#4250 = CARTESIAN_POINT ( 'NONE',  ( -3.960000000000000900, -10.18309518948452900, -1.020000000000000000 ) ) ;
#4251 = FACE_OUTER_BOUND ( 'NONE', #7607, .T. ) ;
#4252 = FILL_AREA_STYLE_COLOUR ( '', #880 ) ;
#4253 = AXIS2_PLACEMENT_3D ( 'NONE', #441, #1750, #6631 ) ;
#4254 = ORIENTED_EDGE ( 'NONE', *, *, #1947, .F. ) ;
#4255 = ORIENTED_EDGE ( 'NONE', *, *, #1510, .T. ) ;
#4256 = CARTESIAN_POINT ( 'NONE',  ( -3.960000000000000900, -4.799999999999999800, -1.520000000000000500 ) ) ;
#4257 = DIRECTION ( 'NONE',  ( 0.0000000000000000000, 1.000000000000000000, 0.0000000000000000000 ) ) ;
#4258 = EDGE_CURVE ( 'NONE', #7393, #1844, #7136, .T. ) ;
#4259 = VERTEX_POINT ( 'NONE', #4991 ) ;
#4260 = LINE ( 'NONE', #2881, #8800 ) ;
#4261 = ADVANCED_FACE ( 'NONE', ( #7361 ), #1542, .T. ) ;
#4262 = ORIENTED_EDGE ( 'NONE', *, *, #905, .F. ) ;
#4263 = CARTESIAN_POINT ( 'NONE',  ( 3.960000000000000900, 1.000000000000000000, -6.599999999999999600 ) ) ;
#4264 = PLANE ( 'NONE',  #7978 ) ;
#4265 = LINE ( 'NONE', #1032, #8602 ) ;
#4266 = EDGE_LOOP ( 'NONE', ( #7290, #4860, #8616, #8372 ) ) ;
#4267 = CIRCLE ( 'NONE', #6573, 0.9899999999999995500 ) ;
#4268 = PRESENTATION_LAYER_ASSIGNMENT (  '', '', ( #5022 ) ) ;
#4269 = CLOSED_SHELL ( 'NONE', ( #2404, #850, #4113, #8148 ) ) ;
#4270 = CARTESIAN_POINT ( 'NONE',  ( 3.960000000000000900, -10.18309518948452900, 1.019999999999999100 ) ) ;
#4271 = ORIENTED_EDGE ( 'NONE', *, *, #3170, .F. ) ;
#4272 = EDGE_CURVE ( 'NONE', #2874, #582, #5306, .T. ) ;
#4273 = VECTOR ( 'NONE', #3551, 1000.000000000000000 ) ;
#4274 = DIRECTION ( 'NONE',  ( 0.0000000000000000000, 1.000000000000000000, 0.0000000000000000000 ) ) ;
#4275 = AXIS2_PLACEMENT_3D ( 'NONE', #6, #2238, #2895 ) ;
#4276 = DIRECTION ( 'NONE',  ( -1.000000000000000000, -0.0000000000000000000, -0.0000000000000000000 ) ) ;
#4277 = LINE ( 'NONE', #3291, #8288 ) ;
#4278 = DIRECTION ( 'NONE',  ( -0.0000000000000000000, -1.000000000000000000, -0.0000000000000000000 ) ) ;
#4279 = CARTESIAN_POINT ( 'NONE',  ( 2.540000000000025800, 6.100000000000000500, -4.089999999999999900 ) ) ;
#4280 = EDGE_CURVE ( 'NONE', #6805, #1478, #3675, .T. ) ;
#4281 = DIRECTION ( 'NONE',  ( -0.0000000000000000000, 1.000000000000000000, -0.0000000000000000000 ) ) ;
#4282 = ORIENTED_EDGE ( 'NONE', *, *, #7696, .T. ) ;
#4283 = ORIENTED_EDGE ( 'NONE', *, *, #3576, .T. ) ;
#4284 = VERTEX_POINT ( 'NONE', #150 ) ;
#4285 = VERTEX_POINT ( 'NONE', #4960 ) ;
#4286 = ADVANCED_FACE ( 'NONE', ( #2732 ), #6171, .F. ) ;
#4287 = FACE_BOUND ( 'NONE', #3781, .T. ) ;
#4288 = AXIS2_PLACEMENT_3D ( 'NONE', #5024, #1124, #3116 ) ;
#4289 = ORIENTED_EDGE ( 'NONE', *, *, #1959, .T. ) ;
#4290 =( NAMED_UNIT ( * ) SI_UNIT ( $, .STERADIAN. ) SOLID_ANGLE_UNIT ( ) );
#4291 = EDGE_CURVE ( 'NONE', #3148, #8316, #4328, .T. ) ;
#4292 = LINE ( 'NONE', #5999, #1718 ) ;
#4293 = EDGE_LOOP ( 'NONE', ( #8203, #5443, #8162, #3676 ) ) ;
#4294 = CARTESIAN_POINT ( 'NONE',  ( -4.762500000000000200, 1.000000000000000000, 0.0000000000000000000 ) ) ;
#4295 = ORIENTED_EDGE ( 'NONE', *, *, #5322, .F. ) ;
#4296 = VERTEX_POINT ( 'NONE', #2985 ) ;
#4297 = ADVANCED_FACE ( 'NONE', ( #6707 ), #700, .T. ) ;
#4298 = AXIS2_PLACEMENT_3D ( 'NONE', #6045, #6742, #2610 ) ;
#4299 = DIRECTION ( 'NONE',  ( 0.0000000000000000000, 1.000000000000000000, 0.0000000000000000000 ) ) ;
#4300 = VECTOR ( 'NONE', #7546, 1000.000000000000000 ) ;
#4301 = CARTESIAN_POINT ( 'NONE',  ( -3.660000000000001000, -4.799999999999999800, -4.060000000000000500 ) ) ;
#4302 = CARTESIAN_POINT ( 'NONE',  ( -8.673617379884035500E-016, 6.299999999999999800, -7.620000000000000100 ) ) ;
#4303 = EDGE_CURVE ( 'NONE', #5396, #8787, #4869, .T. ) ;
#4304 = DIRECTION ( 'NONE',  ( 0.0000000000000000000, 1.000000000000000000, 0.0000000000000000000 ) ) ;
#4305 = AXIS2_PLACEMENT_3D ( 'NONE', #2759, #3399, #3425 ) ;
#4306 = ORIENTED_EDGE ( 'NONE', *, *, #6125, .F. ) ;
#4307 = SURFACE_STYLE_FILL_AREA ( #8771 ) ;
#4308 = CARTESIAN_POINT ( 'NONE',  ( 6.330000000000001800, 6.100000000000000500, 8.869999999999999200 ) ) ;
#4309 = MANIFOLD_SOLID_BREP ( 'Housing ', #8881 ) ;
#4310 = CARTESIAN_POINT ( 'NONE',  ( 5.079999999999999200, 6.100000000000000500, -6.630000000000000800 ) ) ;
#4311 = DIRECTION ( 'NONE',  ( 0.0000000000000000000, 0.0000000000000000000, 1.000000000000000000 ) ) ;
#4312 = CIRCLE ( 'NONE', #332, 0.9899999999999995500 ) ;
#4313 = ORIENTED_EDGE ( 'NONE', *, *, #2449, .T. ) ;
#4314 = COLOUR_RGB ( '',0.5019607843137254800, 0.5019607843137254800, 0.5019607843137254800 ) ;
#4315 = AXIS2_PLACEMENT_3D ( 'NONE', #4038, #2023, #2716 ) ;
#4316 = DIRECTION ( 'NONE',  ( 1.000000000000000000, -0.0000000000000000000, 0.0000000000000000000 ) ) ;
#4317 = CIRCLE ( 'NONE', #6796, 0.9899999999999993200 ) ;
#4318 = CLOSED_SHELL ( 'NONE', ( #3423, #7160, #5819, #8339, #3939, #1457 ) ) ;
#4319 = DIRECTION ( 'NONE',  ( 0.0000000000000000000, 1.000000000000000000, 0.0000000000000000000 ) ) ;
#4320 =( NAMED_UNIT ( * ) PLANE_ANGLE_UNIT ( ) SI_UNIT ( $, .RADIAN. ) );
#4321 =( NAMED_UNIT ( * ) SI_UNIT ( $, .STERADIAN. ) SOLID_ANGLE_UNIT ( ) );
#4322 = ORIENTED_EDGE ( 'NONE', *, *, #3368, .T. ) ;
#4323 = LINE ( 'NONE', #7884, #8863 ) ;
#4324 = LINE ( 'NONE', #1214, #7794 ) ;
#4325 = FACE_OUTER_BOUND ( 'NONE', #1084, .T. ) ;
#4326 = PRESENTATION_STYLE_ASSIGNMENT (( #2474 ) ) ;
#4327 = ADVANCED_FACE ( 'NONE', ( #2514 ), #1586, .T. ) ;
#4328 = CIRCLE ( 'NONE', #1748, 0.9899999999999995500 ) ;
#4329 = CARTESIAN_POINT ( 'NONE',  ( 5.079999999999999200, 6.299999999999999800, -6.630000000000000800 ) ) ;
#4330 = ORIENTED_EDGE ( 'NONE', *, *, #5235, .F. ) ;
#4331 = EDGE_CURVE ( 'NONE', #3482, #5975, #3895, .T. ) ;
#4332 = ORIENTED_EDGE ( 'NONE', *, *, #2036, .T. ) ;
#4333 = CIRCLE ( 'NONE', #6047, 0.9899999999999995500 ) ;
#4334 = CARTESIAN_POINT ( 'NONE',  ( -6.329999999999997400, 6.100000000000000500, 8.869999999999999200 ) ) ;
#4335 = ORIENTED_EDGE ( 'NONE', *, *, #3076, .T. ) ;
#4336 = VECTOR ( 'NONE', #368, 1000.000000000000000 ) ;
#4337 = VECTOR ( 'NONE', #5104, 1000.000000000000000 ) ;
#4338 = DIRECTION ( 'NONE',  ( 0.0000000000000000000, 0.0000000000000000000, 1.000000000000000000 ) ) ;
#4339 = CARTESIAN_POINT ( 'NONE',  ( -2.540000000000000900, 6.299999999999999800, -6.630000000000000800 ) ) ;
#4340 = ORIENTED_EDGE ( 'NONE', *, *, #735, .T. ) ;
#4341 = AXIS2_PLACEMENT_3D ( 'NONE', #3131, #5194, #479 ) ;
#4342 = ADVANCED_FACE ( 'NONE', ( #2921 ), #234, .T. ) ;
#4343 = UNCERTAINTY_MEASURE_WITH_UNIT (LENGTH_MEASURE( 1.000000000000000100E-005 ), #7110, 'distance_accuracy_value', 'NONE');
#4344 = VERTEX_POINT ( 'NONE', #8491 ) ;
#4345 = VERTEX_POINT ( 'NONE', #1682 ) ;
#4346 = PLANE ( 'NONE',  #6810 ) ;
#4347 = LINE ( 'NONE', #1308, #2091 ) ;
#4348 = AXIS2_PLACEMENT_3D ( 'NONE', #3924, #1117, #7254 ) ;
#4349 = FACE_OUTER_BOUND ( 'NONE', #1839, .T. ) ;
#4350 = EDGE_CURVE ( 'NONE', #4235, #7922, #8115, .T. ) ;
#4351 = ORIENTED_EDGE ( 'NONE', *, *, #7984, .F. ) ;
#4352 = DIRECTION ( 'NONE',  ( 0.0000000000000000000, 0.0000000000000000000, 1.000000000000000000 ) ) ;
#4353 = VECTOR ( 'NONE', #7488, 1000.000000000000000 ) ;
#4354 = VERTEX_POINT ( 'NONE', #206 ) ;
#4355 = EDGE_LOOP ( 'NONE', ( #243, #5422 ) ) ;
#4356 = ORIENTED_EDGE ( 'NONE', *, *, #1679, .F. ) ;
#4357 = AXIS2_PLACEMENT_3D ( 'NONE', #2172, #3571, #8391 ) ;
#4358 = DIRECTION ( 'NONE',  ( 0.0000000000000000000, 0.0000000000000000000, 1.000000000000000000 ) ) ;
#4359 = EDGE_LOOP ( 'NONE', ( #2081, #3901, #6965, #1767, #5925, #1268, #1819, #5702 ) ) ;
#4360 = VECTOR ( 'NONE', #8231, 1000.000000000000000 ) ;
#4361 = VECTOR ( 'NONE', #8124, 1000.000000000000000 ) ;
#4362 = EDGE_CURVE ( 'NONE', #7237, #6805, #2282, .T. ) ;
#4363 = EDGE_LOOP ( 'NONE', ( #7485, #5308, #8625, #315 ) ) ;
#4364 = CARTESIAN_POINT ( 'NONE',  ( -2.540000000000000900, 3.299857146501273600, -7.620000000000000100 ) ) ;
#4365 = CARTESIAN_POINT ( 'NONE',  ( 2.602085213965210600E-014, 6.100000000000000500, -4.089999999999999900 ) ) ;
#4366 = EDGE_LOOP ( 'NONE', ( #8453, #2332, #2439, #7325 ) ) ;
#4367 = AXIS2_PLACEMENT_3D ( 'NONE', #3995, #6166, #2712 ) ;
#4368 = CIRCLE ( 'NONE', #2669, 0.9899999999999995500 ) ;
#4369 = VERTEX_POINT ( 'NONE', #6489 ) ;
#4370 = CARTESIAN_POINT ( 'NONE',  ( -5.079999999999894400, 6.299999999999999800, 2.540000000000000500 ) ) ;
#4371 = EDGE_CURVE ( 'NONE', #5610, #4818, #467, .T. ) ;
#4372 = STYLED_ITEM ( 'NONE', ( #2885 ), #1134 ) ;
#4373 = CARTESIAN_POINT ( 'NONE',  ( 5.080000000000053400, 6.299999999999999800, -2.539999999999999600 ) ) ;
#4374 = CARTESIAN_POINT ( 'NONE',  ( 2.540000000000051500, 6.100000000000000500, -1.550000000000000500 ) ) ;
#4375 = CIRCLE ( 'NONE', #4984, 0.9899999999999993200 ) ;
#4376 = ADVANCED_FACE ( 'NONE', ( #6060 ), #7928, .F. ) ;
#4377 = VECTOR ( 'NONE', #5465, 1000.000000000000000 ) ;
#4378 = DIRECTION ( 'NONE',  ( 0.0000000000000000000, 0.0000000000000000000, 1.000000000000000000 ) ) ;
#4379 = MECHANICAL_DESIGN_GEOMETRIC_PRESENTATION_REPRESENTATION (  '', ( #5481 ), #4842 ) ;
#4380 = DIRECTION ( 'NONE',  ( 0.0000000000000000000, 1.000000000000000000, 0.0000000000000000000 ) ) ;
#4381 = AXIS2_PLACEMENT_3D ( 'NONE', #6978, #1493, #4108 ) ;
#4382 = CARTESIAN_POINT ( 'NONE',  ( 2.540000000000131500, 6.299999999999999800, 5.080000000000001000 ) ) ;
#4383 = ADVANCED_FACE ( 'NONE', ( #7354 ), #2504, .T. ) ;
#4384 = EDGE_CURVE ( 'NONE', #2964, #4156, #2066, .T. ) ;
#4385 = ADVANCED_FACE ( 'NONE', ( #3666 ), #1533, .F. ) ;
#4386 = DIRECTION ( 'NONE',  ( 0.0000000000000000000, 0.0000000000000000000, -1.000000000000000000 ) ) ;
#4387 = VECTOR ( 'NONE', #1951, 1000.000000000000000 ) ;
#4388 = CARTESIAN_POINT ( 'NONE',  ( 0.0000000000000000000, 1.000000000000000000, 0.0000000000000000000 ) ) ;
#4389 = AXIS2_PLACEMENT_3D ( 'NONE', #7631, #4906, #4867 ) ;
#4390 = CARTESIAN_POINT ( 'NONE',  ( -3.960000000000000900, -4.799999999999999800, 1.019999999999999100 ) ) ;
#4391 = DIRECTION ( 'NONE',  ( -0.0000000000000000000, 1.000000000000000000, -0.0000000000000000000 ) ) ;
#4392 = ORIENTED_EDGE ( 'NONE', *, *, #5123, .T. ) ;
#4393 = EDGE_CURVE ( 'NONE', #2622, #6349, #6270, .T. ) ;
#4394 = DIRECTION ( 'NONE',  ( 0.0000000000000000000, 1.000000000000000000, -0.0000000000000000000 ) ) ;
#4395 = ORIENTED_EDGE ( 'NONE', *, *, #7319, .T. ) ;
#4396 = DIRECTION ( 'NONE',  ( 0.0000000000000000000, 0.0000000000000000000, 1.000000000000000000 ) ) ;
#4397 = PLANE ( 'NONE',  #6516 ) ;
#4398 = CARTESIAN_POINT ( 'NONE',  ( 5.080000000000053400, 6.100000000000000500, -3.529999999999999400 ) ) ;
#4399 = PRESENTATION_STYLE_ASSIGNMENT (( #2214 ) ) ;
#4400 = AXIS2_PLACEMENT_3D ( 'NONE', #7282, #1725, #6543 ) ;
#4401 = DIRECTION ( 'NONE',  ( -1.000000000000000000, 0.0000000000000000000, -0.0000000000000000000 ) ) ;
#4402 = CARTESIAN_POINT ( 'NONE',  ( 0.0000000000000000000, -4.799999999999999800, 0.0000000000000000000 ) ) ;
#4403 = DIRECTION ( 'NONE',  ( 0.0000000000000000000, 0.0000000000000000000, 1.000000000000000000 ) ) ;
#4404 = VERTEX_POINT ( 'NONE', #8583 ) ;
#4405 = ORIENTED_EDGE ( 'NONE', *, *, #7258, .T. ) ;
#4406 = VECTOR ( 'NONE', #8054, 1000.000000000000000 ) ;
#4407 = CARTESIAN_POINT ( 'NONE',  ( 5.080000000000133300, 3.299857146501273600, 5.080000000000001000 ) ) ;
#4408 = EDGE_CURVE ( 'NONE', #4156, #2964, #6164, .T. ) ;
#4409 = ORIENTED_EDGE ( 'NONE', *, *, #8069, .T. ) ;
#4410 = CARTESIAN_POINT ( 'NONE',  ( 2.540000000000078600, 6.100000000000000500, 0.0000000000000000000 ) ) ;
#4411 = DIRECTION ( 'NONE',  ( 0.0000000000000000000, 0.0000000000000000000, 1.000000000000000000 ) ) ;
#4412 = ORIENTED_EDGE ( 'NONE', *, *, #4103, .F. ) ;
#4413 = ADVANCED_FACE ( 'NONE', ( #3782 ), #7157, .T. ) ;
#4414 = LINE ( 'NONE', #4756, #2599 ) ;
#4415 =( NAMED_UNIT ( * ) SI_UNIT ( $, .STERADIAN. ) SOLID_ANGLE_UNIT ( ) );
#4416 = MANIFOLD_SOLID_BREP ( 'LED 63', #5531 ) ;
#4417 = PRESENTATION_STYLE_ASSIGNMENT (( #1604 ) ) ;
#4418 = EDGE_CURVE ( 'NONE', #1352, #6858, #8651, .T. ) ;
#4419 = AXIS2_PLACEMENT_3D ( 'NONE', #6487, #1709, #5071 ) ;
#4421 = DIRECTION ( 'NONE',  ( -0.0000000000000000000, 1.000000000000000000, -0.0000000000000000000 ) ) ;
#4420 = CARTESIAN_POINT ( 'NONE',  ( 5.204170427930421300E-014, 6.100000000000000500, -2.539999999999999600 ) ) ;
#4422 = ORIENTED_EDGE ( 'NONE', *, *, #2005, .F. ) ;
#4423 = FACE_OUTER_BOUND ( 'NONE', #5573, .T. ) ;
#4424 = FACE_OUTER_BOUND ( 'NONE', #8132, .T. ) ;
#4425 = ADVANCED_FACE ( 'NONE', ( #6375 ), #2302, .T. ) ;
#4426 = VECTOR ( 'NONE', #3851, 1000.000000000000000 ) ;
#4427 = ORIENTED_EDGE ( 'NONE', *, *, #625, .T. ) ;
#4428 = DIRECTION ( 'NONE',  ( 0.0000000000000000000, 1.000000000000000000, 0.0000000000000000000 ) ) ;
#4429 = DIRECTION ( 'NONE',  ( 0.0000000000000000000, 1.000000000000000000, 0.0000000000000000000 ) ) ;
#4430 = ADVANCED_FACE ( 'NONE', ( #7903 ), #7791, .T. ) ;
#4431 = AXIS2_PLACEMENT_3D ( 'NONE', #2409, #8620, #7175 ) ;
#4432 = CARTESIAN_POINT ( 'NONE',  ( 3.960000000000000900, 1.000000000000000000, 6.099999999999999600 ) ) ;
#4433 = CYLINDRICAL_SURFACE ( 'NONE', #7769, 0.9899999999999995500 ) ;
#4434 = ORIENTED_EDGE ( 'NONE', *, *, #5920, .T. ) ;
#4435 = CIRCLE ( 'NONE', #1548, 0.9899999999999995500 ) ;
#4436 = DIRECTION ( 'NONE',  ( 0.0000000000000000000, -1.000000000000000000, 0.0000000000000000000 ) ) ;
#4437 = EDGE_CURVE ( 'NONE', #1995, #2299, #2396, .T. ) ;
#4438 = CARTESIAN_POINT ( 'NONE',  ( -4.762500000000000200, 1.000000000000000000, 8.869999999999997400 ) ) ;
#4439 = FACE_OUTER_BOUND ( 'NONE', #8357, .T. ) ;
#4440 = CIRCLE ( 'NONE', #5315, 0.9899999999999995500 ) ;
#4441 = CARTESIAN_POINT ( 'NONE',  ( 5.079999999999999200, 6.100000000000000500, -7.620000000000000100 ) ) ;
#4442 = DIRECTION ( 'NONE',  ( 0.0000000000000000000, 1.000000000000000000, 0.0000000000000000000 ) ) ;
#4443 = LINE ( 'NONE', #2505, #8553 ) ;
#4444 = ORIENTED_EDGE ( 'NONE', *, *, #4947, .F. ) ;
#4445 = VERTEX_POINT ( 'NONE', #8506 ) ;
#4446 = AXIS2_PLACEMENT_3D ( 'NONE', #1213, #8736, #8768 ) ;
#4447 = ORIENTED_EDGE ( 'NONE', *, *, #3471, .F. ) ;
#4448 = DIRECTION ( 'NONE',  ( 0.0000000000000000000, 0.0000000000000000000, 1.000000000000000000 ) ) ;
#4449 = VECTOR ( 'NONE', #5224, 1000.000000000000000 ) ;
#4450 =( NAMED_UNIT ( * ) SI_UNIT ( $, .STERADIAN. ) SOLID_ANGLE_UNIT ( ) );
#4451 = ORIENTED_EDGE ( 'NONE', *, *, #980, .F. ) ;
#4452 = DIRECTION ( 'NONE',  ( -1.000000000000000000, 0.0000000000000000000, 0.0000000000000000000 ) ) ;
#4453 = EDGE_CURVE ( 'NONE', #4522, #6901, #589, .T. ) ;
#4454 = ORIENTED_EDGE ( 'NONE', *, *, #8119, .F. ) ;
#4455 = CIRCLE ( 'NONE', #7709, 0.9899999999999995500 ) ;
#4456 = CLOSED_SHELL ( 'NONE', ( #4376, #536, #805, #8824, #6326, #1553 ) ) ;
#4457 = CARTESIAN_POINT ( 'NONE',  ( 3.960000000000000900, 1.000000000000000000, -1.520000000000000500 ) ) ;
#4458 = DIRECTION ( 'NONE',  ( 0.0000000000000000000, 0.0000000000000000000, 1.000000000000000000 ) ) ;
#4459 = EDGE_LOOP ( 'NONE', ( #4687, #6370 ) ) ;
#4460 = DIRECTION ( 'NONE',  ( 0.0000000000000000000, 0.0000000000000000000, 1.000000000000000000 ) ) ;
#4461 = VERTEX_POINT ( 'NONE', #2365 ) ;
#4462 = AXIS2_PLACEMENT_3D ( 'NONE', #7333, #4494, #3189 ) ;
#4463 = DIRECTION ( 'NONE',  ( 0.0000000000000000000, 1.000000000000000000, 0.0000000000000000000 ) ) ;
#4464 = DIRECTION ( 'NONE',  ( 0.0000000000000000000, 1.000000000000000000, 0.0000000000000000000 ) ) ;
#4465 = LINE ( 'NONE', #8632, #5230 ) ;
#4466 = LINE ( 'NONE', #8370, #2428 ) ;
#4467 = ORIENTED_EDGE ( 'NONE', *, *, #2349, .T. ) ;
#4468 = EDGE_LOOP ( 'NONE', ( #3865, #5536, #819, #8741 ) ) ;
#4469 = EDGE_CURVE ( 'NONE', #924, #7838, #5941, .T. ) ;
#4470 = DIRECTION ( 'NONE',  ( 1.000000000000000000, 0.0000000000000000000, 0.0000000000000000000 ) ) ;
#4471 = CARTESIAN_POINT ( 'NONE',  ( 3.660000000000001000, 1.000000000000000000, -1.520000000000000500 ) ) ;
#4472 = DIRECTION ( 'NONE',  ( 0.0000000000000000000, 0.0000000000000000000, 1.000000000000000000 ) ) ;
#4473 = ORIENTED_EDGE ( 'NONE', *, *, #4218, .F. ) ;
#4474 = LINE ( 'NONE', #5677, #7406 ) ;
#4475 = STYLED_ITEM ( 'NONE', ( #6251 ), #6979 ) ;
#4476 = EDGE_LOOP ( 'NONE', ( #4160, #978 ) ) ;
#4477 = DIRECTION ( 'NONE',  ( 0.0000000000000000000, 0.0000000000000000000, 1.000000000000000000 ) ) ;
#4478 = ADVANCED_FACE ( 'NONE', ( #7261 ), #4433, .F. ) ;
#4479 = PRESENTATION_LAYER_ASSIGNMENT (  '', '', ( #815 ) ) ;
#4480 = LINE ( 'NONE', #7864, #5366 ) ;
#4481 = ORIENTED_EDGE ( 'NONE', *, *, #2046, .F. ) ;
#4482 = ADVANCED_FACE ( 'NONE', ( #4537 ), #7220, .T. ) ;
#4483 = CYLINDRICAL_SURFACE ( 'NONE', #3335, 0.9899999999999995500 ) ;
#4484 =( NAMED_UNIT ( * ) PLANE_ANGLE_UNIT ( ) SI_UNIT ( $, .RADIAN. ) );
#4485 = ORIENTED_EDGE ( 'NONE', *, *, #7826, .T. ) ;
#4486 = CLOSED_SHELL ( 'NONE', ( #3751, #6245, #1512, #6519 ) ) ;
#4487 = DIRECTION ( 'NONE',  ( -0.0000000000000000000, -1.000000000000000000, -0.0000000000000000000 ) ) ;
#4488 = DIRECTION ( 'NONE',  ( 0.0000000000000000000, 0.0000000000000000000, 1.000000000000000000 ) ) ;
#4489 = LINE ( 'NONE', #8204, #7743 ) ;
#4491 = CARTESIAN_POINT ( 'NONE',  ( -5.079999999999894400, 6.100000000000000500, 1.550000000000001200 ) ) ;
#4490 =( LENGTH_UNIT ( ) NAMED_UNIT ( * ) SI_UNIT ( .MILLI., .METRE. ) );
#4492 = EDGE_CURVE ( 'NONE', #4445, #7869, #4323, .T. ) ;
#4493 =( GEOMETRIC_REPRESENTATION_CONTEXT ( 3 ) GLOBAL_UNCERTAINTY_ASSIGNED_CONTEXT ( ( #1393 ) ) GLOBAL_UNIT_ASSIGNED_CONTEXT ( ( #4979, #875, #8386 ) ) REPRESENTATION_CONTEXT ( 'NONE', 'WORKASPACE' ) );
#4494 = DIRECTION ( 'NONE',  ( -0.0000000000000000000, -1.000000000000000000, -0.0000000000000000000 ) ) ;
#4495 = DIRECTION ( 'NONE',  ( 0.0000000000000000000, 1.000000000000000000, 0.0000000000000000000 ) ) ;
#4496 = CIRCLE ( 'NONE', #3102, 0.9899999999999995500 ) ;
#4497 = CARTESIAN_POINT ( 'NONE',  ( 5.080000000000079100, 3.299857146501273600, 0.0000000000000000000 ) ) ;
#4498 = ORIENTED_EDGE ( 'NONE', *, *, #6749, .T. ) ;
#4499 = ORIENTED_EDGE ( 'NONE', *, *, #7319, .F. ) ;
#4500 = DIRECTION ( 'NONE',  ( 0.0000000000000000000, 1.000000000000000000, 0.0000000000000000000 ) ) ;
#4501 = AXIS2_PLACEMENT_3D ( 'NONE', #788, #2875, #7713 ) ;
#4502 = ORIENTED_EDGE ( 'NONE', *, *, #5265, .T. ) ;
#4503 = STYLED_ITEM ( 'NONE', ( #6057 ), #3290 ) ;
#4504 = ORIENTED_EDGE ( 'NONE', *, *, #7328, .F. ) ;
#4505 = ORIENTED_EDGE ( 'NONE', *, *, #4893, .F. ) ;
#4506 = EDGE_CURVE ( 'NONE', #1221, #1575, #7029, .T. ) ;
#4507 = CARTESIAN_POINT ( 'NONE',  ( 5.204170427930421300E-014, 6.299999999999999800, -2.539999999999999600 ) ) ;
#4508 = VECTOR ( 'NONE', #3233, 1000.000000000000000 ) ;
#4509 = ORIENTED_EDGE ( 'NONE', *, *, #7371, .F. ) ;
#4510 = DIRECTION ( 'NONE',  ( -0.0000000000000000000, -1.000000000000000000, -0.0000000000000000000 ) ) ;
#4511 = ORIENTED_EDGE ( 'NONE', *, *, #1198, .F. ) ;
#4512 = MECHANICAL_DESIGN_GEOMETRIC_PRESENTATION_REPRESENTATION (  '', ( #6832 ), #5329 ) ;
#4513 = DIRECTION ( 'NONE',  ( 0.0000000000000000000, 1.000000000000000000, 0.0000000000000000000 ) ) ;
#4514 = CLOSED_SHELL ( 'NONE', ( #711, #5118, #2630, #1689 ) ) ;
#4515 = DIRECTION ( 'NONE',  ( 0.0000000000000000000, 1.000000000000000000, 0.0000000000000000000 ) ) ;
#4516 = PRESENTATION_LAYER_ASSIGNMENT (  '', '', ( #4180 ) ) ;
#4517 = EDGE_CURVE ( 'NONE', #3682, #6635, #6814, .T. ) ;
#4518 = CYLINDRICAL_SURFACE ( 'NONE', #1657, 0.9899999999999993200 ) ;
#4519 = ADVANCED_FACE ( 'NONE', ( #5715, #2182, #5201, #3352, #8435, #8219, #3134, #358, #5512, #7569, #7468, #1324, #3127, #8325, #1110, #2816, #1005, #5074, #6052, #4214, #8751, #2913, #8643, #5298, #4966, #3231, #1740, #8427, #583, #6261, #3998, #8533, #7020, #4646, #5611, #1628 ), #4550, .F. ) ;
#4520 = PLANE ( 'NONE',  #3710 ) ;
#4521 = DIRECTION ( 'NONE',  ( 0.0000000000000000000, 0.0000000000000000000, 1.000000000000000000 ) ) ;
#4522 = VERTEX_POINT ( 'NONE', #5034 ) ;
#4523 = AXIS2_PLACEMENT_3D ( 'NONE', #1756, #4581, #1218 ) ;
#4524 = CARTESIAN_POINT ( 'NONE',  ( 5.080000000000159100, 3.299857146501273600, 6.630000000000000800 ) ) ;
#4525 = DIRECTION ( 'NONE',  ( 0.0000000000000000000, 0.0000000000000000000, 1.000000000000000000 ) ) ;
#4526 = PLANE ( 'NONE',  #7683 ) ;
#4527 = EDGE_CURVE ( 'NONE', #2426, #3677, #4529, .T. ) ;
#4528 = ORIENTED_EDGE ( 'NONE', *, *, #6148, .F. ) ;
#4529 = LINE ( 'NONE', #389, #8105 ) ;
#4530 = CIRCLE ( 'NONE', #7033, 0.9899999999999995500 ) ;
#4531 = LINE ( 'NONE', #1365, #8647 ) ;
#4532 = ORIENTED_EDGE ( 'NONE', *, *, #2165, .T. ) ;
#4533 = CARTESIAN_POINT ( 'NONE',  ( 3.660000000000001000, -4.799999999999999800, 6.099999999999999600 ) ) ;
#4534 = AXIS2_PLACEMENT_3D ( 'NONE', #2326, #5087, #2356 ) ;
#4535 = CARTESIAN_POINT ( 'NONE',  ( 3.660000000000001000, -4.799999999999999800, 1.019999999999999100 ) ) ;
#4536 = VERTEX_POINT ( 'NONE', #2484 ) ;
#4537 = FACE_OUTER_BOUND ( 'NONE', #3797, .T. ) ;
#4538 = DIRECTION ( 'NONE',  ( 0.0000000000000000000, 1.000000000000000000, 0.0000000000000000000 ) ) ;
#4539 = EDGE_CURVE ( 'NONE', #228, #4079, #4861, .T. ) ;
#4540 = FACE_OUTER_BOUND ( 'NONE', #2637, .T. ) ;
#4541 = DIRECTION ( 'NONE',  ( -0.0000000000000000000, -0.0000000000000000000, -1.000000000000000000 ) ) ;
#4542 = AXIS2_PLACEMENT_3D ( 'NONE', #3503, #4172, #7579 ) ;
#4543 = DIRECTION ( 'NONE',  ( 0.0000000000000000000, 1.000000000000000000, 0.0000000000000000000 ) ) ;
#4544 = VECTOR ( 'NONE', #5954, 1000.000000000000000 ) ;
#4545 = VECTOR ( 'NONE', #2296, 1000.000000000000000 ) ;
#4546 = CARTESIAN_POINT ( 'NONE',  ( -3.960000000000000900, 1.000000000000000000, -1.520000000000000500 ) ) ;
#4547 = LINE ( 'NONE', #8936, #7575 ) ;
#4548 = ORIENTED_EDGE ( 'NONE', *, *, #4821, .F. ) ;
#4549 = ORIENTED_EDGE ( 'NONE', *, *, #1976, .T. ) ;
#4550 = PLANE ( 'NONE',  #7820 ) ;
#4551 = COLOUR_RGB ( '',0.5019607843137254800, 0.5019607843137254800, 0.5019607843137254800 ) ;
#4552 = DIRECTION ( 'NONE',  ( 0.0000000000000000000, 0.0000000000000000000, 1.000000000000000000 ) ) ;
#4553 = AXIS2_PLACEMENT_3D ( 'NONE', #2070, #6989, #2775 ) ;
#4554 = CARTESIAN_POINT ( 'NONE',  ( 2.540000000000158600, 6.100000000000000500, 7.620000000000000100 ) ) ;
#4555 = AXIS2_PLACEMENT_3D ( 'NONE', #6116, #3899, #6670 ) ;
#4556 = DIRECTION ( 'NONE',  ( 1.000000000000000000, 0.0000000000000000000, 0.0000000000000000000 ) ) ;
#4557 = EDGE_LOOP ( 'NONE', ( #7404, #8236, #3448, #1323 ) ) ;
#4558 = CIRCLE ( 'NONE', #1811, 0.9899999999999995500 ) ;
#4559 = ORIENTED_EDGE ( 'NONE', *, *, #7463, .F. ) ;
#4560 = PLANE ( 'NONE',  #7547 ) ;
#4561 = DIRECTION ( 'NONE',  ( -0.0000000000000000000, -1.000000000000000000, -0.0000000000000000000 ) ) ;
#4562 = EDGE_CURVE ( 'NONE', #768, #1186, #6586, .T. ) ;
#4563 = CARTESIAN_POINT ( 'NONE',  ( 2.540000000000131500, 6.100000000000000500, 6.070000000000001200 ) ) ;
#4564 = ORIENTED_EDGE ( 'NONE', *, *, #4203, .F. ) ;
#4565 = CIRCLE ( 'NONE', #7089, 0.9899999999999993200 ) ;
#4566 = FACE_OUTER_BOUND ( 'NONE', #3811, .T. ) ;
#4567 = DIRECTION ( 'NONE',  ( 0.0000000000000000000, -1.000000000000000000, 0.0000000000000000000 ) ) ;
#4568 = EDGE_LOOP ( 'NONE', ( #7075, #6415 ) ) ;
#4569 = ADVANCED_FACE ( 'NONE', ( #6919 ), #5405, .T. ) ;
#4570 = AXIS2_PLACEMENT_3D ( 'NONE', #7939, #3783, #2994 ) ;
#4571 = LINE ( 'NONE', #5196, #8036 ) ;
#4572 = ORIENTED_EDGE ( 'NONE', *, *, #7213, .F. ) ;
#4573 = ORIENTED_EDGE ( 'NONE', *, *, #2738, .F. ) ;
#4574 = ORIENTED_EDGE ( 'NONE', *, *, #3275, .T. ) ;
#4575 = CARTESIAN_POINT ( 'NONE',  ( -5.079999999999974300, 6.100000000000000500, -4.089999999999999900 ) ) ;
#4576 = CARTESIAN_POINT ( 'NONE',  ( 0.0000000000000000000, 1.000000000000000000, 0.0000000000000000000 ) ) ;
#4577 = EDGE_CURVE ( 'NONE', #3181, #1622, #5828, .T. ) ;
#4578 = CARTESIAN_POINT ( 'NONE',  ( 2.540000000000051500, 3.299857146501273600, -2.539999999999999600 ) ) ;
#4579 = FACE_OUTER_BOUND ( 'NONE', #8745, .T. ) ;
#4580 = FACE_OUTER_BOUND ( 'NONE', #2690, .T. ) ;
#4581 = DIRECTION ( 'NONE',  ( 0.0000000000000000000, 1.000000000000000000, 0.0000000000000000000 ) ) ;
#4582 = VERTEX_POINT ( 'NONE', #8662 ) ;
#4583 = MECHANICAL_DESIGN_GEOMETRIC_PRESENTATION_REPRESENTATION (  '', ( #8458 ), #5228 ) ;
#4584 = DIRECTION ( 'NONE',  ( 0.0000000000000000000, 1.000000000000000000, 0.0000000000000000000 ) ) ;
#4585 = DIRECTION ( 'NONE',  ( -0.0000000000000000000, 1.000000000000000000, -0.0000000000000000000 ) ) ;
#4586 = CARTESIAN_POINT ( 'NONE',  ( -2.539999999999974700, 6.100000000000000500, -4.089999999999999900 ) ) ;
#4587 = EDGE_LOOP ( 'NONE', ( #1847, #8770, #3336, #1654 ) ) ;
#4588 = VECTOR ( 'NONE', #2312, 1000.000000000000000 ) ;
#4589 = EDGE_CURVE ( 'NONE', #6660, #3983, #4748, .T. ) ;
#4590 = UNCERTAINTY_MEASURE_WITH_UNIT (LENGTH_MEASURE( 1.000000000000000100E-005 ), #5813, 'distance_accuracy_value', 'NONE');
#4591 = ORIENTED_EDGE ( 'NONE', *, *, #4362, .T. ) ;
#4592 = DIRECTION ( 'NONE',  ( -0.0000000000000000000, 1.000000000000000000, -0.0000000000000000000 ) ) ;
#4593 = CARTESIAN_POINT ( 'NONE',  ( -5.080000000000001000, 6.299999999999999800, -8.609999999999999400 ) ) ;
#4594 = COLOUR_RGB ( '',0.5019607843137254800, 0.5019607843137254800, 0.5019607843137254800 ) ;
#4595 = AXIS2_PLACEMENT_3D ( 'NONE', #4616, #5320, #7410 ) ;
#4596 = LINE ( 'NONE', #670, #4377 ) ;
#4597 = DIRECTION ( 'NONE',  ( 0.0000000000000000000, 0.0000000000000000000, 1.000000000000000000 ) ) ;
#4598 = EDGE_CURVE ( 'NONE', #3582, #2016, #2608, .T. ) ;
#4599 = DIRECTION ( 'NONE',  ( 0.0000000000000000000, 0.0000000000000000000, 1.000000000000000000 ) ) ;
#4600 = EDGE_CURVE ( 'NONE', #8384, #768, #7999, .T. ) ;
#4601 = DIRECTION ( 'NONE',  ( 0.0000000000000000000, 0.0000000000000000000, 1.000000000000000000 ) ) ;
#4602 = DIRECTION ( 'NONE',  ( 1.000000000000000000, 0.0000000000000000000, 0.0000000000000000000 ) ) ;
#4603 = DIRECTION ( 'NONE',  ( 0.0000000000000000000, 0.0000000000000000000, 1.000000000000000000 ) ) ;
#4604 = DIRECTION ( 'NONE',  ( -1.000000000000000000, -0.0000000000000000000, -0.0000000000000000000 ) ) ;
#4605 = ORIENTED_EDGE ( 'NONE', *, *, #2604, .F. ) ;
#4607 = VECTOR ( 'NONE', #2298, 1000.000000000000000 ) ;
#4606 = AXIS2_PLACEMENT_3D ( 'NONE', #7663, #4909, #1073 ) ;
#4608 = ADVANCED_FACE ( 'NONE', ( #4423 ), #420, .F. ) ;
#4609 = DIRECTION ( 'NONE',  ( 0.0000000000000000000, 0.0000000000000000000, 1.000000000000000000 ) ) ;
#4610 = DIRECTION ( 'NONE',  ( 0.0000000000000000000, -0.0000000000000000000, -1.000000000000000000 ) ) ;
#4611 = DIRECTION ( 'NONE',  ( 0.0000000000000000000, 0.0000000000000000000, 1.000000000000000000 ) ) ;
#4612 = PLANE ( 'NONE',  #3967 ) ;
#4613 = LINE ( 'NONE', #8027, #5171 ) ;
#4614 = VERTEX_POINT ( 'NONE', #6637 ) ;
#4615 = DIRECTION ( 'NONE',  ( 1.000000000000000000, 0.0000000000000000000, 0.0000000000000000000 ) ) ;
#4616 = CARTESIAN_POINT ( 'NONE',  ( -2.539999999999894800, 6.299999999999999800, 2.540000000000000500 ) ) ;
#4617 = DIRECTION ( 'NONE',  ( 0.0000000000000000000, 1.000000000000000000, 0.0000000000000000000 ) ) ;
#4618 = PRESENTATION_LAYER_ASSIGNMENT (  '', '', ( #1516 ) ) ;
#4619 = VERTEX_POINT ( 'NONE', #8746 ) ;
#4620 = CARTESIAN_POINT ( 'NONE',  ( 2.540000000000025800, 3.299857146501273600, -5.079999999999999200 ) ) ;
#4621 = LINE ( 'NONE', #165, #112 ) ;
#4622 = EDGE_CURVE ( 'NONE', #1352, #4582, #1420, .T. ) ;
#4623 = DIRECTION ( 'NONE',  ( -0.0000000000000000000, 1.000000000000000000, -0.0000000000000000000 ) ) ;
#4624 = ORIENTED_EDGE ( 'NONE', *, *, #7062, .T. ) ;
#4625 = VERTEX_POINT ( 'NONE', #7400 ) ;
#4626 = ORIENTED_EDGE ( 'NONE', *, *, #239, .F. ) ;
#4627 = FILL_AREA_STYLE ('',( #7392 ) ) ;
#4628 = FACE_OUTER_BOUND ( 'NONE', #372, .T. ) ;
#4629 = STYLED_ITEM ( 'NONE', ( #988 ), #4976 ) ;
#4630 = DIRECTION ( 'NONE',  ( 0.0000000000000000000, 0.0000000000000000000, 1.000000000000000000 ) ) ;
#4631 =( NAMED_UNIT ( * ) SI_UNIT ( $, .STERADIAN. ) SOLID_ANGLE_UNIT ( ) );
#4632 = AXIS2_PLACEMENT_3D ( 'NONE', #7976, #1796, #5195 ) ;
#4633 = ORIENTED_EDGE ( 'NONE', *, *, #5708, .F. ) ;
#4634 = SURFACE_STYLE_FILL_AREA ( #8326 ) ;
#4635 = EDGE_CURVE ( 'NONE', #2374, #3140, #1525, .T. ) ;
#4636 = VECTOR ( 'NONE', #148, 1000.000000000000000 ) ;
#4637 = DIRECTION ( 'NONE',  ( 0.0000000000000000000, 1.000000000000000000, 0.0000000000000000000 ) ) ;
#4638 = PLANE ( 'NONE',  #3237 ) ;
#4639 = CARTESIAN_POINT ( 'NONE',  ( 6.330000000000001800, 0.0000000000000000000, -8.869999999999999200 ) ) ;
#4640 = CARTESIAN_POINT ( 'NONE',  ( 5.080000000000053400, 6.100000000000000500, -2.539999999999999600 ) ) ;
#4641 = DIRECTION ( 'NONE',  ( 1.000000000000000000, 0.0000000000000000000, -0.0000000000000000000 ) ) ;
#4642 = CARTESIAN_POINT ( 'NONE',  ( 5.080000000000104900, 6.100000000000000500, 2.540000000000000500 ) ) ;
#4643 = STYLED_ITEM ( 'NONE', ( #4326 ), #6416 ) ;
#4644 = DIRECTION ( 'NONE',  ( 0.0000000000000000000, 1.000000000000000000, 0.0000000000000000000 ) ) ;
#4645 = VERTEX_POINT ( 'NONE', #8034 ) ;
#4646 = FACE_BOUND ( 'NONE', #3299, .T. ) ;
#4647 = DIRECTION ( 'NONE',  ( 0.0000000000000000000, 1.000000000000000000, 0.0000000000000000000 ) ) ;
#4648 = CARTESIAN_POINT ( 'NONE',  ( 3.960000000000000900, -4.799999999999999800, -1.520000000000000500 ) ) ;
#4649 =( NAMED_UNIT ( * ) SI_UNIT ( $, .STERADIAN. ) SOLID_ANGLE_UNIT ( ) );
#4650 = CYLINDRICAL_SURFACE ( 'NONE', #2804, 0.9899999999999995500 ) ;
#4651 = EDGE_CURVE ( 'NONE', #5766, #3469, #8856, .T. ) ;
#4652 = SURFACE_STYLE_FILL_AREA ( #5162 ) ;
#4653 = AXIS2_PLACEMENT_3D ( 'NONE', #4191, #4819, #2028 ) ;
#4654 = ADVANCED_FACE ( 'NONE', ( #1964 ), #1850, .F. ) ;
#4655 = CIRCLE ( 'NONE', #2565, 0.9899999999999995500 ) ;
#4656 = VERTEX_POINT ( 'NONE', #2517 ) ;
#4657 = ORIENTED_EDGE ( 'NONE', *, *, #7343, .T. ) ;
#4658 = VECTOR ( 'NONE', #8177, 1000.000000000000000 ) ;
#4659 = DIRECTION ( 'NONE',  ( 0.0000000000000000000, 1.000000000000000000, 0.0000000000000000000 ) ) ;
#4660 = ORIENTED_EDGE ( 'NONE', *, *, #3384, .F. ) ;
#4661 = DIRECTION ( 'NONE',  ( 0.0000000000000000000, 0.0000000000000000000, 1.000000000000000000 ) ) ;
#4662 = EDGE_CURVE ( 'NONE', #1301, #7039, #6700, .T. ) ;
#4663 = DIRECTION ( 'NONE',  ( 0.0000000000000000000, -0.0000000000000000000, -1.000000000000000000 ) ) ;
#4664 = ORIENTED_EDGE ( 'NONE', *, *, #1225, .T. ) ;
#4665 = AXIS2_PLACEMENT_3D ( 'NONE', #992, #4394, #8534 ) ;
#4666 = ORIENTED_EDGE ( 'NONE', *, *, #2212, .F. ) ;
#4667 = VERTEX_POINT ( 'NONE', #5343 ) ;
#4668 =( NAMED_UNIT ( * ) PLANE_ANGLE_UNIT ( ) SI_UNIT ( $, .RADIAN. ) );
#4669 = COLOUR_RGB ( '',0.7921568627450980000, 0.8196078431372548800, 0.9333333333333333500 ) ;
#4670 = LINE ( 'NONE', #1090, #4990 ) ;
#4671 = ORIENTED_EDGE ( 'NONE', *, *, #8522, .T. ) ;
#4672 = ORIENTED_EDGE ( 'NONE', *, *, #1826, .T. ) ;
#4673 = CARTESIAN_POINT ( 'NONE',  ( 5.080000000000079100, 6.299999999999999800, -0.9899999999999993200 ) ) ;
#4674 = CARTESIAN_POINT ( 'NONE',  ( 2.540000000000025800, 6.100000000000000500, -6.069999999999999400 ) ) ;
#4675 = SURFACE_STYLE_USAGE ( .BOTH. , #2602 ) ;
#4676 = COLOUR_RGB ( '',0.5019607843137254800, 0.5019607843137254800, 0.5019607843137254800 ) ;
#4677 = DIRECTION ( 'NONE',  ( 0.0000000000000000000, 0.0000000000000000000, 1.000000000000000000 ) ) ;
#4678 = ORIENTED_EDGE ( 'NONE', *, *, #863, .T. ) ;
#4679 = ORIENTED_EDGE ( 'NONE', *, *, #439, .T. ) ;
#4680 = DIRECTION ( 'NONE',  ( 0.0000000000000000000, 0.0000000000000000000, 1.000000000000000000 ) ) ;
#4681 = VERTEX_POINT ( 'NONE', #4673 ) ;
#4682 = DIRECTION ( 'NONE',  ( 0.0000000000000000000, 0.0000000000000000000, 1.000000000000000000 ) ) ;
#4683 = CARTESIAN_POINT ( 'NONE',  ( 5.079999999999999200, 6.299999999999999800, -8.609999999999999400 ) ) ;
#4684 = EDGE_CURVE ( 'NONE', #7337, #1039, #894, .T. ) ;
#4685 = CIRCLE ( 'NONE', #4212, 0.9899999999999995500 ) ;
#4686 = CIRCLE ( 'NONE', #4048, 0.9899999999999995500 ) ;
#4687 = ORIENTED_EDGE ( 'NONE', *, *, #4067, .T. ) ;
#4688 = AXIS2_PLACEMENT_3D ( 'NONE', #2883, #1646, #2315 ) ;
#4689 = ORIENTED_EDGE ( 'NONE', *, *, #7017, .F. ) ;
#4690 = VECTOR ( 'NONE', #883, 1000.000000000000000 ) ;
#4691 = DIRECTION ( 'NONE',  ( 0.0000000000000000000, 0.0000000000000000000, 1.000000000000000000 ) ) ;
#4692 = VERTEX_POINT ( 'NONE', #4729 ) ;
#4693 = EDGE_CURVE ( 'NONE', #582, #2874, #7129, .T. ) ;
#4694 = DIRECTION ( 'NONE',  ( -0.0000000000000000000, 1.000000000000000000, -0.0000000000000000000 ) ) ;
#4695 = CARTESIAN_POINT ( 'NONE',  ( -5.080000000000001000, 6.100000000000000500, -6.630000000000000800 ) ) ;
#4696 = CARTESIAN_POINT ( 'NONE',  ( 3.960000000000000900, 1.000000000000000000, 6.599999999999999600 ) ) ;
#4697 = ORIENTED_EDGE ( 'NONE', *, *, #4067, .F. ) ;
#4698 = FACE_OUTER_BOUND ( 'NONE', #2656, .T. ) ;
#4699 = MANIFOLD_SOLID_BREP ( 'LED 23', #2322 ) ;
#4700 = ADVANCED_FACE ( 'NONE', ( #7248 ), #8317, .T. ) ;
#4701 = ORIENTED_EDGE ( 'NONE', *, *, #6308, .T. ) ;
#4702 = EDGE_LOOP ( 'NONE', ( #2735, #1591, #255, #5963 ) ) ;
#4703 = CARTESIAN_POINT ( 'NONE',  ( 5.080000000000104900, 6.100000000000000500, 2.540000000000000500 ) ) ;
#4704 = DIRECTION ( 'NONE',  ( -1.000000000000000000, 0.0000000000000000000, 0.0000000000000000000 ) ) ;
#4705 = EDGE_CURVE ( 'NONE', #6296, #7838, #124, .T. ) ;
#4706 = CIRCLE ( 'NONE', #4632, 0.9899999999999995500 ) ;
#4707 = CARTESIAN_POINT ( 'NONE',  ( -6.329999999999997400, 0.0000000000000000000, 8.869999999999999200 ) ) ;
#4708 = CYLINDRICAL_SURFACE ( 'NONE', #27, 0.9899999999999993200 ) ;
#4709 = CARTESIAN_POINT ( 'NONE',  ( -3.960000000000000900, 1.000000000000000000, 6.599999999999999600 ) ) ;
#4710 = DIRECTION ( 'NONE',  ( 1.000000000000000000, -0.0000000000000000000, 0.0000000000000000000 ) ) ;
#4711 = AXIS2_PLACEMENT_3D ( 'NONE', #5899, #7309, #7394 ) ;
#4712 = EDGE_CURVE ( 'NONE', #7128, #7299, #785, .T. ) ;
#4713 = DIRECTION ( 'NONE',  ( 0.0000000000000000000, 0.0000000000000000000, 1.000000000000000000 ) ) ;
#4714 = EDGE_LOOP ( 'NONE', ( #4076, #491 ) ) ;
#4715 = VERTEX_POINT ( 'NONE', #8895 ) ;
#4716 = AXIS2_PLACEMENT_3D ( 'NONE', #650, #5441, #3567 ) ;
#4717 = ORIENTED_EDGE ( 'NONE', *, *, #3293, .F. ) ;
#4718 = ORIENTED_EDGE ( 'NONE', *, *, #2711, .T. ) ;
#4719 = CARTESIAN_POINT ( 'NONE',  ( -6.329999999999997400, 6.100000000000000500, -8.869999999999999200 ) ) ;
#4720 = FACE_BOUND ( 'NONE', #8412, .T. ) ;
#4721 = ORIENTED_EDGE ( 'NONE', *, *, #462, .F. ) ;
#4722 =( LENGTH_UNIT ( ) NAMED_UNIT ( * ) SI_UNIT ( .MILLI., .METRE. ) );
#4723 = CARTESIAN_POINT ( 'NONE',  ( -5.079999999999868600, 6.299999999999999800, 5.080000000000001000 ) ) ;
#4724 = AXIS2_PLACEMENT_3D ( 'NONE', #7041, #7726, #3622 ) ;
#4725 = AXIS2_PLACEMENT_3D ( 'NONE', #7549, #7676, #12 ) ;
#4726 = FACE_OUTER_BOUND ( 'NONE', #3508, .T. ) ;
#4727 = ORIENTED_EDGE ( 'NONE', *, *, #4705, .T. ) ;
#4728 = ORIENTED_EDGE ( 'NONE', *, *, #639, .T. ) ;
#4729 = CARTESIAN_POINT ( 'NONE',  ( 2.540000000000051500, 6.299999999999999800, -1.550000000000000500 ) ) ;
#4730 = DIRECTION ( 'NONE',  ( 0.0000000000000000000, 1.000000000000000000, 0.0000000000000000000 ) ) ;
#4731 = CARTESIAN_POINT ( 'NONE',  ( 2.540000000000158600, 6.299999999999999800, 6.630000000000000800 ) ) ;
#4732 = EDGE_CURVE ( 'NONE', #4625, #7076, #2496, .T. ) ;
#4733 = EDGE_LOOP ( 'NONE', ( #2580, #292 ) ) ;
#4734 = PLANE ( 'NONE',  #3610 ) ;
#4735 = CARTESIAN_POINT ( 'NONE',  ( 2.540000000000051500, 6.299999999999999800, -2.539999999999999600 ) ) ;
#4736 = LINE ( 'NONE', #2434, #1201 ) ;
#4737 = CARTESIAN_POINT ( 'NONE',  ( -5.079999999999948600, 6.100000000000000500, -1.550000000000000500 ) ) ;
#4738 = DIRECTION ( 'NONE',  ( 0.0000000000000000000, 0.0000000000000000000, 1.000000000000000000 ) ) ;
#4739 = DIRECTION ( 'NONE',  ( 0.0000000000000000000, 0.0000000000000000000, 1.000000000000000000 ) ) ;
#4740 = AXIS2_PLACEMENT_3D ( 'NONE', #2760, #1351, #4102 ) ;
#4741 = ORIENTED_EDGE ( 'NONE', *, *, #4712, .F. ) ;
#4742 = ADVANCED_FACE ( 'NONE', ( #7014 ), #6157, .F. ) ;
#4743 = EDGE_CURVE ( 'NONE', #3759, #8374, #4414, .T. ) ;
#4744 = LINE ( 'NONE', #5763, #2710 ) ;
#4745 = DIRECTION ( 'NONE',  ( 0.0000000000000000000, 1.000000000000000000, 0.0000000000000000000 ) ) ;
#4746 = CARTESIAN_POINT ( 'NONE',  ( 2.539999999999998700, 6.299999999999999800, -8.609999999999999400 ) ) ;
#4747 = VERTEX_POINT ( 'NONE', #2026 ) ;
#4748 = LINE ( 'NONE', #1761, #1212 ) ;
#4749 = AXIS2_PLACEMENT_3D ( 'NONE', #4723, #635, #4752 ) ;
#4750 = CIRCLE ( 'NONE', #4897, 0.9899999999999995500 ) ;
#4751 =( NAMED_UNIT ( * ) SI_UNIT ( $, .STERADIAN. ) SOLID_ANGLE_UNIT ( ) );
#4752 = DIRECTION ( 'NONE',  ( 0.0000000000000000000, 0.0000000000000000000, 1.000000000000000000 ) ) ;
#4753 = CIRCLE ( 'NONE', #4072, 0.9899999999999995500 ) ;
#4754 = ORIENTED_EDGE ( 'NONE', *, *, #4813, .T. ) ;
#4755 = EDGE_CURVE ( 'NONE', #2220, #658, #6256, .T. ) ;
#4756 = CARTESIAN_POINT ( 'NONE',  ( 6.330000000000001800, 1.000000000000000000, -7.302499999999997500 ) ) ;
#4757 = PLANE ( 'NONE',  #2512 ) ;
#4758 = CARTESIAN_POINT ( 'NONE',  ( 3.660000000000001000, -10.18309518948452900, -3.559999999999999600 ) ) ;
#4759 = CARTESIAN_POINT ( 'NONE',  ( -5.079999999999974300, 6.299999999999999800, -5.079999999999999200 ) ) ;
#4760 = SURFACE_STYLE_FILL_AREA ( #586 ) ;
#4761 = FACE_OUTER_BOUND ( 'NONE', #3465, .T. ) ;
#4762 = CYLINDRICAL_SURFACE ( 'NONE', #730, 0.9899999999999993200 ) ;
#4763 =( NAMED_UNIT ( * ) PLANE_ANGLE_UNIT ( ) SI_UNIT ( $, .RADIAN. ) );
#4764 = AXIS2_PLACEMENT_3D ( 'NONE', #3478, #8914, #1338 ) ;
#4765 = DIRECTION ( 'NONE',  ( 0.0000000000000000000, 0.0000000000000000000, -1.000000000000000000 ) ) ;
#4766 =( NAMED_UNIT ( * ) SI_UNIT ( $, .STERADIAN. ) SOLID_ANGLE_UNIT ( ) );
#4767 = VERTEX_POINT ( 'NONE', #2601 ) ;
#4768 = DIRECTION ( 'NONE',  ( 0.0000000000000000000, 1.000000000000000000, 0.0000000000000000000 ) ) ;
#4769 = EDGE_LOOP ( 'NONE', ( #7420, #1598, #8921, #1684 ) ) ;
#4770 = CIRCLE ( 'NONE', #2351, 0.9899999999999993200 ) ;
#4771 =( GEOMETRIC_REPRESENTATION_CONTEXT ( 3 ) GLOBAL_UNCERTAINTY_ASSIGNED_CONTEXT ( ( #2975 ) ) GLOBAL_UNIT_ASSIGNED_CONTEXT ( ( #999, #6523, #7699 ) ) REPRESENTATION_CONTEXT ( 'NONE', 'WORKASPACE' ) );
#4772 = CIRCLE ( 'NONE', #4120, 0.9899999999999993200 ) ;
#4773 = LINE ( 'NONE', #3474, #709 ) ;
#4774 = EDGE_LOOP ( 'NONE', ( #1770, #7117 ) ) ;
#4775 =( NAMED_UNIT ( * ) SI_UNIT ( $, .STERADIAN. ) SOLID_ANGLE_UNIT ( ) );
#4776 = ORIENTED_EDGE ( 'NONE', *, *, #1757, .F. ) ;
#4777 = EDGE_LOOP ( 'NONE', ( #7226, #5872, #1665, #7158 ) ) ;
#4778 = CARTESIAN_POINT ( 'NONE',  ( 5.080000000000079100, 6.299999999999999800, 0.0000000000000000000 ) ) ;
#4779 = SURFACE_STYLE_FILL_AREA ( #5152 ) ;
#4780 = VECTOR ( 'NONE', #2502, 1000.000000000000000 ) ;
#4781 = DIRECTION ( 'NONE',  ( 1.000000000000000000, 0.0000000000000000000, -0.0000000000000000000 ) ) ;
#4782 = AXIS2_PLACEMENT_3D ( 'NONE', #1417, #2798, #6963 ) ;
#4783 = ORIENTED_EDGE ( 'NONE', *, *, #3417, .F. ) ;
#4784 = VECTOR ( 'NONE', #3494, 1000.000000000000000 ) ;
#4785 = CLOSED_SHELL ( 'NONE', ( #4383, #2170, #4413, #4608 ) ) ;
#4786 = EDGE_LOOP ( 'NONE', ( #496, #1659, #934, #2821 ) ) ;
#4787 = ORIENTED_EDGE ( 'NONE', *, *, #2224, .F. ) ;
#4788 = ADVANCED_FACE ( 'NONE', ( #8742 ), #3282, .T. ) ;
#4789 = DIRECTION ( 'NONE',  ( 1.000000000000000000, 0.0000000000000000000, 0.0000000000000000000 ) ) ;
#4790 = DIRECTION ( 'NONE',  ( 0.0000000000000000000, 0.0000000000000000000, 1.000000000000000000 ) ) ;
#4791 = CARTESIAN_POINT ( 'NONE',  ( 0.0000000000000000000, -4.799999999999999800, 0.0000000000000000000 ) ) ;
#4792 = AXIS2_PLACEMENT_3D ( 'NONE', #8639, #4500, #8723 ) ;
#4793 = VECTOR ( 'NONE', #3543, 1000.000000000000000 ) ;
#4794 = LINE ( 'NONE', #2674, #5761 ) ;
#4795 = CARTESIAN_POINT ( 'NONE',  ( -3.960000000000000900, -4.799999999999999800, -1.520000000000000500 ) ) ;
#4796 = AXIS2_PLACEMENT_3D ( 'NONE', #343, #4391, #3793 ) ;
#4797 = VERTEX_POINT ( 'NONE', #8779 ) ;
#4798 = CARTESIAN_POINT ( 'NONE',  ( -5.079999999999868600, 6.299999999999999800, 6.070000000000001200 ) ) ;
#4799 = CARTESIAN_POINT ( 'NONE',  ( 2.539999999999998700, 6.100000000000000500, -7.620000000000000100 ) ) ;
#4800 = EDGE_CURVE ( 'NONE', #1906, #5317, #11, .T. ) ;
#4801 = PLANE ( 'NONE',  #8425 ) ;
#4802 = ORIENTED_EDGE ( 'NONE', *, *, #5042, .T. ) ;
#4803 = CIRCLE ( 'NONE', #8891, 0.9899999999999995500 ) ;
#4804 = ORIENTED_EDGE ( 'NONE', *, *, #6136, .F. ) ;
#4805 = ORIENTED_EDGE ( 'NONE', *, *, #3000, .F. ) ;
#4806 = AXIS2_PLACEMENT_3D ( 'NONE', #2055, #40, #4848 ) ;
#4807 = CARTESIAN_POINT ( 'NONE',  ( 5.080000000000053400, 3.299857146501273600, -2.539999999999999600 ) ) ;
#4808 = DIRECTION ( 'NONE',  ( -0.0000000000000000000, 1.000000000000000000, -0.0000000000000000000 ) ) ;
#4809 = CARTESIAN_POINT ( 'NONE',  ( 5.080000000000079100, 6.100000000000000500, -0.9899999999999993200 ) ) ;
#4810 = STYLED_ITEM ( 'NONE', ( #1274 ), #1603 ) ;
#4811 = DIRECTION ( 'NONE',  ( -0.0000000000000000000, 1.000000000000000000, -0.0000000000000000000 ) ) ;
#4812 = LINE ( 'NONE', #2606, #6004 ) ;
#4813 = EDGE_CURVE ( 'NONE', #8732, #198, #7451, .T. ) ;
#4814 = MANIFOLD_SOLID_BREP ( 'LED 32', #461 ) ;
#4815 = DIRECTION ( 'NONE',  ( 0.0000000000000000000, 0.0000000000000000000, 1.000000000000000000 ) ) ;
#4816 = CIRCLE ( 'NONE', #1728, 0.9899999999999995500 ) ;
#4817 = STYLED_ITEM ( 'NONE', ( #7898 ), #6306 ) ;
#4818 = VERTEX_POINT ( 'NONE', #755 ) ;
#4819 = DIRECTION ( 'NONE',  ( 0.0000000000000000000, 1.000000000000000000, 0.0000000000000000000 ) ) ;
#4820 = CARTESIAN_POINT ( 'NONE',  ( 2.540000000000078600, 6.299999999999999800, 0.9899999999999993200 ) ) ;
#4821 = EDGE_CURVE ( 'NONE', #8796, #8885, #3657, .T. ) ;
#4822 = EDGE_LOOP ( 'NONE', ( #1639, #874 ) ) ;
#4823 = DIRECTION ( 'NONE',  ( -1.000000000000000000, 0.0000000000000000000, -0.0000000000000000000 ) ) ;
#4824 = DIRECTION ( 'NONE',  ( -0.0000000000000000000, -1.000000000000000000, -0.0000000000000000000 ) ) ;
#4825 = DIRECTION ( 'NONE',  ( 0.0000000000000000000, 0.0000000000000000000, 1.000000000000000000 ) ) ;
#4826 = DIRECTION ( 'NONE',  ( 0.0000000000000000000, 0.0000000000000000000, 1.000000000000000000 ) ) ;
#4827 = SURFACE_SIDE_STYLE ('',( #3100 ) ) ;
#4828 = STYLED_ITEM ( 'NONE', ( #3480 ), #8304 ) ;
#4829 = LINE ( 'NONE', #8053, #7003 ) ;
#4830 = EDGE_LOOP ( 'NONE', ( #8507, #3364 ) ) ;
#4831 = ADVANCED_FACE ( 'NONE', ( #7346 ), #4216, .T. ) ;
#4832 = EDGE_CURVE ( 'NONE', #6137, #252, #683, .T. ) ;
#4833 = DIRECTION ( 'NONE',  ( 0.0000000000000000000, 1.000000000000000000, 0.0000000000000000000 ) ) ;
#4834 = CARTESIAN_POINT ( 'NONE',  ( -5.079999999999921000, 6.100000000000000500, -0.9899999999999993200 ) ) ;
#4835 = ORIENTED_EDGE ( 'NONE', *, *, #7355, .T. ) ;
#4836 =( LENGTH_UNIT ( ) NAMED_UNIT ( * ) SI_UNIT ( .MILLI., .METRE. ) );
#4837 = DIRECTION ( 'NONE',  ( 0.0000000000000000000, 0.0000000000000000000, 1.000000000000000000 ) ) ;
#4838 = DIRECTION ( 'NONE',  ( 0.0000000000000000000, 1.000000000000000000, 0.0000000000000000000 ) ) ;
#4839 = CIRCLE ( 'NONE', #7027, 0.9899999999999993200 ) ;
#4840 = DIRECTION ( 'NONE',  ( 0.0000000000000000000, 1.000000000000000000, 0.0000000000000000000 ) ) ;
#4841 = ORIENTED_EDGE ( 'NONE', *, *, #8929, .F. ) ;
#4842 =( GEOMETRIC_REPRESENTATION_CONTEXT ( 3 ) GLOBAL_UNCERTAINTY_ASSIGNED_CONTEXT ( ( #7126 ) ) GLOBAL_UNIT_ASSIGNED_CONTEXT ( ( #746, #1504, #122 ) ) REPRESENTATION_CONTEXT ( 'NONE', 'WORKASPACE' ) );
#4843 = VERTEX_POINT ( 'NONE', #3424 ) ;
#4844 = FACE_OUTER_BOUND ( 'NONE', #6677, .T. ) ;
#4845 = AXIS2_PLACEMENT_3D ( 'NONE', #6193, #4889, #2765 ) ;
#4846 = ORIENTED_EDGE ( 'NONE', *, *, #5050, .T. ) ;
#4847 = CYLINDRICAL_SURFACE ( 'NONE', #1596, 0.9899999999999995500 ) ;
#4848 = DIRECTION ( 'NONE',  ( 0.0000000000000000000, 0.0000000000000000000, 1.000000000000000000 ) ) ;
#4849 = DIRECTION ( 'NONE',  ( 0.0000000000000000000, 1.000000000000000000, 0.0000000000000000000 ) ) ;
#4850 = EDGE_CURVE ( 'NONE', #6357, #5085, #997, .T. ) ;
#4851 = DIRECTION ( 'NONE',  ( -0.0000000000000000000, -1.000000000000000000, -0.0000000000000000000 ) ) ;
#4852 = CARTESIAN_POINT ( 'NONE',  ( -2.539999999999894800, 6.299999999999999800, 3.530000000000000200 ) ) ;
#4853 = VERTEX_POINT ( 'NONE', #2144 ) ;
#4854 = CYLINDRICAL_SURFACE ( 'NONE', #317, 0.9899999999999993200 ) ;
#4855 = DIRECTION ( 'NONE',  ( 0.0000000000000000000, 1.000000000000000000, 0.0000000000000000000 ) ) ;
#4856 = DIRECTION ( 'NONE',  ( 0.0000000000000000000, 1.000000000000000000, 0.0000000000000000000 ) ) ;
#4857 = DIRECTION ( 'NONE',  ( 0.0000000000000000000, 0.0000000000000000000, 1.000000000000000000 ) ) ;
#4858 = COLOUR_RGB ( '',0.7921568627450980000, 0.8196078431372548800, 0.9333333333333333500 ) ;
#4859 = UNCERTAINTY_MEASURE_WITH_UNIT (LENGTH_MEASURE( 1.000000000000000100E-005 ), #5523, 'distance_accuracy_value', 'NONE');
#4860 = ORIENTED_EDGE ( 'NONE', *, *, #6962, .F. ) ;
#4861 = LINE ( 'NONE', #2550, #7685 ) ;
#4862 = EDGE_CURVE ( 'NONE', #923, #2049, #1956, .T. ) ;
#4863 = CARTESIAN_POINT ( 'NONE',  ( 2.540000000000051500, 3.299857146501273600, -1.550000000000000500 ) ) ;
#4864 = DIRECTION ( 'NONE',  ( 0.0000000000000000000, -0.0000000000000000000, 1.000000000000000000 ) ) ;
#4865 = CARTESIAN_POINT ( 'NONE',  ( -2.539999999999841500, 3.299857146501273600, 8.609999999999999400 ) ) ;
#4866 = FILL_AREA_STYLE ('',( #7660 ) ) ;
#4867 = DIRECTION ( 'NONE',  ( 0.0000000000000000000, 0.0000000000000000000, 1.000000000000000000 ) ) ;
#4868 = STYLED_ITEM ( 'NONE', ( #3172 ), #5479 ) ;
#4869 = CIRCLE ( 'NONE', #3940, 0.9899999999999995500 ) ;
#4870 = DIRECTION ( 'NONE',  ( 0.0000000000000000000, 0.0000000000000000000, 1.000000000000000000 ) ) ;
#4871 = ORIENTED_EDGE ( 'NONE', *, *, #7853, .F. ) ;
#4872 = ORIENTED_EDGE ( 'NONE', *, *, #4935, .T. ) ;
#4873 = CYLINDRICAL_SURFACE ( 'NONE', #2180, 0.9899999999999995500 ) ;
#4874 = VECTOR ( 'NONE', #2236, 1000.000000000000000 ) ;
#4875 = EDGE_CURVE ( 'NONE', #168, #3208, #8099, .T. ) ;
#4876 = ORIENTED_EDGE ( 'NONE', *, *, #7062, .F. ) ;
#4877 = ADVANCED_FACE ( 'NONE', ( #7238 ), #3663, .F. ) ;
#4878 = ORIENTED_EDGE ( 'NONE', *, *, #7613, .F. ) ;
#4879 = CARTESIAN_POINT ( 'NONE',  ( -2.539999999999841500, 6.100000000000000500, 6.630000000000000800 ) ) ;
#4880 = LINE ( 'NONE', #8498, #5628 ) ;
#4881 = DIRECTION ( 'NONE',  ( 0.0000000000000000000, 0.0000000000000000000, 1.000000000000000000 ) ) ;
#4882 = EDGE_LOOP ( 'NONE', ( #8827, #8786 ) ) ;
#4883 = ORIENTED_EDGE ( 'NONE', *, *, #7654, .T. ) ;
#4884 = ORIENTED_EDGE ( 'NONE', *, *, #7890, .F. ) ;
#4885 = LINE ( 'NONE', #418, #1026 ) ;
#4886 = AXIS2_PLACEMENT_3D ( 'NONE', #870, #3608, #2148 ) ;
#4887 = DIRECTION ( 'NONE',  ( 0.0000000000000000000, 1.000000000000000000, 0.0000000000000000000 ) ) ;
#4888 = CIRCLE ( 'NONE', #2483, 0.9899999999999995500 ) ;
#4889 = DIRECTION ( 'NONE',  ( 0.0000000000000000000, 1.000000000000000000, 0.0000000000000000000 ) ) ;
#4890 = ORIENTED_EDGE ( 'NONE', *, *, #5336, .T. ) ;
#4891 = CARTESIAN_POINT ( 'NONE',  ( 5.080000000000159100, 6.100000000000000500, 8.609999999999999400 ) ) ;
#4892 = EDGE_LOOP ( 'NONE', ( #6406, #6318, #2802, #4605 ) ) ;
#4893 = EDGE_CURVE ( 'NONE', #7777, #7603, #2380, .T. ) ;
#4894 = ADVANCED_FACE ( 'NONE', ( #4209 ), #5397, .T. ) ;
#4895 = LINE ( 'NONE', #666, #2937 ) ;
#4896 = ORIENTED_EDGE ( 'NONE', *, *, #6544, .T. ) ;
#4897 = AXIS2_PLACEMENT_3D ( 'NONE', #1182, #5176, #1776 ) ;
#4898 = ORIENTED_EDGE ( 'NONE', *, *, #4517, .T. ) ;
#4899 = EDGE_LOOP ( 'NONE', ( #5247, #8874 ) ) ;
#4900 = PLANE ( 'NONE',  #2429 ) ;
#4901 = UNCERTAINTY_MEASURE_WITH_UNIT (LENGTH_MEASURE( 1.000000000000000100E-005 ), #3168, 'distance_accuracy_value', 'NONE');
#4902 = VECTOR ( 'NONE', #1483, 1000.000000000000000 ) ;
#4903 = FACE_OUTER_BOUND ( 'NONE', #2929, .T. ) ;
#4904 = DIRECTION ( 'NONE',  ( 0.0000000000000000000, 1.000000000000000000, 0.0000000000000000000 ) ) ;
#4905 = DIRECTION ( 'NONE',  ( -0.0000000000000000000, 1.000000000000000000, -0.0000000000000000000 ) ) ;
#4906 = DIRECTION ( 'NONE',  ( 0.0000000000000000000, 1.000000000000000000, 0.0000000000000000000 ) ) ;
#4907 = EDGE_LOOP ( 'NONE', ( #7751, #5566 ) ) ;
#4908 = AXIS2_PLACEMENT_3D ( 'NONE', #5389, #7504, #8102 ) ;
#4909 = DIRECTION ( 'NONE',  ( 0.0000000000000000000, 1.000000000000000000, 0.0000000000000000000 ) ) ;
#4910 = CARTESIAN_POINT ( 'NONE',  ( 0.0000000000000000000, 1.000000000000000000, 0.0000000000000000000 ) ) ;
#4911 = EDGE_CURVE ( 'NONE', #5871, #8180, #3993, .T. ) ;
#4912 = ORIENTED_EDGE ( 'NONE', *, *, #824, .F. ) ;
#4913 = ORIENTED_EDGE ( 'NONE', *, *, #6499, .T. ) ;
#4914 = DIRECTION ( 'NONE',  ( 0.0000000000000000000, 1.000000000000000000, 0.0000000000000000000 ) ) ;
#4915 = DIRECTION ( 'NONE',  ( 0.0000000000000000000, 1.000000000000000000, 0.0000000000000000000 ) ) ;
#4916 = FILL_AREA_STYLE_COLOUR ( '', #4676 ) ;
#4917 = AXIS2_PLACEMENT_3D ( 'NONE', #552, #1288, #1944 ) ;
#4918 = CARTESIAN_POINT ( 'NONE',  ( -5.079999999999948600, 6.100000000000000500, -2.539999999999999600 ) ) ;
#4919 = VERTEX_POINT ( 'NONE', #7672 ) ;
#4920 = LINE ( 'NONE', #7689, #3297 ) ;
#4921 = DIRECTION ( 'NONE',  ( 0.0000000000000000000, 0.0000000000000000000, 1.000000000000000000 ) ) ;
#4922 = ORIENTED_EDGE ( 'NONE', *, *, #7853, .T. ) ;
#4923 = CARTESIAN_POINT ( 'NONE',  ( -5.079999999999974300, 6.100000000000000500, -5.079999999999999200 ) ) ;
#4924 = EDGE_CURVE ( 'NONE', #228, #7138, #8849, .T. ) ;
#4925 = CARTESIAN_POINT ( 'NONE',  ( -5.080000000000001000, 6.100000000000000500, -6.630000000000000800 ) ) ;
#4926 = VERTEX_POINT ( 'NONE', #6998 ) ;
#4927 = CYLINDRICAL_SURFACE ( 'NONE', #3744, 0.9899999999999995500 ) ;
#4928 = ADVANCED_FACE ( 'NONE', ( #3550 ), #5502, .T. ) ;
#4929 = FACE_OUTER_BOUND ( 'NONE', #712, .T. ) ;
#4930 = STYLED_ITEM ( 'NONE', ( #6365 ), #4699 ) ;
#4931 = DIRECTION ( 'NONE',  ( 0.0000000000000000000, 0.0000000000000000000, 1.000000000000000000 ) ) ;
#4932 = DIRECTION ( 'NONE',  ( 0.0000000000000000000, 0.0000000000000000000, 1.000000000000000000 ) ) ;
#4933 = CARTESIAN_POINT ( 'NONE',  ( -5.079999999999948600, 6.299999999999999800, -2.539999999999999600 ) ) ;
#4934 = AXIS2_PLACEMENT_3D ( 'NONE', #5910, #7312, #7334 ) ;
#4935 = EDGE_CURVE ( 'NONE', #2682, #8667, #2271, .T. ) ;
#4936 = VECTOR ( 'NONE', #8752, 1000.000000000000000 ) ;
#4937 =( LENGTH_UNIT ( ) NAMED_UNIT ( * ) SI_UNIT ( .MILLI., .METRE. ) );
#4938 = DIRECTION ( 'NONE',  ( -0.0000000000000000000, 1.000000000000000000, -0.0000000000000000000 ) ) ;
#4939 = ORIENTED_EDGE ( 'NONE', *, *, #8869, .T. ) ;
#4940 = ORIENTED_EDGE ( 'NONE', *, *, #8152, .T. ) ;
#4941 = ORIENTED_EDGE ( 'NONE', *, *, #4469, .T. ) ;
#4942 = ADVANCED_FACE ( 'NONE', ( #7785 ), #7243, .F. ) ;
#4943 = MECHANICAL_DESIGN_GEOMETRIC_PRESENTATION_REPRESENTATION (  '', ( #2911 ), #4140 ) ;
#4944 = FACE_BOUND ( 'NONE', #3433, .T. ) ;
#4945 = DIRECTION ( 'NONE',  ( -0.0000000000000000000, -1.000000000000000000, -0.0000000000000000000 ) ) ;
#4946 = DIRECTION ( 'NONE',  ( 0.0000000000000000000, 1.000000000000000000, 0.0000000000000000000 ) ) ;
#4947 = EDGE_CURVE ( 'NONE', #1434, #705, #7118, .T. ) ;
#4948 = AXIS2_PLACEMENT_3D ( 'NONE', #7759, #4915, #4969 ) ;
#4949 = VECTOR ( 'NONE', #246, 1000.000000000000000 ) ;
#4950 = EDGE_LOOP ( 'NONE', ( #2850, #5898, #8542, #3374 ) ) ;
#4951 =( NAMED_UNIT ( * ) SI_UNIT ( $, .STERADIAN. ) SOLID_ANGLE_UNIT ( ) );
#4952 = ORIENTED_EDGE ( 'NONE', *, *, #220, .T. ) ;
#4953 = ORIENTED_EDGE ( 'NONE', *, *, #5010, .F. ) ;
#4954 = EDGE_CURVE ( 'NONE', #2016, #3130, #5066, .T. ) ;
#4955 = CARTESIAN_POINT ( 'NONE',  ( 2.540000000000078600, 6.299999999999999800, 0.0000000000000000000 ) ) ;
#4956 = AXIS2_PLACEMENT_3D ( 'NONE', #8397, #5640, #1522 ) ;
#4957 = DIRECTION ( 'NONE',  ( 0.0000000000000000000, 0.0000000000000000000, 1.000000000000000000 ) ) ;
#4958 = VERTEX_POINT ( 'NONE', #2422 ) ;
#4959 = LINE ( 'NONE', #3185, #2709 ) ;
#4960 = CARTESIAN_POINT ( 'NONE',  ( 5.080000000000025800, 6.100000000000000500, -6.069999999999999400 ) ) ;
#4961 =( LENGTH_UNIT ( ) NAMED_UNIT ( * ) SI_UNIT ( .MILLI., .METRE. ) );
#4962 = VECTOR ( 'NONE', #882, 1000.000000000000000 ) ;
#4963 = AXIS2_PLACEMENT_3D ( 'NONE', #8279, #14, #6159 ) ;
#4964 = EDGE_LOOP ( 'NONE', ( #3055, #2795, #3972, #1271 ) ) ;
#4965 = ADVANCED_FACE ( 'NONE', ( #1414 ), #4854, .F. ) ;
#4966 = FACE_BOUND ( 'NONE', #8126, .T. ) ;
#4967 = CARTESIAN_POINT ( 'NONE',  ( -2.539999999999974700, 3.299857146501273600, -5.079999999999999200 ) ) ;
#4968 = VECTOR ( 'NONE', #6454, 1000.000000000000000 ) ;
#4969 = DIRECTION ( 'NONE',  ( 0.0000000000000000000, 0.0000000000000000000, 1.000000000000000000 ) ) ;
#4970 = DIRECTION ( 'NONE',  ( 0.0000000000000000000, 0.0000000000000000000, 1.000000000000000000 ) ) ;
#4971 = EDGE_CURVE ( 'NONE', #2027, #6794, #458, .T. ) ;
#4972 = FACE_OUTER_BOUND ( 'NONE', #4086, .T. ) ;
#4973 = VERTEX_POINT ( 'NONE', #7183 ) ;
#4974 = CARTESIAN_POINT ( 'NONE',  ( -5.079999999999894400, 6.299999999999999800, 1.550000000000001200 ) ) ;
#4975 = CARTESIAN_POINT ( 'NONE',  ( 5.080000000000133300, 6.100000000000000500, 6.070000000000001200 ) ) ;
#4976 = MANIFOLD_SOLID_BREP ( 'LED 11', #637 ) ;
#4977 = COLOUR_RGB ( '',0.5019607843137254800, 0.5019607843137254800, 0.5019607843137254800 ) ;
#4978 = DIRECTION ( 'NONE',  ( 0.0000000000000000000, 0.0000000000000000000, 1.000000000000000000 ) ) ;
#4979 =( LENGTH_UNIT ( ) NAMED_UNIT ( * ) SI_UNIT ( .MILLI., .METRE. ) );
#4980 = PRESENTATION_LAYER_ASSIGNMENT (  '', '', ( #6832 ) ) ;
#4981 = CIRCLE ( 'NONE', #2052, 0.9899999999999995500 ) ;
#4982 = FACE_OUTER_BOUND ( 'NONE', #5810, .T. ) ;
#4983 = ADVANCED_FACE ( 'NONE', ( #3443 ), #1103, .F. ) ;
#4984 = AXIS2_PLACEMENT_3D ( 'NONE', #609, #4730, #1884 ) ;
#4985 = EDGE_CURVE ( 'NONE', #2865, #3365, #1617, .T. ) ;
#4986 = CARTESIAN_POINT ( 'NONE',  ( -3.960000000000000900, -4.799999999999999800, 3.559999999999998700 ) ) ;
#4987 = ORIENTED_EDGE ( 'NONE', *, *, #8584, .T. ) ;
#4988 = ORIENTED_EDGE ( 'NONE', *, *, #4331, .T. ) ;
#4989 = DIRECTION ( 'NONE',  ( 0.0000000000000000000, 1.000000000000000000, 0.0000000000000000000 ) ) ;
#4990 = VECTOR ( 'NONE', #8633, 1000.000000000000000 ) ;
#4991 = CARTESIAN_POINT ( 'NONE',  ( -5.079999999999868600, 6.299999999999999800, 6.070000000000001200 ) ) ;
#4992 = DIRECTION ( 'NONE',  ( 0.0000000000000000000, 0.0000000000000000000, 1.000000000000000000 ) ) ;
#4993 = ORIENTED_EDGE ( 'NONE', *, *, #6775, .T. ) ;
#4994 = VECTOR ( 'NONE', #6469, 1000.000000000000000 ) ;
#4995 = VERTEX_POINT ( 'NONE', #1625 ) ;
#4996 = EDGE_CURVE ( 'NONE', #2753, #7345, #1312, .T. ) ;
#4997 = VECTOR ( 'NONE', #5543, 1000.000000000000000 ) ;
#4998 = COLOUR_RGB ( '',0.5019607843137254800, 0.5019607843137254800, 0.5019607843137254800 ) ;
#4999 = PLANE ( 'NONE',  #2523 ) ;
#5000 = CLOSED_SHELL ( 'NONE', ( #336, #4700, #188, #323 ) ) ;
#5001 = CARTESIAN_POINT ( 'NONE',  ( 3.660000000000001000, -4.799999999999999800, -6.599999999999999600 ) ) ;
#5002 = DIRECTION ( 'NONE',  ( -0.0000000000000000000, 1.000000000000000000, -0.0000000000000000000 ) ) ;
#5003 = FACE_OUTER_BOUND ( 'NONE', #3541, .T. ) ;
#5004 = AXIS2_PLACEMENT_3D ( 'NONE', #2508, #5271, #1169 ) ;
#5005 = EDGE_LOOP ( 'NONE', ( #3230, #3929, #3778, #4163 ) ) ;
#5006 = VERTEX_POINT ( 'NONE', #8529 ) ;
#5007 = CARTESIAN_POINT ( 'NONE',  ( 0.0000000000000000000, -4.799999999999999800, 0.0000000000000000000 ) ) ;
#5008 = CARTESIAN_POINT ( 'NONE',  ( 5.080000000000104900, 3.299857146501273600, 1.550000000000001200 ) ) ;
#5009 = CARTESIAN_POINT ( 'NONE',  ( -2.539999999999947600, 6.100000000000000500, -2.539999999999999600 ) ) ;
#5010 = EDGE_CURVE ( 'NONE', #7038, #5351, #677, .T. ) ;
#5011 = AXIS2_PLACEMENT_3D ( 'NONE', #6196, #55, #762 ) ;
#5012 = VECTOR ( 'NONE', #2886, 1000.000000000000000 ) ;
#5013 = LINE ( 'NONE', #6525, #2762 ) ;
#5014 = ADVANCED_FACE ( 'NONE', ( #6902 ), #7778, .F. ) ;
#5015 = ORIENTED_EDGE ( 'NONE', *, *, #8365, .F. ) ;
#5016 = CARTESIAN_POINT ( 'NONE',  ( 0.0000000000000000000, 1.000000000000000000, -8.869999999999997400 ) ) ;
#5017 = CARTESIAN_POINT ( 'NONE',  ( 1.058181320345852300E-013, 6.100000000000000500, 2.540000000000000500 ) ) ;
#5018 = CARTESIAN_POINT ( 'NONE',  ( -5.079999999999842000, 6.100000000000000500, 7.620000000000000100 ) ) ;
#5019 =( NAMED_UNIT ( * ) SI_UNIT ( $, .STERADIAN. ) SOLID_ANGLE_UNIT ( ) );
#5020 = ORIENTED_EDGE ( 'NONE', *, *, #1991, .F. ) ;
#5021 = AXIS2_PLACEMENT_3D ( 'NONE', #8286, #8263, #4837 ) ;
#5022 = STYLED_ITEM ( 'NONE', ( #3804 ), #8578 ) ;
#5023 = ORIENTED_EDGE ( 'NONE', *, *, #3850, .F. ) ;
#5024 = CARTESIAN_POINT ( 'NONE',  ( 5.204170427930421300E-014, 6.100000000000000500, -2.539999999999999600 ) ) ;
#5025 = ORIENTED_EDGE ( 'NONE', *, *, #8096, .F. ) ;
#5026 = EDGE_CURVE ( 'NONE', #929, #4667, #217, .T. ) ;
#5027 = FACE_OUTER_BOUND ( 'NONE', #1681, .T. ) ;
#5028 = MECHANICAL_DESIGN_GEOMETRIC_PRESENTATION_REPRESENTATION (  '', ( #4111 ), #3525 ) ;
#5029 =( LENGTH_UNIT ( ) NAMED_UNIT ( * ) SI_UNIT ( .MILLI., .METRE. ) );
#5030 = CARTESIAN_POINT ( 'NONE',  ( 0.0000000000000000000, 0.0000000000000000000, 7.302499999999997500 ) ) ;
#5031 = EDGE_CURVE ( 'NONE', #3270, #8594, #6576, .T. ) ;
#5032 = DIRECTION ( 'NONE',  ( 0.0000000000000000000, 1.000000000000000000, 0.0000000000000000000 ) ) ;
#5033 = ORIENTED_EDGE ( 'NONE', *, *, #4371, .F. ) ;
#5034 = CARTESIAN_POINT ( 'NONE',  ( 2.602085213965210600E-014, 6.299999999999999800, -4.089999999999999900 ) ) ;
#5035 = DIRECTION ( 'NONE',  ( -1.000000000000000000, 0.0000000000000000000, 0.0000000000000000000 ) ) ;
#5036 = ORIENTED_EDGE ( 'NONE', *, *, #3519, .F. ) ;
#5037 = FACE_BOUND ( 'NONE', #1451, .T. ) ;
#5038 = AXIS2_PLACEMENT_3D ( 'NONE', #2048, #1281, #3334 ) ;
#5039 = CARTESIAN_POINT ( 'NONE',  ( 4.762500000000000200, 1.000000000000000000, -7.302499999999997500 ) ) ;
#5040 = DIRECTION ( 'NONE',  ( 0.0000000000000000000, 1.000000000000000000, 0.0000000000000000000 ) ) ;
#5041 = CARTESIAN_POINT ( 'NONE',  ( 1.318389841742373400E-013, 6.299999999999999800, 5.080000000000001000 ) ) ;
#5042 = EDGE_CURVE ( 'NONE', #2966, #5875, #7992, .T. ) ;
#5043 = LINE ( 'NONE', #8395, #8502 ) ;
#5044 = ORIENTED_EDGE ( 'NONE', *, *, #5772, .F. ) ;
#5045 = ORIENTED_EDGE ( 'NONE', *, *, #2647, .F. ) ;
#5046 = MECHANICAL_DESIGN_GEOMETRIC_PRESENTATION_REPRESENTATION (  '', ( #6435 ), #8471 ) ;
#5047 = ADVANCED_FACE ( 'NONE', ( #6147 ), #5184, .F. ) ;
#5048 = DIRECTION ( 'NONE',  ( 0.0000000000000000000, 0.0000000000000000000, 1.000000000000000000 ) ) ;
#5049 = LINE ( 'NONE', #4138, #325 ) ;
#5050 = EDGE_CURVE ( 'NONE', #2231, #1998, #6457, .T. ) ;
#5051 = MECHANICAL_DESIGN_GEOMETRIC_PRESENTATION_REPRESENTATION (  '', ( #1051 ), #6751 ) ;
#5052 = DIRECTION ( 'NONE',  ( 0.0000000000000000000, 0.0000000000000000000, 1.000000000000000000 ) ) ;
#5053 = EDGE_LOOP ( 'NONE', ( #1433, #1340, #17, #3183 ) ) ;
#5054 = ORIENTED_EDGE ( 'NONE', *, *, #1461, .F. ) ;
#5055 = COLOUR_RGB ( '',0.7921568627450980000, 0.8196078431372548800, 0.9333333333333333500 ) ;
#5056 = CARTESIAN_POINT ( 'NONE',  ( -3.960000000000000900, -10.18309518948452900, 1.519999999999999600 ) ) ;
#5057 = EDGE_LOOP ( 'NONE', ( #431, #8136, #8698, #5293 ) ) ;
#5058 = PLANE ( 'NONE',  #4665 ) ;
#5059 = CYLINDRICAL_SURFACE ( 'NONE', #8360, 0.9899999999999993200 ) ;
#5060 = ADVANCED_FACE ( 'NONE', ( #4844 ), #5839, .F. ) ;
#5061 = DIRECTION ( 'NONE',  ( 0.0000000000000000000, 1.000000000000000000, 0.0000000000000000000 ) ) ;
#5062 = DIRECTION ( 'NONE',  ( 0.0000000000000000000, 1.000000000000000000, 0.0000000000000000000 ) ) ;
#5063 = ADVANCED_FACE ( 'NONE', ( #7557 ), #1837, .F. ) ;
#5064 = CARTESIAN_POINT ( 'NONE',  ( 2.602085213965210600E-014, 3.299857146501273600, -4.089999999999999900 ) ) ;
#5065 = ORIENTED_EDGE ( 'NONE', *, *, #4037, .F. ) ;
#5066 = CIRCLE ( 'NONE', #5270, 0.9899999999999993200 ) ;
#5067 = STYLED_ITEM ( 'NONE', ( #8245 ), #8033 ) ;
#5068 = DIRECTION ( 'NONE',  ( 0.0000000000000000000, 0.0000000000000000000, 1.000000000000000000 ) ) ;
#5069 = CIRCLE ( 'NONE', #5915, 0.9899999999999993200 ) ;
#5070 = CARTESIAN_POINT ( 'NONE',  ( 5.080000000000053400, 6.100000000000000500, -3.529999999999999400 ) ) ;
#5071 = DIRECTION ( 'NONE',  ( -1.000000000000000000, 0.0000000000000000000, -0.0000000000000000000 ) ) ;
#5072 = FILL_AREA_STYLE_COLOUR ( '', #1220 ) ;
#5073 = ORIENTED_EDGE ( 'NONE', *, *, #8438, .T. ) ;
#5074 = FACE_BOUND ( 'NONE', #5346, .T. ) ;
#5075 = CARTESIAN_POINT ( 'NONE',  ( 3.960000000000000900, -4.799999999999999800, 6.099999999999999600 ) ) ;
#5076 = VECTOR ( 'NONE', #5858, 1000.000000000000000 ) ;
#5077 = VECTOR ( 'NONE', #4299, 1000.000000000000000 ) ;
#5078 =( GEOMETRIC_REPRESENTATION_CONTEXT ( 3 ) GLOBAL_UNCERTAINTY_ASSIGNED_CONTEXT ( ( #1018 ) ) GLOBAL_UNIT_ASSIGNED_CONTEXT ( ( #7212, #1619, #7180 ) ) REPRESENTATION_CONTEXT ( 'NONE', 'WORKASPACE' ) );
#5079 = MANIFOLD_SOLID_BREP ( 'Pin 9', #4456 ) ;
#5080 = CIRCLE ( 'NONE', #848, 0.9899999999999995500 ) ;
#5081 = DIRECTION ( 'NONE',  ( -0.0000000000000000000, 1.000000000000000000, -0.0000000000000000000 ) ) ;
#5082 = ORIENTED_EDGE ( 'NONE', *, *, #1077, .T. ) ;
#5083 = EDGE_CURVE ( 'NONE', #2338, #1039, #2803, .T. ) ;
#5084 = EDGE_LOOP ( 'NONE', ( #6604, #6952, #1916, #3746 ) ) ;
#5085 = VERTEX_POINT ( 'NONE', #5930 ) ;
#5086 = LINE ( 'NONE', #3956, #2826 ) ;
#5087 = DIRECTION ( 'NONE',  ( 0.0000000000000000000, 1.000000000000000000, 0.0000000000000000000 ) ) ;
#5088 = DIRECTION ( 'NONE',  ( 0.0000000000000000000, 0.0000000000000000000, 1.000000000000000000 ) ) ;
#5089 = LINE ( 'NONE', #6118, #5313 ) ;
#5090 = FACE_OUTER_BOUND ( 'NONE', #5334, .T. ) ;
#5091 = DIRECTION ( 'NONE',  ( 0.0000000000000000000, 0.0000000000000000000, 1.000000000000000000 ) ) ;
#5092 = DIRECTION ( 'NONE',  ( 1.000000000000000000, 0.0000000000000000000, 0.0000000000000000000 ) ) ;
#5093 = VERTEX_POINT ( 'NONE', #3948 ) ;
#5094 = SURFACE_SIDE_STYLE ('',( #2982 ) ) ;
#5095 = ORIENTED_EDGE ( 'NONE', *, *, #6099, .F. ) ;
#5096 =( GEOMETRIC_REPRESENTATION_CONTEXT ( 3 ) GLOBAL_UNCERTAINTY_ASSIGNED_CONTEXT ( ( #2860 ) ) GLOBAL_UNIT_ASSIGNED_CONTEXT ( ( #8687, #8079, #4631 ) ) REPRESENTATION_CONTEXT ( 'NONE', 'WORKASPACE' ) );
#5097 = ORIENTED_EDGE ( 'NONE', *, *, #2569, .T. ) ;
#5098 = EDGE_LOOP ( 'NONE', ( #860, #2073, #210, #2981 ) ) ;
#5099 = DIRECTION ( 'NONE',  ( 0.0000000000000000000, 1.000000000000000000, 0.0000000000000000000 ) ) ;
#5101 = VERTEX_POINT ( 'NONE', #1188 ) ;
#5100 = DIRECTION ( 'NONE',  ( 0.0000000000000000000, 1.000000000000000000, 0.0000000000000000000 ) ) ;
#5102 = LINE ( 'NONE', #2596, #2746 ) ;
#5103 = AXIS2_PLACEMENT_3D ( 'NONE', #202, #7747, #1561 ) ;
#5104 = DIRECTION ( 'NONE',  ( -0.0000000000000000000, 1.000000000000000000, -0.0000000000000000000 ) ) ;
#5105 = LINE ( 'NONE', #6205, #5226 ) ;
#5106 = ADVANCED_FACE ( 'NONE', ( #2 ), #7330, .T. ) ;
#5107 = EDGE_CURVE ( 'NONE', #6901, #4522, #2266, .T. ) ;
#5108 = ORIENTED_EDGE ( 'NONE', *, *, #6915, .T. ) ;
#5109 = ORIENTED_EDGE ( 'NONE', *, *, #2513, .F. ) ;
#5110 = CARTESIAN_POINT ( 'NONE',  ( 2.540000000000078600, 6.100000000000000500, -0.9899999999999993200 ) ) ;
#5111 = CARTESIAN_POINT ( 'NONE',  ( 1.318389841742373400E-013, 6.100000000000000500, 6.070000000000001200 ) ) ;
#5112 = ORIENTED_EDGE ( 'NONE', *, *, #2834, .T. ) ;
#5113 = DIRECTION ( 'NONE',  ( 0.0000000000000000000, 1.000000000000000000, 0.0000000000000000000 ) ) ;
#5114 = VERTEX_POINT ( 'NONE', #6000 ) ;
#5115 = AXIS2_PLACEMENT_3D ( 'NONE', #6050, #7473, #8139 ) ;
#5116 =( LENGTH_UNIT ( ) NAMED_UNIT ( * ) SI_UNIT ( .MILLI., .METRE. ) );
#5117 = ORIENTED_EDGE ( 'NONE', *, *, #3969, .F. ) ;
#5118 = ADVANCED_FACE ( 'NONE', ( #6248 ), #2593, .T. ) ;
#5119 = EDGE_CURVE ( 'NONE', #7054, #7822, #2050, .T. ) ;
#5120 = DIRECTION ( 'NONE',  ( 0.0000000000000000000, 1.000000000000000000, 0.0000000000000000000 ) ) ;
#5121 = LINE ( 'NONE', #8173, #6632 ) ;
#5122 = VECTOR ( 'NONE', #3260, 1000.000000000000000 ) ;
#5123 = EDGE_CURVE ( 'NONE', #2049, #923, #886, .T. ) ;
#5124 = ADVANCED_FACE ( 'NONE', ( #8635 ), #3154, .F. ) ;
#5125 = ORIENTED_EDGE ( 'NONE', *, *, #5602, .F. ) ;
#5126 = CARTESIAN_POINT ( 'NONE',  ( -2.539999999999841500, 6.299999999999999800, 7.620000000000000100 ) ) ;
#5127 = SURFACE_STYLE_USAGE ( .BOTH. , #3028 ) ;
#5128 = ORIENTED_EDGE ( 'NONE', *, *, #5275, .T. ) ;
#5130 = CARTESIAN_POINT ( 'NONE',  ( -2.539999999999921400, 6.299999999999999800, -0.9899999999999993200 ) ) ;
#5129 = DIRECTION ( 'NONE',  ( -0.0000000000000000000, -1.000000000000000000, -0.0000000000000000000 ) ) ;
#5131 = ORIENTED_EDGE ( 'NONE', *, *, #6973, .T. ) ;
#5132 = EDGE_CURVE ( 'NONE', #8309, #5932, #6806, .T. ) ;
#5133 = AXIS2_PLACEMENT_3D ( 'NONE', #2336, #7861, #1468 ) ;
#5134 = CARTESIAN_POINT ( 'NONE',  ( 2.539999999999998700, 3.299857146501273600, -8.609999999999999400 ) ) ;
#5135 = CARTESIAN_POINT ( 'NONE',  ( 3.960000000000000900, 1.000000000000000000, -3.559999999999999600 ) ) ;
#5136 = CIRCLE ( 'NONE', #4007, 0.9899999999999995500 ) ;
#5137 = ORIENTED_EDGE ( 'NONE', *, *, #561, .T. ) ;
#5138 = CIRCLE ( 'NONE', #8606, 0.9899999999999995500 ) ;
#5139 = CARTESIAN_POINT ( 'NONE',  ( -5.079999999999974300, 6.299999999999999800, -6.069999999999999400 ) ) ;
#5140 = EDGE_LOOP ( 'NONE', ( #7846, #1760, #1524, #2495 ) ) ;
#5141 = DIRECTION ( 'NONE',  ( 0.0000000000000000000, 0.0000000000000000000, 1.000000000000000000 ) ) ;
#5142 = ORIENTED_EDGE ( 'NONE', *, *, #6775, .F. ) ;
#5143 = DIRECTION ( 'NONE',  ( 0.0000000000000000000, -1.000000000000000000, 0.0000000000000000000 ) ) ;
#5144 = CARTESIAN_POINT ( 'NONE',  ( 5.080000000000159100, 6.299999999999999800, 7.620000000000000100 ) ) ;
#5145 = DIRECTION ( 'NONE',  ( 0.0000000000000000000, 1.000000000000000000, 0.0000000000000000000 ) ) ;
#5146 = AXIS2_PLACEMENT_3D ( 'NONE', #5850, #1824, #4338 ) ;
#5147 = DIRECTION ( 'NONE',  ( 0.0000000000000000000, 0.0000000000000000000, 1.000000000000000000 ) ) ;
#5148 = UNCERTAINTY_MEASURE_WITH_UNIT (LENGTH_MEASURE( 1.000000000000000100E-005 ), #6584, 'distance_accuracy_value', 'NONE');
#5149 = SURFACE_STYLE_FILL_AREA ( #6522 ) ;
#5150 = DIRECTION ( 'NONE',  ( 0.0000000000000000000, 0.0000000000000000000, 1.000000000000000000 ) ) ;
#5151 = EDGE_CURVE ( 'NONE', #8075, #6070, #4959, .T. ) ;
#5152 = FILL_AREA_STYLE ('',( #7273 ) ) ;
#5153 = SURFACE_SIDE_STYLE ('',( #2177 ) ) ;
#5154 = CYLINDRICAL_SURFACE ( 'NONE', #2364, 0.9899999999999995500 ) ;
#5155 = DIRECTION ( 'NONE',  ( 0.0000000000000000000, -0.0000000000000000000, 1.000000000000000000 ) ) ;
#5156 = AXIS2_PLACEMENT_3D ( 'NONE', #631, #5416, #6114 ) ;
#5157 = EDGE_LOOP ( 'NONE', ( #7140, #6914, #2424, #775 ) ) ;
#5158 = FILL_AREA_STYLE ('',( #7182 ) ) ;
#5159 = DIRECTION ( 'NONE',  ( 0.0000000000000000000, -0.0000000000000000000, 1.000000000000000000 ) ) ;
#5160 = ORIENTED_EDGE ( 'NONE', *, *, #5411, .F. ) ;
#5161 = DIRECTION ( 'NONE',  ( 0.0000000000000000000, 1.000000000000000000, 0.0000000000000000000 ) ) ;
#5163 = CARTESIAN_POINT ( 'NONE',  ( 5.080000000000025800, 6.299999999999999800, -5.079999999999999200 ) ) ;
#5162 = FILL_AREA_STYLE ('',( #7858 ) ) ;
#5164 = ORIENTED_EDGE ( 'NONE', *, *, #7682, .T. ) ;
#5165 = EDGE_CURVE ( 'NONE', #5958, #8457, #4098, .T. ) ;
#5166 = LINE ( 'NONE', #3431, #3536 ) ;
#5167 = ADVANCED_FACE ( 'NONE', ( #3651 ), #6174, .T. ) ;
#5168 = CARTESIAN_POINT ( 'NONE',  ( -5.079999999999842000, 6.299999999999999800, 6.630000000000000800 ) ) ;
#5169 = CARTESIAN_POINT ( 'NONE',  ( -6.329999999999997400, 6.299999999999999800, 8.869999999999999200 ) ) ;
#5170 = ADVANCED_FACE ( 'NONE', ( #6358 ), #6144, .F. ) ;
#5171 = VECTOR ( 'NONE', #511, 1000.000000000000000 ) ;
#5172 = ORIENTED_EDGE ( 'NONE', *, *, #412, .F. ) ;
#5173 = AXIS2_PLACEMENT_3D ( 'NONE', #6058, #3523, #1513 ) ;
#5174 = CARTESIAN_POINT ( 'NONE',  ( 2.540000000000051500, 6.299999999999999800, -2.539999999999999600 ) ) ;
#5175 = FILL_AREA_STYLE_COLOUR ( '', #1104 ) ;
#5176 = DIRECTION ( 'NONE',  ( 0.0000000000000000000, 1.000000000000000000, 0.0000000000000000000 ) ) ;
#5177 = EDGE_LOOP ( 'NONE', ( #922, #3242 ) ) ;
#5178 = DIRECTION ( 'NONE',  ( 0.0000000000000000000, 0.0000000000000000000, 1.000000000000000000 ) ) ;
#5179 = EDGE_CURVE ( 'NONE', #6995, #5766, #4199, .T. ) ;
#5180 = LINE ( 'NONE', #8638, #7113 ) ;
#5181 = UNCERTAINTY_MEASURE_WITH_UNIT (LENGTH_MEASURE( 1.000000000000000100E-005 ), #2012, 'distance_accuracy_value', 'NONE');
#5182 = AXIS2_PLACEMENT_3D ( 'NONE', #8172, #8142, #7477 ) ;
#5183 = ORIENTED_EDGE ( 'NONE', *, *, #6962, .T. ) ;
#5184 = CYLINDRICAL_SURFACE ( 'NONE', #3703, 0.9899999999999995500 ) ;
#5185 = DIRECTION ( 'NONE',  ( 0.0000000000000000000, 0.0000000000000000000, 1.000000000000000000 ) ) ;
#5186 = CARTESIAN_POINT ( 'NONE',  ( -2.540000000000000900, 6.299999999999999800, -8.609999999999999400 ) ) ;
#5187 = EDGE_CURVE ( 'NONE', #3677, #1347, #5812, .T. ) ;
#5188 = CARTESIAN_POINT ( 'NONE',  ( -2.539999999999867700, 6.299999999999999800, 6.070000000000001200 ) ) ;
#5189 = DIRECTION ( 'NONE',  ( -0.0000000000000000000, 1.000000000000000000, -0.0000000000000000000 ) ) ;
#5190 = CARTESIAN_POINT ( 'NONE',  ( -5.080000000000001000, 6.100000000000000500, -6.630000000000000800 ) ) ;
#5191 = CARTESIAN_POINT ( 'NONE',  ( 0.0000000000000000000, 0.0000000000000000000, 0.0000000000000000000 ) ) ;
#5192 = ORIENTED_EDGE ( 'NONE', *, *, #6564, .T. ) ;
#5193 = ORIENTED_EDGE ( 'NONE', *, *, #8810, .F. ) ;
#5194 = DIRECTION ( 'NONE',  ( 0.0000000000000000000, 1.000000000000000000, 0.0000000000000000000 ) ) ;
#5195 = DIRECTION ( 'NONE',  ( 0.0000000000000000000, 0.0000000000000000000, 1.000000000000000000 ) ) ;
#5196 = CARTESIAN_POINT ( 'NONE',  ( 4.762500000000000200, 0.0000000000000000000, -0.0000000000000000000 ) ) ;
#5197 = AXIS2_PLACEMENT_3D ( 'NONE', #2837, #2121, #6945 ) ;
#5198 = CARTESIAN_POINT ( 'NONE',  ( 6.330000000000001800, 6.299999999999999800, 8.869999999999999200 ) ) ;
#5199 = AXIS2_PLACEMENT_3D ( 'NONE', #8933, #6252, #1385 ) ;
#5200 = EDGE_LOOP ( 'NONE', ( #7391, #5073, #2988, #4 ) ) ;
#5201 = FACE_BOUND ( 'NONE', #2178, .T. ) ;
#5202 = FACE_OUTER_BOUND ( 'NONE', #974, .T. ) ;
#5203 = CARTESIAN_POINT ( 'NONE',  ( 2.540000000000105700, 6.100000000000000500, 1.550000000000001200 ) ) ;
#5204 = DIRECTION ( 'NONE',  ( 0.0000000000000000000, -0.0000000000000000000, 1.000000000000000000 ) ) ;
#5205 = EDGE_CURVE ( 'NONE', #4919, #1234, #2375, .T. ) ;
#5206 =( NAMED_UNIT ( * ) PLANE_ANGLE_UNIT ( ) SI_UNIT ( $, .RADIAN. ) );
#5207 = FACE_OUTER_BOUND ( 'NONE', #8378, .T. ) ;
#5208 = VECTOR ( 'NONE', #6725, 1000.000000000000000 ) ;
#5209 = FACE_OUTER_BOUND ( 'NONE', #2185, .T. ) ;
#5210 = ADVANCED_FACE ( 'NONE', ( #401 ), #8574, .F. ) ;
#5211 = LINE ( 'NONE', #7597, #8015 ) ;
#5212 = ORIENTED_EDGE ( 'NONE', *, *, #2087, .T. ) ;
#5213 = EDGE_LOOP ( 'NONE', ( #8400, #1518 ) ) ;
#5214 = VERTEX_POINT ( 'NONE', #7479 ) ;
#5215 = CARTESIAN_POINT ( 'NONE',  ( -5.080000000000001000, 6.100000000000000500, -6.630000000000000800 ) ) ;
#5216 = CYLINDRICAL_SURFACE ( 'NONE', #1942, 0.9899999999999995500 ) ;
#5217 = VECTOR ( 'NONE', #7862, 1000.000000000000000 ) ;
#5218 = DIRECTION ( 'NONE',  ( -1.000000000000000000, -0.0000000000000000000, -0.0000000000000000000 ) ) ;
#5219 = EDGE_CURVE ( 'NONE', #6385, #6954, #4049, .T. ) ;
#5220 = ORIENTED_EDGE ( 'NONE', *, *, #3050, .T. ) ;
#5221 = PLANE ( 'NONE',  #4711 ) ;
#5222 = ORIENTED_EDGE ( 'NONE', *, *, #7174, .T. ) ;
#5223 = DIRECTION ( 'NONE',  ( 0.0000000000000000000, 0.0000000000000000000, 1.000000000000000000 ) ) ;
#5224 = DIRECTION ( 'NONE',  ( 0.0000000000000000000, 0.0000000000000000000, -1.000000000000000000 ) ) ;
#5225 = FACE_OUTER_BOUND ( 'NONE', #2616, .T. ) ;
#5226 = VECTOR ( 'NONE', #3440, 1000.000000000000000 ) ;
#5227 = ORIENTED_EDGE ( 'NONE', *, *, #6583, .F. ) ;
#5228 =( GEOMETRIC_REPRESENTATION_CONTEXT ( 3 ) GLOBAL_UNCERTAINTY_ASSIGNED_CONTEXT ( ( #2478 ) ) GLOBAL_UNIT_ASSIGNED_CONTEXT ( ( #5116, #5866, #1041 ) ) REPRESENTATION_CONTEXT ( 'NONE', 'WORKASPACE' ) );
#5229 = CARTESIAN_POINT ( 'NONE',  ( -5.080000000000001000, 6.100000000000000500, -6.630000000000000800 ) ) ;
#5230 = VECTOR ( 'NONE', #4495, 1000.000000000000000 ) ;
#5231 = CARTESIAN_POINT ( 'NONE',  ( -2.539999999999921400, 6.100000000000000500, -0.9899999999999993200 ) ) ;
#5232 = FILL_AREA_STYLE ('',( #8005 ) ) ;
#5233 = VERTEX_POINT ( 'NONE', #8917 ) ;
#5234 = ORIENTED_EDGE ( 'NONE', *, *, #6110, .F. ) ;
#5235 = EDGE_CURVE ( 'NONE', #5709, #5871, #1897, .T. ) ;
#5236 = CARTESIAN_POINT ( 'NONE',  ( 3.660000000000001000, 1.000000000000000000, -4.060000000000000500 ) ) ;
#5237 =( NAMED_UNIT ( * ) SI_UNIT ( $, .STERADIAN. ) SOLID_ANGLE_UNIT ( ) );
#5238 = CARTESIAN_POINT ( 'NONE',  ( -5.080000000000001000, 6.100000000000000500, -7.620000000000000100 ) ) ;
#5239 = DIRECTION ( 'NONE',  ( 0.0000000000000000000, 0.0000000000000000000, 1.000000000000000000 ) ) ;
#5240 = EDGE_LOOP ( 'NONE', ( #4941, #723 ) ) ;
#5241 = CIRCLE ( 'NONE', #4240, 0.9899999999999995500 ) ;
#5242 = VECTOR ( 'NONE', #2060, 1000.000000000000000 ) ;
#5243 = VERTEX_POINT ( 'NONE', #5369 ) ;
#5244 = CARTESIAN_POINT ( 'NONE',  ( -5.079999999999842000, 3.299857146501273600, 8.609999999999999400 ) ) ;
#5245 = EDGE_CURVE ( 'NONE', #351, #4843, #2546, .T. ) ;
#5246 = CARTESIAN_POINT ( 'NONE',  ( -3.660000000000001000, -4.799999999999999800, 1.019999999999999100 ) ) ;
#5247 = ORIENTED_EDGE ( 'NONE', *, *, #4055, .T. ) ;
#5248 = FACE_OUTER_BOUND ( 'NONE', #792, .T. ) ;
#5249 = VERTEX_POINT ( 'NONE', #8860 ) ;
#5250 = ORIENTED_EDGE ( 'NONE', *, *, #7746, .F. ) ;
#5251 = DIRECTION ( 'NONE',  ( 0.0000000000000000000, 1.000000000000000000, 0.0000000000000000000 ) ) ;
#5252 = CIRCLE ( 'NONE', #8547, 0.9899999999999993200 ) ;
#5253 = AXIS2_PLACEMENT_3D ( 'NONE', #8381, #5120, #7933 ) ;
#5254 = ADVANCED_FACE ( 'NONE', ( #8469 ), #3305, .F. ) ;
#5255 = DIRECTION ( 'NONE',  ( -0.0000000000000000000, -1.000000000000000000, -0.0000000000000000000 ) ) ;
#5256 = DIRECTION ( 'NONE',  ( 0.0000000000000000000, 1.000000000000000000, 0.0000000000000000000 ) ) ;
#5257 = VECTOR ( 'NONE', #1670, 1000.000000000000000 ) ;
#5258 = CARTESIAN_POINT ( 'NONE',  ( 1.059393720677008300E-013, 6.100000000000000500, 1.550000000000001200 ) ) ;
#5259 = ORIENTED_EDGE ( 'NONE', *, *, #5525, .F. ) ;
#5260 = CARTESIAN_POINT ( 'NONE',  ( 2.602085213965210600E-014, 6.299999999999999800, -4.089999999999999900 ) ) ;
#5261 = DIRECTION ( 'NONE',  ( -0.0000000000000000000, 1.000000000000000000, -0.0000000000000000000 ) ) ;
#5262 = ORIENTED_EDGE ( 'NONE', *, *, #5587, .T. ) ;
#5263 = DIRECTION ( 'NONE',  ( 0.0000000000000000000, 0.0000000000000000000, 1.000000000000000000 ) ) ;
#5264 = FACE_BOUND ( 'NONE', #6177, .T. ) ;
#5265 = EDGE_CURVE ( 'NONE', #5101, #3065, #7298, .T. ) ;
#5266 = DIRECTION ( 'NONE',  ( 0.0000000000000000000, 0.0000000000000000000, 1.000000000000000000 ) ) ;
#5267 = DIRECTION ( 'NONE',  ( 0.0000000000000000000, 0.0000000000000000000, 1.000000000000000000 ) ) ;
#5268 = FACE_OUTER_BOUND ( 'NONE', #6163, .T. ) ;
#5269 = EDGE_LOOP ( 'NONE', ( #2017, #4548, #8080, #2379 ) ) ;
#5270 = AXIS2_PLACEMENT_3D ( 'NONE', #7281, #1751, #5052 ) ;
#5271 = DIRECTION ( 'NONE',  ( 0.0000000000000000000, 1.000000000000000000, 0.0000000000000000000 ) ) ;
#5272 = ORIENTED_EDGE ( 'NONE', *, *, #8450, .T. ) ;
#5273 = CARTESIAN_POINT ( 'NONE',  ( 5.080000000000133300, 6.299999999999999800, 5.080000000000001000 ) ) ;
#5274 = AXIS2_PLACEMENT_3D ( 'NONE', #5696, #8428, #4352 ) ;
#5275 = EDGE_CURVE ( 'NONE', #4369, #4582, #5121, .T. ) ;
#5276 = FACE_OUTER_BOUND ( 'NONE', #8861, .T. ) ;
#5277 = DIRECTION ( 'NONE',  ( 0.0000000000000000000, 1.000000000000000000, 0.0000000000000000000 ) ) ;
#5278 = DIRECTION ( 'NONE',  ( -0.0000000000000000000, -1.000000000000000000, -0.0000000000000000000 ) ) ;
#5279 = ORIENTED_EDGE ( 'NONE', *, *, #4598, .T. ) ;
#5280 = VERTEX_POINT ( 'NONE', #6784 ) ;
#5281 = DIRECTION ( 'NONE',  ( -1.000000000000000000, 0.0000000000000000000, 0.0000000000000000000 ) ) ;
#5282 = MECHANICAL_DESIGN_GEOMETRIC_PRESENTATION_REPRESENTATION (  '', ( #975 ), #37 ) ;
#5283 = ORIENTED_EDGE ( 'NONE', *, *, #4875, .T. ) ;
#5284 = FACE_OUTER_BOUND ( 'NONE', #8157, .T. ) ;
#5285 = CARTESIAN_POINT ( 'NONE',  ( 5.080000000000053400, 6.100000000000000500, -2.539999999999999600 ) ) ;
#5286 = PLANE ( 'NONE',  #5704 ) ;
#5287 = DIRECTION ( 'NONE',  ( -0.0000000000000000000, 1.000000000000000000, -0.0000000000000000000 ) ) ;
#5288 = EDGE_CURVE ( 'NONE', #923, #7584, #1462, .T. ) ;
#5289 = EDGE_LOOP ( 'NONE', ( #8017, #8593 ) ) ;
#5290 = VECTOR ( 'NONE', #7856, 1000.000000000000000 ) ;
#5291 = DIRECTION ( 'NONE',  ( 0.0000000000000000000, 1.000000000000000000, 0.0000000000000000000 ) ) ;
#5292 = ADVANCED_FACE ( 'NONE', ( #5986 ), #6929, .F. ) ;
#5293 = ORIENTED_EDGE ( 'NONE', *, *, #4331, .F. ) ;
#5294 = EDGE_LOOP ( 'NONE', ( #4657, #4498 ) ) ;
#5295 = AXIS2_PLACEMENT_3D ( 'NONE', #5593, #6172, #686 ) ;
#5296 = CARTESIAN_POINT ( 'NONE',  ( 2.540000000000051500, 6.100000000000000500, -2.539999999999999600 ) ) ;
#5297 = ORIENTED_EDGE ( 'NONE', *, *, #8257, .F. ) ;
#5298 = FACE_BOUND ( 'NONE', #1392, .T. ) ;
#5299 = CARTESIAN_POINT ( 'NONE',  ( 0.0000000000000000000, 0.0000000000000000000, 0.0000000000000000000 ) ) ;
#5300 = EDGE_CURVE ( 'NONE', #1791, #3300, #2953, .T. ) ;
#5301 = LINE ( 'NONE', #5794, #6165 ) ;
#5302 = DIRECTION ( 'NONE',  ( 0.0000000000000000000, 0.0000000000000000000, -1.000000000000000000 ) ) ;
#5303 = AXIS2_PLACEMENT_3D ( 'NONE', #8927, #7648, #672 ) ;
#5304 = FACE_OUTER_BOUND ( 'NONE', #8002, .T. ) ;
#5305 = DIRECTION ( 'NONE',  ( 0.0000000000000000000, 1.000000000000000000, 0.0000000000000000000 ) ) ;
#5306 = CIRCLE ( 'NONE', #5608, 0.9899999999999995500 ) ;
#5307 = EDGE_LOOP ( 'NONE', ( #1560, #4898, #4660, #4505 ) ) ;
#5308 = ORIENTED_EDGE ( 'NONE', *, *, #2579, .T. ) ;
#5309 = DIRECTION ( 'NONE',  ( 0.0000000000000000000, 1.000000000000000000, 0.0000000000000000000 ) ) ;
#5310 = EDGE_LOOP ( 'NONE', ( #3685, #5259, #1374, #33 ) ) ;
#5311 = LINE ( 'NONE', #809, #8761 ) ;
#5312 = DIRECTION ( 'NONE',  ( 0.0000000000000000000, 1.000000000000000000, 0.0000000000000000000 ) ) ;
#5313 = VECTOR ( 'NONE', #2691, 1000.000000000000000 ) ;
#5314 = LINE ( 'NONE', #3928, #1979 ) ;
#5315 = AXIS2_PLACEMENT_3D ( 'NONE', #1381, #6305, #6947 ) ;
#5316 = ORIENTED_EDGE ( 'NONE', *, *, #5807, .F. ) ;
#5317 = VERTEX_POINT ( 'NONE', #8291 ) ;
#5318 = FACE_OUTER_BOUND ( 'NONE', #8841, .T. ) ;
#5319 = ORIENTED_EDGE ( 'NONE', *, *, #2243, .F. ) ;
#5320 = DIRECTION ( 'NONE',  ( 0.0000000000000000000, 1.000000000000000000, 0.0000000000000000000 ) ) ;
#5321 = PLANE ( 'NONE',  #1289 ) ;
#5322 = EDGE_CURVE ( 'NONE', #4797, #5101, #1157, .T. ) ;
#5323 = EDGE_LOOP ( 'NONE', ( #1648, #4282, #4313, #6548 ) ) ;
#5324 = ORIENTED_EDGE ( 'NONE', *, *, #3368, .F. ) ;
#5325 = FACE_OUTER_BOUND ( 'NONE', #6862, .T. ) ;
#5326 = SURFACE_STYLE_FILL_AREA ( #6865 ) ;
#5327 = DIRECTION ( 'NONE',  ( 1.000000000000000000, 0.0000000000000000000, 0.0000000000000000000 ) ) ;
#5328 = ORIENTED_EDGE ( 'NONE', *, *, #824, .T. ) ;
#5329 =( GEOMETRIC_REPRESENTATION_CONTEXT ( 3 ) GLOBAL_UNCERTAINTY_ASSIGNED_CONTEXT ( ( #8359 ) ) GLOBAL_UNIT_ASSIGNED_CONTEXT ( ( #6990, #7691, #800 ) ) REPRESENTATION_CONTEXT ( 'NONE', 'WORKASPACE' ) );
#5330 = DIRECTION ( 'NONE',  ( 0.0000000000000000000, 1.000000000000000000, 0.0000000000000000000 ) ) ;
#5331 = VECTOR ( 'NONE', #5002, 1000.000000000000000 ) ;
#5332 = ORIENTED_EDGE ( 'NONE', *, *, #190, .T. ) ;
#5333 = ORIENTED_EDGE ( 'NONE', *, *, #713, .T. ) ;
#5334 = EDGE_LOOP ( 'NONE', ( #3910, #3637, #5222, #5730 ) ) ;
#5335 = DIRECTION ( 'NONE',  ( 0.0000000000000000000, -1.000000000000000000, 0.0000000000000000000 ) ) ;
#5336 = EDGE_CURVE ( 'NONE', #2825, #1008, #1671, .T. ) ;
#5337 = CLOSED_SHELL ( 'NONE', ( #6364, #2352, #4327, #7558 ) ) ;
#5338 = FILL_AREA_STYLE ('',( #598 ) ) ;
#5339 = LINE ( 'NONE', #529, #6207 ) ;
#5340 = CARTESIAN_POINT ( 'NONE',  ( -5.079999999999894400, 3.299857146501273600, 1.550000000000001200 ) ) ;
#5341 = ORIENTED_EDGE ( 'NONE', *, *, #2499, .T. ) ;
#5342 = ADVANCED_FACE ( 'NONE', ( #4579 ), #99, .T. ) ;
#5343 = CARTESIAN_POINT ( 'NONE',  ( -5.079999999999921000, 6.299999999999999800, 0.9899999999999993200 ) ) ;
#5344 = DIRECTION ( 'NONE',  ( 1.000000000000000000, 0.0000000000000000000, 0.0000000000000000000 ) ) ;
#5345 = DIRECTION ( 'NONE',  ( 0.0000000000000000000, 0.0000000000000000000, -1.000000000000000000 ) ) ;
#5346 = EDGE_LOOP ( 'NONE', ( #4804, #5521 ) ) ;
#5347 = CARTESIAN_POINT ( 'NONE',  ( 5.080000000000104900, 6.299999999999999800, 2.540000000000000500 ) ) ;
#5348 = CARTESIAN_POINT ( 'NONE',  ( -5.079999999999894400, 6.299999999999999800, 2.540000000000000500 ) ) ;
#5349 = EDGE_CURVE ( 'NONE', #6128, #2607, #3279, .T. ) ;
#5350 = DIRECTION ( 'NONE',  ( 0.0000000000000000000, 0.0000000000000000000, 1.000000000000000000 ) ) ;
#5351 = VERTEX_POINT ( 'NONE', #1508 ) ;
#5352 = CARTESIAN_POINT ( 'NONE',  ( 6.330000000000001800, 0.0000000000000000000, 8.869999999999999200 ) ) ;
#5353 = PLANE ( 'NONE',  #1664 ) ;
#5354 = PRESENTATION_STYLE_ASSIGNMENT (( #3741 ) ) ;
#5355 = ORIENTED_EDGE ( 'NONE', *, *, #5452, .F. ) ;
#5356 = STYLED_ITEM ( 'NONE', ( #3636 ), #7647 ) ;
#5357 = VECTOR ( 'NONE', #2106, 1000.000000000000000 ) ;
#5358 = VERTEX_POINT ( 'NONE', #2137 ) ;
#5359 = ORIENTED_EDGE ( 'NONE', *, *, #4800, .F. ) ;
#5360 = EDGE_CURVE ( 'NONE', #1454, #4692, #2010, .T. ) ;
#5361 = CARTESIAN_POINT ( 'NONE',  ( 2.540000000000025800, 6.299999999999999800, -5.079999999999999200 ) ) ;
#5362 = AXIS2_PLACEMENT_3D ( 'NONE', #7344, #493, #5239 ) ;
#5363 = DIRECTION ( 'NONE',  ( 0.0000000000000000000, 0.0000000000000000000, 1.000000000000000000 ) ) ;
#5364 = SURFACE_STYLE_FILL_AREA ( #4082 ) ;
#5365 = DIRECTION ( 'NONE',  ( 0.0000000000000000000, 0.0000000000000000000, 1.000000000000000000 ) ) ;
#5366 = VECTOR ( 'NONE', #3647, 1000.000000000000000 ) ;
#5367 = DIRECTION ( 'NONE',  ( 0.0000000000000000000, 1.000000000000000000, 0.0000000000000000000 ) ) ;
#5368 = SURFACE_STYLE_USAGE ( .BOTH. , #1339 ) ;
#5369 = CARTESIAN_POINT ( 'NONE',  ( 5.080000000000025800, 6.299999999999999800, -6.069999999999999400 ) ) ;
#5370 = PLANE ( 'NONE',  #6490 ) ;
#5372 = FACE_OUTER_BOUND ( 'NONE', #1675, .T. ) ;
#5371 = AXIS2_PLACEMENT_3D ( 'NONE', #4089, #8879, #1334 ) ;
#5373 = CARTESIAN_POINT ( 'NONE',  ( 3.660000000000001000, -10.18309518948452900, -1.520000000000000500 ) ) ;
#5374 = ORIENTED_EDGE ( 'NONE', *, *, #5026, .F. ) ;
#5375 = CARTESIAN_POINT ( 'NONE',  ( -5.079999999999921000, 3.299857146501273600, 0.9899999999999993200 ) ) ;
#5376 = CARTESIAN_POINT ( 'NONE',  ( -2.539999999999921400, 6.299999999999999800, 0.0000000000000000000 ) ) ;
#5377 = EDGE_CURVE ( 'NONE', #8848, #6845, #8794, .T. ) ;
#5378 = ORIENTED_EDGE ( 'NONE', *, *, #4635, .T. ) ;
#5379 = ORIENTED_EDGE ( 'NONE', *, *, #3960, .F. ) ;
#5380 = COLOUR_RGB ( '',0.7921568627450980000, 0.8196078431372548800, 0.9333333333333333500 ) ;
#5381 = DIRECTION ( 'NONE',  ( 0.0000000000000000000, 1.000000000000000000, 0.0000000000000000000 ) ) ;
#5382 = CARTESIAN_POINT ( 'NONE',  ( -3.660000000000001000, -10.18309518948452900, -6.099999999999999600 ) ) ;
#5383 = CARTESIAN_POINT ( 'NONE',  ( -2.539999999999841500, 6.299999999999999800, 6.630000000000000800 ) ) ;
#5384 = AXIS2_PLACEMENT_3D ( 'NONE', #7673, #8272, #8298 ) ;
#5385 = VECTOR ( 'NONE', #4541, 1000.000000000000000 ) ;
#5386 = ORIENTED_EDGE ( 'NONE', *, *, #6022, .T. ) ;
#5387 = ADVANCED_FACE ( 'NONE', ( #6412 ), #2799, .T. ) ;
#5388 = EDGE_CURVE ( 'NONE', #2939, #5998, #173, .T. ) ;
#5389 = CARTESIAN_POINT ( 'NONE',  ( -8.673617379884035500E-016, 6.100000000000000500, -7.620000000000000100 ) ) ;
#5390 = ORIENTED_EDGE ( 'NONE', *, *, #4598, .F. ) ;
#5391 = CARTESIAN_POINT ( 'NONE',  ( 3.960000000000000900, -4.799999999999999800, 1.519999999999999600 ) ) ;
#5392 = DIRECTION ( 'NONE',  ( 0.0000000000000000000, -0.0000000000000000000, 1.000000000000000000 ) ) ;
#5393 = FACE_OUTER_BOUND ( 'NONE', #5157, .T. ) ;
#5394 = AXIS2_PLACEMENT_3D ( 'NONE', #3698, #5189, #2327 ) ;
#5395 = CARTESIAN_POINT ( 'NONE',  ( -2.539999999999841500, 6.100000000000000500, 7.620000000000000100 ) ) ;
#5396 = VERTEX_POINT ( 'NONE', #772 ) ;
#5397 = CYLINDRICAL_SURFACE ( 'NONE', #7722, 0.9899999999999995500 ) ;
#5398 = EDGE_CURVE ( 'NONE', #3482, #2898, #4152, .T. ) ;
#5399 = FACE_OUTER_BOUND ( 'NONE', #743, .T. ) ;
#5400 = DIRECTION ( 'NONE',  ( -0.0000000000000000000, 1.000000000000000000, -0.0000000000000000000 ) ) ;
#5401 = DIRECTION ( 'NONE',  ( 0.0000000000000000000, 1.000000000000000000, 0.0000000000000000000 ) ) ;
#5402 = AXIS2_PLACEMENT_3D ( 'NONE', #3206, #1962, #2655 ) ;
#5403 = CARTESIAN_POINT ( 'NONE',  ( 0.0000000000000000000, 1.000000000000000000, 7.302499999999997500 ) ) ;
#5404 = VERTEX_POINT ( 'NONE', #725 ) ;
#5405 = CYLINDRICAL_SURFACE ( 'NONE', #4341, 0.9899999999999995500 ) ;
#5406 = LINE ( 'NONE', #3844, #8327 ) ;
#5407 = DIRECTION ( 'NONE',  ( -0.0000000000000000000, 0.0000000000000000000, 1.000000000000000000 ) ) ;
#5408 = DIRECTION ( 'NONE',  ( -0.0000000000000000000, 0.0000000000000000000, -1.000000000000000000 ) ) ;
#5409 = SURFACE_STYLE_FILL_AREA ( #6893 ) ;
#5410 = ORIENTED_EDGE ( 'NONE', *, *, #2126, .T. ) ;
#5411 = EDGE_CURVE ( 'NONE', #820, #2027, #5447, .T. ) ;
#5412 = MECHANICAL_DESIGN_GEOMETRIC_PRESENTATION_REPRESENTATION (  '', ( #815 ), #5870 ) ;
#5413 = ORIENTED_EDGE ( 'NONE', *, *, #8821, .F. ) ;
#5414 = PRESENTATION_STYLE_ASSIGNMENT (( #1953 ) ) ;
#5415 = CIRCLE ( 'NONE', #3133, 0.9899999999999995500 ) ;
#5416 = DIRECTION ( 'NONE',  ( -0.0000000000000000000, -1.000000000000000000, -0.0000000000000000000 ) ) ;
#5417 = EDGE_CURVE ( 'NONE', #3970, #8457, #2761, .T. ) ;
#5418 = VECTOR ( 'NONE', #4035, 1000.000000000000000 ) ;
#5419 = DIRECTION ( 'NONE',  ( 0.0000000000000000000, 0.0000000000000000000, 1.000000000000000000 ) ) ;
#5420 = VERTEX_POINT ( 'NONE', #6964 ) ;
#5421 = AXIS2_PLACEMENT_3D ( 'NONE', #7576, #6822, #2096 ) ;
#5422 = ORIENTED_EDGE ( 'NONE', *, *, #4078, .T. ) ;
#5423 = ORIENTED_EDGE ( 'NONE', *, *, #2615, .F. ) ;
#5424 = CARTESIAN_POINT ( 'NONE',  ( 3.660000000000001000, -10.18309518948452900, -1.520000000000000500 ) ) ;
#5425 = ORIENTED_EDGE ( 'NONE', *, *, #5300, .T. ) ;
#5426 = ADVANCED_FACE ( 'NONE', ( #5760 ), #7610, .T. ) ;
#5427 = ORIENTED_EDGE ( 'NONE', *, *, #8152, .F. ) ;
#5428 = DIRECTION ( 'NONE',  ( 0.0000000000000000000, 0.0000000000000000000, 1.000000000000000000 ) ) ;
#5429 = DIRECTION ( 'NONE',  ( 0.0000000000000000000, 1.000000000000000000, 0.0000000000000000000 ) ) ;
#5430 = LINE ( 'NONE', #8240, #1245 ) ;
#5431 = CARTESIAN_POINT ( 'NONE',  ( 3.960000000000000900, -10.18309518948452900, -6.599999999999999600 ) ) ;
#5432 = ORIENTED_EDGE ( 'NONE', *, *, #29, .T. ) ;
#5433 = STYLED_ITEM ( 'NONE', ( #2452 ), #3202 ) ;
#5434 = FILL_AREA_STYLE_COLOUR ( '', #2585 ) ;
#5435 = FACE_OUTER_BOUND ( 'NONE', #1773, .T. ) ;
#5436 =( LENGTH_UNIT ( ) NAMED_UNIT ( * ) SI_UNIT ( .MILLI., .METRE. ) );
#5437 = EDGE_LOOP ( 'NONE', ( #2722, #1903, #2223, #4559 ) ) ;
#5438 = DIRECTION ( 'NONE',  ( 0.0000000000000000000, 1.000000000000000000, 0.0000000000000000000 ) ) ;
#5439 = EDGE_CURVE ( 'NONE', #7760, #5774, #6206, .T. ) ;
#5440 = CIRCLE ( 'NONE', #2373, 0.9899999999999995500 ) ;
#5441 = DIRECTION ( 'NONE',  ( 0.0000000000000000000, 0.0000000000000000000, -1.000000000000000000 ) ) ;
#5442 = ORIENTED_EDGE ( 'NONE', *, *, #6825, .F. ) ;
#5443 = ORIENTED_EDGE ( 'NONE', *, *, #3695, .T. ) ;
#5444 = AXIS2_PLACEMENT_3D ( 'NONE', #1530, #7839, #972 ) ;
#5445 = CARTESIAN_POINT ( 'NONE',  ( -2.539999999999841500, 6.299999999999999800, 7.620000000000000100 ) ) ;
#5446 = ORIENTED_EDGE ( 'NONE', *, *, #3812, .F. ) ;
#5447 = LINE ( 'NONE', #128, #5012 ) ;
#5448 = LINE ( 'NONE', #4648, #5122 ) ;
#5449 = AXIS2_PLACEMENT_3D ( 'NONE', #8149, #5429, #1316 ) ;
#5450 = CARTESIAN_POINT ( 'NONE',  ( 5.080000000000133300, 3.299857146501273600, 6.070000000000001200 ) ) ;
#5451 = ORIENTED_EDGE ( 'NONE', *, *, #7772, .F. ) ;
#5452 = EDGE_CURVE ( 'NONE', #3544, #4973, #3601, .T. ) ;
#5453 = DIRECTION ( 'NONE',  ( 0.0000000000000000000, 0.0000000000000000000, 1.000000000000000000 ) ) ;
#5454 = DIRECTION ( 'NONE',  ( 0.0000000000000000000, 1.000000000000000000, 0.0000000000000000000 ) ) ;
#5455 = ORIENTED_EDGE ( 'NONE', *, *, #7010, .T. ) ;
#5456 = AXIS2_PLACEMENT_3D ( 'NONE', #3330, #6024, #5363 ) ;
#5457 = ORIENTED_EDGE ( 'NONE', *, *, #3590, .T. ) ;
#5458 = ORIENTED_EDGE ( 'NONE', *, *, #2628, .T. ) ;
#5459 = CARTESIAN_POINT ( 'NONE',  ( 1.318389841742373400E-013, 3.299857146501273600, 5.080000000000001000 ) ) ;
#5460 = CARTESIAN_POINT ( 'NONE',  ( -3.960000000000000900, -4.799999999999999800, 6.599999999999999600 ) ) ;
#5461 = DIRECTION ( 'NONE',  ( 1.000000000000000000, 0.0000000000000000000, 0.0000000000000000000 ) ) ;
#5462 =( NAMED_UNIT ( * ) SI_UNIT ( $, .STERADIAN. ) SOLID_ANGLE_UNIT ( ) );
#5463 = EDGE_CURVE ( 'NONE', #5755, #4853, #6956, .T. ) ;
#5464 = FACE_OUTER_BOUND ( 'NONE', #2642, .T. ) ;
#5465 = DIRECTION ( 'NONE',  ( 0.0000000000000000000, 0.0000000000000000000, -1.000000000000000000 ) ) ;
#5466 = VECTOR ( 'NONE', #3838, 1000.000000000000000 ) ;
#5467 = DIRECTION ( 'NONE',  ( 0.0000000000000000000, 1.000000000000000000, 0.0000000000000000000 ) ) ;
#5468 = CARTESIAN_POINT ( 'NONE',  ( 5.080000000000133300, 6.100000000000000500, 6.070000000000001200 ) ) ;
#5469 = CARTESIAN_POINT ( 'NONE',  ( 1.319602242073529200E-013, 3.299857146501273600, 4.090000000000001600 ) ) ;
#5470 = AXIS2_PLACEMENT_3D ( 'NONE', #2578, #1178, #6695 ) ;
#5471 = CYLINDRICAL_SURFACE ( 'NONE', #2194, 0.9899999999999995500 ) ;
#5472 = ADVANCED_FACE ( 'NONE', ( #8043 ), #8901, .F. ) ;
#5473 = EDGE_CURVE ( 'NONE', #6942, #2855, #7065, .T. ) ;
#5474 = EDGE_LOOP ( 'NONE', ( #2477, #1286, #7512, #3174 ) ) ;
#5475 = AXIS2_PLACEMENT_3D ( 'NONE', #2098, #2790, #7619 ) ;
#5476 = CARTESIAN_POINT ( 'NONE',  ( -5.079999999999842000, 6.100000000000000500, 6.630000000000000800 ) ) ;
#5477 = VERTEX_POINT ( 'NONE', #7099 ) ;
#5478 = CIRCLE ( 'NONE', #3787, 0.9899999999999995500 ) ;
#5479 = MANIFOLD_SOLID_BREP ( 'Pin 10', #8790 ) ;
#5480 = CARTESIAN_POINT ( 'NONE',  ( 2.540000000000158600, 6.299999999999999800, 7.620000000000000100 ) ) ;
#5481 = STYLED_ITEM ( 'NONE', ( #7739 ), #2446 ) ;
#5482 = LINE ( 'NONE', #5808, #3207 ) ;
#5483 = ORIENTED_EDGE ( 'NONE', *, *, #4258, .T. ) ;
#5484 = VERTEX_POINT ( 'NONE', #6348 ) ;
#5485 = DIRECTION ( 'NONE',  ( 1.000000000000000000, 0.0000000000000000000, -0.0000000000000000000 ) ) ;
#5486 = CARTESIAN_POINT ( 'NONE',  ( -3.660000000000001000, 1.000000000000000000, -1.520000000000000500 ) ) ;
#5487 = DIRECTION ( 'NONE',  ( -0.0000000000000000000, 1.000000000000000000, -0.0000000000000000000 ) ) ;
#5488 = EDGE_CURVE ( 'NONE', #5085, #8615, #2221, .T. ) ;
#5489 = EDGE_LOOP ( 'NONE', ( #3152, #5455, #4697, #3110 ) ) ;
#5490 = CARTESIAN_POINT ( 'NONE',  ( -5.080000000000001000, 6.299999999999999800, -7.620000000000000100 ) ) ;
#5492 = FACE_OUTER_BOUND ( 'NONE', #6336, .T. ) ;
#5491 = CARTESIAN_POINT ( 'NONE',  ( 1.318389841742373400E-013, 6.100000000000000500, 5.080000000000001000 ) ) ;
#5493 = PLANE ( 'NONE',  #4963 ) ;
#5494 = DIRECTION ( 'NONE',  ( 0.0000000000000000000, 0.0000000000000000000, 1.000000000000000000 ) ) ;
#5495 = ORIENTED_EDGE ( 'NONE', *, *, #1299, .F. ) ;
#5496 = ORIENTED_EDGE ( 'NONE', *, *, #6238, .T. ) ;
#5497 = EDGE_CURVE ( 'NONE', #4767, #3482, #3495, .T. ) ;
#5498 = DIRECTION ( 'NONE',  ( -0.0000000000000000000, 0.0000000000000000000, 1.000000000000000000 ) ) ;
#5499 = DIRECTION ( 'NONE',  ( -1.000000000000000000, 0.0000000000000000000, 0.0000000000000000000 ) ) ;
#5500 = SURFACE_STYLE_USAGE ( .BOTH. , #3413 ) ;
#5501 = ORIENTED_EDGE ( 'NONE', *, *, #4291, .F. ) ;
#5502 = CYLINDRICAL_SURFACE ( 'NONE', #8804, 0.9899999999999995500 ) ;
#5503 = AXIS2_PLACEMENT_3D ( 'NONE', #499, #5291, #5263 ) ;
#5504 = DIRECTION ( 'NONE',  ( 0.0000000000000000000, 1.000000000000000000, 0.0000000000000000000 ) ) ;
#5505 = DIRECTION ( 'NONE',  ( 0.0000000000000000000, 1.000000000000000000, 0.0000000000000000000 ) ) ;
#5506 = VERTEX_POINT ( 'NONE', #5771 ) ;
#5507 = CYLINDRICAL_SURFACE ( 'NONE', #5456, 0.9899999999999993200 ) ;
#5508 = ORIENTED_EDGE ( 'NONE', *, *, #8821, .T. ) ;
#5509 = EDGE_CURVE ( 'NONE', #8550, #8848, #1350, .T. ) ;
#5510 = ORIENTED_EDGE ( 'NONE', *, *, #5219, .F. ) ;
#5511 = ADVANCED_FACE ( 'NONE', ( #8680 ), #238, .F. ) ;
#5512 = FACE_BOUND ( 'NONE', #4245, .T. ) ;
#5513 = DIRECTION ( 'NONE',  ( -0.0000000000000000000, 1.000000000000000000, -0.0000000000000000000 ) ) ;
#5514 = PRESENTATION_STYLE_ASSIGNMENT (( #312 ) ) ;
#5515 = CARTESIAN_POINT ( 'NONE',  ( 1.318389841742373400E-013, 6.299999999999999800, 6.070000000000001200 ) ) ;
#5516 = AXIS2_PLACEMENT_3D ( 'NONE', #1926, #1952, #8818 ) ;
#5517 = CARTESIAN_POINT ( 'NONE',  ( -5.080000000000001000, 6.100000000000000500, -8.609999999999999400 ) ) ;
#5518 = DIRECTION ( 'NONE',  ( 0.0000000000000000000, 0.0000000000000000000, 1.000000000000000000 ) ) ;
#5519 = FACE_OUTER_BOUND ( 'NONE', #4359, .T. ) ;
#5520 = DIRECTION ( 'NONE',  ( 0.0000000000000000000, 1.000000000000000000, 0.0000000000000000000 ) ) ;
#5521 = ORIENTED_EDGE ( 'NONE', *, *, #4562, .F. ) ;
#5522 = DIRECTION ( 'NONE',  ( 0.0000000000000000000, 1.000000000000000000, 0.0000000000000000000 ) ) ;
#5523 =( LENGTH_UNIT ( ) NAMED_UNIT ( * ) SI_UNIT ( .MILLI., .METRE. ) );
#5524 = ORIENTED_EDGE ( 'NONE', *, *, #6339, .T. ) ;
#5525 = EDGE_CURVE ( 'NONE', #5404, #2220, #3435, .T. ) ;
#5526 = STYLED_ITEM ( 'NONE', ( #1295 ), #968 ) ;
#5527 = EDGE_LOOP ( 'NONE', ( #5378, #8910 ) ) ;
#5528 = CIRCLE ( 'NONE', #4357, 0.9899999999999995500 ) ;
#5529 = FACE_OUTER_BOUND ( 'NONE', #5804, .T. ) ;
#5530 = UNCERTAINTY_MEASURE_WITH_UNIT (LENGTH_MEASURE( 1.000000000000000100E-005 ), #5707, 'distance_accuracy_value', 'NONE');
#5531 = CLOSED_SHELL ( 'NONE', ( #1727, #8059, #4342, #7606 ) ) ;
#5532 = ORIENTED_EDGE ( 'NONE', *, *, #1531, .T. ) ;
#5533 = CARTESIAN_POINT ( 'NONE',  ( -2.539999999999947600, 6.100000000000000500, -3.529999999999999400 ) ) ;
#5534 = EDGE_LOOP ( 'NONE', ( #504, #4208, #7478, #4244 ) ) ;
#5535 = EDGE_LOOP ( 'NONE', ( #6910, #1128, #7373, #483 ) ) ;
#5536 = ORIENTED_EDGE ( 'NONE', *, *, #6073, .T. ) ;
#5537 = CARTESIAN_POINT ( 'NONE',  ( -5.079999999999948600, 3.299857146501273600, -1.550000000000000500 ) ) ;
#5538 = CIRCLE ( 'NONE', #176, 0.9899999999999993200 ) ;
#5539 = CIRCLE ( 'NONE', #5821, 0.9899999999999995500 ) ;
#5540 = DIRECTION ( 'NONE',  ( -0.0000000000000000000, 1.000000000000000000, -0.0000000000000000000 ) ) ;
#5541 = AXIS2_PLACEMENT_3D ( 'NONE', #8020, #8731, #5266 ) ;
#5542 = ORIENTED_EDGE ( 'NONE', *, *, #7875, .T. ) ;
#5543 = DIRECTION ( 'NONE',  ( -0.0000000000000000000, 1.000000000000000000, -0.0000000000000000000 ) ) ;
#5544 = CARTESIAN_POINT ( 'NONE',  ( 1.587271980518778500E-013, 6.299999999999999800, 7.620000000000000100 ) ) ;
#5545 = CYLINDRICAL_SURFACE ( 'NONE', #6018, 0.9899999999999993200 ) ;
#5546 = ORIENTED_EDGE ( 'NONE', *, *, #4813, .F. ) ;
#5547 = ORIENTED_EDGE ( 'NONE', *, *, #7503, .F. ) ;
#5548 = ORIENTED_EDGE ( 'NONE', *, *, #6110, .T. ) ;
#5549 = ORIENTED_EDGE ( 'NONE', *, *, #8918, .T. ) ;
#5550 = CARTESIAN_POINT ( 'NONE',  ( 7.892991815694472300E-014, 6.100000000000000500, 0.9899999999999993200 ) ) ;
#5551 = MECHANICAL_DESIGN_GEOMETRIC_PRESENTATION_REPRESENTATION (  '', ( #1516 ), #7530 ) ;
#5552 = VECTOR ( 'NONE', #1309, 1000.000000000000000 ) ;
#5553 = FACE_OUTER_BOUND ( 'NONE', #4769, .T. ) ;
#5554 = DIRECTION ( 'NONE',  ( 0.0000000000000000000, 1.000000000000000000, 0.0000000000000000000 ) ) ;
#5555 = ORIENTED_EDGE ( 'NONE', *, *, #3548, .F. ) ;
#5556 = DIRECTION ( 'NONE',  ( 0.0000000000000000000, 0.0000000000000000000, 1.000000000000000000 ) ) ;
#5557 = DIRECTION ( 'NONE',  ( -0.0000000000000000000, 1.000000000000000000, -0.0000000000000000000 ) ) ;
#5558 = EDGE_CURVE ( 'NONE', #2139, #3126, #5241, .T. ) ;
#5559 = ORIENTED_EDGE ( 'NONE', *, *, #5219, .T. ) ;
#5560 = VECTOR ( 'NONE', #945, 1000.000000000000000 ) ;
#5561 = ADVANCED_FACE ( 'NONE', ( #3985 ), #7130, .F. ) ;
#5562 = ORIENTED_EDGE ( 'NONE', *, *, #685, .T. ) ;
#5563 = CARTESIAN_POINT ( 'NONE',  ( 5.080000000000079100, 6.299999999999999800, 0.0000000000000000000 ) ) ;
#5564 = SURFACE_SIDE_STYLE ('',( #3611 ) ) ;
#5565 = LINE ( 'NONE', #5016, #3086 ) ;
#5566 = ORIENTED_EDGE ( 'NONE', *, *, #5853, .T. ) ;
#5567 = MECHANICAL_DESIGN_GEOMETRIC_PRESENTATION_REPRESENTATION (  '', ( #8226 ), #5720 ) ;
#5568 = DIRECTION ( 'NONE',  ( 0.0000000000000000000, -0.0000000000000000000, 1.000000000000000000 ) ) ;
#5569 = LINE ( 'NONE', #1411, #8380 ) ;
#5570 = EDGE_CURVE ( 'NONE', #5762, #4296, #1651, .T. ) ;
#5571 = ORIENTED_EDGE ( 'NONE', *, *, #1521, .F. ) ;
#5572 = CARTESIAN_POINT ( 'NONE',  ( 2.540000000000051500, 6.100000000000000500, -1.550000000000000500 ) ) ;
#5573 = EDGE_LOOP ( 'NONE', ( #4340, #1109 ) ) ;
#5574 = CIRCLE ( 'NONE', #6228, 0.9899999999999993200 ) ;
#5575 = AXIS2_PLACEMENT_3D ( 'NONE', #8174, #661, #6969 ) ;
#5576 = LINE ( 'NONE', #7952, #3723 ) ;
#5577 = DIRECTION ( 'NONE',  ( -0.0000000000000000000, 1.000000000000000000, -0.0000000000000000000 ) ) ;
#5578 = CARTESIAN_POINT ( 'NONE',  ( -2.539999999999867700, 6.299999999999999800, 5.080000000000001000 ) ) ;
#5579 = CARTESIAN_POINT ( 'NONE',  ( -2.539999999999894800, 6.100000000000000500, 2.540000000000000500 ) ) ;
#5580 = DIRECTION ( 'NONE',  ( 0.0000000000000000000, 0.0000000000000000000, 1.000000000000000000 ) ) ;
#5581 = AXIS2_PLACEMENT_3D ( 'NONE', #6237, #2783, #1349 ) ;
#5582 = DIRECTION ( 'NONE',  ( 0.0000000000000000000, 1.000000000000000000, 0.0000000000000000000 ) ) ;
#5583 = DIRECTION ( 'NONE',  ( 0.0000000000000000000, 1.000000000000000000, 0.0000000000000000000 ) ) ;
#5584 = ORIENTED_EDGE ( 'NONE', *, *, #4562, .T. ) ;
#5585 = ORIENTED_EDGE ( 'NONE', *, *, #5558, .T. ) ;
#5586 = LINE ( 'NONE', #6950, #1939 ) ;
#5587 = EDGE_CURVE ( 'NONE', #7948, #4369, #2157, .T. ) ;
#5588 = DIRECTION ( 'NONE',  ( 0.0000000000000000000, 1.000000000000000000, 0.0000000000000000000 ) ) ;
#5589 = AXIS2_PLACEMENT_3D ( 'NONE', #8538, #2840, #5759 ) ;
#5590 = DIRECTION ( 'NONE',  ( -0.0000000000000000000, -1.000000000000000000, -0.0000000000000000000 ) ) ;
#5591 = DIRECTION ( 'NONE',  ( 1.000000000000000000, 0.0000000000000000000, -0.0000000000000000000 ) ) ;
#5592 = LINE ( 'NONE', #4167, #564 ) ;
#5593 = CARTESIAN_POINT ( 'NONE',  ( -2.539999999999921400, 3.299857146501273600, 0.0000000000000000000 ) ) ;
#5594 = DIRECTION ( 'NONE',  ( -0.0000000000000000000, 1.000000000000000000, -0.0000000000000000000 ) ) ;
#5595 = EDGE_LOOP ( 'NONE', ( #1095, #3258 ) ) ;
#5596 = MECHANICAL_DESIGN_GEOMETRIC_PRESENTATION_REPRESENTATION (  '', ( #4503 ), #836 ) ;
#5597 = ADVANCED_FACE ( 'NONE', ( #5318 ), #8875, .F. ) ;
#5598 = CARTESIAN_POINT ( 'NONE',  ( -5.080000000000001000, 3.299857146501273600, -6.630000000000000800 ) ) ;
#5599 = DIRECTION ( 'NONE',  ( 0.0000000000000000000, 0.0000000000000000000, 1.000000000000000000 ) ) ;
#5600 = DIRECTION ( 'NONE',  ( -1.000000000000000000, 0.0000000000000000000, -0.0000000000000000000 ) ) ;
#5601 = DIRECTION ( 'NONE',  ( -0.0000000000000000000, 1.000000000000000000, -0.0000000000000000000 ) ) ;
#5602 = EDGE_CURVE ( 'NONE', #4197, #2300, #1549, .T. ) ;
#5603 = DIRECTION ( 'NONE',  ( 0.0000000000000000000, 0.0000000000000000000, 1.000000000000000000 ) ) ;
#5604 = ORIENTED_EDGE ( 'NONE', *, *, #7729, .T. ) ;
#5605 = DIRECTION ( 'NONE',  ( 0.0000000000000000000, 1.000000000000000000, 0.0000000000000000000 ) ) ;
#5606 = CARTESIAN_POINT ( 'NONE',  ( -5.079999999999974300, 6.100000000000000500, -6.069999999999999400 ) ) ;
#5607 = LINE ( 'NONE', #829, #6471 ) ;
#5608 = AXIS2_PLACEMENT_3D ( 'NONE', #2253, #3681, #2907 ) ;
#5609 = ADVANCED_FACE ( 'NONE', ( #6077 ), #1098, .T. ) ;
#5610 = VERTEX_POINT ( 'NONE', #432 ) ;
#5611 = FACE_BOUND ( 'NONE', #1497, .T. ) ;
#5612 = EDGE_CURVE ( 'NONE', #7871, #1602, #8023, .T. ) ;
#5613 = DIRECTION ( 'NONE',  ( 0.0000000000000000000, 1.000000000000000000, 0.0000000000000000000 ) ) ;
#5614 = CIRCLE ( 'NONE', #7780, 0.9899999999999993200 ) ;
#5615 = EDGE_LOOP ( 'NONE', ( #7163, #6395, #3596, #8116 ) ) ;
#5616 = DIRECTION ( 'NONE',  ( -1.000000000000000000, -0.0000000000000000000, -0.0000000000000000000 ) ) ;
#5617 = DIRECTION ( 'NONE',  ( 0.0000000000000000000, 1.000000000000000000, 0.0000000000000000000 ) ) ;
#5618 = ORIENTED_EDGE ( 'NONE', *, *, #3182, .F. ) ;
#5619 = VECTOR ( 'NONE', #5113, 1000.000000000000000 ) ;
#5620 = CARTESIAN_POINT ( 'NONE',  ( 5.079999999999999200, 3.299857146501273600, -8.609999999999999400 ) ) ;
#5621 = CARTESIAN_POINT ( 'NONE',  ( 0.0000000000000000000, 1.000000000000000000, 0.0000000000000000000 ) ) ;
#5622 = SURFACE_STYLE_FILL_AREA ( #3792 ) ;
#5623 = FACE_OUTER_BOUND ( 'NONE', #5955, .T. ) ;
#5624 = LINE ( 'NONE', #7511, #6713 ) ;
#5625 = EDGE_CURVE ( 'NONE', #1367, #2739, #4772, .T. ) ;
#5626 = CARTESIAN_POINT ( 'NONE',  ( -5.079999999999894400, 6.100000000000000500, 2.540000000000000500 ) ) ;
#5627 = DIRECTION ( 'NONE',  ( 0.0000000000000000000, 0.0000000000000000000, -1.000000000000000000 ) ) ;
#5628 = VECTOR ( 'NONE', #1747, 1000.000000000000000 ) ;
#5629 = DIRECTION ( 'NONE',  ( 0.0000000000000000000, 1.000000000000000000, 0.0000000000000000000 ) ) ;
#5630 = ORIENTED_EDGE ( 'NONE', *, *, #2293, .F. ) ;
#5631 = ORIENTED_EDGE ( 'NONE', *, *, #7522, .F. ) ;
#5632 = ORIENTED_EDGE ( 'NONE', *, *, #2990, .F. ) ;
#5633 = SURFACE_SIDE_STYLE ('',( #2703 ) ) ;
#5634 = CYLINDRICAL_SURFACE ( 'NONE', #3308, 0.9899999999999995500 ) ;
#5635 = AXIS2_PLACEMENT_3D ( 'NONE', #1079, #3151, #8686 ) ;
#5636 = LINE ( 'NONE', #7195, #2627 ) ;
#5637 = PLANE ( 'NONE',  #6761 ) ;
#5638 = ORIENTED_EDGE ( 'NONE', *, *, #2191, .T. ) ;
#5639 = MANIFOLD_SOLID_BREP ( 'Pin 11', #3446 ) ;
#5640 = DIRECTION ( 'NONE',  ( 0.0000000000000000000, 1.000000000000000000, 0.0000000000000000000 ) ) ;
#5641 = VERTEX_POINT ( 'NONE', #3018 ) ;
#5642 = EDGE_CURVE ( 'NONE', #2947, #19, #4236, .T. ) ;
#5643 = FACE_OUTER_BOUND ( 'NONE', #2960, .T. ) ;
#5644 = EDGE_LOOP ( 'NONE', ( #3475, #8661 ) ) ;
#5645 = AXIS2_PLACEMENT_3D ( 'NONE', #7498, #8872, #4739 ) ;
#5646 = CLOSED_SHELL ( 'NONE', ( #3617, #8296, #7251, #6059 ) ) ;
#5647 = VECTOR ( 'NONE', #1655, 1000.000000000000000 ) ;
#5648 = ADVANCED_FACE ( 'NONE', ( #149 ), #5802, .F. ) ;
#5649 = EDGE_LOOP ( 'NONE', ( #6401, #7938, #8733, #6752 ) ) ;
#5650 = DIRECTION ( 'NONE',  ( 0.0000000000000000000, -1.000000000000000000, 0.0000000000000000000 ) ) ;
#5651 = VECTOR ( 'NONE', #8814, 1000.000000000000000 ) ;
#5652 = CARTESIAN_POINT ( 'NONE',  ( -3.660000000000001000, 1.000000000000000000, 3.559999999999998700 ) ) ;
#5653 = AXIS2_PLACEMENT_3D ( 'NONE', #5018, #2197, #4957 ) ;
#5654 = ORIENTED_EDGE ( 'NONE', *, *, #309, .F. ) ;
#5655 = DIRECTION ( 'NONE',  ( 0.0000000000000000000, 0.0000000000000000000, 1.000000000000000000 ) ) ;
#5656 = ORIENTED_EDGE ( 'NONE', *, *, #5288, .T. ) ;
#5657 = EDGE_CURVE ( 'NONE', #8585, #2652, #4127, .T. ) ;
#5658 = ORIENTED_EDGE ( 'NONE', *, *, #3204, .T. ) ;
#5659 = VECTOR ( 'NONE', #4185, 1000.000000000000000 ) ;
#5660 = ORIENTED_EDGE ( 'NONE', *, *, #5245, .T. ) ;
#5661 = CARTESIAN_POINT ( 'NONE',  ( -2.539999999999974700, 6.100000000000000500, -4.089999999999999900 ) ) ;
#5662 = CARTESIAN_POINT ( 'NONE',  ( -2.539999999999841500, 6.299999999999999800, 8.609999999999999400 ) ) ;
#5663 = DIRECTION ( 'NONE',  ( 0.0000000000000000000, 0.0000000000000000000, -1.000000000000000000 ) ) ;
#5664 = AXIS2_PLACEMENT_3D ( 'NONE', #409, #4510, #541 ) ;
#5665 = CARTESIAN_POINT ( 'NONE',  ( 2.540000000000105700, 6.100000000000000500, 3.530000000000000200 ) ) ;
#5666 = ORIENTED_EDGE ( 'NONE', *, *, #1040, .T. ) ;
#5667 = CARTESIAN_POINT ( 'NONE',  ( 3.660000000000001000, 1.000000000000000000, -6.099999999999999600 ) ) ;
#5668 = VERTEX_POINT ( 'NONE', #7897 ) ;
#5669 = CARTESIAN_POINT ( 'NONE',  ( 5.080000000000025800, 6.100000000000000500, -6.069999999999999400 ) ) ;
#5670 = EDGE_CURVE ( 'NONE', #632, #7445, #8665, .T. ) ;
#5671 = DIRECTION ( 'NONE',  ( 0.0000000000000000000, 1.000000000000000000, 0.0000000000000000000 ) ) ;
#5672 = ORIENTED_EDGE ( 'NONE', *, *, #852, .F. ) ;
#5673 = CIRCLE ( 'NONE', #4348, 0.9899999999999995500 ) ;
#5674 = CYLINDRICAL_SURFACE ( 'NONE', #1799, 0.9899999999999993200 ) ;
#5675 = AXIS2_PLACEMENT_3D ( 'NONE', #3846, #8676, #3749 ) ;
#5676 = DIRECTION ( 'NONE',  ( 0.0000000000000000000, 0.0000000000000000000, 1.000000000000000000 ) ) ;
#5677 = CARTESIAN_POINT ( 'NONE',  ( 3.960000000000000900, 1.000000000000000000, -6.599999999999999600 ) ) ;
#5678 = DIRECTION ( 'NONE',  ( 0.0000000000000000000, 0.0000000000000000000, 1.000000000000000000 ) ) ;
#5679 = EDGE_CURVE ( 'NONE', #2955, #4259, #7803, .T. ) ;
#5680 = CARTESIAN_POINT ( 'NONE',  ( 5.079999999999999200, 6.100000000000000500, -7.620000000000000100 ) ) ;
#5681 = ORIENTED_EDGE ( 'NONE', *, *, #6786, .F. ) ;
#5682 = ORIENTED_EDGE ( 'NONE', *, *, #1726, .T. ) ;
#5683 = AXIS2_PLACEMENT_3D ( 'NONE', #7491, #5281, #6795 ) ;
#5684 = ADVANCED_FACE ( 'NONE', ( #2410 ), #3775, .T. ) ;
#5685 = DIRECTION ( 'NONE',  ( -0.0000000000000000000, 1.000000000000000000, -0.0000000000000000000 ) ) ;
#5686 = CYLINDRICAL_SURFACE ( 'NONE', #6566, 0.9899999999999993200 ) ;
#5687 = CARTESIAN_POINT ( 'NONE',  ( -3.960000000000000900, -10.18309518948452900, 6.099999999999999600 ) ) ;
#5688 = CARTESIAN_POINT ( 'NONE',  ( 2.540000000000051500, 6.299999999999999800, -3.529999999999999400 ) ) ;
#5689 = AXIS2_PLACEMENT_3D ( 'NONE', #7665, #7731, #3449 ) ;
#5690 = ORIENTED_EDGE ( 'NONE', *, *, #102, .F. ) ;
#5691 = CARTESIAN_POINT ( 'NONE',  ( 1.318389841742373400E-013, 6.100000000000000500, 5.080000000000001000 ) ) ;
#5692 = VERTEX_POINT ( 'NONE', #6532 ) ;
#5693 = DIRECTION ( 'NONE',  ( 0.0000000000000000000, 1.000000000000000000, 0.0000000000000000000 ) ) ;
#5694 = ORIENTED_EDGE ( 'NONE', *, *, #2967, .F. ) ;
#5695 =( GEOMETRIC_REPRESENTATION_CONTEXT ( 3 ) GLOBAL_UNCERTAINTY_ASSIGNED_CONTEXT ( ( #2204 ) ) GLOBAL_UNIT_ASSIGNED_CONTEXT ( ( #4937, #2350, #127 ) ) REPRESENTATION_CONTEXT ( 'NONE', 'WORKASPACE' ) );
#5696 = CARTESIAN_POINT ( 'NONE',  ( 5.080000000000159100, 6.100000000000000500, 7.620000000000000100 ) ) ;
#5697 = CARTESIAN_POINT ( 'NONE',  ( 2.540000000000105700, 6.100000000000000500, 2.540000000000000500 ) ) ;
#5698 = DIRECTION ( 'NONE',  ( 0.0000000000000000000, 1.000000000000000000, 0.0000000000000000000 ) ) ;
#5699 = ORIENTED_EDGE ( 'NONE', *, *, #1614, .F. ) ;
#5700 = VECTOR ( 'NONE', #1721, 1000.000000000000000 ) ;
#5701 =( LENGTH_UNIT ( ) NAMED_UNIT ( * ) SI_UNIT ( .MILLI., .METRE. ) );
#5702 = ORIENTED_EDGE ( 'NONE', *, *, #5642, .F. ) ;
#5703 = DIRECTION ( 'NONE',  ( 0.0000000000000000000, -0.0000000000000000000, 1.000000000000000000 ) ) ;
#5704 = AXIS2_PLACEMENT_3D ( 'NONE', #6046, #1830, #5984 ) ;
#5705 = ORIENTED_EDGE ( 'NONE', *, *, #8375, .F. ) ;
#5706 = CARTESIAN_POINT ( 'NONE',  ( 5.080000000000025800, 3.299857146501273600, -5.079999999999999200 ) ) ;
#5707 =( LENGTH_UNIT ( ) NAMED_UNIT ( * ) SI_UNIT ( .MILLI., .METRE. ) );
#5708 = EDGE_CURVE ( 'NONE', #8472, #929, #708, .T. ) ;
#5709 = VERTEX_POINT ( 'NONE', #1741 ) ;
#5710 = LINE ( 'NONE', #4033, #3887 ) ;
#5711 = ORIENTED_EDGE ( 'NONE', *, *, #5991, .T. ) ;
#5712 = CARTESIAN_POINT ( 'NONE',  ( -5.080000000000001000, 6.100000000000000500, -6.630000000000000800 ) ) ;
#5713 = DIRECTION ( 'NONE',  ( 0.0000000000000000000, 0.0000000000000000000, 1.000000000000000000 ) ) ;
#5714 = ORIENTED_EDGE ( 'NONE', *, *, #7106, .F. ) ;
#5715 = FACE_BOUND ( 'NONE', #1406, .T. ) ;
#5716 = AXIS2_PLACEMENT_3D ( 'NONE', #8110, #1251, #2717 ) ;
#5717 = SURFACE_STYLE_FILL_AREA ( #7526 ) ;
#5718 = CARTESIAN_POINT ( 'NONE',  ( -6.330000000000000100, 1.000000000000000000, 0.0000000000000000000 ) ) ;
#5719 = DIRECTION ( 'NONE',  ( 0.0000000000000000000, 0.0000000000000000000, 1.000000000000000000 ) ) ;
#5720 =( GEOMETRIC_REPRESENTATION_CONTEXT ( 3 ) GLOBAL_UNCERTAINTY_ASSIGNED_CONTEXT ( ( #6201 ) ) GLOBAL_UNIT_ASSIGNED_CONTEXT ( ( #326, #2460, #7292 ) ) REPRESENTATION_CONTEXT ( 'NONE', 'WORKASPACE' ) );
#5721 = ADVANCED_FACE ( 'NONE', ( #3144 ), #7417, .F. ) ;
#5722 = EDGE_CURVE ( 'NONE', #6931, #8166, #919, .T. ) ;
#5723 = CARTESIAN_POINT ( 'NONE',  ( 3.960000000000000900, -10.18309518948452900, -4.060000000000000500 ) ) ;
#5724 = VECTOR ( 'NONE', #2747, 1000.000000000000000 ) ;
#5725 = ORIENTED_EDGE ( 'NONE', *, *, #7230, .F. ) ;
#5726 = ORIENTED_EDGE ( 'NONE', *, *, #1371, .T. ) ;
#5727 = FACE_OUTER_BOUND ( 'NONE', #2372, .T. ) ;
#5728 = CARTESIAN_POINT ( 'NONE',  ( 1.588484380849934300E-013, 6.100000000000000500, 6.630000000000000800 ) ) ;
#5729 = DIRECTION ( 'NONE',  ( 0.0000000000000000000, 0.0000000000000000000, 1.000000000000000000 ) ) ;
#5730 = ORIENTED_EDGE ( 'NONE', *, *, #674, .F. ) ;
#5731 = CIRCLE ( 'NONE', #6729, 0.9899999999999995500 ) ;
#5732 = CYLINDRICAL_SURFACE ( 'NONE', #3805, 0.9899999999999995500 ) ;
#5733 = DIRECTION ( 'NONE',  ( -1.000000000000000000, 0.0000000000000000000, 0.0000000000000000000 ) ) ;
#5734 = AXIS2_PLACEMENT_3D ( 'NONE', #1342, #6328, #7021 ) ;
#5735 = EDGE_LOOP ( 'NONE', ( #8191, #4727, #6951, #4262 ) ) ;
#5736 =( NAMED_UNIT ( * ) SI_UNIT ( $, .STERADIAN. ) SOLID_ANGLE_UNIT ( ) );
#5737 = ORIENTED_EDGE ( 'NONE', *, *, #6366, .T. ) ;
#5738 = CIRCLE ( 'NONE', #6774, 0.9899999999999995500 ) ;
#5739 = ORIENTED_EDGE ( 'NONE', *, *, #3303, .F. ) ;
#5740 = VERTEX_POINT ( 'NONE', #7347 ) ;
#5741 = VERTEX_POINT ( 'NONE', #535 ) ;
#5742 = EDGE_CURVE ( 'NONE', #1906, #152, #1448, .T. ) ;
#5743 = LINE ( 'NONE', #1390, #8674 ) ;
#5744 = ADVANCED_FACE ( 'NONE', ( #3580 ), #5216, .T. ) ;
#5745 = FACE_OUTER_BOUND ( 'NONE', #1692, .T. ) ;
#5746 = DIRECTION ( 'NONE',  ( 0.0000000000000000000, 1.000000000000000000, 0.0000000000000000000 ) ) ;
#5747 = VERTEX_POINT ( 'NONE', #7321 ) ;
#5748 = DIRECTION ( 'NONE',  ( -0.0000000000000000000, 1.000000000000000000, -0.0000000000000000000 ) ) ;
#5749 = ORIENTED_EDGE ( 'NONE', *, *, #4732, .F. ) ;
#5750 = PRESENTATION_LAYER_ASSIGNMENT (  '', '', ( #4828 ) ) ;
#5751 = ORIENTED_EDGE ( 'NONE', *, *, #543, .T. ) ;
#5752 = ORIENTED_EDGE ( 'NONE', *, *, #3139, .T. ) ;
#5753 = DIRECTION ( 'NONE',  ( -0.0000000000000000000, 0.0000000000000000000, 1.000000000000000000 ) ) ;
#5754 = FILL_AREA_STYLE ('',( #287 ) ) ;
#5755 = VERTEX_POINT ( 'NONE', #2563 ) ;
#5756 = EDGE_CURVE ( 'NONE', #8218, #175, #6284, .T. ) ;
#5757 = AXIS2_PLACEMENT_3D ( 'NONE', #6772, #5407, #4615 ) ;
#5758 = DIRECTION ( 'NONE',  ( 0.0000000000000000000, 0.0000000000000000000, 1.000000000000000000 ) ) ;
#5759 = DIRECTION ( 'NONE',  ( 0.0000000000000000000, -0.0000000000000000000, -1.000000000000000000 ) ) ;
#5760 = FACE_OUTER_BOUND ( 'NONE', #6048, .T. ) ;
#5761 = VECTOR ( 'NONE', #7529, 1000.000000000000000 ) ;
#5762 = VERTEX_POINT ( 'NONE', #3200 ) ;
#5763 = CARTESIAN_POINT ( 'NONE',  ( 4.762500000000000200, 1.000000000000000000, 8.869999999999997400 ) ) ;
#5764 = CARTESIAN_POINT ( 'NONE',  ( -8.673617379884035500E-016, 6.299999999999999800, -6.630000000000000800 ) ) ;
#5765 = FILL_AREA_STYLE ('',( #7095 ) ) ;
#5766 = VERTEX_POINT ( 'NONE', #6706 ) ;
#5767 = AXIS2_PLACEMENT_3D ( 'NONE', #1892, #3254, #8091 ) ;
#5768 =( NAMED_UNIT ( * ) PLANE_ANGLE_UNIT ( ) SI_UNIT ( $, .RADIAN. ) );
#5769 =( GEOMETRIC_REPRESENTATION_CONTEXT ( 3 ) GLOBAL_UNCERTAINTY_ASSIGNED_CONTEXT ( ( #3668 ) ) GLOBAL_UNIT_ASSIGNED_CONTEXT ( ( #1704, #6574, #1636 ) ) REPRESENTATION_CONTEXT ( 'NONE', 'WORKASPACE' ) );
#5770 = EDGE_LOOP ( 'NONE', ( #2450, #8287, #7556, #7259 ) ) ;
#5771 = CARTESIAN_POINT ( 'NONE',  ( 3.960000000000000900, 1.000000000000000000, 4.059999999999999600 ) ) ;
#5772 = EDGE_CURVE ( 'NONE', #6023, #7948, #8348, .T. ) ;
#5773 = CYLINDRICAL_SURFACE ( 'NONE', #5449, 0.9899999999999995500 ) ;
#5774 = VERTEX_POINT ( 'NONE', #7383 ) ;
#5775 = ADVANCED_FACE ( 'NONE', ( #1237 ), #2932, .T. ) ;
#5776 = VECTOR ( 'NONE', #7614, 1000.000000000000000 ) ;
#5777 = DIRECTION ( 'NONE',  ( -0.0000000000000000000, 1.000000000000000000, -0.0000000000000000000 ) ) ;
#5778 = CARTESIAN_POINT ( 'NONE',  ( 3.960000000000000900, -10.18309518948452900, -1.520000000000000500 ) ) ;
#5779 = VERTEX_POINT ( 'NONE', #5990 ) ;
#5780 = MECHANICAL_DESIGN_GEOMETRIC_PRESENTATION_REPRESENTATION (  '', ( #8398 ), #5950 ) ;
#5781 = CARTESIAN_POINT ( 'NONE',  ( 3.660000000000001000, -4.799999999999999800, -1.020000000000000000 ) ) ;
#5782 = CARTESIAN_POINT ( 'NONE',  ( 2.540000000000105700, 6.100000000000000500, 2.540000000000000500 ) ) ;
#5783 = LINE ( 'NONE', #3765, #7314 ) ;
#5784 = LINE ( 'NONE', #5258, #3734 ) ;
#5785 = EDGE_CURVE ( 'NONE', #6995, #2540, #1131, .T. ) ;
#5786 = ADVANCED_FACE ( 'NONE', ( #1765 ), #6500, .T. ) ;
#5787 = FILL_AREA_STYLE_COLOUR ( '', #4977 ) ;
#5788 = DIRECTION ( 'NONE',  ( 0.0000000000000000000, -0.0000000000000000000, 1.000000000000000000 ) ) ;
#5789 = ADVANCED_FACE ( 'NONE', ( #6726 ), #5634, .T. ) ;
#5790 = PLANE ( 'NONE',  #1063 ) ;
#5791 = CIRCLE ( 'NONE', #64, 0.9899999999999993200 ) ;
#5792 = AXIS2_PLACEMENT_3D ( 'NONE', #344, #7997, #8689 ) ;
#5793 = CARTESIAN_POINT ( 'NONE',  ( -6.329999999999997400, 0.0000000000000000000, 8.869999999999999200 ) ) ;
#5794 = CARTESIAN_POINT ( 'NONE',  ( 2.540000000000078600, 3.299857146501273600, 0.9899999999999993200 ) ) ;
#5795 = ORIENTED_EDGE ( 'NONE', *, *, #580, .F. ) ;
#5796 = DIRECTION ( 'NONE',  ( 0.0000000000000000000, 1.000000000000000000, 0.0000000000000000000 ) ) ;
#5797 = DIRECTION ( 'NONE',  ( 0.0000000000000000000, -0.0000000000000000000, -1.000000000000000000 ) ) ;
#5798 = DIRECTION ( 'NONE',  ( -0.0000000000000000000, 1.000000000000000000, -0.0000000000000000000 ) ) ;
#5799 = EDGE_CURVE ( 'NONE', #8699, #1445, #4885, .T. ) ;
#5800 = ORIENTED_EDGE ( 'NONE', *, *, #1077, .F. ) ;
#5801 = UNCERTAINTY_MEASURE_WITH_UNIT (LENGTH_MEASURE( 1.000000000000000100E-005 ), #4017, 'distance_accuracy_value', 'NONE');
#5802 = PLANE ( 'NONE',  #97 ) ;
#5803 = FACE_BOUND ( 'NONE', #7390, .T. ) ;
#5804 = EDGE_LOOP ( 'NONE', ( #5948, #1233 ) ) ;
#5805 = CARTESIAN_POINT ( 'NONE',  ( -2.539999999999894800, 6.299999999999999800, 3.530000000000000200 ) ) ;
#5806 = LINE ( 'NONE', #110, #7443 ) ;
#5807 = EDGE_CURVE ( 'NONE', #443, #147, #816, .T. ) ;
#5808 = CARTESIAN_POINT ( 'NONE',  ( -3.660000000000001000, -10.18309518948452900, 6.099999999999999600 ) ) ;
#5809 = DIRECTION ( 'NONE',  ( -0.0000000000000000000, -1.000000000000000000, -0.0000000000000000000 ) ) ;
#5810 = EDGE_LOOP ( 'NONE', ( #7833, #8032, #5316, #550 ) ) ;
#5811 = VERTEX_POINT ( 'NONE', #1108 ) ;
#5812 = CIRCLE ( 'NONE', #4749, 0.9899999999999995500 ) ;
#5813 =( LENGTH_UNIT ( ) NAMED_UNIT ( * ) SI_UNIT ( .MILLI., .METRE. ) );
#5814 = DIRECTION ( 'NONE',  ( 0.0000000000000000000, 0.0000000000000000000, 1.000000000000000000 ) ) ;
#5815 = LINE ( 'NONE', #2555, #3220 ) ;
#5816 = DIRECTION ( 'NONE',  ( 0.0000000000000000000, 1.000000000000000000, 0.0000000000000000000 ) ) ;
#5817 = CARTESIAN_POINT ( 'NONE',  ( 2.540000000000131500, 6.299999999999999800, 5.080000000000001000 ) ) ;
#5818 = ORIENTED_EDGE ( 'NONE', *, *, #7911, .T. ) ;
#5819 = ADVANCED_FACE ( 'NONE', ( #1343 ), #6634, .F. ) ;
#5820 = VECTOR ( 'NONE', #5513, 1000.000000000000000 ) ;
#5821 = AXIS2_PLACEMENT_3D ( 'NONE', #5445, #2019, #8134 ) ;
#5822 = CARTESIAN_POINT ( 'NONE',  ( 5.080000000000079100, 6.299999999999999800, -0.9899999999999993200 ) ) ;
#5823 = CYLINDRICAL_SURFACE ( 'NONE', #1713, 0.9899999999999995500 ) ;
#5824 = EDGE_CURVE ( 'NONE', #319, #503, #604, .T. ) ;
#5825 = CARTESIAN_POINT ( 'NONE',  ( -5.079999999999974300, 6.100000000000000500, -5.079999999999999200 ) ) ;
#5826 = DIRECTION ( 'NONE',  ( 0.0000000000000000000, 0.0000000000000000000, 1.000000000000000000 ) ) ;
#5827 = EDGE_LOOP ( 'NONE', ( #4953, #6179, #3834, #6025 ) ) ;
#5828 = CIRCLE ( 'NONE', #1249, 0.9899999999999995500 ) ;
#5829 = DIRECTION ( 'NONE',  ( -0.0000000000000000000, 1.000000000000000000, -0.0000000000000000000 ) ) ;
#5830 = VECTOR ( 'NONE', #8513, 1000.000000000000000 ) ;
#5831 = ADVANCED_FACE ( 'NONE', ( #7917 ), #314, .T. ) ;
#5832 = CIRCLE ( 'NONE', #7605, 0.9899999999999993200 ) ;
#5833 = ORIENTED_EDGE ( 'NONE', *, *, #2268, .T. ) ;
#5834 = CARTESIAN_POINT ( 'NONE',  ( 1.319602242073529200E-013, 6.299999999999999800, 4.090000000000001600 ) ) ;
#5835 = ADVANCED_FACE ( 'NONE', ( #2626 ), #3187, .F. ) ;
#5836 = EDGE_CURVE ( 'NONE', #100, #7128, #7275, .T. ) ;
#5837 = ORIENTED_EDGE ( 'NONE', *, *, #6623, .F. ) ;
#5838 = VECTOR ( 'NONE', #1277, 1000.000000000000000 ) ;
#5839 = PLANE ( 'NONE',  #7425 ) ;
#5840 = CYLINDRICAL_SURFACE ( 'NONE', #3153, 0.9899999999999995500 ) ;
#5841 = CIRCLE ( 'NONE', #1346, 0.9899999999999995500 ) ;
#5843 = CARTESIAN_POINT ( 'NONE',  ( 4.762500000000000200, 1.000000000000000000, 0.0000000000000000000 ) ) ;
#5842 = SURFACE_SIDE_STYLE ('',( #4652 ) ) ;
#5844 = PRESENTATION_LAYER_ASSIGNMENT (  '', '', ( #4176 ) ) ;
#5845 = ORIENTED_EDGE ( 'NONE', *, *, #697, .F. ) ;
#5846 = ORIENTED_EDGE ( 'NONE', *, *, #4662, .T. ) ;
#5847 = CARTESIAN_POINT ( 'NONE',  ( 2.602085213965210600E-014, 6.299999999999999800, -5.079999999999999200 ) ) ;
#5849 = VERTEX_POINT ( 'NONE', #4491 ) ;
#5848 = CARTESIAN_POINT ( 'NONE',  ( 3.660000000000001000, -10.18309518948452900, -6.599999999999999600 ) ) ;
#5850 = CARTESIAN_POINT ( 'NONE',  ( -2.539999999999841500, 3.299857146501273600, 7.620000000000000100 ) ) ;
#5851 = CIRCLE ( 'NONE', #1190, 0.9899999999999995500 ) ;
#5852 = SURFACE_STYLE_FILL_AREA ( #5232 ) ;
#5853 = EDGE_CURVE ( 'NONE', #5477, #1149, #5851, .T. ) ;
#5854 = ORIENTED_EDGE ( 'NONE', *, *, #190, .F. ) ;
#5855 = CARTESIAN_POINT ( 'NONE',  ( -5.080000000000001000, 6.299999999999999800, -6.630000000000000800 ) ) ;
#5856 = ORIENTED_EDGE ( 'NONE', *, *, #8077, .T. ) ;
#5857 = CYLINDRICAL_SURFACE ( 'NONE', #4166, 0.9899999999999995500 ) ;
#5858 = DIRECTION ( 'NONE',  ( -1.000000000000000000, 0.0000000000000000000, 0.0000000000000000000 ) ) ;
#5859 = EDGE_LOOP ( 'NONE', ( #7899, #831 ) ) ;
#5860 = DIRECTION ( 'NONE',  ( 0.0000000000000000000, 0.0000000000000000000, 1.000000000000000000 ) ) ;
#5861 = DIRECTION ( 'NONE',  ( -0.0000000000000000000, 1.000000000000000000, -0.0000000000000000000 ) ) ;
#5862 = DIRECTION ( 'NONE',  ( 0.0000000000000000000, 0.0000000000000000000, 1.000000000000000000 ) ) ;
#5863 = DIRECTION ( 'NONE',  ( 0.0000000000000000000, 0.0000000000000000000, 1.000000000000000000 ) ) ;
#5864 = ORIENTED_EDGE ( 'NONE', *, *, #8522, .F. ) ;
#5865 = PRESENTATION_LAYER_ASSIGNMENT (  '', '', ( #6435 ) ) ;
#5866 =( NAMED_UNIT ( * ) PLANE_ANGLE_UNIT ( ) SI_UNIT ( $, .RADIAN. ) );
#5867 = ORIENTED_EDGE ( 'NONE', *, *, #2361, .F. ) ;
#5868 = EDGE_CURVE ( 'NONE', #6794, #8550, #7042, .T. ) ;
#5869 = FACE_OUTER_BOUND ( 'NONE', #7770, .T. ) ;
#5870 =( GEOMETRIC_REPRESENTATION_CONTEXT ( 3 ) GLOBAL_UNCERTAINTY_ASSIGNED_CONTEXT ( ( #4590 ) ) GLOBAL_UNIT_ASSIGNED_CONTEXT ( ( #5813, #989, #283 ) ) REPRESENTATION_CONTEXT ( 'NONE', 'WORKASPACE' ) );
#5871 = VERTEX_POINT ( 'NONE', #5130 ) ;
#5872 = ORIENTED_EDGE ( 'NONE', *, *, #5245, .F. ) ;
#5873 = PLANE ( 'NONE',  #3817 ) ;
#5874 = DIRECTION ( 'NONE',  ( 0.0000000000000000000, -1.000000000000000000, 0.0000000000000000000 ) ) ;
#5875 = VERTEX_POINT ( 'NONE', #4546 ) ;
#5876 = FACE_OUTER_BOUND ( 'NONE', #7086, .T. ) ;
#5877 = DIRECTION ( 'NONE',  ( 0.0000000000000000000, 1.000000000000000000, 0.0000000000000000000 ) ) ;
#5878 = ORIENTED_EDGE ( 'NONE', *, *, #253, .T. ) ;
#5879 = EDGE_CURVE ( 'NONE', #3350, #2299, #6607, .T. ) ;
#5880 = ADVANCED_FACE ( 'NONE', ( #4024 ), #1698, .T. ) ;
#5881 = AXIS2_PLACEMENT_3D ( 'NONE', #8278, #5467, #2787 ) ;
#5882 = DIRECTION ( 'NONE',  ( 0.0000000000000000000, 0.0000000000000000000, 1.000000000000000000 ) ) ;
#5883 = EDGE_LOOP ( 'NONE', ( #7291, #2654, #1878, #3922 ) ) ;
#5884 = LINE ( 'NONE', #8377, #7304 ) ;
#5885 = CARTESIAN_POINT ( 'NONE',  ( 3.960000000000000900, -4.799999999999999800, -6.599999999999999600 ) ) ;
#5886 = ORIENTED_EDGE ( 'NONE', *, *, #4947, .T. ) ;
#5887 = ORIENTED_EDGE ( 'NONE', *, *, #8475, .F. ) ;
#5888 = DIRECTION ( 'NONE',  ( -0.0000000000000000000, 0.0000000000000000000, 1.000000000000000000 ) ) ;
#5889 = PLANE ( 'NONE',  #3655 ) ;
#5890 = LINE ( 'NONE', #2575, #8055 ) ;
#5891 = FACE_OUTER_BOUND ( 'NONE', #5535, .T. ) ;
#5892 = EDGE_CURVE ( 'NONE', #3224, #7981, #5731, .T. ) ;
#5893 = CARTESIAN_POINT ( 'NONE',  ( -2.539999999999974700, 6.100000000000000500, -5.079999999999999200 ) ) ;
#5894 = DIRECTION ( 'NONE',  ( 0.0000000000000000000, 0.0000000000000000000, 1.000000000000000000 ) ) ;
#5895 = FACE_OUTER_BOUND ( 'NONE', #5474, .T. ) ;
#5896 = SURFACE_SIDE_STYLE ('',( #3035 ) ) ;
#5897 = PRESENTATION_LAYER_ASSIGNMENT (  '', '', ( #8398 ) ) ;
#5898 = ORIENTED_EDGE ( 'NONE', *, *, #3025, .T. ) ;
#5899 = CARTESIAN_POINT ( 'NONE',  ( -3.660000000000001000, -10.18309518948452900, 3.559999999999998700 ) ) ;
#5900 = EDGE_LOOP ( 'NONE', ( #276, #1304, #1873, #6325 ) ) ;
#5901 = ORIENTED_EDGE ( 'NONE', *, *, #4935, .F. ) ;
#5903 = DIRECTION ( 'NONE',  ( 1.000000000000000000, 0.0000000000000000000, -0.0000000000000000000 ) ) ;
#5902 = CARTESIAN_POINT ( 'NONE',  ( -2.539999999999974700, 6.100000000000000500, -5.079999999999999200 ) ) ;
#5904 = VERTEX_POINT ( 'NONE', #6600 ) ;
#5905 = AXIS2_PLACEMENT_3D ( 'NONE', #6033, #3979, #6063 ) ;
#5906 = EDGE_CURVE ( 'NONE', #7418, #4625, #8546, .T. ) ;
#5907 = FACE_BOUND ( 'NONE', #7924, .T. ) ;
#5908 = ORIENTED_EDGE ( 'NONE', *, *, #8584, .F. ) ;
#5909 = DIRECTION ( 'NONE',  ( 0.0000000000000000000, -1.000000000000000000, 0.0000000000000000000 ) ) ;
#5910 = CARTESIAN_POINT ( 'NONE',  ( 0.0000000000000000000, 1.000000000000000000, 0.0000000000000000000 ) ) ;
#5911 = DIRECTION ( 'NONE',  ( 0.0000000000000000000, 1.000000000000000000, 0.0000000000000000000 ) ) ;
#5912 =( LENGTH_UNIT ( ) NAMED_UNIT ( * ) SI_UNIT ( .MILLI., .METRE. ) );
#5913 = CIRCLE ( 'NONE', #5182, 0.9899999999999995500 ) ;
#5914 = ORIENTED_EDGE ( 'NONE', *, *, #6238, .F. ) ;
#5915 = AXIS2_PLACEMENT_3D ( 'NONE', #506, #3229, #8766 ) ;
#5916 = VERTEX_POINT ( 'NONE', #603 ) ;
#5917 = DIRECTION ( 'NONE',  ( -0.0000000000000000000, -0.0000000000000000000, 1.000000000000000000 ) ) ;
#5918 = CARTESIAN_POINT ( 'NONE',  ( -3.960000000000000900, -4.799999999999999800, 1.019999999999999100 ) ) ;
#5919 = ORIENTED_EDGE ( 'NONE', *, *, #2849, .T. ) ;
#5920 = EDGE_CURVE ( 'NONE', #555, #1506, #595, .T. ) ;
#5921 = LINE ( 'NONE', #2057, #4300 ) ;
#5922 = ADVANCED_FACE ( 'NONE', ( #7908 ), #4014, .T. ) ;
#5923 = DIRECTION ( 'NONE',  ( 0.0000000000000000000, 1.000000000000000000, 0.0000000000000000000 ) ) ;
#5924 = AXIS2_PLACEMENT_3D ( 'NONE', #1228, #1197, #6039 ) ;
#5925 = ORIENTED_EDGE ( 'NONE', *, *, #4246, .T. ) ;
#5926 = CARTESIAN_POINT ( 'NONE',  ( 3.960000000000000900, -10.18309518948452900, 3.559999999999998700 ) ) ;
#5927 = EDGE_CURVE ( 'NONE', #4142, #6124, #6275, .T. ) ;
#5928 = PLANE ( 'NONE',  #8129 ) ;
#5929 = AXIS2_PLACEMENT_3D ( 'NONE', #1432, #4145, #2842 ) ;
#5930 = CARTESIAN_POINT ( 'NONE',  ( 3.960000000000000900, -4.799999999999999800, 1.019999999999999100 ) ) ;
#5931 = DIRECTION ( 'NONE',  ( -0.0000000000000000000, 0.0000000000000000000, -1.000000000000000000 ) ) ;
#5932 = VERTEX_POINT ( 'NONE', #473 ) ;
#5933 = VECTOR ( 'NONE', #3944, 1000.000000000000000 ) ;
#5934 = ORIENTED_EDGE ( 'NONE', *, *, #4635, .F. ) ;
#5935 = CARTESIAN_POINT ( 'NONE',  ( 7.892991815694472300E-014, 6.100000000000000500, 0.9899999999999993200 ) ) ;
#5936 = DIRECTION ( 'NONE',  ( -0.0000000000000000000, -1.000000000000000000, -0.0000000000000000000 ) ) ;
#5937 = AXIS2_PLACEMENT_3D ( 'NONE', #5490, #6220, #2092 ) ;
#5938 = STYLED_ITEM ( 'NONE', ( #3791 ), #8850 ) ;
#5939 = DIRECTION ( 'NONE',  ( 0.0000000000000000000, 0.0000000000000000000, 1.000000000000000000 ) ) ;
#5940 = ORIENTED_EDGE ( 'NONE', *, *, #1599, .F. ) ;
#5941 = CIRCLE ( 'NONE', #7469, 0.9899999999999993200 ) ;
#5942 = SURFACE_STYLE_FILL_AREA ( #1541 ) ;
#5943 = DIRECTION ( 'NONE',  ( 0.0000000000000000000, 1.000000000000000000, 0.0000000000000000000 ) ) ;
#5944 = EDGE_CURVE ( 'NONE', #3350, #8092, #806, .T. ) ;
#5945 = CYLINDRICAL_SURFACE ( 'NONE', #4796, 0.9899999999999995500 ) ;
#5946 = DIRECTION ( 'NONE',  ( 0.0000000000000000000, 1.000000000000000000, 0.0000000000000000000 ) ) ;
#5947 = CIRCLE ( 'NONE', #3175, 0.9899999999999993200 ) ;
#5948 = ORIENTED_EDGE ( 'NONE', *, *, #2212, .T. ) ;
#5949 = ORIENTED_EDGE ( 'NONE', *, *, #1278, .T. ) ;
#5950 =( GEOMETRIC_REPRESENTATION_CONTEXT ( 3 ) GLOBAL_UNCERTAINTY_ASSIGNED_CONTEXT ( ( #6495 ) ) GLOBAL_UNIT_ASSIGNED_CONTEXT ( ( #5701, #5768, #4321 ) ) REPRESENTATION_CONTEXT ( 'NONE', 'WORKASPACE' ) );
#5951 = FACE_OUTER_BOUND ( 'NONE', #1246, .T. ) ;
#5952 = ORIENTED_EDGE ( 'NONE', *, *, #7624, .T. ) ;
#5953 = VECTOR ( 'NONE', #7300, 1000.000000000000000 ) ;
#5954 = DIRECTION ( 'NONE',  ( -0.0000000000000000000, 1.000000000000000000, -0.0000000000000000000 ) ) ;
#5955 = EDGE_LOOP ( 'NONE', ( #7459, #3873 ) ) ;
#5956 = CARTESIAN_POINT ( 'NONE',  ( 3.660000000000001000, 1.000000000000000000, -4.060000000000000500 ) ) ;
#5957 = EDGE_CURVE ( 'NONE', #1638, #2912, #1226, .T. ) ;
#5958 = VERTEX_POINT ( 'NONE', #1843 ) ;
#5959 = LINE ( 'NONE', #3121, #4133 ) ;
#5960 = CARTESIAN_POINT ( 'NONE',  ( 7.905115819006031600E-014, 6.299999999999999800, -0.9899999999999993200 ) ) ;
#5961 = ORIENTED_EDGE ( 'NONE', *, *, #6864, .F. ) ;
#5962 = DIRECTION ( 'NONE',  ( -0.0000000000000000000, 1.000000000000000000, -0.0000000000000000000 ) ) ;
#5963 = ORIENTED_EDGE ( 'NONE', *, *, #2650, .F. ) ;
#5964 = ORIENTED_EDGE ( 'NONE', *, *, #2268, .F. ) ;
#5965 = DIRECTION ( 'NONE',  ( 0.0000000000000000000, 0.0000000000000000000, 1.000000000000000000 ) ) ;
#5966 = COLOUR_RGB ( '',0.5019607843137254800, 0.5019607843137254800, 0.5019607843137254800 ) ;
#5967 = CYLINDRICAL_SURFACE ( 'NONE', #4367, 0.9899999999999995500 ) ;
#5968 = ORIENTED_EDGE ( 'NONE', *, *, #7540, .F. ) ;
#5969 = AXIS2_PLACEMENT_3D ( 'NONE', #2201, #1452, #7693 ) ;
#5970 = ADVANCED_FACE ( 'NONE', ( #3906 ), #5370, .F. ) ;
#5971 = CARTESIAN_POINT ( 'NONE',  ( 0.0000000000000000000, 6.299999999999999800, 0.0000000000000000000 ) ) ;
#5972 = DIRECTION ( 'NONE',  ( 0.0000000000000000000, -1.000000000000000000, 0.0000000000000000000 ) ) ;
#5973 = FACE_OUTER_BOUND ( 'NONE', #2156, .T. ) ;
#5974 = CARTESIAN_POINT ( 'NONE',  ( 5.080000000000079100, 6.100000000000000500, 0.9899999999999993200 ) ) ;
#5975 = VERTEX_POINT ( 'NONE', #4696 ) ;
#5976 = CARTESIAN_POINT ( 'NONE',  ( 2.540000000000131500, 6.100000000000000500, 4.090000000000001600 ) ) ;
#5977 = ORIENTED_EDGE ( 'NONE', *, *, #1426, .F. ) ;
#5978 = ORIENTED_EDGE ( 'NONE', *, *, #3969, .T. ) ;
#5979 = DIRECTION ( 'NONE',  ( -1.000000000000000000, 0.0000000000000000000, -0.0000000000000000000 ) ) ;
#5980 = EDGE_CURVE ( 'NONE', #2825, #505, #2188, .T. ) ;
#5981 = DIRECTION ( 'NONE',  ( 0.0000000000000000000, 1.000000000000000000, 0.0000000000000000000 ) ) ;
#5982 = ORIENTED_EDGE ( 'NONE', *, *, #8710, .F. ) ;
#5983 = CARTESIAN_POINT ( 'NONE',  ( -2.539999999999894800, 6.299999999999999800, 2.540000000000000500 ) ) ;
#5984 = DIRECTION ( 'NONE',  ( -1.000000000000000000, 0.0000000000000000000, -0.0000000000000000000 ) ) ;
#5985 = FILL_AREA_STYLE_COLOUR ( '', #1112 ) ;
#5986 = FACE_OUTER_BOUND ( 'NONE', #8241, .T. ) ;
#5987 = VECTOR ( 'NONE', #4710, 1000.000000000000000 ) ;
#5988 = PRESENTATION_LAYER_ASSIGNMENT (  '', '', ( #2911 ) ) ;
#5989 = ORIENTED_EDGE ( 'NONE', *, *, #3628, .T. ) ;
#5990 = CARTESIAN_POINT ( 'NONE',  ( -6.329999999999997400, 6.100000000000000500, 8.869999999999999200 ) ) ;
#5991 = EDGE_CURVE ( 'NONE', #7362, #2431, #3248, .T. ) ;
#5992 = DIRECTION ( 'NONE',  ( 0.0000000000000000000, 0.0000000000000000000, 1.000000000000000000 ) ) ;
#5993 = AXIS2_PLACEMENT_3D ( 'NONE', #5825, #205, #4403 ) ;
#5994 = EDGE_LOOP ( 'NONE', ( #4186, #2663, #7560, #4444 ) ) ;
#5995 = LINE ( 'NONE', #2905, #4690 ) ;
#5996 = DIRECTION ( 'NONE',  ( -0.0000000000000000000, -1.000000000000000000, -0.0000000000000000000 ) ) ;
#5997 = CARTESIAN_POINT ( 'NONE',  ( 5.080000000000025800, 6.100000000000000500, -5.079999999999999200 ) ) ;
#5998 = VERTEX_POINT ( 'NONE', #8835 ) ;
#5999 = CARTESIAN_POINT ( 'NONE',  ( 3.660000000000001000, -4.799999999999999800, 6.099999999999999600 ) ) ;
#6000 = CARTESIAN_POINT ( 'NONE',  ( 3.660000000000001000, -4.799999999999999800, -1.520000000000000500 ) ) ;
#6001 = FACE_OUTER_BOUND ( 'NONE', #3256, .T. ) ;
#6002 = CARTESIAN_POINT ( 'NONE',  ( -2.540000000000000900, 6.100000000000000500, -7.620000000000000100 ) ) ;
#6003 = ORIENTED_EDGE ( 'NONE', *, *, #7355, .F. ) ;
#6004 = VECTOR ( 'NONE', #1923, 1000.000000000000000 ) ;
#6005 = AXIS2_PLACEMENT_3D ( 'NONE', #5893, #8072, #5992 ) ;
#6006 = EDGE_LOOP ( 'NONE', ( #7896, #7098, #6831, #6101 ) ) ;
#6007 = DIRECTION ( 'NONE',  ( 0.0000000000000000000, 0.0000000000000000000, 1.000000000000000000 ) ) ;
#6008 =( LENGTH_UNIT ( ) NAMED_UNIT ( * ) SI_UNIT ( .MILLI., .METRE. ) );
#6009 = DIRECTION ( 'NONE',  ( 0.0000000000000000000, 0.0000000000000000000, 1.000000000000000000 ) ) ;
#6010 = CARTESIAN_POINT ( 'NONE',  ( -3.960000000000000900, -4.799999999999999800, -6.599999999999999600 ) ) ;
#6011 = SURFACE_SIDE_STYLE ('',( #5852 ) ) ;
#6012 = DIRECTION ( 'NONE',  ( 0.0000000000000000000, 0.0000000000000000000, 1.000000000000000000 ) ) ;
#6013 = LINE ( 'NONE', #3380, #753 ) ;
#6014 = LINE ( 'NONE', #5793, #4175 ) ;
#6015 = DIRECTION ( 'NONE',  ( 1.000000000000000000, 0.0000000000000000000, 0.0000000000000000000 ) ) ;
#6016 = DIRECTION ( 'NONE',  ( 0.0000000000000000000, 1.000000000000000000, 0.0000000000000000000 ) ) ;
#6017 = CARTESIAN_POINT ( 'NONE',  ( -5.079999999999868600, 6.100000000000000500, 5.080000000000001000 ) ) ;
#6018 = AXIS2_PLACEMENT_3D ( 'NONE', #869, #5601, #7706 ) ;
#6019 = CARTESIAN_POINT ( 'NONE',  ( 6.330000000000001800, 6.299999999999999800, 8.869999999999999200 ) ) ;
#6020 = VECTOR ( 'NONE', #4281, 1000.000000000000000 ) ;
#6021 = ADVANCED_FACE ( 'NONE', ( #4439 ), #4228, .F. ) ;
#6022 = EDGE_CURVE ( 'NONE', #8401, #1555, #4981, .T. ) ;
#6023 = VERTEX_POINT ( 'NONE', #1254 ) ;
#6024 = DIRECTION ( 'NONE',  ( 0.0000000000000000000, 1.000000000000000000, 0.0000000000000000000 ) ) ;
#6025 = ORIENTED_EDGE ( 'NONE', *, *, #2863, .F. ) ;
#6026 = DIRECTION ( 'NONE',  ( 0.0000000000000000000, 1.000000000000000000, 0.0000000000000000000 ) ) ;
#6027 = AXIS2_PLACEMENT_3D ( 'NONE', #3825, #1842, #1216 ) ;
#6028 = PLANE ( 'NONE',  #2779 ) ;
#6029 = AXIS2_PLACEMENT_3D ( 'NONE', #6610, #2433, #3807 ) ;
#6030 = EDGE_CURVE ( 'NONE', #5849, #7393, #249, .T. ) ;
#6031 = MANIFOLD_SOLID_BREP ( 'LED 35', #216 ) ;
#6032 = DIRECTION ( 'NONE',  ( 0.0000000000000000000, 1.000000000000000000, 0.0000000000000000000 ) ) ;
#6033 = CARTESIAN_POINT ( 'NONE',  ( 0.0000000000000000000, -4.799999999999999800, 0.0000000000000000000 ) ) ;
#6034 = DIRECTION ( 'NONE',  ( -1.000000000000000000, -0.0000000000000000000, -0.0000000000000000000 ) ) ;
#6035 = DIRECTION ( 'NONE',  ( 0.0000000000000000000, 0.0000000000000000000, 1.000000000000000000 ) ) ;
#6036 = ORIENTED_EDGE ( 'NONE', *, *, #685, .F. ) ;
#6037 = CARTESIAN_POINT ( 'NONE',  ( -2.539999999999894800, 6.100000000000000500, 2.540000000000000500 ) ) ;
#6038 = EDGE_LOOP ( 'NONE', ( #8551, #3712 ) ) ;
#6039 = DIRECTION ( 'NONE',  ( 0.0000000000000000000, 0.0000000000000000000, 1.000000000000000000 ) ) ;
#6040 = MECHANICAL_DESIGN_GEOMETRIC_PRESENTATION_REPRESENTATION (  '', ( #4643 ), #6966 ) ;
#6041 = DIRECTION ( 'NONE',  ( -0.0000000000000000000, -1.000000000000000000, -0.0000000000000000000 ) ) ;
#6042 = EDGE_LOOP ( 'NONE', ( #5250, #5666, #7545, #1136 ) ) ;
#6043 = LINE ( 'NONE', #4524, #1307 ) ;
#6044 = SURFACE_SIDE_STYLE ('',( #759 ) ) ;
#6045 = CARTESIAN_POINT ( 'NONE',  ( -5.079999999999868600, 6.299999999999999800, 5.080000000000001000 ) ) ;
#6046 = CARTESIAN_POINT ( 'NONE',  ( 0.0000000000000000000, 1.000000000000000000, -7.302499999999997500 ) ) ;
#6047 = AXIS2_PLACEMENT_3D ( 'NONE', #6936, #2809, #8363 ) ;
#6048 = EDGE_LOOP ( 'NONE', ( #2297, #61, #5940, #7718 ) ) ;
#6049 = VECTOR ( 'NONE', #6216, 1000.000000000000000 ) ;
#6050 = CARTESIAN_POINT ( 'NONE',  ( 2.540000000000051500, 6.299999999999999800, -2.539999999999999600 ) ) ;
#6051 = EDGE_LOOP ( 'NONE', ( #6940, #6568, #3164, #5961 ) ) ;
#6052 = FACE_BOUND ( 'NONE', #3591, .T. ) ;
#6053 = EDGE_CURVE ( 'NONE', #4715, #6660, #5528, .T. ) ;
#6054 = COLOUR_RGB ( '',0.5019607843137254800, 0.5019607843137254800, 0.5019607843137254800 ) ;
#6055 = DIRECTION ( 'NONE',  ( -0.0000000000000000000, -1.000000000000000000, -0.0000000000000000000 ) ) ;
#6056 = ORIENTED_EDGE ( 'NONE', *, *, #2587, .T. ) ;
#6057 = PRESENTATION_STYLE_ASSIGNMENT (( #6569 ) ) ;
#6058 = CARTESIAN_POINT ( 'NONE',  ( -5.080000000000001000, 6.100000000000000500, -6.630000000000000800 ) ) ;
#6059 = ADVANCED_FACE ( 'NONE', ( #3679 ), #8806, .F. ) ;
#6060 = FACE_OUTER_BOUND ( 'NONE', #1329, .T. ) ;
#6061 = ORIENTED_EDGE ( 'NONE', *, *, #1826, .F. ) ;
#6062 =( NAMED_UNIT ( * ) PLANE_ANGLE_UNIT ( ) SI_UNIT ( $, .RADIAN. ) );
#6064 = LINE ( 'NONE', #3342, #4658 ) ;
#6063 = DIRECTION ( 'NONE',  ( 0.0000000000000000000, -0.0000000000000000000, -1.000000000000000000 ) ) ;
#6065 = CARTESIAN_POINT ( 'NONE',  ( -2.540000000000000900, 6.100000000000000500, -6.630000000000000800 ) ) ;
#6066 = AXIS2_PLACEMENT_3D ( 'NONE', #1920, #1193, #8206 ) ;
#6067 = CARTESIAN_POINT ( 'NONE',  ( -5.080000000000001000, 6.100000000000000500, -6.630000000000000800 ) ) ;
#6068 = DIRECTION ( 'NONE',  ( 0.0000000000000000000, 0.0000000000000000000, 1.000000000000000000 ) ) ;
#6069 = DIRECTION ( 'NONE',  ( -0.0000000000000000000, 1.000000000000000000, -0.0000000000000000000 ) ) ;
#6070 = VERTEX_POINT ( 'NONE', #7482 ) ;
#6071 = DIRECTION ( 'NONE',  ( 0.0000000000000000000, 1.000000000000000000, 0.0000000000000000000 ) ) ;
#6072 = CARTESIAN_POINT ( 'NONE',  ( 1.587271980518778500E-013, 6.100000000000000500, 7.620000000000000100 ) ) ;
#6073 = EDGE_CURVE ( 'NONE', #5484, #5998, #5624, .T. ) ;
#6074 = DIRECTION ( 'NONE',  ( -0.0000000000000000000, -1.000000000000000000, -0.0000000000000000000 ) ) ;
#6075 = ORIENTED_EDGE ( 'NONE', *, *, #6879, .T. ) ;
#6076 = CLOSED_SHELL ( 'NONE', ( #5721, #6967, #2190, #5648, #2319, #1501 ) ) ;
#6077 = FACE_OUTER_BOUND ( 'NONE', #7444, .T. ) ;
#6078 = FACE_OUTER_BOUND ( 'NONE', #7509, .T. ) ;
#6079 = ORIENTED_EDGE ( 'NONE', *, *, #7285, .T. ) ;
#6080 = EDGE_LOOP ( 'NONE', ( #52, #5846 ) ) ;
#6081 = SURFACE_STYLE_FILL_AREA ( #2868 ) ;
#6082 = EDGE_LOOP ( 'NONE', ( #2289, #6323 ) ) ;
#6083 = EDGE_LOOP ( 'NONE', ( #6890, #2520 ) ) ;
#6084 = CARTESIAN_POINT ( 'NONE',  ( -5.080000000000001000, 6.100000000000000500, -6.630000000000000800 ) ) ;
#6085 = DIRECTION ( 'NONE',  ( -0.0000000000000000000, -1.000000000000000000, -0.0000000000000000000 ) ) ;
#6086 = EDGE_CURVE ( 'NONE', #5114, #2847, #1978, .T. ) ;
#6087 = ORIENTED_EDGE ( 'NONE', *, *, #151, .T. ) ;
#6088 = DIRECTION ( 'NONE',  ( 0.0000000000000000000, 1.000000000000000000, 0.0000000000000000000 ) ) ;
#6089 = DIRECTION ( 'NONE',  ( 0.0000000000000000000, 1.000000000000000000, 0.0000000000000000000 ) ) ;
#6090 = CYLINDRICAL_SURFACE ( 'NONE', #8619, 0.9899999999999993200 ) ;
#6091 = CIRCLE ( 'NONE', #4501, 0.9899999999999995500 ) ;
#6092 = ORIENTED_EDGE ( 'NONE', *, *, #7119, .T. ) ;
#6093 = EDGE_LOOP ( 'NONE', ( #457, #2216, #7986, #5142 ) ) ;
#6094 = AXIS2_PLACEMENT_3D ( 'NONE', #4967, #6352, #8202 ) ;
#6095 =( NAMED_UNIT ( * ) PLANE_ANGLE_UNIT ( ) SI_UNIT ( $, .RADIAN. ) );
#6096 =( LENGTH_UNIT ( ) NAMED_UNIT ( * ) SI_UNIT ( .MILLI., .METRE. ) );
#6097 = ORIENTED_EDGE ( 'NONE', *, *, #3530, .T. ) ;
#6098 = CYLINDRICAL_SURFACE ( 'NONE', #1344, 0.9899999999999995500 ) ;
#6099 = EDGE_CURVE ( 'NONE', #6639, #1984, #7698, .T. ) ;
#6100 = DIRECTION ( 'NONE',  ( -1.000000000000000000, -0.0000000000000000000, -0.0000000000000000000 ) ) ;
#6101 = ORIENTED_EDGE ( 'NONE', *, *, #3548, .T. ) ;
#6102 = DIRECTION ( 'NONE',  ( -0.0000000000000000000, 1.000000000000000000, -0.0000000000000000000 ) ) ;
#6103 = CARTESIAN_POINT ( 'NONE',  ( 3.660000000000001000, -10.18309518948452900, 1.019999999999999100 ) ) ;
#6104 = LINE ( 'NONE', #8541, #291 ) ;
#6105 = ORIENTED_EDGE ( 'NONE', *, *, #2908, .F. ) ;
#6106 = FACE_OUTER_BOUND ( 'NONE', #5489, .T. ) ;
#6107 = ADVANCED_FACE ( 'NONE', ( #7472 ), #140, .T. ) ;
#6108 = ORIENTED_EDGE ( 'NONE', *, *, #7946, .T. ) ;
#6109 = ORIENTED_EDGE ( 'NONE', *, *, #5799, .F. ) ;
#6110 = EDGE_CURVE ( 'NONE', #8316, #3148, #5415, .T. ) ;
#6111 = AXIS2_PLACEMENT_3D ( 'NONE', #4196, #7553, #4857 ) ;
#6112 = FILL_AREA_STYLE_COLOUR ( '', #4858 ) ;
#6113 = LINE ( 'NONE', #8896, #7629 ) ;
#6114 = DIRECTION ( 'NONE',  ( 0.0000000000000000000, 0.0000000000000000000, 1.000000000000000000 ) ) ;
#6115 = SURFACE_STYLE_FILL_AREA ( #3404 ) ;
#6116 = CARTESIAN_POINT ( 'NONE',  ( 3.660000000000001000, -10.18309518948452900, -6.599999999999999600 ) ) ;
#6117 = CARTESIAN_POINT ( 'NONE',  ( 5.080000000000159100, 6.100000000000000500, 8.609999999999999400 ) ) ;
#6118 = CARTESIAN_POINT ( 'NONE',  ( 3.960000000000000900, -10.18309518948452900, -1.020000000000000000 ) ) ;
#6119 = AXIS2_PLACEMENT_3D ( 'NONE', #8246, #4765, #6882 ) ;
#6120 = AXIS2_PLACEMENT_3D ( 'NONE', #1441, #7657, #1410 ) ;
#6121 = DIRECTION ( 'NONE',  ( 1.000000000000000000, 0.0000000000000000000, 0.0000000000000000000 ) ) ;
#6122 = VERTEX_POINT ( 'NONE', #2914 ) ;
#6123 = PLANE ( 'NONE',  #6528 ) ;
#6124 = VERTEX_POINT ( 'NONE', #7734 ) ;
#6125 = EDGE_CURVE ( 'NONE', #1086, #1883, #1753, .T. ) ;
#6126 = ORIENTED_EDGE ( 'NONE', *, *, #6411, .T. ) ;
#6127 = FILL_AREA_STYLE ('',( #5434 ) ) ;
#6128 = VERTEX_POINT ( 'NONE', #8361 ) ;
#6129 =( NAMED_UNIT ( * ) SI_UNIT ( $, .STERADIAN. ) SOLID_ANGLE_UNIT ( ) );
#6130 = DIRECTION ( 'NONE',  ( 0.0000000000000000000, 1.000000000000000000, 0.0000000000000000000 ) ) ;
#6131 = FACE_BOUND ( 'NONE', #3244, .T. ) ;
#6132 = ORIENTED_EDGE ( 'NONE', *, *, #8107, .F. ) ;
#6133 = CARTESIAN_POINT ( 'NONE',  ( -5.079999999999894400, 6.299999999999999800, 2.540000000000000500 ) ) ;
#6134 = AXIS2_PLACEMENT_3D ( 'NONE', #5997, #1872, #2687 ) ;
#6135 = ORIENTED_EDGE ( 'NONE', *, *, #7302, .T. ) ;
#6136 = EDGE_CURVE ( 'NONE', #1186, #768, #8868, .T. ) ;
#6137 = VERTEX_POINT ( 'NONE', #5661 ) ;
#6138 = CARTESIAN_POINT ( 'NONE',  ( -5.079999999999974300, 6.100000000000000500, -5.079999999999999200 ) ) ;
#6139 = EDGE_LOOP ( 'NONE', ( #4728, #5137 ) ) ;
#6140 = PLANE ( 'NONE',  #8925 ) ;
#6141 = CARTESIAN_POINT ( 'NONE',  ( -2.539999999999894800, 3.299857146501273600, 2.540000000000000500 ) ) ;
#6142 = AXIS2_PLACEMENT_3D ( 'NONE', #8586, #7233, #3087 ) ;
#6143 = DIRECTION ( 'NONE',  ( 1.000000000000000000, -0.0000000000000000000, 0.0000000000000000000 ) ) ;
#6144 = PLANE ( 'NONE',  #7198 ) ;
#6145 = DIRECTION ( 'NONE',  ( 0.0000000000000000000, 0.0000000000000000000, 1.000000000000000000 ) ) ;
#6146 = ORIENTED_EDGE ( 'NONE', *, *, #115, .F. ) ;
#6147 = FACE_OUTER_BOUND ( 'NONE', #6643, .T. ) ;
#6148 = EDGE_CURVE ( 'NONE', #8016, #7108, #3031, .T. ) ;
#6149 = ADVANCED_FACE ( 'NONE', ( #3790 ), #2142, .F. ) ;
#6150 = CIRCLE ( 'NONE', #1261, 0.9899999999999995500 ) ;
#6151 = DIRECTION ( 'NONE',  ( 0.0000000000000000000, -1.000000000000000000, 0.0000000000000000000 ) ) ;
#6152 = DIRECTION ( 'NONE',  ( 0.0000000000000000000, 1.000000000000000000, 0.0000000000000000000 ) ) ;
#6153 = CARTESIAN_POINT ( 'NONE',  ( -3.660000000000001000, -4.799999999999999800, 1.519999999999999600 ) ) ;
#6154 = AXIS2_PLACEMENT_3D ( 'NONE', #524, #1853, #579 ) ;
#6155 = CARTESIAN_POINT ( 'NONE',  ( -2.539999999999894800, 6.100000000000000500, 3.530000000000000200 ) ) ;
#6156 = VERTEX_POINT ( 'NONE', #1540 ) ;
#6157 = CYLINDRICAL_SURFACE ( 'NONE', #8685, 0.9899999999999995500 ) ;
#6158 = DIRECTION ( 'NONE',  ( -0.0000000000000000000, 1.000000000000000000, -0.0000000000000000000 ) ) ;
#6159 = DIRECTION ( 'NONE',  ( 1.000000000000000000, 0.0000000000000000000, 0.0000000000000000000 ) ) ;
#6160 = DIRECTION ( 'NONE',  ( 0.0000000000000000000, 1.000000000000000000, 0.0000000000000000000 ) ) ;
#6161 = ORIENTED_EDGE ( 'NONE', *, *, #5377, .F. ) ;
#6162 = EDGE_CURVE ( 'NONE', #5404, #5916, #35, .T. ) ;
#6163 = EDGE_LOOP ( 'NONE', ( #70, #3094, #6003, #7810 ) ) ;
#6164 = CIRCLE ( 'NONE', #90, 0.9899999999999993200 ) ;
#6165 = VECTOR ( 'NONE', #7437, 1000.000000000000000 ) ;
#6166 = DIRECTION ( 'NONE',  ( 0.0000000000000000000, 1.000000000000000000, 0.0000000000000000000 ) ) ;
#6167 = CIRCLE ( 'NONE', #6441, 0.9899999999999995500 ) ;
#6168 = CARTESIAN_POINT ( 'NONE',  ( 3.660000000000001000, -10.18309518948452900, 6.599999999999999600 ) ) ;
#6169 = DIRECTION ( 'NONE',  ( 0.0000000000000000000, 1.000000000000000000, 0.0000000000000000000 ) ) ;
#6170 = AXIS2_PLACEMENT_3D ( 'NONE', #6322, #8521, #3721 ) ;
#6171 = CYLINDRICAL_SURFACE ( 'NONE', #6888, 0.9899999999999995500 ) ;
#6172 = DIRECTION ( 'NONE',  ( 0.0000000000000000000, 1.000000000000000000, 0.0000000000000000000 ) ) ;
#6173 = VERTEX_POINT ( 'NONE', #4041 ) ;
#6174 = PLANE ( 'NONE',  #6656 ) ;
#6175 = EDGE_LOOP ( 'NONE', ( #2991, #4805, #3392, #8744 ) ) ;
#6176 = LINE ( 'NONE', #8150, #706 ) ;
#6177 = EDGE_LOOP ( 'NONE', ( #804, #6721 ) ) ;
#6178 = LINE ( 'NONE', #294, #1345 ) ;
#6179 = ORIENTED_EDGE ( 'NONE', *, *, #2243, .T. ) ;
#6180 = DIRECTION ( 'NONE',  ( 0.0000000000000000000, 1.000000000000000000, 0.0000000000000000000 ) ) ;
#6181 = DIRECTION ( 'NONE',  ( 0.0000000000000000000, 0.0000000000000000000, 1.000000000000000000 ) ) ;
#6182 = PLANE ( 'NONE',  #4305 ) ;
#6183 = FACE_OUTER_BOUND ( 'NONE', #527, .T. ) ;
#6184 = CARTESIAN_POINT ( 'NONE',  ( -2.539999999999894800, 6.299999999999999800, 2.540000000000000500 ) ) ;
#6185 = VERTEX_POINT ( 'NONE', #1310 ) ;
#6186 = ORIENTED_EDGE ( 'NONE', *, *, #8133, .F. ) ;
#6187 = AXIS2_PLACEMENT_3D ( 'NONE', #5691, #6981, #4978 ) ;
#6188 = CARTESIAN_POINT ( 'NONE',  ( 1.058181320345852300E-013, 6.299999999999999800, 2.540000000000000500 ) ) ;
#6189 = PRODUCT_RELATED_PRODUCT_CATEGORY ( 'part', '', ( #2589 ) ) ;
#6190 = FACE_OUTER_BOUND ( 'NONE', #5084, .T. ) ;
#6191 = DIRECTION ( 'NONE',  ( -0.0000000000000000000, 1.000000000000000000, -0.0000000000000000000 ) ) ;
#6192 = FACE_OUTER_BOUND ( 'NONE', #622, .T. ) ;
#6193 = CARTESIAN_POINT ( 'NONE',  ( -2.539999999999947600, 6.299999999999999800, -2.539999999999999600 ) ) ;
#6194 = ORIENTED_EDGE ( 'NONE', *, *, #5265, .F. ) ;
#6195 = EDGE_CURVE ( 'NONE', #6287, #3365, #5089, .T. ) ;
#6196 = CARTESIAN_POINT ( 'NONE',  ( -8.673617379884035500E-016, 6.100000000000000500, -7.620000000000000100 ) ) ;
#6197 = COLOUR_RGB ( '',0.5019607843137254800, 0.5019607843137254800, 0.5019607843137254800 ) ;
#6198 = ORIENTED_EDGE ( 'NONE', *, *, #1716, .T. ) ;
#6199 = ORIENTED_EDGE ( 'NONE', *, *, #3752, .F. ) ;
#6200 = EDGE_LOOP ( 'NONE', ( #6293, #3037 ) ) ;
#6201 = UNCERTAINTY_MEASURE_WITH_UNIT (LENGTH_MEASURE( 1.000000000000000100E-005 ), #326, 'distance_accuracy_value', 'NONE');
#6202 = ADVANCED_FACE ( 'NONE', ( #6488 ), #865, .F. ) ;
#6203 = EDGE_LOOP ( 'NONE', ( #2695, #7824 ) ) ;
#6204 = CARTESIAN_POINT ( 'NONE',  ( -2.539999999999867700, 6.100000000000000500, 6.070000000000001200 ) ) ;
#6205 = CARTESIAN_POINT ( 'NONE',  ( -6.329999999999997400, 6.299999999999999800, 8.869999999999999200 ) ) ;
#6206 = CIRCLE ( 'NONE', #7068, 0.9899999999999995500 ) ;
#6207 = VECTOR ( 'NONE', #1896, 1000.000000000000000 ) ;
#6208 = DIRECTION ( 'NONE',  ( 0.0000000000000000000, 1.000000000000000000, 0.0000000000000000000 ) ) ;
#6209 = DIRECTION ( 'NONE',  ( 0.0000000000000000000, -0.0000000000000000000, 1.000000000000000000 ) ) ;
#6210 = DIRECTION ( 'NONE',  ( 0.0000000000000000000, 0.0000000000000000000, 1.000000000000000000 ) ) ;
#6211 = EDGE_LOOP ( 'NONE', ( #868, #5989, #6777, #3024 ) ) ;
#6212 = EDGE_CURVE ( 'NONE', #5006, #1301, #1644, .T. ) ;
#6213 = ORIENTED_EDGE ( 'NONE', *, *, #8535, .F. ) ;
#6214 = CIRCLE ( 'NONE', #8672, 0.9899999999999995500 ) ;
#6215 = EDGE_LOOP ( 'NONE', ( #1293, #7694 ) ) ;
#6216 = DIRECTION ( 'NONE',  ( 0.0000000000000000000, 1.000000000000000000, 0.0000000000000000000 ) ) ;
#6217 = DIRECTION ( 'NONE',  ( 0.0000000000000000000, -0.0000000000000000000, 1.000000000000000000 ) ) ;
#6218 = EDGE_CURVE ( 'NONE', #1234, #8016, #2295, .T. ) ;
#6219 = LINE ( 'NONE', #1919, #2670 ) ;
#6220 = DIRECTION ( 'NONE',  ( 0.0000000000000000000, 1.000000000000000000, 0.0000000000000000000 ) ) ;
#6221 = DIRECTION ( 'NONE',  ( 0.0000000000000000000, 1.000000000000000000, 0.0000000000000000000 ) ) ;
#6222 = DIRECTION ( 'NONE',  ( 0.0000000000000000000, -0.0000000000000000000, 1.000000000000000000 ) ) ;
#6223 = CARTESIAN_POINT ( 'NONE',  ( 3.960000000000000900, -10.18309518948452900, 3.559999999999998700 ) ) ;
#6224 = EDGE_CURVE ( 'NONE', #4767, #8829, #8764, .T. ) ;
#6225 = DIRECTION ( 'NONE',  ( 0.0000000000000000000, 0.0000000000000000000, 1.000000000000000000 ) ) ;
#6226 = CARTESIAN_POINT ( 'NONE',  ( -2.539999999999841500, 6.100000000000000500, 6.630000000000000800 ) ) ;
#6227 = UNCERTAINTY_MEASURE_WITH_UNIT (LENGTH_MEASURE( 1.000000000000000100E-005 ), #7910, 'distance_accuracy_value', 'NONE');
#6228 = AXIS2_PLACEMENT_3D ( 'NONE', #3071, #4464, #5719 ) ;
#6229 = CARTESIAN_POINT ( 'NONE',  ( -6.329999999999997400, 6.299999999999999800, -8.869999999999999200 ) ) ;
#6230 = DIRECTION ( 'NONE',  ( 0.0000000000000000000, 1.000000000000000000, 0.0000000000000000000 ) ) ;
#6231 = CYLINDRICAL_SURFACE ( 'NONE', #3559, 0.9899999999999995500 ) ;
#6232 = AXIS2_PLACEMENT_3D ( 'NONE', #7028, #4278, #6390 ) ;
#6233 = FACE_OUTER_BOUND ( 'NONE', #1867, .T. ) ;
#6234 = VERTEX_POINT ( 'NONE', #2942 ) ;
#6235 = ADVANCED_FACE ( 'NONE', ( #8655 ), #4999, .F. ) ;
#6236 = FILL_AREA_STYLE_COLOUR ( '', #4314 ) ;
#6237 = CARTESIAN_POINT ( 'NONE',  ( -3.960000000000000900, -10.18309518948452900, 1.019999999999999100 ) ) ;
#6238 = EDGE_CURVE ( 'NONE', #2964, #7742, #3456, .T. ) ;
#6239 = EDGE_LOOP ( 'NONE', ( #4912, #6575 ) ) ;
#6240 = DIRECTION ( 'NONE',  ( -0.0000000000000000000, -0.0000000000000000000, -1.000000000000000000 ) ) ;
#6241 = CARTESIAN_POINT ( 'NONE',  ( 1.318389841742373400E-013, 6.299999999999999800, 5.080000000000001000 ) ) ;
#6242 = DIRECTION ( 'NONE',  ( 0.0000000000000000000, 1.000000000000000000, 0.0000000000000000000 ) ) ;
#6243 = CARTESIAN_POINT ( 'NONE',  ( 5.080000000000025800, 3.299857146501273600, -5.079999999999999200 ) ) ;
#6244 = AXIS2_PLACEMENT_3D ( 'NONE', #4441, #331, #6529 ) ;
#6245 = ADVANCED_FACE ( 'NONE', ( #6819 ), #2612, .T. ) ;
#6246 = ORIENTED_EDGE ( 'NONE', *, *, #3417, .T. ) ;
#6247 = ORIENTED_EDGE ( 'NONE', *, *, #4258, .F. ) ;
#6248 = FACE_OUTER_BOUND ( 'NONE', #6505, .T. ) ;
#6249 = ORIENTED_EDGE ( 'NONE', *, *, #5411, .T. ) ;
#6250 = EDGE_CURVE ( 'NONE', #1234, #3700, #8755, .T. ) ;
#6251 = PRESENTATION_STYLE_ASSIGNMENT (( #528 ) ) ;
#6252 = DIRECTION ( 'NONE',  ( 0.0000000000000000000, -1.000000000000000000, 0.0000000000000000000 ) ) ;
#6253 = FILL_AREA_STYLE ('',( #8935 ) ) ;
#6254 = CARTESIAN_POINT ( 'NONE',  ( 5.080000000000133300, 6.299999999999999800, 5.080000000000001000 ) ) ;
#6255 = EDGE_LOOP ( 'NONE', ( #6980, #7072, #3210, #2270 ) ) ;
#6256 = LINE ( 'NONE', #7430, #338 ) ;
#6257 = CARTESIAN_POINT ( 'NONE',  ( -5.079999999999974300, 6.299999999999999800, -5.079999999999999200 ) ) ;
#6258 = FACE_OUTER_BOUND ( 'NONE', #1804, .T. ) ;
#6259 = EDGE_CURVE ( 'NONE', #6357, #3177, #1423, .T. ) ;
#6260 = ORIENTED_EDGE ( 'NONE', *, *, #5657, .T. ) ;
#6261 = FACE_BOUND ( 'NONE', #3518, .T. ) ;
#6262 = PRESENTATION_STYLE_ASSIGNMENT (( #971 ) ) ;
#6263 = PLANE ( 'NONE',  #2440 ) ;
#6264 = ORIENTED_EDGE ( 'NONE', *, *, #1208, .F. ) ;
#6265 = FACE_OUTER_BOUND ( 'NONE', #4074, .T. ) ;
#6266 = CARTESIAN_POINT ( 'NONE',  ( -5.079999999999974300, 6.100000000000000500, -5.079999999999999200 ) ) ;
#6267 = AXIS2_PLACEMENT_3D ( 'NONE', #2971, #280, #3661 ) ;
#6268 = DIRECTION ( 'NONE',  ( 0.0000000000000000000, -0.0000000000000000000, 1.000000000000000000 ) ) ;
#6269 = CARTESIAN_POINT ( 'NONE',  ( 3.960000000000000900, 1.000000000000000000, 3.559999999999998700 ) ) ;
#6270 = CIRCLE ( 'NONE', #8564, 0.9899999999999995500 ) ;
#6271 = ORIENTED_EDGE ( 'NONE', *, *, #2259, .T. ) ;
#6272 = EDGE_CURVE ( 'NONE', #555, #7913, #2510, .T. ) ;
#6273 = VECTOR ( 'NONE', #6733, 1000.000000000000000 ) ;
#6274 = PRESENTATION_LAYER_ASSIGNMENT (  '', '', ( #1051 ) ) ;
#6275 = CIRCLE ( 'NONE', #525, 0.9899999999999995500 ) ;
#6276 = CIRCLE ( 'NONE', #2254, 0.9899999999999995500 ) ;
#6277 = ADVANCED_FACE ( 'NONE', ( #4761 ), #3669, .T. ) ;
#6278 = CARTESIAN_POINT ( 'NONE',  ( 5.079999999999999200, 6.299999999999999800, -7.620000000000000100 ) ) ;
#6279 = VERTEX_POINT ( 'NONE', #7873 ) ;
#6280 = VERTEX_POINT ( 'NONE', #3692 ) ;
#6281 = VERTEX_POINT ( 'NONE', #7757 ) ;
#6282 = DIRECTION ( 'NONE',  ( 0.0000000000000000000, 0.0000000000000000000, 1.000000000000000000 ) ) ;
#6283 = DIRECTION ( 'NONE',  ( -1.000000000000000000, 0.0000000000000000000, 0.0000000000000000000 ) ) ;
#6284 = LINE ( 'NONE', #6019, #6388 ) ;
#6285 = AXIS2_PLACEMENT_3D ( 'NONE', #5403, #2033, #4823 ) ;
#6286 = LINE ( 'NONE', #4834, #1132 ) ;
#6287 = VERTEX_POINT ( 'NONE', #8473 ) ;
#6288 = DIRECTION ( 'NONE',  ( -0.0000000000000000000, 1.000000000000000000, -0.0000000000000000000 ) ) ;
#6289 = CARTESIAN_POINT ( 'NONE',  ( -5.079999999999842000, 3.299857146501273600, 7.620000000000000100 ) ) ;
#6290 = ORIENTED_EDGE ( 'NONE', *, *, #4171, .F. ) ;
#6291 = ADVANCED_FACE ( 'NONE', ( #696 ), #8111, .F. ) ;
#6292 = CIRCLE ( 'NONE', #7413, 0.9899999999999993200 ) ;
#6293 = ORIENTED_EDGE ( 'NONE', *, *, #8308, .T. ) ;
#6294 = EDGE_CURVE ( 'NONE', #8826, #1900, #3897, .T. ) ;
#6295 = ORIENTED_EDGE ( 'NONE', *, *, #3823, .T. ) ;
#6296 = VERTEX_POINT ( 'NONE', #895 ) ;
#6297 = CARTESIAN_POINT ( 'NONE',  ( -2.539999999999894800, 3.299857146501273600, 2.540000000000000500 ) ) ;
#6298 = CARTESIAN_POINT ( 'NONE',  ( -5.079999999999948600, 6.100000000000000500, -1.550000000000000500 ) ) ;
#6299 = AXIS2_PLACEMENT_3D ( 'NONE', #5299, #5335, #1788 ) ;
#6300 = CIRCLE ( 'NONE', #8207, 0.9899999999999995500 ) ;
#6301 = VECTOR ( 'NONE', #3529, 1000.000000000000000 ) ;
#6302 = DIRECTION ( 'NONE',  ( 0.0000000000000000000, -1.000000000000000000, 0.0000000000000000000 ) ) ;
#6303 = ORIENTED_EDGE ( 'NONE', *, *, #7447, .T. ) ;
#6304 = EDGE_LOOP ( 'NONE', ( #3379, #1569, #7194, #7783 ) ) ;
#6305 = DIRECTION ( 'NONE',  ( 0.0000000000000000000, 1.000000000000000000, 0.0000000000000000000 ) ) ;
#6306 = MANIFOLD_SOLID_BREP ( 'LED 33', #4213 ) ;
#6307 = DIRECTION ( 'NONE',  ( -0.0000000000000000000, 1.000000000000000000, -0.0000000000000000000 ) ) ;
#6308 = EDGE_CURVE ( 'NONE', #1688, #2414, #2391, .T. ) ;
#6309 = CARTESIAN_POINT ( 'NONE',  ( -5.079999999999842000, 6.299999999999999800, 6.630000000000000800 ) ) ;
#6310 = ORIENTED_EDGE ( 'NONE', *, *, #8649, .T. ) ;
#6311 = FACE_OUTER_BOUND ( 'NONE', #8855, .T. ) ;
#6312 = EDGE_LOOP ( 'NONE', ( #58, #6271, #5854, #3269 ) ) ;
#6313 = AXIS2_PLACEMENT_3D ( 'NONE', #4578, #6722, #2545 ) ;
#6314 = CARTESIAN_POINT ( 'NONE',  ( -5.080000000000001000, 6.100000000000000500, -6.630000000000000800 ) ) ;
#6315 = CARTESIAN_POINT ( 'NONE',  ( 2.540000000000105700, 3.299857146501273600, 2.540000000000000500 ) ) ;
#6316 = DIRECTION ( 'NONE',  ( -0.0000000000000000000, 1.000000000000000000, -0.0000000000000000000 ) ) ;
#6317 = LINE ( 'NONE', #2308, #636 ) ;
#6318 = ORIENTED_EDGE ( 'NONE', *, *, #5799, .T. ) ;
#6319 = DIRECTION ( 'NONE',  ( 0.0000000000000000000, 1.000000000000000000, 0.0000000000000000000 ) ) ;
#6320 = CIRCLE ( 'NONE', #5021, 0.9899999999999995500 ) ;
#6321 = EDGE_CURVE ( 'NONE', #893, #4149, #471, .T. ) ;
#6322 = CARTESIAN_POINT ( 'NONE',  ( -2.539999999999867700, 6.299999999999999800, 5.080000000000001000 ) ) ;
#6323 = ORIENTED_EDGE ( 'NONE', *, *, #8929, .T. ) ;
#6324 = DIRECTION ( 'NONE',  ( -1.000000000000000000, 0.0000000000000000000, 0.0000000000000000000 ) ) ;
#6325 = ORIENTED_EDGE ( 'NONE', *, *, #2349, .F. ) ;
#6326 = ADVANCED_FACE ( 'NONE', ( #5304 ), #2323, .T. ) ;
#6327 = CIRCLE ( 'NONE', #8433, 0.9899999999999995500 ) ;
#6328 = DIRECTION ( 'NONE',  ( 0.0000000000000000000, 1.000000000000000000, 0.0000000000000000000 ) ) ;
#6329 = CARTESIAN_POINT ( 'NONE',  ( -3.960000000000000900, -4.799999999999999800, 6.599999999999999600 ) ) ;
#6330 = DIRECTION ( 'NONE',  ( 1.000000000000000000, -0.0000000000000000000, 0.0000000000000000000 ) ) ;
#6331 = STYLED_ITEM ( 'NONE', ( #3453 ), #345 ) ;
#6332 = FACE_OUTER_BOUND ( 'NONE', #7502, .T. ) ;
#6333 = CARTESIAN_POINT ( 'NONE',  ( 5.080000000000025800, 6.299999999999999800, -6.069999999999999400 ) ) ;
#6334 = ORIENTED_EDGE ( 'NONE', *, *, #2604, .T. ) ;
#6335 = ORIENTED_EDGE ( 'NONE', *, *, #5488, .F. ) ;
#6336 = EDGE_LOOP ( 'NONE', ( #5660, #1746 ) ) ;
#6337 = VERTEX_POINT ( 'NONE', #7239 ) ;
#6338 = ADVANCED_FACE ( 'NONE', ( #1217 ), #3235, .F. ) ;
#6339 = EDGE_CURVE ( 'NONE', #4239, #7812, #1633, .T. ) ;
#6340 =( NAMED_UNIT ( * ) PLANE_ANGLE_UNIT ( ) SI_UNIT ( $, .RADIAN. ) );
#6341 = CLOSED_SHELL ( 'NONE', ( #5744, #334, #3, #8192 ) ) ;
#6342 = AXIS2_PLACEMENT_3D ( 'NONE', #8573, #4429, #8663 ) ;
#6343 = CARTESIAN_POINT ( 'NONE',  ( 2.540000000000131500, 3.299857146501273600, 6.070000000000001200 ) ) ;
#6344 = CARTESIAN_POINT ( 'NONE',  ( 3.960000000000000900, -10.18309518948452900, 4.059999999999999600 ) ) ;
#6345 = PLANE ( 'NONE',  #2219 ) ;
#6346 = LINE ( 'NONE', #7356, #3540 ) ;
#6347 = EDGE_LOOP ( 'NONE', ( #2169, #6484, #7505, #7284 ) ) ;
#6348 = CARTESIAN_POINT ( 'NONE',  ( -3.960000000000000900, -4.799999999999999800, -6.599999999999999600 ) ) ;
#6349 = VERTEX_POINT ( 'NONE', #376 ) ;
#6350 = AXIS2_PLACEMENT_3D ( 'NONE', #8042, #3896, #560 ) ;
#6351 = EDGE_LOOP ( 'NONE', ( #5319, #5025, #7307, #3060 ) ) ;
#6352 = DIRECTION ( 'NONE',  ( 0.0000000000000000000, 1.000000000000000000, 0.0000000000000000000 ) ) ;
#6353 = VECTOR ( 'NONE', #191, 1000.000000000000000 ) ;
#6354 = DIRECTION ( 'NONE',  ( 1.000000000000000000, -0.0000000000000000000, 0.0000000000000000000 ) ) ;
#6355 = EDGE_CURVE ( 'NONE', #7742, #3905, #5832, .T. ) ;
#6356 = PLANE ( 'NONE',  #1491 ) ;
#6357 = VERTEX_POINT ( 'NONE', #4535 ) ;
#6358 = FACE_OUTER_BOUND ( 'NONE', #39, .T. ) ;
#6359 = DIRECTION ( 'NONE',  ( -1.000000000000000000, 0.0000000000000000000, -0.0000000000000000000 ) ) ;
#6360 = CYLINDRICAL_SURFACE ( 'NONE', #274, 0.9899999999999995500 ) ;
#6361 = STYLED_ITEM ( 'NONE', ( #7692 ), #4416 ) ;
#6362 = AXIS2_PLACEMENT_3D ( 'NONE', #178, #943, #298 ) ;
#6363 = EDGE_LOOP ( 'NONE', ( #6917, #777, #1803, #1744 ) ) ;
#6364 = ADVANCED_FACE ( 'NONE', ( #8330 ), #4650, .T. ) ;
#6365 = PRESENTATION_STYLE_ASSIGNMENT (( #8237 ) ) ;
#6366 = EDGE_CURVE ( 'NONE', #5692, #4973, #4003, .T. ) ;
#6368 = LINE ( 'NONE', #5111, #4968 ) ;
#6367 = CARTESIAN_POINT ( 'NONE',  ( 1.318389841742373400E-013, 6.299999999999999800, 5.080000000000001000 ) ) ;
#6369 = LINE ( 'NONE', #8049, #3349 ) ;
#6370 = ORIENTED_EDGE ( 'NONE', *, *, #5722, .T. ) ;
#6371 = DIRECTION ( 'NONE',  ( -0.0000000000000000000, 1.000000000000000000, -0.0000000000000000000 ) ) ;
#6372 = DIRECTION ( 'NONE',  ( 0.0000000000000000000, 1.000000000000000000, 0.0000000000000000000 ) ) ;
#6373 = AXIS2_PLACEMENT_3D ( 'NONE', #6561, #1786, #2445 ) ;
#6374 = ORIENTED_EDGE ( 'NONE', *, *, #4492, .T. ) ;
#6375 = FACE_OUTER_BOUND ( 'NONE', #4822, .T. ) ;
#6376 = FILL_AREA_STYLE_COLOUR ( '', #7176 ) ;
#6377 = LINE ( 'NONE', #8187, #7034 ) ;
#6378 = VECTOR ( 'NONE', #8709, 1000.000000000000000 ) ;
#6379 = FACE_OUTER_BOUND ( 'NONE', #2693, .T. ) ;
#6380 = EDGE_CURVE ( 'NONE', #1086, #8543, #1007, .T. ) ;
#6381 = DIRECTION ( 'NONE',  ( 0.0000000000000000000, 0.0000000000000000000, 1.000000000000000000 ) ) ;
#6382 = LINE ( 'NONE', #4238, #3023 ) ;
#6383 = CARTESIAN_POINT ( 'NONE',  ( -8.673617379884035500E-016, 6.100000000000000500, -7.620000000000000100 ) ) ;
#6384 = EDGE_LOOP ( 'NONE', ( #8355, #8523, #1871, #8758 ) ) ;
#6385 = VERTEX_POINT ( 'NONE', #4575 ) ;
#6386 = CIRCLE ( 'NONE', #7901, 0.9899999999999995500 ) ;
#6387 = FILL_AREA_STYLE ('',( #4252 ) ) ;
#6388 = VECTOR ( 'NONE', #1901, 1000.000000000000000 ) ;
#6389 = FACE_OUTER_BOUND ( 'NONE', #3984, .T. ) ;
#6390 = DIRECTION ( 'NONE',  ( 0.0000000000000000000, 0.0000000000000000000, 1.000000000000000000 ) ) ;
#6391 = ORIENTED_EDGE ( 'NONE', *, *, #2701, .F. ) ;
#6392 = EDGE_CURVE ( 'NONE', #7299, #1386, #6477, .T. ) ;
#6393 = EDGE_LOOP ( 'NONE', ( #3821, #7942 ) ) ;
#6394 = AXIS2_PLACEMENT_3D ( 'NONE', #3644, #3066, #5091 ) ;
#6395 = ORIENTED_EDGE ( 'NONE', *, *, #8215, .T. ) ;
#6396 = FACE_OUTER_BOUND ( 'NONE', #1458, .T. ) ;
#6397 = CARTESIAN_POINT ( 'NONE',  ( 5.080000000000104900, 6.299999999999999800, 3.530000000000000200 ) ) ;
#6398 = CLOSED_SHELL ( 'NONE', ( #6277, #981, #5880, #293 ) ) ;
#6399 = DIRECTION ( 'NONE',  ( -0.0000000000000000000, 1.000000000000000000, -0.0000000000000000000 ) ) ;
#6400 = CIRCLE ( 'NONE', #8331, 0.9899999999999993200 ) ;
#6401 = ORIENTED_EDGE ( 'NONE', *, *, #4996, .F. ) ;
#6402 = DIRECTION ( 'NONE',  ( 0.0000000000000000000, 0.0000000000000000000, 1.000000000000000000 ) ) ;
#6403 = DIRECTION ( 'NONE',  ( 0.0000000000000000000, 0.0000000000000000000, 1.000000000000000000 ) ) ;
#6404 = CARTESIAN_POINT ( 'NONE',  ( -5.079999999999921000, 6.299999999999999800, 0.0000000000000000000 ) ) ;
#6405 = MECHANICAL_DESIGN_GEOMETRIC_PRESENTATION_REPRESENTATION (  '', ( #8145 ), #7335 ) ;
#6406 = ORIENTED_EDGE ( 'NONE', *, *, #713, .F. ) ;
#6407 = CARTESIAN_POINT ( 'NONE',  ( 1.058181320345852300E-013, 6.299999999999999800, 2.540000000000000500 ) ) ;
#6408 = ORIENTED_EDGE ( 'NONE', *, *, #1806, .F. ) ;
#6409 = AXIS2_PLACEMENT_3D ( 'NONE', #5480, #2617, #618 ) ;
#6410 = DIRECTION ( 'NONE',  ( -0.0000000000000000000, 0.0000000000000000000, -1.000000000000000000 ) ) ;
#6411 = EDGE_CURVE ( 'NONE', #100, #4239, #909, .T. ) ;
#6412 = FACE_OUTER_BOUND ( 'NONE', #1694, .T. ) ;
#6413 = CYLINDRICAL_SURFACE ( 'NONE', #495, 0.9899999999999995500 ) ;
#6414 = ADVANCED_FACE ( 'NONE', ( #7687 ), #8440, .F. ) ;
#6415 = ORIENTED_EDGE ( 'NONE', *, *, #8636, .T. ) ;
#6416 = MANIFOLD_SOLID_BREP ( 'LED 73', #4269 ) ;
#6417 = AXIS2_PLACEMENT_3D ( 'NONE', #2574, #4584, #4609 ) ;
#6418 = DIRECTION ( 'NONE',  ( -0.0000000000000000000, -0.0000000000000000000, 1.000000000000000000 ) ) ;
#6419 = ORIENTED_EDGE ( 'NONE', *, *, #612, .F. ) ;
#6420 = ORIENTED_EDGE ( 'NONE', *, *, #5497, .T. ) ;
#6421 = EDGE_CURVE ( 'NONE', #8482, #7418, #3447, .T. ) ;
#6422 = DIRECTION ( 'NONE',  ( 0.0000000000000000000, 0.0000000000000000000, 1.000000000000000000 ) ) ;
#6423 = SURFACE_SIDE_STYLE ('',( #1856 ) ) ;
#6424 = CARTESIAN_POINT ( 'NONE',  ( -2.539999999999947600, 6.100000000000000500, -2.539999999999999600 ) ) ;
#6425 = LINE ( 'NONE', #3398, #644 ) ;
#6426 = AXIS2_PLACEMENT_3D ( 'NONE', #4382, #8468, #3599 ) ;
#6427 = CARTESIAN_POINT ( 'NONE',  ( 5.080000000000133300, 6.100000000000000500, 4.090000000000001600 ) ) ;
#6428 = DIRECTION ( 'NONE',  ( 0.0000000000000000000, 0.0000000000000000000, 1.000000000000000000 ) ) ;
#6429 = CARTESIAN_POINT ( 'NONE',  ( -5.079999999999868600, 6.100000000000000500, 5.080000000000001000 ) ) ;
#6430 = CARTESIAN_POINT ( 'NONE',  ( 5.079999999999999200, 6.100000000000000500, -7.620000000000000100 ) ) ;
#6431 = EDGE_CURVE ( 'NONE', #7869, #717, #5614, .T. ) ;
#6432 = PRESENTATION_STYLE_ASSIGNMENT (( #8305 ) ) ;
#6433 = SURFACE_STYLE_USAGE ( .BOTH. , #8410 ) ;
#6434 = ORIENTED_EDGE ( 'NONE', *, *, #5398, .T. ) ;
#6435 = STYLED_ITEM ( 'NONE', ( #8527 ), #6578 ) ;
#6436 = CARTESIAN_POINT ( 'NONE',  ( 3.660000000000001000, -10.18309518948452900, -1.020000000000000000 ) ) ;
#6437 = CIRCLE ( 'NONE', #1909, 0.9899999999999995500 ) ;
#6438 = DIRECTION ( 'NONE',  ( 0.0000000000000000000, -0.0000000000000000000, 1.000000000000000000 ) ) ;
#6439 = EDGE_CURVE ( 'NONE', #8515, #1906, #1114, .T. ) ;
#6440 = DIRECTION ( 'NONE',  ( 0.0000000000000000000, 1.000000000000000000, 0.0000000000000000000 ) ) ;
#6441 = AXIS2_PLACEMENT_3D ( 'NONE', #1327, #8754, #8847 ) ;
#6442 = DIRECTION ( 'NONE',  ( 0.0000000000000000000, 0.0000000000000000000, 1.000000000000000000 ) ) ;
#6444 = CIRCLE ( 'NONE', #4534, 0.9899999999999995500 ) ;
#6443 = CARTESIAN_POINT ( 'NONE',  ( -2.539999999999841500, 6.299999999999999800, 7.620000000000000100 ) ) ;
#6445 = EDGE_LOOP ( 'NONE', ( #7517, #2102 ) ) ;
#6446 = CARTESIAN_POINT ( 'NONE',  ( -2.539999999999947600, 6.100000000000000500, -2.539999999999999600 ) ) ;
#6447 = DIRECTION ( 'NONE',  ( 0.0000000000000000000, 1.000000000000000000, 0.0000000000000000000 ) ) ;
#6448 = DIRECTION ( 'NONE',  ( 0.0000000000000000000, 0.0000000000000000000, 1.000000000000000000 ) ) ;
#6449 = VERTEX_POINT ( 'NONE', #1717 ) ;
#6450 = DIRECTION ( 'NONE',  ( 0.0000000000000000000, 1.000000000000000000, 0.0000000000000000000 ) ) ;
#6451 = ADVANCED_FACE ( 'NONE', ( #4972 ), #1621, .F. ) ;
#6452 = CIRCLE ( 'NONE', #1783, 0.9899999999999995500 ) ;
#6453 = PLANE ( 'NONE',  #7078 ) ;
#6454 = DIRECTION ( 'NONE',  ( -0.0000000000000000000, 1.000000000000000000, -0.0000000000000000000 ) ) ;
#6455 = ORIENTED_EDGE ( 'NONE', *, *, #4453, .T. ) ;
#6456 = ORIENTED_EDGE ( 'NONE', *, *, #4008, .F. ) ;
#6457 = LINE ( 'NONE', #512, #4406 ) ;
#6458 = DIRECTION ( 'NONE',  ( -0.0000000000000000000, 1.000000000000000000, -0.0000000000000000000 ) ) ;
#6459 = UNCERTAINTY_MEASURE_WITH_UNIT (LENGTH_MEASURE( 1.000000000000000100E-005 ), #8097, 'distance_accuracy_value', 'NONE');
#6460 = ORIENTED_EDGE ( 'NONE', *, *, #15, .F. ) ;
#6461 = DIRECTION ( 'NONE',  ( 1.000000000000000000, 0.0000000000000000000, -0.0000000000000000000 ) ) ;
#6462 = CIRCLE ( 'NONE', #3377, 0.9899999999999995500 ) ;
#6463 = ADVANCED_FACE ( 'NONE', ( #133 ), #3909, .T. ) ;
#6464 = AXIS2_PLACEMENT_3D ( 'NONE', #4250, #5663, #840 ) ;
#6465 = CARTESIAN_POINT ( 'NONE',  ( 5.080000000000025800, 6.299999999999999800, -4.089999999999999900 ) ) ;
#6466 = ADVANCED_FACE ( 'NONE', ( #1848 ), #6913, .F. ) ;
#6467 = EDGE_LOOP ( 'NONE', ( #5818, #6092 ) ) ;
#6468 = VECTOR ( 'NONE', #4488, 1000.000000000000000 ) ;
#6469 = DIRECTION ( 'NONE',  ( -0.0000000000000000000, 1.000000000000000000, -0.0000000000000000000 ) ) ;
#6470 = EDGE_CURVE ( 'NONE', #1739, #5740, #7252, .T. ) ;
#6471 = VECTOR ( 'NONE', #5616, 1000.000000000000000 ) ;
#6472 = PLANE ( 'NONE',  #6267 ) ;
#6473 = DIRECTION ( 'NONE',  ( 0.0000000000000000000, 1.000000000000000000, 0.0000000000000000000 ) ) ;
#6474 = ORIENTED_EDGE ( 'NONE', *, *, #2768, .F. ) ;
#6475 = AXIS2_PLACEMENT_3D ( 'NONE', #3917, #4513, #5223 ) ;
#6476 = LINE ( 'NONE', #4438, #2715 ) ;
#6477 = LINE ( 'NONE', #5926, #7797 ) ;
#6478 = CARTESIAN_POINT ( 'NONE',  ( 2.602085213965210600E-014, 6.299999999999999800, -5.079999999999999200 ) ) ;
#6479 = DIRECTION ( 'NONE',  ( 0.0000000000000000000, -0.0000000000000000000, -1.000000000000000000 ) ) ;
#6480 = AXIS2_PLACEMENT_3D ( 'NONE', #6367, #8459, #5068 ) ;
#6481 = EDGE_CURVE ( 'NONE', #5747, #7518, #1969, .T. ) ;
#6482 = SURFACE_STYLE_FILL_AREA ( #7779 ) ;
#6483 = ORIENTED_EDGE ( 'NONE', *, *, #4622, .F. ) ;
#6484 = ORIENTED_EDGE ( 'NONE', *, *, #1257, .T. ) ;
#6485 = CARTESIAN_POINT ( 'NONE',  ( -6.330000000000000100, 1.000000000000000000, 7.302499999999997500 ) ) ;
#6486 = CARTESIAN_POINT ( 'NONE',  ( -2.539999999999921400, 6.100000000000000500, 0.0000000000000000000 ) ) ;
#6487 = CARTESIAN_POINT ( 'NONE',  ( 3.660000000000001000, -10.18309518948452900, 1.519999999999999600 ) ) ;
#6488 = FACE_OUTER_BOUND ( 'NONE', #6363, .T. ) ;
#6489 = CARTESIAN_POINT ( 'NONE',  ( -6.329999999999997400, 0.0000000000000000000, -8.869999999999999200 ) ) ;
#6490 = AXIS2_PLACEMENT_3D ( 'NONE', #2662, #3236, #8113 ) ;
#6491 = ORIENTED_EDGE ( 'NONE', *, *, #6380, .F. ) ;
#6492 = SURFACE_STYLE_USAGE ( .BOTH. , #1071 ) ;
#6493 = ORIENTED_EDGE ( 'NONE', *, *, #7533, .F. ) ;
#6494 = PRESENTATION_STYLE_ASSIGNMENT (( #3852 ) ) ;
#6495 = UNCERTAINTY_MEASURE_WITH_UNIT (LENGTH_MEASURE( 1.000000000000000100E-005 ), #5701, 'distance_accuracy_value', 'NONE');
#6496 = ORIENTED_EDGE ( 'NONE', *, *, #8021, .T. ) ;
#6497 = EDGE_LOOP ( 'NONE', ( #784, #7592, #477, #4509 ) ) ;
#6498 = ORIENTED_EDGE ( 'NONE', *, *, #4924, .T. ) ;
#6499 = EDGE_CURVE ( 'NONE', #8092, #3350, #3560, .T. ) ;
#6500 = CYLINDRICAL_SURFACE ( 'NONE', #8743, 0.9899999999999993200 ) ;
#6501 = ADVANCED_FACE ( 'NONE', ( #7024 ), #5507, .T. ) ;
#6502 = CARTESIAN_POINT ( 'NONE',  ( -2.539999999999867700, 6.100000000000000500, 5.080000000000001000 ) ) ;
#6503 = ORIENTED_EDGE ( 'NONE', *, *, #4418, .T. ) ;
#6504 = FILL_AREA_STYLE_COLOUR ( '', #6834 ) ;
#6505 = EDGE_LOOP ( 'NONE', ( #2531, #4572, #3801, #4422 ) ) ;
#6506 = LINE ( 'NONE', #8898, #3372 ) ;
#6507 = DIRECTION ( 'NONE',  ( 0.0000000000000000000, 0.0000000000000000000, -1.000000000000000000 ) ) ;
#6508 = ORIENTED_EDGE ( 'NONE', *, *, #1362, .F. ) ;
#6509 =( NAMED_UNIT ( * ) PLANE_ANGLE_UNIT ( ) SI_UNIT ( $, .RADIAN. ) );
#6510 = ORIENTED_EDGE ( 'NONE', *, *, #7447, .F. ) ;
#6512 = CARTESIAN_POINT ( 'NONE',  ( 5.080000000000079100, 3.299857146501273600, 0.9899999999999993200 ) ) ;
#6511 =( NAMED_UNIT ( * ) SI_UNIT ( $, .STERADIAN. ) SOLID_ANGLE_UNIT ( ) );
#6513 = ORIENTED_EDGE ( 'NONE', *, *, #1332, .F. ) ;
#6514 = EDGE_CURVE ( 'NONE', #4645, #3882, #4753, .T. ) ;
#6515 = ADVANCED_FACE ( 'NONE', ( #7566 ), #2618, .F. ) ;
#6516 = AXIS2_PLACEMENT_3D ( 'NONE', #290, #5100, #5788 ) ;
#6517 = DIRECTION ( 'NONE',  ( 0.0000000000000000000, 1.000000000000000000, 0.0000000000000000000 ) ) ;
#6518 = FACE_OUTER_BOUND ( 'NONE', #3926, .T. ) ;
#6519 = ADVANCED_FACE ( 'NONE', ( #898 ), #6715, .F. ) ;
#6520 = DIRECTION ( 'NONE',  ( 0.0000000000000000000, 1.000000000000000000, 0.0000000000000000000 ) ) ;
#6521 = ORIENTED_EDGE ( 'NONE', *, *, #3946, .T. ) ;
#6522 = FILL_AREA_STYLE ('',( #7199 ) ) ;
#6523 =( NAMED_UNIT ( * ) PLANE_ANGLE_UNIT ( ) SI_UNIT ( $, .RADIAN. ) );
#6524 = DIRECTION ( 'NONE',  ( 0.0000000000000000000, 1.000000000000000000, 0.0000000000000000000 ) ) ;
#6525 = CARTESIAN_POINT ( 'NONE',  ( -2.539999999999921400, 6.100000000000000500, -0.9899999999999993200 ) ) ;
#6526 = DIRECTION ( 'NONE',  ( 0.0000000000000000000, -1.000000000000000000, 0.0000000000000000000 ) ) ;
#6527 = EDGE_LOOP ( 'NONE', ( #6827, #6790, #8352, #5109 ) ) ;
#6528 = AXIS2_PLACEMENT_3D ( 'NONE', #3343, #8151, #6035 ) ;
#6529 = DIRECTION ( 'NONE',  ( 0.0000000000000000000, 0.0000000000000000000, 1.000000000000000000 ) ) ;
#6530 = VECTOR ( 'NONE', #5040, 1000.000000000000000 ) ;
#6531 = ORIENTED_EDGE ( 'NONE', *, *, #1473, .T. ) ;
#6532 = CARTESIAN_POINT ( 'NONE',  ( 2.540000000000131500, 6.100000000000000500, 4.090000000000001600 ) ) ;
#6533 = EDGE_CURVE ( 'NONE', #5932, #8309, #5069, .T. ) ;
#6534 = ORIENTED_EDGE ( 'NONE', *, *, #2569, .F. ) ;
#6535 = VECTOR ( 'NONE', #719, 1000.000000000000000 ) ;
#6536 = DIRECTION ( 'NONE',  ( -0.0000000000000000000, -0.0000000000000000000, -1.000000000000000000 ) ) ;
#6537 = DIRECTION ( 'NONE',  ( 0.0000000000000000000, 1.000000000000000000, 0.0000000000000000000 ) ) ;
#6538 = VERTEX_POINT ( 'NONE', #3272 ) ;
#6539 = VERTEX_POINT ( 'NONE', #5391 ) ;
#6540 = AXIS2_PLACEMENT_3D ( 'NONE', #352, #5816, #4396 ) ;
#6541 = DIRECTION ( 'NONE',  ( 0.0000000000000000000, 0.0000000000000000000, 1.000000000000000000 ) ) ;
#6542 = FACE_OUTER_BOUND ( 'NONE', #7876, .T. ) ;
#6543 = DIRECTION ( 'NONE',  ( 0.0000000000000000000, 0.0000000000000000000, 1.000000000000000000 ) ) ;
#6544 = EDGE_CURVE ( 'NONE', #6603, #8022, #5710, .T. ) ;
#6545 = DIRECTION ( 'NONE',  ( 0.0000000000000000000, 0.0000000000000000000, 1.000000000000000000 ) ) ;
#6546 = CARTESIAN_POINT ( 'NONE',  ( -2.539999999999894800, 6.299999999999999800, 1.550000000000001200 ) ) ;
#6547 = AXIS2_PLACEMENT_3D ( 'NONE', #4364, #7179, #7135 ) ;
#6548 = ORIENTED_EDGE ( 'NONE', *, *, #6439, .T. ) ;
#6549 = CARTESIAN_POINT ( 'NONE',  ( 5.080000000000133300, 6.299999999999999800, 4.090000000000001600 ) ) ;
#6550 = CARTESIAN_POINT ( 'NONE',  ( -3.960000000000000900, -10.18309518948452900, 3.559999999999998700 ) ) ;
#6551 = DIRECTION ( 'NONE',  ( 0.0000000000000000000, 0.0000000000000000000, 1.000000000000000000 ) ) ;
#6552 = DIRECTION ( 'NONE',  ( 0.0000000000000000000, 1.000000000000000000, 0.0000000000000000000 ) ) ;
#6553 = EDGE_LOOP ( 'NONE', ( #5949, #5483 ) ) ;
#6554 = EDGE_CURVE ( 'NONE', #8796, #4026, #7122, .T. ) ;
#6555 = ORIENTED_EDGE ( 'NONE', *, *, #2224, .T. ) ;
#6556 = DIRECTION ( 'NONE',  ( 1.000000000000000000, 0.0000000000000000000, 0.0000000000000000000 ) ) ;
#6557 = ADVANCED_FACE ( 'NONE', ( #8217 ), #6679, .F. ) ;
#6558 = EDGE_LOOP ( 'NONE', ( #8772, #329, #5131, #4110 ) ) ;
#6559 = DIRECTION ( 'NONE',  ( 1.000000000000000000, 0.0000000000000000000, 0.0000000000000000000 ) ) ;
#6560 =( GEOMETRIC_REPRESENTATION_CONTEXT ( 3 ) GLOBAL_UNCERTAINTY_ASSIGNED_CONTEXT ( ( #7007 ) ) GLOBAL_UNIT_ASSIGNED_CONTEXT ( ( #5029, #3786, #985 ) ) REPRESENTATION_CONTEXT ( 'NONE', 'WORKASPACE' ) );
#6561 = CARTESIAN_POINT ( 'NONE',  ( 2.539999999999998700, 6.100000000000000500, -7.620000000000000100 ) ) ;
#6562 = ORIENTED_EDGE ( 'NONE', *, *, #1496, .T. ) ;
#6563 = ORIENTED_EDGE ( 'NONE', *, *, #7081, .T. ) ;
#6564 = EDGE_CURVE ( 'NONE', #2299, #1995, #1743, .T. ) ;
#6565 = CARTESIAN_POINT ( 'NONE',  ( 7.892991815694472300E-014, 6.299999999999999800, 0.0000000000000000000 ) ) ;
#6566 = AXIS2_PLACEMENT_3D ( 'NONE', #530, #8159, #7649 ) ;
#6567 = SURFACE_SIDE_STYLE ('',( #776 ) ) ;
#6568 = ORIENTED_EDGE ( 'NONE', *, *, #5083, .T. ) ;
#6569 = SURFACE_STYLE_USAGE ( .BOTH. , #5842 ) ;
#6570 = CIRCLE ( 'NONE', #2285, 0.9899999999999993200 ) ;
#6571 = CARTESIAN_POINT ( 'NONE',  ( -5.079999999999974300, 6.100000000000000500, -4.089999999999999900 ) ) ;
#6572 = DIRECTION ( 'NONE',  ( 0.0000000000000000000, 0.0000000000000000000, 1.000000000000000000 ) ) ;
#6573 = AXIS2_PLACEMENT_3D ( 'NONE', #8284, #4833, #6225 ) ;
#6574 =( NAMED_UNIT ( * ) PLANE_ANGLE_UNIT ( ) SI_UNIT ( $, .RADIAN. ) );
#6575 = ORIENTED_EDGE ( 'NONE', *, *, #4651, .F. ) ;
#6576 = LINE ( 'NONE', #2386, #1404 ) ;
#6577 = STYLED_ITEM ( 'NONE', ( #2413 ), #8467 ) ;
#6578 = MANIFOLD_SOLID_BREP ( 'Pin 5', #1615 ) ;
#6579 = SURFACE_SIDE_STYLE ('',( #5149 ) ) ;
#6580 = FACE_OUTER_BOUND ( 'NONE', #8185, .T. ) ;
#6581 = DIRECTION ( 'NONE',  ( 1.000000000000000000, 0.0000000000000000000, 0.0000000000000000000 ) ) ;
#6582 = DIRECTION ( 'NONE',  ( 1.000000000000000000, -0.0000000000000000000, 0.0000000000000000000 ) ) ;
#6583 = EDGE_CURVE ( 'NONE', #7787, #2939, #6369, .T. ) ;
#6584 =( LENGTH_UNIT ( ) NAMED_UNIT ( * ) SI_UNIT ( .MILLI., .METRE. ) );
#6585 = EDGE_LOOP ( 'NONE', ( #8803, #7341, #5279, #1970 ) ) ;
#6586 = CIRCLE ( 'NONE', #6417, 0.9899999999999993200 ) ;
#6587 = CARTESIAN_POINT ( 'NONE',  ( -3.960000000000000900, -10.18309518948452900, -6.599999999999999600 ) ) ;
#6588 = LINE ( 'NONE', #7167, #4227 ) ;
#6589 = CIRCLE ( 'NONE', #2168, 0.9899999999999995500 ) ;
#6590 = ORIENTED_EDGE ( 'NONE', *, *, #5026, .T. ) ;
#6591 = AXIS2_PLACEMENT_3D ( 'NONE', #4576, #4538, #468 ) ;
#6592 = CARTESIAN_POINT ( 'NONE',  ( 7.892991815694472300E-014, 3.299857146501273600, 0.0000000000000000000 ) ) ;
#6593 = DIRECTION ( 'NONE',  ( -0.0000000000000000000, 1.000000000000000000, -0.0000000000000000000 ) ) ;
#6594 = CARTESIAN_POINT ( 'NONE',  ( 3.960000000000000900, -10.18309518948452900, 1.519999999999999600 ) ) ;
#6595 = EDGE_CURVE ( 'NONE', #175, #7154, #1527, .T. ) ;
#6596 = DIRECTION ( 'NONE',  ( 0.0000000000000000000, 1.000000000000000000, 0.0000000000000000000 ) ) ;
#6597 = DIRECTION ( 'NONE',  ( 0.0000000000000000000, 1.000000000000000000, 0.0000000000000000000 ) ) ;
#6598 = CIRCLE ( 'NONE', #7215, 0.9899999999999995500 ) ;
#6599 = LINE ( 'NONE', #5030, #4545 ) ;
#6600 = CARTESIAN_POINT ( 'NONE',  ( 2.540000000000105700, 6.299999999999999800, 3.530000000000000200 ) ) ;
#6601 = AXIS2_PLACEMENT_3D ( 'NONE', #8143, #7539, #4002 ) ;
#6602 = ADVANCED_FACE ( 'NONE', ( #3012 ), #7465, .T. ) ;
#6603 = VERTEX_POINT ( 'NONE', #6922 ) ;
#6604 = ORIENTED_EDGE ( 'NONE', *, *, #1006, .F. ) ;
#6605 = DIRECTION ( 'NONE',  ( -0.0000000000000000000, 1.000000000000000000, -0.0000000000000000000 ) ) ;
#6606 = DIRECTION ( 'NONE',  ( 0.0000000000000000000, 0.0000000000000000000, 1.000000000000000000 ) ) ;
#6607 = LINE ( 'NONE', #6512, #3802 ) ;
#6608 = CARTESIAN_POINT ( 'NONE',  ( 2.602085213965210600E-014, 6.100000000000000500, -5.079999999999999200 ) ) ;
#6609 = EDGE_CURVE ( 'NONE', #2898, #4926, #6811, .T. ) ;
#6610 = CARTESIAN_POINT ( 'NONE',  ( 2.602085213965210600E-014, 3.299857146501273600, -5.079999999999999200 ) ) ;
#6611 = ORIENTED_EDGE ( 'NONE', *, *, #2561, .T. ) ;
#6612 = PRESENTATION_STYLE_ASSIGNMENT (( #8364 ) ) ;
#6613 = UNCERTAINTY_MEASURE_WITH_UNIT (LENGTH_MEASURE( 1.000000000000000100E-005 ), #5912, 'distance_accuracy_value', 'NONE');
#6614 = VERTEX_POINT ( 'NONE', #2713 ) ;
#6615 = CARTESIAN_POINT ( 'NONE',  ( 2.540000000000051500, 6.100000000000000500, -3.529999999999999400 ) ) ;
#6616 = CARTESIAN_POINT ( 'NONE',  ( 0.0000000000000000000, 1.000000000000000000, 8.869999999999997400 ) ) ;
#6617 =( NAMED_UNIT ( * ) SI_UNIT ( $, .STERADIAN. ) SOLID_ANGLE_UNIT ( ) );
#6618 = ORIENTED_EDGE ( 'NONE', *, *, #7598, .F. ) ;
#6619 = CIRCLE ( 'NONE', #4157, 0.9899999999999995500 ) ;
#6620 = CIRCLE ( 'NONE', #6005, 0.9899999999999995500 ) ;
#6621 = DIRECTION ( 'NONE',  ( -0.0000000000000000000, -1.000000000000000000, -0.0000000000000000000 ) ) ;
#6622 = ORIENTED_EDGE ( 'NONE', *, *, #8394, .F. ) ;
#6623 = EDGE_CURVE ( 'NONE', #3284, #7787, #4531, .T. ) ;
#6624 = DIRECTION ( 'NONE',  ( 0.0000000000000000000, 1.000000000000000000, 0.0000000000000000000 ) ) ;
#6625 = LINE ( 'NONE', #5431, #4784 ) ;
#6626 = AXIS2_PLACEMENT_3D ( 'NONE', #3454, #4849, #8328 ) ;
#6627 = ORIENTED_EDGE ( 'NONE', *, *, #7074, .F. ) ;
#6628 = ORIENTED_EDGE ( 'NONE', *, *, #4384, .F. ) ;
#6629 = CARTESIAN_POINT ( 'NONE',  ( 2.540000000000131500, 3.299857146501273600, 4.090000000000001600 ) ) ;
#6630 = CARTESIAN_POINT ( 'NONE',  ( 7.892991815694472300E-014, 6.299999999999999800, 0.9899999999999993200 ) ) ;
#6631 = DIRECTION ( 'NONE',  ( 0.0000000000000000000, 0.0000000000000000000, 1.000000000000000000 ) ) ;
#6632 = VECTOR ( 'NONE', #7510, 1000.000000000000000 ) ;
#6633 = CIRCLE ( 'NONE', #951, 0.9899999999999993200 ) ;
#6634 = PLANE ( 'NONE',  #2453 ) ;
#6635 = VERTEX_POINT ( 'NONE', #4746 ) ;
#6636 = STYLED_ITEM ( 'NONE', ( #1656 ), #7920 ) ;
#6637 = CARTESIAN_POINT ( 'NONE',  ( -3.660000000000001000, 1.000000000000000000, -3.559999999999999600 ) ) ;
#6638 = DIRECTION ( 'NONE',  ( 0.0000000000000000000, 0.0000000000000000000, 1.000000000000000000 ) ) ;
#6639 = VERTEX_POINT ( 'NONE', #3358 ) ;
#6640 = LINE ( 'NONE', #796, #407 ) ;
#6641 = DIRECTION ( 'NONE',  ( -0.0000000000000000000, 0.0000000000000000000, 1.000000000000000000 ) ) ;
#6642 = ORIENTED_EDGE ( 'NONE', *, *, #8175, .F. ) ;
#6643 = EDGE_LOOP ( 'NONE', ( #5020, #3267, #2815, #4405 ) ) ;
#6644 = DIRECTION ( 'NONE',  ( 0.0000000000000000000, 1.000000000000000000, 0.0000000000000000000 ) ) ;
#6645 = CARTESIAN_POINT ( 'NONE',  ( 2.540000000000105700, 3.299857146501273600, 3.530000000000000200 ) ) ;
#6646 = PRESENTATION_LAYER_ASSIGNMENT (  '', '', ( #5433 ) ) ;
#6647 = CIRCLE ( 'NONE', #6987, 0.9899999999999995500 ) ;
#6648 = COLOUR_RGB ( '',0.5019607843137254800, 0.5019607843137254800, 0.5019607843137254800 ) ;
#6649 = DIRECTION ( 'NONE',  ( 0.0000000000000000000, 0.0000000000000000000, 1.000000000000000000 ) ) ;
#6650 = ADVANCED_FACE ( 'NONE', ( #350 ), #6140, .F. ) ;
#6651 = EDGE_CURVE ( 'NONE', #1638, #282, #3129, .T. ) ;
#6652 = CARTESIAN_POINT ( 'NONE',  ( 6.330000000000001800, 6.299999999999999800, 8.869999999999999200 ) ) ;
#6653 = CARTESIAN_POINT ( 'NONE',  ( -5.079999999999894400, 6.100000000000000500, 3.530000000000000200 ) ) ;
#6654 = FACE_OUTER_BOUND ( 'NONE', #3856, .T. ) ;
#6655 = PLANE ( 'NONE',  #6299 ) ;
#6656 = AXIS2_PLACEMENT_3D ( 'NONE', #2001, #2660, #660 ) ;
#6657 = ORIENTED_EDGE ( 'NONE', *, *, #2579, .F. ) ;
#6658 = DIRECTION ( 'NONE',  ( 0.0000000000000000000, 0.0000000000000000000, 1.000000000000000000 ) ) ;
#6659 = DIRECTION ( 'NONE',  ( 1.000000000000000000, 0.0000000000000000000, 0.0000000000000000000 ) ) ;
#6660 = VERTEX_POINT ( 'NONE', #6867 ) ;
#6661 = AXIS2_PLACEMENT_3D ( 'NONE', #2395, #3893, #5350 ) ;
#6662 = EDGE_CURVE ( 'NONE', #1883, #1086, #6589, .T. ) ;
#6663 = COLOUR_RGB ( '',0.5019607843137254800, 0.5019607843137254800, 0.5019607843137254800 ) ;
#6664 = DIRECTION ( 'NONE',  ( -0.0000000000000000000, 1.000000000000000000, -0.0000000000000000000 ) ) ;
#6665 = DIRECTION ( 'NONE',  ( -0.0000000000000000000, 0.0000000000000000000, -1.000000000000000000 ) ) ;
#6666 = CARTESIAN_POINT ( 'NONE',  ( 2.540000000000051500, 6.100000000000000500, -1.550000000000000500 ) ) ;
#6667 = ORIENTED_EDGE ( 'NONE', *, *, #6749, .F. ) ;
#6668 = AXIS2_PLACEMENT_3D ( 'NONE', #277, #7210, #7850 ) ;
#6669 = CARTESIAN_POINT ( 'NONE',  ( 5.080000000000104900, 6.100000000000000500, 1.550000000000001200 ) ) ;
#6670 = DIRECTION ( 'NONE',  ( 1.000000000000000000, 0.0000000000000000000, 0.0000000000000000000 ) ) ;
#6671 = CARTESIAN_POINT ( 'NONE',  ( -2.539999999999894800, 3.299857146501273600, 3.530000000000000200 ) ) ;
#6672 = VERTEX_POINT ( 'NONE', #5476 ) ;
#6673 = EDGE_CURVE ( 'NONE', #7253, #8384, #4317, .T. ) ;
#6674 = DIRECTION ( 'NONE',  ( -1.000000000000000000, 0.0000000000000000000, 0.0000000000000000000 ) ) ;
#6675 = CARTESIAN_POINT ( 'NONE',  ( -2.539999999999921400, 6.299999999999999800, 0.9899999999999993200 ) ) ;
#6676 = MECHANICAL_DESIGN_GEOMETRIC_PRESENTATION_REPRESENTATION (  '', ( #4828 ), #7145 ) ;
#6677 = EDGE_LOOP ( 'NONE', ( #8773, #5108, #5128, #6483, #6503, #663, #8634, #1546 ) ) ;
#6678 = ORIENTED_EDGE ( 'NONE', *, *, #3936, .F. ) ;
#6679 = PLANE ( 'NONE',  #5402 ) ;
#6680 = ORIENTED_EDGE ( 'NONE', *, *, #1991, .T. ) ;
#6681 = DIRECTION ( 'NONE',  ( -0.0000000000000000000, 1.000000000000000000, -0.0000000000000000000 ) ) ;
#6682 = FACE_OUTER_BOUND ( 'NONE', #4950, .T. ) ;
#6683 = EDGE_CURVE ( 'NONE', #6173, #197, #7349, .T. ) ;
#6684 = DIRECTION ( 'NONE',  ( 0.0000000000000000000, -0.0000000000000000000, 1.000000000000000000 ) ) ;
#6685 = AXIS2_PLACEMENT_3D ( 'NONE', #6424, #5062, #6448 ) ;
#6686 = FILL_AREA_STYLE ('',( #2625 ) ) ;
#6687 = ORIENTED_EDGE ( 'NONE', *, *, #5602, .T. ) ;
#6688 = MANIFOLD_SOLID_BREP ( 'LED 45', #8299 ) ;
#6689 = ADVANCED_FACE ( 'NONE', ( #6258 ), #769, .T. ) ;
#6690 = DIRECTION ( 'NONE',  ( 0.0000000000000000000, -0.0000000000000000000, 1.000000000000000000 ) ) ;
#6691 = DIRECTION ( 'NONE',  ( -0.0000000000000000000, 0.0000000000000000000, 1.000000000000000000 ) ) ;
#6692 = FILL_AREA_STYLE ('',( #3980 ) ) ;
#6693 = AXIS2_PLACEMENT_3D ( 'NONE', #6486, #328, #4525 ) ;
#6694 = DIRECTION ( 'NONE',  ( -0.0000000000000000000, 0.0000000000000000000, -1.000000000000000000 ) ) ;
#6695 = DIRECTION ( 'NONE',  ( 0.0000000000000000000, 0.0000000000000000000, 1.000000000000000000 ) ) ;
#6696 = PRESENTATION_LAYER_ASSIGNMENT (  '', '', ( #6577 ) ) ;
#6697 = CARTESIAN_POINT ( 'NONE',  ( 5.080000000000025800, 6.100000000000000500, -4.089999999999999900 ) ) ;
#6698 = DIRECTION ( 'NONE',  ( 0.0000000000000000000, 0.0000000000000000000, 1.000000000000000000 ) ) ;
#6699 = ORIENTED_EDGE ( 'NONE', *, *, #1145, .F. ) ;
#6700 = CIRCLE ( 'NONE', #509, 0.9899999999999995500 ) ;
#6701 = LINE ( 'NONE', #3331, #6815 ) ;
#6702 = DIRECTION ( 'NONE',  ( 0.0000000000000000000, 0.0000000000000000000, 1.000000000000000000 ) ) ;
#6703 = CARTESIAN_POINT ( 'NONE',  ( 3.660000000000001000, -4.799999999999999800, 3.559999999999998700 ) ) ;
#6704 = EDGE_CURVE ( 'NONE', #2651, #3992, #4312, .T. ) ;
#6705 = DIRECTION ( 'NONE',  ( 0.0000000000000000000, 0.0000000000000000000, 1.000000000000000000 ) ) ;
#6706 = CARTESIAN_POINT ( 'NONE',  ( 2.540000000000025800, 6.299999999999999800, -6.069999999999999400 ) ) ;
#6707 = FACE_OUTER_BOUND ( 'NONE', #2463, .T. ) ;
#6708 = VERTEX_POINT ( 'NONE', #3390 ) ;
#6709 = AXIS2_PLACEMENT_3D ( 'NONE', #3391, #8884, #1366 ) ;
#6710 = ORIENTED_EDGE ( 'NONE', *, *, #8499, .T. ) ;
#6711 = COLOUR_RGB ( '',0.7921568627450980000, 0.8196078431372548800, 0.9333333333333333500 ) ;
#6712 = CARTESIAN_POINT ( 'NONE',  ( 2.539999999999998700, 6.299999999999999800, -7.620000000000000100 ) ) ;
#6713 = VECTOR ( 'NONE', #2209, 1000.000000000000000 ) ;
#6714 = CIRCLE ( 'NONE', #8842, 0.9899999999999995500 ) ;
#6715 = PLANE ( 'NONE',  #7315 ) ;
#6716 = EDGE_LOOP ( 'NONE', ( #6780, #728, #8807, #2274 ) ) ;
#6717 = DIRECTION ( 'NONE',  ( 0.0000000000000000000, 0.0000000000000000000, 1.000000000000000000 ) ) ;
#6718 = DIRECTION ( 'NONE',  ( 0.0000000000000000000, 0.0000000000000000000, 1.000000000000000000 ) ) ;
#6719 = EDGE_CURVE ( 'NONE', #1555, #8401, #339, .T. ) ;
#6720 = ORIENTED_EDGE ( 'NONE', *, *, #1742, .F. ) ;
#6721 = ORIENTED_EDGE ( 'NONE', *, *, #3182, .T. ) ;
#6722 = DIRECTION ( 'NONE',  ( 0.0000000000000000000, 1.000000000000000000, 0.0000000000000000000 ) ) ;
#6723 = ORIENTED_EDGE ( 'NONE', *, *, #2390, .F. ) ;
#6724 = ORIENTED_EDGE ( 'NONE', *, *, #1257, .F. ) ;
#6725 = DIRECTION ( 'NONE',  ( 0.0000000000000000000, 1.000000000000000000, 0.0000000000000000000 ) ) ;
#6726 = FACE_OUTER_BOUND ( 'NONE', #1456, .T. ) ;
#6727 = VECTOR ( 'NONE', #1130, 1000.000000000000000 ) ;
#6728 = ORIENTED_EDGE ( 'NONE', *, *, #6125, .T. ) ;
#6729 = AXIS2_PLACEMENT_3D ( 'NONE', #3829, #8601, #4460 ) ;
#6730 = FILL_AREA_STYLE_COLOUR ( '', #694 ) ;
#6731 = CARTESIAN_POINT ( 'NONE',  ( -3.960000000000000900, -10.18309518948452900, 3.559999999999998700 ) ) ;
#6732 = DIRECTION ( 'NONE',  ( -0.0000000000000000000, 1.000000000000000000, -0.0000000000000000000 ) ) ;
#6733 = DIRECTION ( 'NONE',  ( -1.000000000000000000, -0.0000000000000000000, -0.0000000000000000000 ) ) ;
#6734 = CYLINDRICAL_SURFACE ( 'NONE', #6941, 0.9899999999999993200 ) ;
#6735 = CARTESIAN_POINT ( 'NONE',  ( 2.540000000000051500, 6.100000000000000500, -2.539999999999999600 ) ) ;
#6736 = ORIENTED_EDGE ( 'NONE', *, *, #5179, .T. ) ;
#6737 = DIRECTION ( 'NONE',  ( 0.0000000000000000000, 0.0000000000000000000, 1.000000000000000000 ) ) ;
#6738 = ORIENTED_EDGE ( 'NONE', *, *, #3884, .T. ) ;
#6739 = DIRECTION ( 'NONE',  ( 0.0000000000000000000, -0.0000000000000000000, 1.000000000000000000 ) ) ;
#6740 = EDGE_CURVE ( 'NONE', #197, #4404, #678, .T. ) ;
#6741 = ORIENTED_EDGE ( 'NONE', *, *, #763, .F. ) ;
#6742 = DIRECTION ( 'NONE',  ( 0.0000000000000000000, 1.000000000000000000, 0.0000000000000000000 ) ) ;
#6743 = CARTESIAN_POINT ( 'NONE',  ( -2.539999999999974700, 6.100000000000000500, -6.069999999999999400 ) ) ;
#6744 = CARTESIAN_POINT ( 'NONE',  ( -2.539999999999867700, 6.100000000000000500, 6.070000000000001200 ) ) ;
#6745 = VECTOR ( 'NONE', #6872, 1000.000000000000000 ) ;
#6746 = FACE_OUTER_BOUND ( 'NONE', #3826, .T. ) ;
#6747 = ORIENTED_EDGE ( 'NONE', *, *, #8175, .T. ) ;
#6748 = ADVANCED_FACE ( 'NONE', ( #3877 ), #3621, .T. ) ;
#6749 = EDGE_CURVE ( 'NONE', #7237, #6234, #2600, .T. ) ;
#6750 = SURFACE_STYLE_USAGE ( .BOTH. , #1932 ) ;
#6751 =( GEOMETRIC_REPRESENTATION_CONTEXT ( 3 ) GLOBAL_UNCERTAINTY_ASSIGNED_CONTEXT ( ( #5148 ) ) GLOBAL_UNIT_ASSIGNED_CONTEXT ( ( #6584, #5206, #6617 ) ) REPRESENTATION_CONTEXT ( 'NONE', 'WORKASPACE' ) );
#6752 = ORIENTED_EDGE ( 'NONE', *, *, #2191, .F. ) ;
#6753 = LINE ( 'NONE', #232, #6530 ) ;
#6754 = CARTESIAN_POINT ( 'NONE',  ( 4.762500000000000200, 0.0000000000000000000, -7.302499999999997500 ) ) ;
#6755 = EDGE_LOOP ( 'NONE', ( #3839, #7799 ) ) ;
#6756 = CARTESIAN_POINT ( 'NONE',  ( 0.0000000000000000000, -4.799999999999999800, 0.0000000000000000000 ) ) ;
#6757 = CARTESIAN_POINT ( 'NONE',  ( -5.079999999999948600, 6.100000000000000500, -2.539999999999999600 ) ) ;
#6758 = ORIENTED_EDGE ( 'NONE', *, *, #62, .T. ) ;
#6759 = PRESENTATION_LAYER_ASSIGNMENT (  '', '', ( #5481 ) ) ;
#6760 = CYLINDRICAL_SURFACE ( 'NONE', #4553, 0.9899999999999995500 ) ;
#6761 = AXIS2_PLACEMENT_3D ( 'NONE', #5056, #902, #6359 ) ;
#6762 = ORIENTED_EDGE ( 'NONE', *, *, #1208, .T. ) ;
#6763 = ORIENTED_EDGE ( 'NONE', *, *, #1590, .T. ) ;
#6764 = CARTESIAN_POINT ( 'NONE',  ( -2.539999999999867700, 3.299857146501273600, 5.080000000000001000 ) ) ;
#6765 = CARTESIAN_POINT ( 'NONE',  ( -2.539999999999841500, 6.100000000000000500, 8.609999999999999400 ) ) ;
#6766 = DIRECTION ( 'NONE',  ( 0.0000000000000000000, -0.0000000000000000000, 1.000000000000000000 ) ) ;
#6767 = FILL_AREA_STYLE_COLOUR ( '', #6197 ) ;
#6768 = EDGE_CURVE ( 'NONE', #5114, #5214, #1000, .T. ) ;
#6769 = DIRECTION ( 'NONE',  ( 0.0000000000000000000, 1.000000000000000000, 0.0000000000000000000 ) ) ;
#6770 = VECTOR ( 'NONE', #353, 1000.000000000000000 ) ;
#6771 = DIRECTION ( 'NONE',  ( 0.0000000000000000000, 1.000000000000000000, 0.0000000000000000000 ) ) ;
#6772 = CARTESIAN_POINT ( 'NONE',  ( -3.960000000000000900, -10.18309518948452900, -1.520000000000000500 ) ) ;
#6773 = CARTESIAN_POINT ( 'NONE',  ( -5.080000000000001000, 6.100000000000000500, -6.630000000000000800 ) ) ;
#6774 = AXIS2_PLACEMENT_3D ( 'NONE', #3876, #7423, #7964 ) ;
#6775 = EDGE_CURVE ( 'NONE', #4919, #4614, #2490, .T. ) ;
#6776 = CARTESIAN_POINT ( 'NONE',  ( 4.762500000000000200, 1.000000000000000000, 8.869999999999997400 ) ) ;
#6777 = ORIENTED_EDGE ( 'NONE', *, *, #5439, .F. ) ;
#6778 = ORIENTED_EDGE ( 'NONE', *, *, #5360, .T. ) ;
#6779 = DIRECTION ( 'NONE',  ( -0.0000000000000000000, -1.000000000000000000, -0.0000000000000000000 ) ) ;
#6780 = ORIENTED_EDGE ( 'NONE', *, *, #1225, .F. ) ;
#6781 = DIRECTION ( 'NONE',  ( 0.0000000000000000000, 0.0000000000000000000, 1.000000000000000000 ) ) ;
#6782 = FACE_OUTER_BOUND ( 'NONE', #7865, .T. ) ;
#6783 = CARTESIAN_POINT ( 'NONE',  ( 5.204170427930421300E-014, 6.299999999999999800, -1.550000000000000500 ) ) ;
#6784 = CARTESIAN_POINT ( 'NONE',  ( -4.762500000000000200, 0.0000000000000000000, 7.302499999999997500 ) ) ;
#6785 = CARTESIAN_POINT ( 'NONE',  ( -2.539999999999841500, 6.100000000000000500, 7.620000000000000100 ) ) ;
#6786 = EDGE_CURVE ( 'NONE', #7651, #3544, #4099, .T. ) ;
#6787 = FACE_OUTER_BOUND ( 'NONE', #2075, .T. ) ;
#6788 = ORIENTED_EDGE ( 'NONE', *, *, #2290, .F. ) ;
#6789 = ADVANCED_FACE ( 'NONE', ( #6580 ), #8851, .F. ) ;
#6790 = ORIENTED_EDGE ( 'NONE', *, *, #2140, .F. ) ;
#6791 = DIRECTION ( 'NONE',  ( -0.0000000000000000000, -1.000000000000000000, -0.0000000000000000000 ) ) ;
#6792 = CARTESIAN_POINT ( 'NONE',  ( -6.330000000000000100, 0.0000000000000000000, 7.302499999999997500 ) ) ;
#6793 =( NAMED_UNIT ( * ) PLANE_ANGLE_UNIT ( ) SI_UNIT ( $, .RADIAN. ) );
#6794 = VERTEX_POINT ( 'NONE', #2250 ) ;
#6795 = DIRECTION ( 'NONE',  ( 0.0000000000000000000, 0.0000000000000000000, 1.000000000000000000 ) ) ;
#6796 = AXIS2_PLACEMENT_3D ( 'NONE', #67, #4154, #4092 ) ;
#6797 = DIRECTION ( 'NONE',  ( 0.0000000000000000000, 1.000000000000000000, 0.0000000000000000000 ) ) ;
#6798 = CIRCLE ( 'NONE', #4595, 0.9899999999999995500 ) ;
#6799 = SURFACE_STYLE_USAGE ( .BOTH. , #6044 ) ;
#6800 = DIRECTION ( 'NONE',  ( -0.0000000000000000000, -1.000000000000000000, -0.0000000000000000000 ) ) ;
#6801 = DIRECTION ( 'NONE',  ( 0.0000000000000000000, 1.000000000000000000, 0.0000000000000000000 ) ) ;
#6802 = CARTESIAN_POINT ( 'NONE',  ( 5.080000000000159100, 3.299857146501273600, 7.620000000000000100 ) ) ;
#6803 = EDGE_CURVE ( 'NONE', #5692, #7651, #6150, .T. ) ;
#6804 =( GEOMETRIC_REPRESENTATION_CONTEXT ( 3 ) GLOBAL_UNCERTAINTY_ASSIGNED_CONTEXT ( ( #7422 ) ) GLOBAL_UNIT_ASSIGNED_CONTEXT ( ( #2576, #6816, #7402 ) ) REPRESENTATION_CONTEXT ( 'NONE', 'WORKASPACE' ) );
#6805 = VERTEX_POINT ( 'NONE', #8347 ) ;
#6806 = CIRCLE ( 'NONE', #5716, 0.9899999999999993200 ) ;
#6807 = CIRCLE ( 'NONE', #757, 0.9899999999999993200 ) ;
#6808 = EDGE_LOOP ( 'NONE', ( #1945, #6680, #8777, #5887 ) ) ;
#6809 = EDGE_CURVE ( 'NONE', #2739, #1663, #8322, .T. ) ;
#6810 = AXIS2_PLACEMENT_3D ( 'NONE', #5817, #2980, #7829 ) ;
#6811 = LINE ( 'NONE', #6168, #229 ) ;
#6812 = ORIENTED_EDGE ( 'NONE', *, *, #93, .T. ) ;
#6813 = CARTESIAN_POINT ( 'NONE',  ( 3.660000000000001000, -10.18309518948452900, -6.099999999999999600 ) ) ;
#6814 = LINE ( 'NONE', #5134, #4114 ) ;
#6815 = VECTOR ( 'NONE', #6026, 1000.000000000000000 ) ;
#6816 =( NAMED_UNIT ( * ) PLANE_ANGLE_UNIT ( ) SI_UNIT ( $, .RADIAN. ) );
#6817 = CARTESIAN_POINT ( 'NONE',  ( 1.059393720677008300E-013, 6.100000000000000500, 1.550000000000001200 ) ) ;
#6818 = CYLINDRICAL_SURFACE ( 'NONE', #8137, 0.9899999999999995500 ) ;
#6819 = FACE_OUTER_BOUND ( 'NONE', #1972, .T. ) ;
#6820 = MECHANICAL_DESIGN_GEOMETRIC_PRESENTATION_REPRESENTATION (  '', ( #5433 ), #7297 ) ;
#6821 = FACE_OUTER_BOUND ( 'NONE', #5323, .T. ) ;
#6822 = DIRECTION ( 'NONE',  ( 0.0000000000000000000, 1.000000000000000000, 0.0000000000000000000 ) ) ;
#6823 = ORIENTED_EDGE ( 'NONE', *, *, #2499, .F. ) ;
#6824 = DIRECTION ( 'NONE',  ( -0.0000000000000000000, 1.000000000000000000, -0.0000000000000000000 ) ) ;
#6825 = EDGE_CURVE ( 'NONE', #5811, #1221, #5607, .T. ) ;
#6826 = DIRECTION ( 'NONE',  ( -0.0000000000000000000, 1.000000000000000000, -0.0000000000000000000 ) ) ;
#6827 = ORIENTED_EDGE ( 'NONE', *, *, #8021, .F. ) ;
#6828 = LINE ( 'NONE', #4101, #7581 ) ;
#6829 = CIRCLE ( 'NONE', #7979, 0.9899999999999995500 ) ;
#6830 = ADVANCED_FACE ( 'NONE', ( #453 ), #5823, .T. ) ;
#6831 = ORIENTED_EDGE ( 'NONE', *, *, #7813, .T. ) ;
#6832 = STYLED_ITEM ( 'NONE', ( #2823 ), #4158 ) ;
#6833 = CARTESIAN_POINT ( 'NONE',  ( 1.588484380849934300E-013, 3.299857146501273600, 6.630000000000000800 ) ) ;
#6834 = COLOUR_RGB ( '',0.5019607843137254800, 0.5019607843137254800, 0.5019607843137254800 ) ;
#6835 = VERTEX_POINT ( 'NONE', #4263 ) ;
#6836 = DIRECTION ( 'NONE',  ( 0.0000000000000000000, 1.000000000000000000, 0.0000000000000000000 ) ) ;
#6837 = CYLINDRICAL_SURFACE ( 'NONE', #4315, 0.9899999999999993200 ) ;
#6838 =( GEOMETRIC_REPRESENTATION_CONTEXT ( 3 ) GLOBAL_UNCERTAINTY_ASSIGNED_CONTEXT ( ( #3534 ) ) GLOBAL_UNIT_ASSIGNED_CONTEXT ( ( #6008, #6095, #1192 ) ) REPRESENTATION_CONTEXT ( 'NONE', 'WORKASPACE' ) );
#6839 = CIRCLE ( 'NONE', #7399, 0.9899999999999995500 ) ;
#6840 = DIRECTION ( 'NONE',  ( 0.0000000000000000000, 0.0000000000000000000, 1.000000000000000000 ) ) ;
#6841 = EDGE_CURVE ( 'NONE', #4042, #937, #791, .T. ) ;
#6842 = ORIENTED_EDGE ( 'NONE', *, *, #3428, .T. ) ;
#6843 = CARTESIAN_POINT ( 'NONE',  ( 5.080000000000053400, 6.299999999999999800, -3.529999999999999400 ) ) ;
#6844 = FACE_OUTER_BOUND ( 'NONE', #5057, .T. ) ;
#6845 = VERTEX_POINT ( 'NONE', #3048 ) ;
#6846 = CLOSED_SHELL ( 'NONE', ( #2549, #3387, #3570, #754 ) ) ;
#6847 = AXIS2_PLACEMENT_3D ( 'NONE', #1905, #1185, #1273 ) ;
#6848 = DIRECTION ( 'NONE',  ( 0.0000000000000000000, 1.000000000000000000, 0.0000000000000000000 ) ) ;
#6849 = VECTOR ( 'NONE', #5594, 1000.000000000000000 ) ;
#6850 = LINE ( 'NONE', #6645, #4361 ) ;
#6851 = CARTESIAN_POINT ( 'NONE',  ( 3.960000000000000900, -4.799999999999999800, 3.559999999999998700 ) ) ;
#6852 = EDGE_CURVE ( 'NONE', #4026, #3274, #7016, .T. ) ;
#6853 = CARTESIAN_POINT ( 'NONE',  ( 3.660000000000001000, 1.000000000000000000, -1.020000000000000000 ) ) ;
#6854 = ORIENTED_EDGE ( 'NONE', *, *, #1521, .T. ) ;
#6855 = CARTESIAN_POINT ( 'NONE',  ( 2.540000000000078600, 6.100000000000000500, 0.9899999999999993200 ) ) ;
#6856 = CARTESIAN_POINT ( 'NONE',  ( 0.0000000000000000000, 1.000000000000000000, -7.302499999999997500 ) ) ;
#6857 = DIRECTION ( 'NONE',  ( 0.0000000000000000000, -0.0000000000000000000, 1.000000000000000000 ) ) ;
#6858 = VERTEX_POINT ( 'NONE', #6485 ) ;
#6859 = MECHANICAL_DESIGN_GEOMETRIC_PRESENTATION_REPRESENTATION (  '', ( #8708 ), #8254 ) ;
#6860 = FACE_OUTER_BOUND ( 'NONE', #1139, .T. ) ;
#6861 = MANIFOLD_SOLID_BREP ( 'Pin 2', #1712 ) ;
#6862 = EDGE_LOOP ( 'NONE', ( #7620, #2215, #7877, #7483 ) ) ;
#6863 = ORIENTED_EDGE ( 'NONE', *, *, #5927, .F. ) ;
#6864 = EDGE_CURVE ( 'NONE', #466, #7337, #2383, .T. ) ;
#6865 = FILL_AREA_STYLE ('',( #8825 ) ) ;
#6866 = AXIS2_PLACEMENT_3D ( 'NONE', #2402, #7231, #3772 ) ;
#6867 = CARTESIAN_POINT ( 'NONE',  ( 1.587271980518778500E-013, 6.100000000000000500, 8.609999999999999400 ) ) ;
#6868 = FACE_OUTER_BOUND ( 'NONE', #8610, .T. ) ;
#6869 = PLANE ( 'NONE',  #7940 ) ;
#6870 = LINE ( 'NONE', #1398, #7632 ) ;
#6871 = DIRECTION ( 'NONE',  ( 0.0000000000000000000, 0.0000000000000000000, 1.000000000000000000 ) ) ;
#6872 = DIRECTION ( 'NONE',  ( 0.0000000000000000000, 1.000000000000000000, 0.0000000000000000000 ) ) ;
#6873 = AXIS2_PLACEMENT_3D ( 'NONE', #3499, #4887, #1465 ) ;
#6874 = CIRCLE ( 'NONE', #5421, 0.9899999999999995500 ) ;
#6875 = ADVANCED_FACE ( 'NONE', ( #1523 ), #3553, .F. ) ;
#6876 = DIRECTION ( 'NONE',  ( 0.0000000000000000000, 1.000000000000000000, 0.0000000000000000000 ) ) ;
#6877 = ORIENTED_EDGE ( 'NONE', *, *, #6514, .T. ) ;
#6878 = DIRECTION ( 'NONE',  ( 0.0000000000000000000, 1.000000000000000000, 0.0000000000000000000 ) ) ;
#6879 = EDGE_CURVE ( 'NONE', #4692, #8022, #1314, .T. ) ;
#6880 = SURFACE_STYLE_USAGE ( .BOTH. , #8923 ) ;
#6881 = ORIENTED_EDGE ( 'NONE', *, *, #4911, .T. ) ;
#6882 = DIRECTION ( 'NONE',  ( -1.000000000000000000, 0.0000000000000000000, -0.0000000000000000000 ) ) ;
#6883 = FACE_BOUND ( 'NONE', #6139, .T. ) ;
#6884 = DIRECTION ( 'NONE',  ( -0.0000000000000000000, 1.000000000000000000, -0.0000000000000000000 ) ) ;
#6885 = DIRECTION ( 'NONE',  ( -0.0000000000000000000, 1.000000000000000000, -0.0000000000000000000 ) ) ;
#6886 = CARTESIAN_POINT ( 'NONE',  ( 5.079999999999999200, 3.299857146501273600, -6.630000000000000800 ) ) ;
#6887 = PLANE ( 'NONE',  #4542 ) ;
#6888 = AXIS2_PLACEMENT_3D ( 'NONE', #3481, #6458, #1564 ) ;
#6889 = FACE_OUTER_BOUND ( 'NONE', #1963, .T. ) ;
#6890 = ORIENTED_EDGE ( 'NONE', *, *, #7522, .T. ) ;
#6891 = EDGE_CURVE ( 'NONE', #5249, #4656, #8423, .T. ) ;
#6892 = ORIENTED_EDGE ( 'NONE', *, *, #3848, .F. ) ;
#6893 = FILL_AREA_STYLE ('',( #6112 ) ) ;
#6894 = DIRECTION ( 'NONE',  ( -1.000000000000000000, 0.0000000000000000000, 0.0000000000000000000 ) ) ;
#6895 = DIRECTION ( 'NONE',  ( 0.0000000000000000000, 0.0000000000000000000, 1.000000000000000000 ) ) ;
#6896 = LINE ( 'NONE', #1425, #8303 ) ;
#6897 = AXIS2_PLACEMENT_3D ( 'NONE', #3445, #7634, #1566 ) ;
#6898 = CARTESIAN_POINT ( 'NONE',  ( -2.539999999999921400, 6.100000000000000500, 0.0000000000000000000 ) ) ;
#6899 = DIRECTION ( 'NONE',  ( -0.0000000000000000000, 1.000000000000000000, -0.0000000000000000000 ) ) ;
#6900 = EDGE_LOOP ( 'NONE', ( #5183, #7798 ) ) ;
#6901 = VERTEX_POINT ( 'NONE', #3080 ) ;
#6902 = FACE_OUTER_BOUND ( 'NONE', #710, .T. ) ;
#6903 = EDGE_CURVE ( 'NONE', #6858, #1620, #7241, .T. ) ;
#6904 = ORIENTED_EDGE ( 'NONE', *, *, #8018, .T. ) ;
#6905 = LINE ( 'NONE', #7342, #572 ) ;
#6906 = DIRECTION ( 'NONE',  ( 0.0000000000000000000, 0.0000000000000000000, 1.000000000000000000 ) ) ;
#6907 = PLANE ( 'NONE',  #5581 ) ;
#6908 = CARTESIAN_POINT ( 'NONE',  ( -7.461217048728156800E-016, 6.100000000000000500, -8.609999999999999400 ) ) ;
#6909 = DIRECTION ( 'NONE',  ( 0.0000000000000000000, 0.0000000000000000000, 1.000000000000000000 ) ) ;
#6910 = ORIENTED_EDGE ( 'NONE', *, *, #2449, .F. ) ;
#6911 = DIRECTION ( 'NONE',  ( 0.0000000000000000000, 1.000000000000000000, 0.0000000000000000000 ) ) ;
#6912 = PLANE ( 'NONE',  #74 ) ;
#6913 = CYLINDRICAL_SURFACE ( 'NONE', #8517, 0.9899999999999993200 ) ;
#6914 = ORIENTED_EDGE ( 'NONE', *, *, #543, .F. ) ;
#6915 = EDGE_CURVE ( 'NONE', #6122, #4369, #129, .T. ) ;
#6916 = PRESENTATION_LAYER_ASSIGNMENT (  '', '', ( #5526 ) ) ;
#6917 = ORIENTED_EDGE ( 'NONE', *, *, #8199, .F. ) ;
#6918 = ADVANCED_FACE ( 'NONE', ( #8637 ), #6360, .T. ) ;
#6919 = FACE_OUTER_BOUND ( 'NONE', #3951, .T. ) ;
#6920 = DIRECTION ( 'NONE',  ( 0.0000000000000000000, 1.000000000000000000, 0.0000000000000000000 ) ) ;
#6921 = DIRECTION ( 'NONE',  ( 0.0000000000000000000, 0.0000000000000000000, 1.000000000000000000 ) ) ;
#6922 = CARTESIAN_POINT ( 'NONE',  ( 2.540000000000051500, 6.100000000000000500, -3.529999999999999400 ) ) ;
#6923 = PLANE ( 'NONE',  #7043 ) ;
#6924 = DIRECTION ( 'NONE',  ( 0.0000000000000000000, 0.0000000000000000000, 1.000000000000000000 ) ) ;
#6925 = AXIS2_PLACEMENT_3D ( 'NONE', #566, #4659, #680 ) ;
#6926 = LINE ( 'NONE', #1997, #5418 ) ;
#6927 = CARTESIAN_POINT ( 'NONE',  ( 5.080000000000025800, 6.299999999999999800, -5.079999999999999200 ) ) ;
#6928 = ORIENTED_EDGE ( 'NONE', *, *, #501, .F. ) ;
#6929 = PLANE ( 'NONE',  #5969 ) ;
#6930 = VERTEX_POINT ( 'NONE', #5728 ) ;
#6931 = VERTEX_POINT ( 'NONE', #1642 ) ;
#6932 = FACE_OUTER_BOUND ( 'NONE', #5269, .T. ) ;
#6933 = PRESENTATION_STYLE_ASSIGNMENT (( #546 ) ) ;
#6934 = EDGE_LOOP ( 'NONE', ( #6622, #7173, #6590, #7480 ) ) ;
#6935 = ORIENTED_EDGE ( 'NONE', *, *, #2543, .T. ) ;
#6936 = CARTESIAN_POINT ( 'NONE',  ( 2.540000000000158600, 6.299999999999999800, 7.620000000000000100 ) ) ;
#6937 = CYLINDRICAL_SURFACE ( 'NONE', #2736, 0.9899999999999993200 ) ;
#6938 = DIRECTION ( 'NONE',  ( 0.0000000000000000000, 1.000000000000000000, 0.0000000000000000000 ) ) ;
#6939 = VERTEX_POINT ( 'NONE', #3770 ) ;
#6940 = ORIENTED_EDGE ( 'NONE', *, *, #3016, .F. ) ;
#6941 = AXIS2_PLACEMENT_3D ( 'NONE', #2832, #6878, #4881 ) ;
#6942 = VERTEX_POINT ( 'NONE', #5070 ) ;
#6943 = DIRECTION ( 'NONE',  ( 0.0000000000000000000, 1.000000000000000000, 0.0000000000000000000 ) ) ;
#6944 = LINE ( 'NONE', #2111, #3376 ) ;
#6945 = DIRECTION ( 'NONE',  ( 0.0000000000000000000, 0.0000000000000000000, 1.000000000000000000 ) ) ;
#6946 = LINE ( 'NONE', #436, #6727 ) ;
#6947 = DIRECTION ( 'NONE',  ( 0.0000000000000000000, 0.0000000000000000000, 1.000000000000000000 ) ) ;
#6948 = VERTEX_POINT ( 'NONE', #266 ) ;
#6949 = EDGE_CURVE ( 'NONE', #8267, #310, #4744, .T. ) ;
#6950 = CARTESIAN_POINT ( 'NONE',  ( 5.080000000000053400, 3.299857146501273600, -1.550000000000000500 ) ) ;
#6951 = ORIENTED_EDGE ( 'NONE', *, *, #4469, .F. ) ;
#6952 = ORIENTED_EDGE ( 'NONE', *, *, #3353, .T. ) ;
#6953 = VERTEX_POINT ( 'NONE', #2983 ) ;
#6954 = VERTEX_POINT ( 'NONE', #7866 ) ;
#6955 = DIRECTION ( 'NONE',  ( -0.0000000000000000000, 1.000000000000000000, -0.0000000000000000000 ) ) ;
#6956 = LINE ( 'NONE', #4294, #3707 ) ;
#6957 = LINE ( 'NONE', #54, #1672 ) ;
#6958 = DIRECTION ( 'NONE',  ( 0.0000000000000000000, 1.000000000000000000, 0.0000000000000000000 ) ) ;
#6959 = AXIS2_PLACEMENT_3D ( 'NONE', #2640, #6641, #8065 ) ;
#6960 = SURFACE_SIDE_STYLE ('',( #2287 ) ) ;
#6961 = VERTEX_POINT ( 'NONE', #3013 ) ;
#6962 = EDGE_CURVE ( 'NONE', #489, #6337, #6807, .T. ) ;
#6963 = DIRECTION ( 'NONE',  ( 0.0000000000000000000, 0.0000000000000000000, 1.000000000000000000 ) ) ;
#6964 = CARTESIAN_POINT ( 'NONE',  ( 5.080000000000133300, 6.100000000000000500, 6.070000000000001200 ) ) ;
#6965 = ORIENTED_EDGE ( 'NONE', *, *, #1181, .T. ) ;
#6966 =( GEOMETRIC_REPRESENTATION_CONTEXT ( 3 ) GLOBAL_UNCERTAINTY_ASSIGNED_CONTEXT ( ( #8611 ) ) GLOBAL_UNIT_ASSIGNED_CONTEXT ( ( #8592, #4484, #4450 ) ) REPRESENTATION_CONTEXT ( 'NONE', 'WORKASPACE' ) );
#6967 = ADVANCED_FACE ( 'NONE', ( #5399 ), #6453, .F. ) ;
#6968 = EDGE_LOOP ( 'NONE', ( #774, #7842, #1053, #2592 ) ) ;
#6969 = DIRECTION ( 'NONE',  ( 0.0000000000000000000, -0.0000000000000000000, 1.000000000000000000 ) ) ;
#6970 = SURFACE_STYLE_USAGE ( .BOTH. , #2116 ) ;
#6971 = CARTESIAN_POINT ( 'NONE',  ( 6.330000000000001800, 6.100000000000000500, -8.869999999999999200 ) ) ;
#6972 = DIRECTION ( 'NONE',  ( -0.0000000000000000000, 1.000000000000000000, -0.0000000000000000000 ) ) ;
#6973 = EDGE_CURVE ( 'NONE', #7154, #590, #778, .T. ) ;
#6974 = AXIS2_PLACEMENT_3D ( 'NONE', #2008, #5401, #6766 ) ;
#6975 = LINE ( 'NONE', #7164, #542 ) ;
#6976 = VERTEX_POINT ( 'NONE', #301 ) ;
#6977 = CARTESIAN_POINT ( 'NONE',  ( -3.660000000000001000, -4.799999999999999800, -6.599999999999999600 ) ) ;
#6978 = CARTESIAN_POINT ( 'NONE',  ( -5.080000000000001000, 6.100000000000000500, -6.630000000000000800 ) ) ;
#6979 = MANIFOLD_SOLID_BREP ( 'LED 34', #4514 ) ;
#6980 = ORIENTED_EDGE ( 'NONE', *, *, #3628, .F. ) ;
#6981 = DIRECTION ( 'NONE',  ( 0.0000000000000000000, 1.000000000000000000, 0.0000000000000000000 ) ) ;
#6982 = EDGE_LOOP ( 'NONE', ( #7271, #653, #162, #3945 ) ) ;
#6983 = ADVANCED_FACE ( 'NONE', ( #3332 ), #4560, .F. ) ;
#6984 = LINE ( 'NONE', #2489, #3962 ) ;
#6985 = EDGE_CURVE ( 'NONE', #2147, #3442, #4736, .T. ) ;
#6986 = DIRECTION ( 'NONE',  ( 0.0000000000000000000, 0.0000000000000000000, 1.000000000000000000 ) ) ;
#6987 = AXIS2_PLACEMENT_3D ( 'NONE', #3860, #1823, #6638 ) ;
#6988 = DIRECTION ( 'NONE',  ( 0.0000000000000000000, 0.0000000000000000000, 1.000000000000000000 ) ) ;
#6989 = DIRECTION ( 'NONE',  ( 0.0000000000000000000, 1.000000000000000000, 0.0000000000000000000 ) ) ;
#6990 =( LENGTH_UNIT ( ) NAMED_UNIT ( * ) SI_UNIT ( .MILLI., .METRE. ) );
#6991 = FACE_OUTER_BOUND ( 'NONE', #1152, .T. ) ;
#6992 = SURFACE_SIDE_STYLE ('',( #7720 ) ) ;
#6993 = VERTEX_POINT ( 'NONE', #6615 ) ;
#6994 = AXIS2_PLACEMENT_3D ( 'NONE', #5376, #4013, #521 ) ;
#6995 = VERTEX_POINT ( 'NONE', #1805 ) ;
#6996 = ORIENTED_EDGE ( 'NONE', *, *, #6740, .F. ) ;
#6997 = FACE_BOUND ( 'NONE', #4234, .T. ) ;
#6998 = CARTESIAN_POINT ( 'NONE',  ( 3.660000000000001000, 1.000000000000000000, 6.599999999999999600 ) ) ;
#6999 = DIRECTION ( 'NONE',  ( 0.0000000000000000000, 0.0000000000000000000, -1.000000000000000000 ) ) ;
#7000 = CARTESIAN_POINT ( 'NONE',  ( -6.329999999999997400, 6.100000000000000500, 8.869999999999999200 ) ) ;
#7001 = EDGE_CURVE ( 'NONE', #1612, #5006, #333, .T. ) ;
#7003 = VECTOR ( 'NONE', #6596, 1000.000000000000000 ) ;
#7002 =( NAMED_UNIT ( * ) SI_UNIT ( $, .STERADIAN. ) SOLID_ANGLE_UNIT ( ) );
#7004 = EDGE_LOOP ( 'NONE', ( #8557, #2890 ) ) ;
#7005 = DIRECTION ( 'NONE',  ( 0.0000000000000000000, 0.0000000000000000000, -1.000000000000000000 ) ) ;
#7006 = AXIS2_PLACEMENT_3D ( 'NONE', #5847, #6517, #289 ) ;
#7007 = UNCERTAINTY_MEASURE_WITH_UNIT (LENGTH_MEASURE( 1.000000000000000100E-005 ), #5029, 'distance_accuracy_value', 'NONE');
#7008 = ORIENTED_EDGE ( 'NONE', *, *, #3315, .F. ) ;
#7009 = ADVANCED_FACE ( 'NONE', ( #1841 ), #2462, .F. ) ;
#7010 = EDGE_CURVE ( 'NONE', #3140, #6931, #6043, .T. ) ;
#7011 = FACE_OUTER_BOUND ( 'NONE', #4363, .T. ) ;
#7012 = DIRECTION ( 'NONE',  ( 0.0000000000000000000, 1.000000000000000000, 0.0000000000000000000 ) ) ;
#7013 = ORIENTED_EDGE ( 'NONE', *, *, #8624, .F. ) ;
#7014 = FACE_OUTER_BOUND ( 'NONE', #3830, .T. ) ;
#7015 = MECHANICAL_DESIGN_GEOMETRIC_PRESENTATION_REPRESENTATION (  '', ( #4817 ), #2346 ) ;
#7016 = LINE ( 'NONE', #8405, #4636 ) ;
#7017 = EDGE_CURVE ( 'NONE', #168, #1545, #6905, .T. ) ;
#7018 = ADVANCED_FACE ( 'NONE', ( #120 ), #8700, .T. ) ;
#7019 = EDGE_LOOP ( 'NONE', ( #7123, #3728, #2481, #1578 ) ) ;
#7020 = FACE_BOUND ( 'NONE', #5289, .T. ) ;
#7021 = DIRECTION ( 'NONE',  ( 0.0000000000000000000, 0.0000000000000000000, 1.000000000000000000 ) ) ;
#7022 = LINE ( 'NONE', #8725, #8645 ) ;
#7023 = DIRECTION ( 'NONE',  ( 0.0000000000000000000, 1.000000000000000000, 0.0000000000000000000 ) ) ;
#7024 = FACE_OUTER_BOUND ( 'NONE', #1589, .T. ) ;
#7025 = ORIENTED_EDGE ( 'NONE', *, *, #8413, .T. ) ;
#7026 = DIRECTION ( 'NONE',  ( 0.0000000000000000000, -0.0000000000000000000, 1.000000000000000000 ) ) ;
#7027 = AXIS2_PLACEMENT_3D ( 'NONE', #3457, #2700, #7573 ) ;
#7028 = CARTESIAN_POINT ( 'NONE',  ( -5.079999999999894400, 6.100000000000000500, 2.540000000000000500 ) ) ;
#7029 = LINE ( 'NONE', #7916, #21 ) ;
#7030 = CARTESIAN_POINT ( 'NONE',  ( 3.960000000000000900, -10.18309518948452900, -4.060000000000000500 ) ) ;
#7031 = EDGE_CURVE ( 'NONE', #632, #3992, #5180, .T. ) ;
#7032 = LINE ( 'NONE', #2800, #8536 ) ;
#7033 = AXIS2_PLACEMENT_3D ( 'NONE', #7837, #2278, #4378 ) ;
#7034 = VECTOR ( 'NONE', #1929, 1000.000000000000000 ) ;
#7035 = VECTOR ( 'NONE', #5746, 1000.000000000000000 ) ;
#7036 = LINE ( 'NONE', #8277, #3468 ) ;
#7037 =( LENGTH_UNIT ( ) NAMED_UNIT ( * ) SI_UNIT ( .MILLI., .METRE. ) );
#7038 = VERTEX_POINT ( 'NONE', #5203 ) ;
#7039 = VERTEX_POINT ( 'NONE', #1096 ) ;
#7040 = ORIENTED_EDGE ( 'NONE', *, *, #5322, .T. ) ;
#7041 = CARTESIAN_POINT ( 'NONE',  ( -5.080000000000001000, 6.299999999999999800, -7.620000000000000100 ) ) ;
#7042 = LINE ( 'NONE', #1794, #2198 ) ;
#7043 = AXIS2_PLACEMENT_3D ( 'NONE', #830, #5591, #94 ) ;
#7044 = CIRCLE ( 'NONE', #6409, 0.9899999999999995500 ) ;
#7045 = CARTESIAN_POINT ( 'NONE',  ( 6.330000000000001800, 6.299999999999999800, 8.869999999999999200 ) ) ;
#7046 = AXIS2_PLACEMENT_3D ( 'NONE', #2680, #5498, #8315 ) ;
#7047 = ORIENTED_EDGE ( 'NONE', *, *, #3438, .F. ) ;
#7048 = ORIENTED_EDGE ( 'NONE', *, *, #8165, .F. ) ;
#7049 = EDGE_CURVE ( 'NONE', #6296, #6281, #8630, .T. ) ;
#7050 = FACE_OUTER_BOUND ( 'NONE', #715, .T. ) ;
#7051 = FACE_OUTER_BOUND ( 'NONE', #7635, .T. ) ;
#7052 = ADVANCED_FACE ( 'NONE', ( #7011 ), #5889, .F. ) ;
#7053 = DIRECTION ( 'NONE',  ( 0.0000000000000000000, 1.000000000000000000, 0.0000000000000000000 ) ) ;
#7054 = VERTEX_POINT ( 'NONE', #5260 ) ;
#7055 = DIRECTION ( 'NONE',  ( 1.000000000000000000, 0.0000000000000000000, -0.0000000000000000000 ) ) ;
#7056 = AXIS2_PLACEMENT_3D ( 'NONE', #4093, #6085, #8106 ) ;
#7057 = CYLINDRICAL_SURFACE ( 'NONE', #5146, 0.9899999999999995500 ) ;
#7058 = DIRECTION ( 'NONE',  ( 0.0000000000000000000, -0.0000000000000000000, -1.000000000000000000 ) ) ;
#7059 = ORIENTED_EDGE ( 'NONE', *, *, #5612, .F. ) ;
#7060 = ORIENTED_EDGE ( 'NONE', *, *, #4218, .T. ) ;
#7061 = DIRECTION ( 'NONE',  ( 0.0000000000000000000, 1.000000000000000000, 0.0000000000000000000 ) ) ;
#7062 = EDGE_CURVE ( 'NONE', #8714, #8098, #6798, .T. ) ;
#7063 = CARTESIAN_POINT ( 'NONE',  ( -2.540000000000000900, 6.299999999999999800, -7.620000000000000100 ) ) ;
#7064 = ORIENTED_EDGE ( 'NONE', *, *, #2789, .T. ) ;
#7065 = CIRCLE ( 'NONE', #3831, 0.9899999999999993200 ) ;
#7066 = LINE ( 'NONE', #2705, #4153 ) ;
#7067 = ORIENTED_EDGE ( 'NONE', *, *, #4577, .T. ) ;
#7068 = AXIS2_PLACEMENT_3D ( 'NONE', #2989, #7843, #2909 ) ;
#7069 = PLANE ( 'NONE',  #799 ) ;
#7070 = CARTESIAN_POINT ( 'NONE',  ( 2.540000000000131500, 6.299999999999999800, 5.080000000000001000 ) ) ;
#7071 = DIRECTION ( 'NONE',  ( -1.000000000000000000, -0.0000000000000000000, -0.0000000000000000000 ) ) ;
#7072 = ORIENTED_EDGE ( 'NONE', *, *, #7492, .F. ) ;
#7073 = DIRECTION ( 'NONE',  ( 0.0000000000000000000, 0.0000000000000000000, 1.000000000000000000 ) ) ;
#7074 = EDGE_CURVE ( 'NONE', #6660, #4715, #3117, .T. ) ;
#7075 = ORIENTED_EDGE ( 'NONE', *, *, #2417, .T. ) ;
#7076 = VERTEX_POINT ( 'NONE', #3866 ) ;
#7077 = CYLINDRICAL_SURFACE ( 'NONE', #1412, 0.9899999999999995500 ) ;
#7078 = AXIS2_PLACEMENT_3D ( 'NONE', #2344, #7166, #4401 ) ;
#7079 = LINE ( 'NONE', #7457, #534 ) ;
#7080 = CARTESIAN_POINT ( 'NONE',  ( 3.960000000000000900, -4.799999999999999800, 4.059999999999999600 ) ) ;
#7081 = EDGE_CURVE ( 'NONE', #282, #844, #8198, .T. ) ;
#7082 = DIRECTION ( 'NONE',  ( -0.0000000000000000000, -1.000000000000000000, -0.0000000000000000000 ) ) ;
#7083 = AXIS2_PLACEMENT_3D ( 'NONE', #7704, #5627, #5600 ) ;
#7084 = CIRCLE ( 'NONE', #5303, 0.9899999999999995500 ) ;
#7085 = CARTESIAN_POINT ( 'NONE',  ( 5.080000000000025800, 6.299999999999999800, -5.079999999999999200 ) ) ;
#7086 = EDGE_LOOP ( 'NONE', ( #5864, #7666, #6135, #403 ) ) ;
#7087 = ORIENTED_EDGE ( 'NONE', *, *, #6272, .F. ) ;
#7088 = ADVANCED_FACE ( 'NONE', ( #2904 ), #3437, .F. ) ;
#7090 = FACE_BOUND ( 'NONE', #7814, .T. ) ;
#7089 = AXIS2_PLACEMENT_3D ( 'NONE', #802, #4840, #8938 ) ;
#7091 = CARTESIAN_POINT ( 'NONE',  ( 5.080000000000079100, 6.100000000000000500, 0.9899999999999993200 ) ) ;
#7092 =( NAMED_UNIT ( * ) SI_UNIT ( $, .STERADIAN. ) SOLID_ANGLE_UNIT ( ) );
#7093 = DIRECTION ( 'NONE',  ( -0.0000000000000000000, 1.000000000000000000, -0.0000000000000000000 ) ) ;
#7094 = CARTESIAN_POINT ( 'NONE',  ( 2.540000000000131500, 6.299999999999999800, 4.090000000000001600 ) ) ;
#7095 = FILL_AREA_STYLE_COLOUR ( '', #6054 ) ;
#7096 = DIRECTION ( 'NONE',  ( 0.0000000000000000000, -0.0000000000000000000, 1.000000000000000000 ) ) ;
#7097 = CIRCLE ( 'NONE', #5004, 0.9899999999999995500 ) ;
#7098 = ORIENTED_EDGE ( 'NONE', *, *, #8858, .F. ) ;
#7099 = CARTESIAN_POINT ( 'NONE',  ( 5.080000000000104900, 6.100000000000000500, 1.550000000000001200 ) ) ;
#7100 = ADVANCED_FACE ( 'NONE', ( #5284 ), #8844, .F. ) ;
#7101 = AXIS2_PLACEMENT_3D ( 'NONE', #1764, #7977, #6572 ) ;
#7102 = ORIENTED_EDGE ( 'NONE', *, *, #138, .T. ) ;
#7103 = DIRECTION ( 'NONE',  ( 0.0000000000000000000, 1.000000000000000000, 0.0000000000000000000 ) ) ;
#7104 = LINE ( 'NONE', #3579, #6353 ) ;
#7105 = DIRECTION ( 'NONE',  ( 0.0000000000000000000, 0.0000000000000000000, 1.000000000000000000 ) ) ;
#7106 = EDGE_CURVE ( 'NONE', #8399, #5904, #6462, .T. ) ;
#7107 = CARTESIAN_POINT ( 'NONE',  ( 2.540000000000131500, 6.100000000000000500, 5.080000000000001000 ) ) ;
#7108 = VERTEX_POINT ( 'NONE', #3292 ) ;
#7109 = ORIENTED_EDGE ( 'NONE', *, *, #980, .T. ) ;
#7110 =( LENGTH_UNIT ( ) NAMED_UNIT ( * ) SI_UNIT ( .MILLI., .METRE. ) );
#7111 = EDGE_LOOP ( 'NONE', ( #8726, #4392 ) ) ;
#7112 = CARTESIAN_POINT ( 'NONE',  ( 1.058181320345852300E-013, 6.100000000000000500, 2.540000000000000500 ) ) ;
#7113 = VECTOR ( 'NONE', #1155, 1000.000000000000000 ) ;
#7114 = AXIS2_PLACEMENT_3D ( 'NONE', #5229, #1116, #8003 ) ;
#7115 = CARTESIAN_POINT ( 'NONE',  ( 1.587271980518778500E-013, 6.100000000000000500, 7.620000000000000100 ) ) ;
#7116 = DIRECTION ( 'NONE',  ( 0.0000000000000000000, 0.0000000000000000000, 1.000000000000000000 ) ) ;
#7117 = ORIENTED_EDGE ( 'NONE', *, *, #3960, .T. ) ;
#7118 = LINE ( 'NONE', #3124, #5290 ) ;
#7119 = EDGE_CURVE ( 'NONE', #5709, #6948, #6570, .T. ) ;
#7120 = DIRECTION ( 'NONE',  ( 0.0000000000000000000, 0.0000000000000000000, 1.000000000000000000 ) ) ;
#7121 = ORIENTED_EDGE ( 'NONE', *, *, #773, .F. ) ;
#7122 = LINE ( 'NONE', #8103, #2918 ) ;
#7123 = ORIENTED_EDGE ( 'NONE', *, *, #3025, .F. ) ;
#7124 = CARTESIAN_POINT ( 'NONE',  ( 2.540000000000051500, 6.299999999999999800, -2.539999999999999600 ) ) ;
#7125 = DIRECTION ( 'NONE',  ( 0.0000000000000000000, 1.000000000000000000, 0.0000000000000000000 ) ) ;
#7126 = UNCERTAINTY_MEASURE_WITH_UNIT (LENGTH_MEASURE( 1.000000000000000100E-005 ), #746, 'distance_accuracy_value', 'NONE');
#7127 = AXIS2_PLACEMENT_3D ( 'NONE', #5706, #7103, #6381 ) ;
#7128 = VERTEX_POINT ( 'NONE', #6703 ) ;
#7129 = CIRCLE ( 'NONE', #1085, 0.9899999999999995500 ) ;
#7130 = PLANE ( 'NONE',  #8000 ) ;
#7131 = LINE ( 'NONE', #3841, #5076 ) ;
#7132 = CARTESIAN_POINT ( 'NONE',  ( -3.960000000000000900, 1.000000000000000000, -3.559999999999999600 ) ) ;
#7133 = EDGE_CURVE ( 'NONE', #1347, #3677, #8738, .T. ) ;
#7134 = ADVANCED_FACE ( 'NONE', ( #6682 ), #5059, .T. ) ;
#7135 = DIRECTION ( 'NONE',  ( 0.0000000000000000000, 0.0000000000000000000, 1.000000000000000000 ) ) ;
#7136 = CIRCLE ( 'NONE', #5444, 0.9899999999999995500 ) ;
#7137 = DIRECTION ( 'NONE',  ( 0.0000000000000000000, 0.0000000000000000000, 1.000000000000000000 ) ) ;
#7138 = VERTEX_POINT ( 'NONE', #8123 ) ;
#7139 = ORIENTED_EDGE ( 'NONE', *, *, #7669, .T. ) ;
#7140 = ORIENTED_EDGE ( 'NONE', *, *, #8293, .F. ) ;
#7141 = LINE ( 'NONE', #6329, #1435 ) ;
#7142 = DIRECTION ( 'NONE',  ( 0.0000000000000000000, -0.0000000000000000000, 1.000000000000000000 ) ) ;
#7143 = DIRECTION ( 'NONE',  ( 1.000000000000000000, 0.0000000000000000000, 0.0000000000000000000 ) ) ;
#7144 = VECTOR ( 'NONE', #3545, 1000.000000000000000 ) ;
#7145 =( GEOMETRIC_REPRESENTATION_CONTEXT ( 3 ) GLOBAL_UNCERTAINTY_ASSIGNED_CONTEXT ( ( #108 ) ) GLOBAL_UNIT_ASSIGNED_CONTEXT ( ( #1993, #3327, #4775 ) ) REPRESENTATION_CONTEXT ( 'NONE', 'WORKASPACE' ) );
#7146 = CIRCLE ( 'NONE', #3625, 0.9899999999999995500 ) ;
#7147 = APPLICATION_PROTOCOL_DEFINITION ( 'draft international standard', 'automotive_design', 1998, #2330 ) ;
#7148 = ORIENTED_EDGE ( 'NONE', *, *, #8846, .T. ) ;
#7149 = DIRECTION ( 'NONE',  ( -0.0000000000000000000, -1.000000000000000000, -0.0000000000000000000 ) ) ;
#7150 = EDGE_LOOP ( 'NONE', ( #8451, #8924, #5220, #1936 ) ) ;
#7151 = EDGE_CURVE ( 'NONE', #3208, #6449, #4202, .T. ) ;
#7152 = ADVANCED_FACE ( 'NONE', ( #8520 ), #1291, .F. ) ;
#7153 = CIRCLE ( 'NONE', #7056, 0.9899999999999995500 ) ;
#7154 = VERTEX_POINT ( 'NONE', #2638 ) ;
#7155 = AXIS2_PLACEMENT_3D ( 'NONE', #7112, #7715, #4223 ) ;
#7156 = ORIENTED_EDGE ( 'NONE', *, *, #3530, .F. ) ;
#7157 = PLANE ( 'NONE',  #7351 ) ;
#7158 = ORIENTED_EDGE ( 'NONE', *, *, #1068, .F. ) ;
#7159 = CYLINDRICAL_SURFACE ( 'NONE', #296, 0.9899999999999995500 ) ;
#7160 = ADVANCED_FACE ( 'NONE', ( #2377 ), #4612, .F. ) ;
#7161 = CARTESIAN_POINT ( 'NONE',  ( 1.587271980518778500E-013, 6.299999999999999800, 8.609999999999999400 ) ) ;
#7162 = CIRCLE ( 'NONE', #3907, 0.9899999999999995500 ) ;
#7163 = ORIENTED_EDGE ( 'NONE', *, *, #4996, .T. ) ;
#7164 = CARTESIAN_POINT ( 'NONE',  ( 0.0000000000000000000, 0.0000000000000000000, -7.302499999999997500 ) ) ;
#7165 = ORIENTED_EDGE ( 'NONE', *, *, #7946, .F. ) ;
#7166 = DIRECTION ( 'NONE',  ( 0.0000000000000000000, 0.0000000000000000000, -1.000000000000000000 ) ) ;
#7167 = CARTESIAN_POINT ( 'NONE',  ( 5.079999999999999200, 6.100000000000000500, -8.609999999999999400 ) ) ;
#7168 = AXIS2_PLACEMENT_3D ( 'NONE', #5144, #428, #5204 ) ;
#7169 = ORIENTED_EDGE ( 'NONE', *, *, #2280, .T. ) ;
#7170 = ORIENTED_EDGE ( 'NONE', *, *, #6136, .T. ) ;
#7171 = AXIS2_PLACEMENT_3D ( 'NONE', #8501, #7061, #3581 ) ;
#7172 = DIRECTION ( 'NONE',  ( -1.000000000000000000, -0.0000000000000000000, -0.0000000000000000000 ) ) ;
#7173 = ORIENTED_EDGE ( 'NONE', *, *, #1510, .F. ) ;
#7174 = EDGE_CURVE ( 'NONE', #4681, #6280, #1407, .T. ) ;
#7175 = DIRECTION ( 'NONE',  ( 0.0000000000000000000, 0.0000000000000000000, 1.000000000000000000 ) ) ;
#7176 = COLOUR_RGB ( '',0.7921568627450980000, 0.8196078431372548800, 0.9333333333333333500 ) ;
#7177 = LINE ( 'NONE', #6671, #2547 ) ;
#7178 = ORIENTED_EDGE ( 'NONE', *, *, #7203, .F. ) ;
#7179 = DIRECTION ( 'NONE',  ( 0.0000000000000000000, 1.000000000000000000, 0.0000000000000000000 ) ) ;
#7180 =( NAMED_UNIT ( * ) SI_UNIT ( $, .STERADIAN. ) SOLID_ANGLE_UNIT ( ) );
#7181 = AXIS2_PLACEMENT_3D ( 'NONE', #1003, #3015, #5147 ) ;
#7182 = FILL_AREA_STYLE_COLOUR ( '', #3107 ) ;
#7183 = CARTESIAN_POINT ( 'NONE',  ( 2.540000000000131500, 6.299999999999999800, 4.090000000000001600 ) ) ;
#7184 = ORIENTED_EDGE ( 'NONE', *, *, #801, .T. ) ;
#7185 = CARTESIAN_POINT ( 'NONE',  ( -5.079999999999948600, 6.100000000000000500, -2.539999999999999600 ) ) ;
#7186 = VECTOR ( 'NONE', #7071, 1000.000000000000000 ) ;
#7187 = DIRECTION ( 'NONE',  ( 0.0000000000000000000, -0.0000000000000000000, -1.000000000000000000 ) ) ;
#7188 = ORIENTED_EDGE ( 'NONE', *, *, #2153, .F. ) ;
#7189 = EDGE_CURVE ( 'NONE', #6538, #3997, #7671, .T. ) ;
#7190 = DIRECTION ( 'NONE',  ( -0.0000000000000000000, 1.000000000000000000, -0.0000000000000000000 ) ) ;
#7191 = SURFACE_STYLE_USAGE ( .BOTH. , #6423 ) ;
#7192 = CARTESIAN_POINT ( 'NONE',  ( 2.540000000000078600, 6.100000000000000500, 0.0000000000000000000 ) ) ;
#7193 = FACE_OUTER_BOUND ( 'NONE', #5310, .T. ) ;
#7194 = ORIENTED_EDGE ( 'NONE', *, *, #1899, .T. ) ;
#7195 = CARTESIAN_POINT ( 'NONE',  ( 1.319602242073529200E-013, 6.100000000000000500, 4.090000000000001600 ) ) ;
#7196 = ADVANCED_FACE ( 'NONE', ( #1099 ), #8313, .F. ) ;
#7197 = CYLINDRICAL_SURFACE ( 'NONE', #605, 0.9899999999999995500 ) ;
#7198 = AXIS2_PLACEMENT_3D ( 'NONE', #4695, #2751, #600 ) ;
#7199 = FILL_AREA_STYLE_COLOUR ( '', #7639 ) ;
#7200 = ORIENTED_EDGE ( 'NONE', *, *, #1947, .T. ) ;
#7201 = ORIENTED_EDGE ( 'NONE', *, *, #6421, .F. ) ;
#7202 = DIRECTION ( 'NONE',  ( 0.0000000000000000000, 0.0000000000000000000, 1.000000000000000000 ) ) ;
#7203 = EDGE_CURVE ( 'NONE', #505, #3806, #5815, .T. ) ;
#7204 = CIRCLE ( 'NONE', #7286, 0.9899999999999995500 ) ;
#7205 = FACE_OUTER_BOUND ( 'NONE', #1355, .T. ) ;
#7206 = ADVANCED_FACE ( 'NONE', ( #2158 ), #1260, .F. ) ;
#7207 = CARTESIAN_POINT ( 'NONE',  ( 5.080000000000104900, 6.299999999999999800, 2.540000000000000500 ) ) ;
#7208 = ADVANCED_FACE ( 'NONE', ( #4628 ), #8063, .F. ) ;
#7209 = AXIS2_PLACEMENT_3D ( 'NONE', #7644, #3375, #2731 ) ;
#7210 = DIRECTION ( 'NONE',  ( -0.0000000000000000000, -1.000000000000000000, -0.0000000000000000000 ) ) ;
#7211 = FACE_OUTER_BOUND ( 'NONE', #5735, .T. ) ;
#7212 =( LENGTH_UNIT ( ) NAMED_UNIT ( * ) SI_UNIT ( .MILLI., .METRE. ) );
#7213 = EDGE_CURVE ( 'NONE', #8588, #6993, #2807, .T. ) ;
#7214 = ORIENTED_EDGE ( 'NONE', *, *, #6809, .T. ) ;
#7215 = AXIS2_PLACEMENT_3D ( 'NONE', #8613, #8011, #4472 ) ;
#7216 = DIRECTION ( 'NONE',  ( -0.0000000000000000000, 1.000000000000000000, -0.0000000000000000000 ) ) ;
#7217 = ORIENTED_EDGE ( 'NONE', *, *, #3640, .F. ) ;
#7218 = ORIENTED_EDGE ( 'NONE', *, *, #115, .T. ) ;
#7219 = FACE_BOUND ( 'NONE', #676, .T. ) ;
#7220 = PLANE ( 'NONE',  #8852 ) ;
#7221 = CARTESIAN_POINT ( 'NONE',  ( 3.960000000000000900, -4.799999999999999800, 1.019999999999999100 ) ) ;
#7222 = AXIS2_PLACEMENT_3D ( 'NONE', #4207, #3479, #2745 ) ;
#7223 = CARTESIAN_POINT ( 'NONE',  ( -7.461217048728156800E-016, 3.299857146501273600, -8.609999999999999400 ) ) ;
#7224 = MECHANICAL_DESIGN_GEOMETRIC_PRESENTATION_REPRESENTATION (  '', ( #5938 ), #7754 ) ;
#7225 = FACE_OUTER_BOUND ( 'NONE', #7432, .T. ) ;
#7226 = ORIENTED_EDGE ( 'NONE', *, *, #1168, .F. ) ;
#7227 = CARTESIAN_POINT ( 'NONE',  ( -3.660000000000001000, 1.000000000000000000, 3.559999999999998700 ) ) ;
#7228 = DIRECTION ( 'NONE',  ( -0.0000000000000000000, 1.000000000000000000, -0.0000000000000000000 ) ) ;
#7229 = CARTESIAN_POINT ( 'NONE',  ( 2.540000000000158600, 6.100000000000000500, 7.620000000000000100 ) ) ;
#7230 = EDGE_CURVE ( 'NONE', #8934, #5811, #3763, .T. ) ;
#7231 = DIRECTION ( 'NONE',  ( -1.000000000000000000, 0.0000000000000000000, 0.0000000000000000000 ) ) ;
#7232 = EDGE_LOOP ( 'NONE', ( #4672, #3561, #821, #2558 ) ) ;
#7233 = DIRECTION ( 'NONE',  ( 0.0000000000000000000, 1.000000000000000000, 0.0000000000000000000 ) ) ;
#7234 = FACE_OUTER_BOUND ( 'NONE', #6553, .T. ) ;
#7235 = AXIS2_PLACEMENT_3D ( 'NONE', #6184, #6938, #2728 ) ;
#7236 = CARTESIAN_POINT ( 'NONE',  ( -2.539999999999921400, 6.299999999999999800, 0.0000000000000000000 ) ) ;
#7237 = VERTEX_POINT ( 'NONE', #3931 ) ;
#7238 = FACE_OUTER_BOUND ( 'NONE', #6347, .T. ) ;
#7239 = CARTESIAN_POINT ( 'NONE',  ( 5.080000000000079100, 6.100000000000000500, -0.9899999999999993200 ) ) ;
#7240 = EDGE_CURVE ( 'NONE', #6539, #3270, #8093, .T. ) ;
#7241 = LINE ( 'NONE', #2957, #2910 ) ;
#7242 = CARTESIAN_POINT ( 'NONE',  ( 2.540000000000131500, 6.100000000000000500, 6.070000000000001200 ) ) ;
#7243 = PLANE ( 'NONE',  #2793 ) ;
#7244 = DIRECTION ( 'NONE',  ( 0.0000000000000000000, 1.000000000000000000, 0.0000000000000000000 ) ) ;
#7246 = DIRECTION ( 'NONE',  ( 0.0000000000000000000, 0.0000000000000000000, 1.000000000000000000 ) ) ;
#7245 = DIRECTION ( 'NONE',  ( -0.0000000000000000000, 1.000000000000000000, -0.0000000000000000000 ) ) ;
#7247 = EDGE_LOOP ( 'NONE', ( #3808, #811, #7380, #7450 ) ) ;
#7248 = FACE_OUTER_BOUND ( 'NONE', #6255, .T. ) ;
#7249 = PRESENTATION_LAYER_ASSIGNMENT (  '', '', ( #4930 ) ) ;
#7250 = FACE_OUTER_BOUND ( 'NONE', #1403, .T. ) ;
#7251 = ADVANCED_FACE ( 'NONE', ( #7234 ), #4734, .T. ) ;
#7252 = LINE ( 'NONE', #3996, #5933 ) ;
#7253 = VERTEX_POINT ( 'NONE', #3218 ) ;
#7254 = DIRECTION ( 'NONE',  ( 0.0000000000000000000, 0.0000000000000000000, 1.000000000000000000 ) ) ;
#7255 = CARTESIAN_POINT ( 'NONE',  ( 3.960000000000000900, 1.000000000000000000, -1.020000000000000000 ) ) ;
#7256 = ADVANCED_FACE ( 'NONE', ( #5393 ), #4847, .F. ) ;
#7257 = CARTESIAN_POINT ( 'NONE',  ( -3.960000000000000900, -4.799999999999999800, 4.059999999999999600 ) ) ;
#7258 = EDGE_CURVE ( 'NONE', #6156, #4354, #1950, .T. ) ;
#7259 = ORIENTED_EDGE ( 'NONE', *, *, #8737, .F. ) ;
#7260 = DIRECTION ( 'NONE',  ( 1.000000000000000000, 0.0000000000000000000, 0.0000000000000000000 ) ) ;
#7261 = FACE_OUTER_BOUND ( 'NONE', #6982, .T. ) ;
#7262 = DIRECTION ( 'NONE',  ( 0.0000000000000000000, 0.0000000000000000000, 1.000000000000000000 ) ) ;
#7263 =( NAMED_UNIT ( * ) SI_UNIT ( $, .STERADIAN. ) SOLID_ANGLE_UNIT ( ) );
#7264 = DIRECTION ( 'NONE',  ( 0.0000000000000000000, 1.000000000000000000, 0.0000000000000000000 ) ) ;
#7265 = CIRCLE ( 'NONE', #1498, 0.9899999999999995500 ) ;
#7266 = CIRCLE ( 'NONE', #7171, 0.9899999999999995500 ) ;
#7267 = AXIS2_PLACEMENT_3D ( 'NONE', #5563, #7012, #8431 ) ;
#7268 = CARTESIAN_POINT ( 'NONE',  ( -2.539999999999894800, 6.100000000000000500, 2.540000000000000500 ) ) ;
#7269 = CIRCLE ( 'NONE', #5156, 0.9899999999999995500 ) ;
#7270 = EDGE_LOOP ( 'NONE', ( #4356, #6627, #3729, #2343 ) ) ;
#7271 = ORIENTED_EDGE ( 'NONE', *, *, #6053, .F. ) ;
#7272 = ORIENTED_EDGE ( 'NONE', *, *, #8710, .T. ) ;
#7273 = FILL_AREA_STYLE_COLOUR ( '', #385 ) ;
#7274 = EDGE_CURVE ( 'NONE', #3806, #1008, #3546, .T. ) ;
#7275 = LINE ( 'NONE', #8657, #4449 ) ;
#7276 = FACE_OUTER_BOUND ( 'NONE', #381, .T. ) ;
#7277 = ORIENTED_EDGE ( 'NONE', *, *, #5785, .F. ) ;
#7278 = CARTESIAN_POINT ( 'NONE',  ( 1.319602242073529200E-013, 6.100000000000000500, 4.090000000000001600 ) ) ;
#7279 = VERTEX_POINT ( 'NONE', #4820 ) ;
#7280 = EDGE_LOOP ( 'NONE', ( #4504, #3718, #6928, #6460 ) ) ;
#7281 = CARTESIAN_POINT ( 'NONE',  ( 7.892991815694472300E-014, 6.299999999999999800, 0.0000000000000000000 ) ) ;
#7282 = CARTESIAN_POINT ( 'NONE',  ( 5.080000000000104900, 6.299999999999999800, 2.540000000000000500 ) ) ;
#7283 = FACE_OUTER_BOUND ( 'NONE', #384, .T. ) ;
#7284 = ORIENTED_EDGE ( 'NONE', *, *, #6595, .F. ) ;
#7285 = EDGE_CURVE ( 'NONE', #3065, #4958, #5921, .T. ) ;
#7286 = AXIS2_PLACEMENT_3D ( 'NONE', #760, #5583, #2122 ) ;
#7287 = FILL_AREA_STYLE ('',( #2456 ) ) ;
#7288 = CARTESIAN_POINT ( 'NONE',  ( -3.660000000000001000, -4.799999999999999800, -6.099999999999999600 ) ) ;
#7289 = CARTESIAN_POINT ( 'NONE',  ( 5.080000000000053400, 6.100000000000000500, -2.539999999999999600 ) ) ;
#7290 = ORIENTED_EDGE ( 'NONE', *, *, #2459, .F. ) ;
#7291 = ORIENTED_EDGE ( 'NONE', *, *, #8438, .F. ) ;
#7292 =( NAMED_UNIT ( * ) SI_UNIT ( $, .STERADIAN. ) SOLID_ANGLE_UNIT ( ) );
#7293 = DIRECTION ( 'NONE',  ( 0.0000000000000000000, -0.0000000000000000000, 1.000000000000000000 ) ) ;
#7294 = CARTESIAN_POINT ( 'NONE',  ( -6.329999999999997400, 6.100000000000000500, 8.869999999999999200 ) ) ;
#7295 = DIRECTION ( 'NONE',  ( 0.0000000000000000000, 1.000000000000000000, 0.0000000000000000000 ) ) ;
#7296 = VERTEX_POINT ( 'NONE', #5515 ) ;
#7297 =( GEOMETRIC_REPRESENTATION_CONTEXT ( 3 ) GLOBAL_UNCERTAINTY_ASSIGNED_CONTEXT ( ( #1667 ) ) GLOBAL_UNIT_ASSIGNED_CONTEXT ( ( #4222, #137, #4951 ) ) REPRESENTATION_CONTEXT ( 'NONE', 'WORKASPACE' ) );
#7298 = LINE ( 'NONE', #4069, #5552 ) ;
#7299 = VERTEX_POINT ( 'NONE', #6851 ) ;
#7300 = DIRECTION ( 'NONE',  ( 1.000000000000000000, 0.0000000000000000000, 0.0000000000000000000 ) ) ;
#7301 = ADVANCED_FACE ( 'NONE', ( #671 ), #8903, .F. ) ;
#7302 = EDGE_CURVE ( 'NONE', #87, #4079, #8728, .T. ) ;
#7303 = CLOSED_SHELL ( 'NONE', ( #3338, #4894, #141, #7702 ) ) ;
#7304 = VECTOR ( 'NONE', #6894, 1000.000000000000000 ) ;
#7305 = DIRECTION ( 'NONE',  ( 0.0000000000000000000, 1.000000000000000000, 0.0000000000000000000 ) ) ;
#7306 = DIRECTION ( 'NONE',  ( 0.0000000000000000000, 0.0000000000000000000, 1.000000000000000000 ) ) ;
#7307 = ORIENTED_EDGE ( 'NONE', *, *, #2863, .T. ) ;
#7308 = ORIENTED_EDGE ( 'NONE', *, *, #8858, .T. ) ;
#7309 = DIRECTION ( 'NONE',  ( -1.000000000000000000, 0.0000000000000000000, 0.0000000000000000000 ) ) ;
#7310 = AXIS2_PLACEMENT_3D ( 'NONE', #7192, #3038, #3159 ) ;
#7311 = EDGE_CURVE ( 'NONE', #7838, #924, #4839, .T. ) ;
#7312 = DIRECTION ( 'NONE',  ( 0.0000000000000000000, 1.000000000000000000, 0.0000000000000000000 ) ) ;
#7313 = SURFACE_STYLE_USAGE ( .BOTH. , #6011 ) ;
#7314 = VECTOR ( 'NONE', #5035, 1000.000000000000000 ) ;
#7315 = AXIS2_PLACEMENT_3D ( 'NONE', #6084, #8168, #8801 ) ;
#7316 = CARTESIAN_POINT ( 'NONE',  ( 2.540000000000131500, 6.100000000000000500, 5.080000000000001000 ) ) ;
#7317 = EDGE_LOOP ( 'NONE', ( #3549, #2516, #1552, #6657 ) ) ;
#7318 = DIRECTION ( 'NONE',  ( -1.000000000000000000, 0.0000000000000000000, -0.0000000000000000000 ) ) ;
#7319 = EDGE_CURVE ( 'NONE', #914, #5249, #5592, .T. ) ;
#7320 = EDGE_LOOP ( 'NONE', ( #4289, #1876 ) ) ;
#7321 = CARTESIAN_POINT ( 'NONE',  ( 2.540000000000051500, 6.299999999999999800, -1.550000000000000500 ) ) ;
#7322 = FACE_BOUND ( 'NONE', #5644, .T. ) ;
#7323 = AXIS2_PLACEMENT_3D ( 'NONE', #8788, #6769, #3959 ) ;
#7324 = CIRCLE ( 'NONE', #2972, 0.9899999999999995500 ) ;
#7325 = ORIENTED_EDGE ( 'NONE', *, *, #7762, .T. ) ;
#7326 = CARTESIAN_POINT ( 'NONE',  ( -5.079999999999894400, 6.100000000000000500, 1.550000000000001200 ) ) ;
#7327 = ORIENTED_EDGE ( 'NONE', *, *, #3128, .T. ) ;
#7328 = EDGE_CURVE ( 'NONE', #4843, #351, #1835, .T. ) ;
#7329 = STYLED_ITEM ( 'NONE', ( #6262 ), #588 ) ;
#7330 = PLANE ( 'NONE',  #6027 ) ;
#7331 = EDGE_LOOP ( 'NONE', ( #6699, #562, #2636, #6455 ) ) ;
#7332 = ADVANCED_FACE ( 'NONE', ( #3977 ), #7988, .F. ) ;
#7333 = CARTESIAN_POINT ( 'NONE',  ( 5.080000000000159100, 6.100000000000000500, 7.620000000000000100 ) ) ;
#7334 = DIRECTION ( 'NONE',  ( 0.0000000000000000000, -0.0000000000000000000, 1.000000000000000000 ) ) ;
#7335 =( GEOMETRIC_REPRESENTATION_CONTEXT ( 3 ) GLOBAL_UNCERTAINTY_ASSIGNED_CONTEXT ( ( #3933 ) ) GLOBAL_UNIT_ASSIGNED_CONTEXT ( ( #1476, #2984, #4290 ) ) REPRESENTATION_CONTEXT ( 'NONE', 'WORKASPACE' ) );
#7336 = CARTESIAN_POINT ( 'NONE',  ( -5.079999999999894400, 6.299999999999999800, 3.530000000000000200 ) ) ;
#7337 = VERTEX_POINT ( 'NONE', #7 ) ;
#7338 = VECTOR ( 'NONE', #1014, 1000.000000000000000 ) ;
#7339 = AXIS2_PLACEMENT_3D ( 'NONE', #8167, #4029, #4713 ) ;
#7340 = DIRECTION ( 'NONE',  ( 0.0000000000000000000, 1.000000000000000000, 0.0000000000000000000 ) ) ;
#7341 = ORIENTED_EDGE ( 'NONE', *, *, #4055, .F. ) ;
#7342 = CARTESIAN_POINT ( 'NONE',  ( -3.960000000000000900, -4.799999999999999800, 1.519999999999999600 ) ) ;
#7343 = EDGE_CURVE ( 'NONE', #6234, #7237, #1941, .T. ) ;
#7344 = CARTESIAN_POINT ( 'NONE',  ( -2.539999999999921400, 6.100000000000000500, 0.0000000000000000000 ) ) ;
#7345 = VERTEX_POINT ( 'NONE', #1319 ) ;
#7346 = FACE_OUTER_BOUND ( 'NONE', #4112, .T. ) ;
#7347 = CARTESIAN_POINT ( 'NONE',  ( -3.960000000000000900, 1.000000000000000000, 4.059999999999999600 ) ) ;
#7348 = ORIENTED_EDGE ( 'NONE', *, *, #130, .T. ) ;
#7349 = LINE ( 'NONE', #5537, #2500 ) ;
#7350 = VERTEX_POINT ( 'NONE', #668 ) ;
#7351 = AXIS2_PLACEMENT_3D ( 'NONE', #1634, #3799, #3004 ) ;
#7352 = DIRECTION ( 'NONE',  ( 0.0000000000000000000, 0.0000000000000000000, 1.000000000000000000 ) ) ;
#7353 = ORIENTED_EDGE ( 'NONE', *, *, #6903, .F. ) ;
#7354 = FACE_OUTER_BOUND ( 'NONE', #1065, .T. ) ;
#7355 = EDGE_CURVE ( 'NONE', #5740, #5317, #6896, .T. ) ;
#7356 = CARTESIAN_POINT ( 'NONE',  ( -3.960000000000000900, -4.799999999999999800, -4.060000000000000500 ) ) ;
#7357 = SURFACE_STYLE_USAGE ( .BOTH. , #2597 ) ;
#7358 = DIRECTION ( 'NONE',  ( 0.0000000000000000000, 1.000000000000000000, 0.0000000000000000000 ) ) ;
#7359 = MANIFOLD_SOLID_BREP ( 'LED 22', #737 ) ;
#7360 =( GEOMETRIC_REPRESENTATION_CONTEXT ( 3 ) GLOBAL_UNCERTAINTY_ASSIGNED_CONTEXT ( ( #1272 ) ) GLOBAL_UNIT_ASSIGNED_CONTEXT ( ( #4961, #7809, #5736 ) ) REPRESENTATION_CONTEXT ( 'NONE', 'WORKASPACE' ) );
#7361 = FACE_OUTER_BOUND ( 'NONE', #1036, .T. ) ;
#7362 = VERTEX_POINT ( 'NONE', #4795 ) ;
#7363 = ORIENTED_EDGE ( 'NONE', *, *, #3994, .T. ) ;
#7364 = CARTESIAN_POINT ( 'NONE',  ( -5.080000000000001000, 6.100000000000000500, -6.630000000000000800 ) ) ;
#7366 = VECTOR ( 'NONE', #2083, 1000.000000000000000 ) ;
#7365 = CARTESIAN_POINT ( 'NONE',  ( 3.660000000000001000, -10.18309518948452900, -4.060000000000000500 ) ) ;
#7367 = CARTESIAN_POINT ( 'NONE',  ( 5.080000000000025800, 6.100000000000000500, -6.069999999999999400 ) ) ;
#7368 = ORIENTED_EDGE ( 'NONE', *, *, #3982, .T. ) ;
#7369 = SURFACE_STYLE_FILL_AREA ( #965 ) ;
#7370 = DIRECTION ( 'NONE',  ( 0.0000000000000000000, 1.000000000000000000, 0.0000000000000000000 ) ) ;
#7371 = EDGE_CURVE ( 'NONE', #5975, #4926, #5049, .T. ) ;
#7372 = CARTESIAN_POINT ( 'NONE',  ( 5.080000000000133300, 6.100000000000000500, 5.080000000000001000 ) ) ;
#7373 = ORIENTED_EDGE ( 'NONE', *, *, #6470, .T. ) ;
#7374 = ORIENTED_EDGE ( 'NONE', *, *, #2657, .T. ) ;
#7375 = FILL_AREA_STYLE_COLOUR ( '', #1706 ) ;
#7376 = ORIENTED_EDGE ( 'NONE', *, *, #7371, .T. ) ;
#7377 = CARTESIAN_POINT ( 'NONE',  ( -5.079999999999948600, 6.100000000000000500, -3.529999999999999400 ) ) ;
#7378 = SURFACE_STYLE_USAGE ( .BOTH. , #5094 ) ;
#7379 = ORIENTED_EDGE ( 'NONE', *, *, #5463, .T. ) ;
#7380 = ORIENTED_EDGE ( 'NONE', *, *, #2417, .F. ) ;
#7381 = FACE_OUTER_BOUND ( 'NONE', #7270, .T. ) ;
#7382 = VECTOR ( 'NONE', #1363, 1000.000000000000000 ) ;
#7383 = CARTESIAN_POINT ( 'NONE',  ( -2.539999999999867700, 6.299999999999999800, 4.090000000000001600 ) ) ;
#7384 = ORIENTED_EDGE ( 'NONE', *, *, #7643, .F. ) ;
#7385 = ADVANCED_FACE ( 'NONE', ( #5492 ), #6356, .F. ) ;
#7386 = EDGE_CURVE ( 'NONE', #5779, #1955, #7662, .T. ) ;
#7387 = PLANE ( 'NONE',  #2022 ) ;
#7388 = ORIENTED_EDGE ( 'NONE', *, *, #1019, .F. ) ;
#7389 = MECHANICAL_DESIGN_GEOMETRIC_PRESENTATION_REPRESENTATION (  '', ( #5526 ), #7796 ) ;
#7390 = EDGE_LOOP ( 'NONE', ( #5585, #7599 ) ) ;
#7391 = ORIENTED_EDGE ( 'NONE', *, *, #5473, .F. ) ;
#7392 = FILL_AREA_STYLE_COLOUR ( '', #8343 ) ;
#7393 = VERTEX_POINT ( 'NONE', #4974 ) ;
#7394 = DIRECTION ( 'NONE',  ( 0.0000000000000000000, 0.0000000000000000000, 1.000000000000000000 ) ) ;
#7395 = CARTESIAN_POINT ( 'NONE',  ( 5.204170427930421300E-014, 3.299857146501273600, -2.539999999999999600 ) ) ;
#7396 = VECTOR ( 'NONE', #153, 1000.000000000000000 ) ;
#7397 = FACE_OUTER_BOUND ( 'NONE', #4193, .T. ) ;
#7398 = ORIENTED_EDGE ( 'NONE', *, *, #309, .T. ) ;
#7399 = AXIS2_PLACEMENT_3D ( 'NONE', #7534, #1244, #2653 ) ;
#7400 = CARTESIAN_POINT ( 'NONE',  ( 2.539999999999998700, 6.299999999999999800, -8.609999999999999400 ) ) ;
#7401 = DIRECTION ( 'NONE',  ( 0.0000000000000000000, -0.0000000000000000000, 1.000000000000000000 ) ) ;
#7402 =( NAMED_UNIT ( * ) SI_UNIT ( $, .STERADIAN. ) SOLID_ANGLE_UNIT ( ) );
#7403 = CARTESIAN_POINT ( 'NONE',  ( 2.539999999999998700, 6.299999999999999800, -7.620000000000000100 ) ) ;
#7404 = ORIENTED_EDGE ( 'NONE', *, *, #5123, .F. ) ;
#7405 = DIRECTION ( 'NONE',  ( 1.000000000000000000, 0.0000000000000000000, 0.0000000000000000000 ) ) ;
#7406 = VECTOR ( 'NONE', #2931, 1000.000000000000000 ) ;
#7407 = CARTESIAN_POINT ( 'NONE',  ( 3.660000000000001000, -10.18309518948452900, 6.599999999999999600 ) ) ;
#7408 = ORIENTED_EDGE ( 'NONE', *, *, #863, .F. ) ;
#7409 = CARTESIAN_POINT ( 'NONE',  ( 5.080000000000159100, 6.299999999999999800, 6.630000000000000800 ) ) ;
#7410 = DIRECTION ( 'NONE',  ( 0.0000000000000000000, 0.0000000000000000000, 1.000000000000000000 ) ) ;
#7411 = DIRECTION ( 'NONE',  ( 0.0000000000000000000, 1.000000000000000000, 0.0000000000000000000 ) ) ;
#7412 = FILL_AREA_STYLE_COLOUR ( '', #3136 ) ;
#7413 = AXIS2_PLACEMENT_3D ( 'NONE', #2944, #7819, #4970 ) ;
#7414 = CYLINDRICAL_SURFACE ( 'NONE', #681, 0.9899999999999993200 ) ;
#7415 = EDGE_LOOP ( 'NONE', ( #6391, #1078, #3577, #1482 ) ) ;
#7416 = CIRCLE ( 'NONE', #8086, 0.9899999999999993200 ) ;
#7417 = PLANE ( 'NONE',  #7834 ) ;
#7418 = VERTEX_POINT ( 'NONE', #7523 ) ;
#7419 = EDGE_CURVE ( 'NONE', #5006, #1612, #6452, .T. ) ;
#7420 = ORIENTED_EDGE ( 'NONE', *, *, #1647, .F. ) ;
#7421 = CIRCLE ( 'NONE', #6685, 0.9899999999999993200 ) ;
#7422 = UNCERTAINTY_MEASURE_WITH_UNIT (LENGTH_MEASURE( 1.000000000000000100E-005 ), #2576, 'distance_accuracy_value', 'NONE');
#7423 = DIRECTION ( 'NONE',  ( -0.0000000000000000000, -1.000000000000000000, -0.0000000000000000000 ) ) ;
#7424 = CIRCLE ( 'NONE', #1255, 0.9899999999999995500 ) ;
#7425 = AXIS2_PLACEMENT_3D ( 'NONE', #7996, #1140, #8712 ) ;
#7426 = DIRECTION ( 'NONE',  ( 0.0000000000000000000, 0.0000000000000000000, -1.000000000000000000 ) ) ;
#7427 =( LENGTH_UNIT ( ) NAMED_UNIT ( * ) SI_UNIT ( .MILLI., .METRE. ) );
#7428 = EDGE_CURVE ( 'NONE', #820, #6845, #4621, .T. ) ;
#7429 = ADVANCED_FACE ( 'NONE', ( #2263 ), #2797, .T. ) ;
#7430 = CARTESIAN_POINT ( 'NONE',  ( -5.080000000000001000, 3.299857146501273600, -8.609999999999999400 ) ) ;
#7431 = DIRECTION ( 'NONE',  ( -0.0000000000000000000, 1.000000000000000000, -0.0000000000000000000 ) ) ;
#7432 = EDGE_LOOP ( 'NONE', ( #2105, #2009, #8344, #4454 ) ) ;
#7433 = CARTESIAN_POINT ( 'NONE',  ( 3.960000000000000900, -4.799999999999999800, 6.599999999999999600 ) ) ;
#7434 = DIRECTION ( 'NONE',  ( -0.0000000000000000000, 1.000000000000000000, -0.0000000000000000000 ) ) ;
#7435 = ORIENTED_EDGE ( 'NONE', *, *, #4350, .F. ) ;
#7436 = PRESENTATION_LAYER_ASSIGNMENT (  '', '', ( #4475 ) ) ;
#7437 = DIRECTION ( 'NONE',  ( 0.0000000000000000000, 1.000000000000000000, 0.0000000000000000000 ) ) ;
#7438 = CIRCLE ( 'NONE', #6111, 0.9899999999999995500 ) ;
#7439 = DIRECTION ( 'NONE',  ( 0.0000000000000000000, 0.0000000000000000000, 1.000000000000000000 ) ) ;
#7440 = CARTESIAN_POINT ( 'NONE',  ( 5.080000000000079100, 3.299857146501273600, 0.0000000000000000000 ) ) ;
#7441 = CARTESIAN_POINT ( 'NONE',  ( -7.461217048728156800E-016, 6.100000000000000500, -8.609999999999999400 ) ) ;
#7442 = PRESENTATION_LAYER_ASSIGNMENT (  '', '', ( #4194 ) ) ;
#7443 = VECTOR ( 'NONE', #3526, 1000.000000000000000 ) ;
#7444 = EDGE_LOOP ( 'NONE', ( #7998, #8411 ) ) ;
#7445 = VERTEX_POINT ( 'NONE', #783 ) ;
#7446 = CARTESIAN_POINT ( 'NONE',  ( 6.330000000000001800, 1.000000000000000000, 7.302499999999997500 ) ) ;
#7447 = EDGE_CURVE ( 'NONE', #8218, #8732, #5806, .T. ) ;
#7448 = AXIS2_PLACEMENT_3D ( 'NONE', #4370, #254, #1630 ) ;
#7449 = DIRECTION ( 'NONE',  ( 0.0000000000000000000, 0.0000000000000000000, 1.000000000000000000 ) ) ;
#7450 = ORIENTED_EDGE ( 'NONE', *, *, #4832, .F. ) ;
#7451 = LINE ( 'NONE', #2173, #3009 ) ;
#7452 = VECTOR ( 'NONE', #2226, 1000.000000000000000 ) ;
#7453 =( LENGTH_UNIT ( ) NAMED_UNIT ( * ) SI_UNIT ( .MILLI., .METRE. ) );
#7454 = CARTESIAN_POINT ( 'NONE',  ( -2.540000000000000900, 6.100000000000000500, -6.630000000000000800 ) ) ;
#7455 = DIRECTION ( 'NONE',  ( 0.0000000000000000000, 0.0000000000000000000, 1.000000000000000000 ) ) ;
#7456 = CARTESIAN_POINT ( 'NONE',  ( -3.660000000000001000, 1.000000000000000000, 6.099999999999999600 ) ) ;
#7457 = CARTESIAN_POINT ( 'NONE',  ( -3.960000000000000900, -10.18309518948452900, 1.019999999999999100 ) ) ;
#7458 =( LENGTH_UNIT ( ) NAMED_UNIT ( * ) SI_UNIT ( .MILLI., .METRE. ) );
#7459 = ORIENTED_EDGE ( 'NONE', *, *, #7001, .T. ) ;
#7460 = LINE ( 'NONE', #455, #8108 ) ;
#7461 = CARTESIAN_POINT ( 'NONE',  ( -6.329999999999997400, 6.100000000000000500, -8.869999999999999200 ) ) ;
#7462 = CARTESIAN_POINT ( 'NONE',  ( -3.960000000000000900, 1.000000000000000000, -1.020000000000000000 ) ) ;
#7463 = EDGE_CURVE ( 'NONE', #5396, #5904, #3645, .T. ) ;
#7464 = CARTESIAN_POINT ( 'NONE',  ( 3.660000000000001000, 1.000000000000000000, 6.099999999999999600 ) ) ;
#7465 = CYLINDRICAL_SURFACE ( 'NONE', #4764, 0.9899999999999993200 ) ;
#7466 = ORIENTED_EDGE ( 'NONE', *, *, #2005, .T. ) ;
#7467 = ADVANCED_FACE ( 'NONE', ( #7225 ), #4518, .T. ) ;
#7468 = FACE_BOUND ( 'NONE', #8038, .T. ) ;
#7469 = AXIS2_PLACEMENT_3D ( 'NONE', #4373, #5099, #3103 ) ;
#7470 = CARTESIAN_POINT ( 'NONE',  ( 5.080000000000053400, 6.299999999999999800, -1.550000000000000500 ) ) ;
#7471 = VECTOR ( 'NONE', #6826, 1000.000000000000000 ) ;
#7472 = FACE_OUTER_BOUND ( 'NONE', #7247, .T. ) ;
#7473 = DIRECTION ( 'NONE',  ( 0.0000000000000000000, 1.000000000000000000, 0.0000000000000000000 ) ) ;
#7474 = PLANE ( 'NONE',  #2099 ) ;
#7475 = EDGE_CURVE ( 'NONE', #1955, #2947, #7104, .T. ) ;
#7476 = LINE ( 'NONE', #5956, #2620 ) ;
#7477 = DIRECTION ( 'NONE',  ( 0.0000000000000000000, 0.0000000000000000000, 1.000000000000000000 ) ) ;
#7478 = ORIENTED_EDGE ( 'NONE', *, *, #3735, .T. ) ;
#7479 = CARTESIAN_POINT ( 'NONE',  ( 3.960000000000000900, -4.799999999999999800, -1.520000000000000500 ) ) ;
#7480 = ORIENTED_EDGE ( 'NONE', *, *, #7965, .T. ) ;
#7481 = ORIENTED_EDGE ( 'NONE', *, *, #4875, .F. ) ;
#7482 = CARTESIAN_POINT ( 'NONE',  ( -5.079999999999868600, 6.299999999999999800, 4.090000000000001600 ) ) ;
#7483 = ORIENTED_EDGE ( 'NONE', *, *, #752, .T. ) ;
#7484 = AXIS2_PLACEMENT_3D ( 'NONE', #5626, #2866, #6145 ) ;
#7485 = ORIENTED_EDGE ( 'NONE', *, *, #386, .F. ) ;
#7486 = DIRECTION ( 'NONE',  ( 0.0000000000000000000, 1.000000000000000000, 0.0000000000000000000 ) ) ;
#7487 = LINE ( 'NONE', #6298, #2100 ) ;
#7488 = DIRECTION ( 'NONE',  ( 0.0000000000000000000, 1.000000000000000000, 0.0000000000000000000 ) ) ;
#7489 = ORIENTED_EDGE ( 'NONE', *, *, #2114, .F. ) ;
#7490 = ORIENTED_EDGE ( 'NONE', *, *, #6259, .F. ) ;
#7491 = CARTESIAN_POINT ( 'NONE',  ( -3.660000000000001000, -10.18309518948452900, -1.520000000000000500 ) ) ;
#7492 = EDGE_CURVE ( 'NONE', #2355, #8176, #8081, .T. ) ;
#7493 = FACE_OUTER_BOUND ( 'NONE', #7712, .T. ) ;
#7494 = FILL_AREA_STYLE_COLOUR ( '', #6648 ) ;
#7495 = EDGE_LOOP ( 'NONE', ( #4987, #6687 ) ) ;
#7496 = DIRECTION ( 'NONE',  ( 0.0000000000000000000, 1.000000000000000000, 0.0000000000000000000 ) ) ;
#7497 = PLANE ( 'NONE',  #186 ) ;
#7498 = CARTESIAN_POINT ( 'NONE',  ( 1.587271980518778500E-013, 3.299857146501273600, 7.620000000000000100 ) ) ;
#7499 = FACE_OUTER_BOUND ( 'NONE', #4964, .T. ) ;
#7500 = AXIS2_PLACEMENT_3D ( 'NONE', #901, #7082, #5580 ) ;
#7501 = VERTEX_POINT ( 'NONE', #7763 ) ;
#7502 = EDGE_LOOP ( 'NONE', ( #154, #3036, #3683, #7974 ) ) ;
#7503 = EDGE_CURVE ( 'NONE', #2846, #6173, #983, .T. ) ;
#7504 = DIRECTION ( 'NONE',  ( -0.0000000000000000000, 1.000000000000000000, -0.0000000000000000000 ) ) ;
#7505 = ORIENTED_EDGE ( 'NONE', *, *, #8424, .F. ) ;
#7506 = VECTOR ( 'NONE', #4938, 1000.000000000000000 ) ;
#7507 =( NAMED_UNIT ( * ) SI_UNIT ( $, .STERADIAN. ) SOLID_ANGLE_UNIT ( ) );
#7508 = CARTESIAN_POINT ( 'NONE',  ( -7.461217048728156800E-016, 6.299999999999999800, -8.609999999999999400 ) ) ;
#7509 = EDGE_LOOP ( 'NONE', ( #410, #8503, #4123, #2281 ) ) ;
#7510 = DIRECTION ( 'NONE',  ( -0.0000000000000000000, -0.0000000000000000000, 1.000000000000000000 ) ) ;
#7511 = CARTESIAN_POINT ( 'NONE',  ( -3.960000000000000900, -10.18309518948452900, -6.599999999999999600 ) ) ;
#7512 = ORIENTED_EDGE ( 'NONE', *, *, #7841, .T. ) ;
#7513 = AXIS2_PLACEMENT_3D ( 'NONE', #4933, #7628, #6209 ) ;
#7514 = FACE_OUTER_BOUND ( 'NONE', #2042, .T. ) ;
#7515 = AXIS2_PLACEMENT_3D ( 'NONE', #6037, #2487, #4611 ) ;
#7516 = ADVANCED_FACE ( 'NONE', ( #5276 ), #1571, .T. ) ;
#7517 = ORIENTED_EDGE ( 'NONE', *, *, #7074, .T. ) ;
#7518 = VERTEX_POINT ( 'NONE', #5688 ) ;
#7519 = CARTESIAN_POINT ( 'NONE',  ( -5.079999999999974300, 6.299999999999999800, -5.079999999999999200 ) ) ;
#7520 = PLANE ( 'NONE',  #4064 ) ;
#7521 = CARTESIAN_POINT ( 'NONE',  ( -3.960000000000000900, -4.799999999999999800, 6.099999999999999600 ) ) ;
#7522 = EDGE_CURVE ( 'NONE', #1478, #6805, #7550, .T. ) ;
#7523 = CARTESIAN_POINT ( 'NONE',  ( 2.539999999999998700, 6.100000000000000500, -8.609999999999999400 ) ) ;
#7524 = FACE_OUTER_BOUND ( 'NONE', #5527, .T. ) ;
#7525 = CARTESIAN_POINT ( 'NONE',  ( 5.080000000000079100, 6.299999999999999800, 0.9899999999999993200 ) ) ;
#7526 = FILL_AREA_STYLE ('',( #8156 ) ) ;
#7527 = LINE ( 'NONE', #8816, #7849 ) ;
#7528 = CARTESIAN_POINT ( 'NONE',  ( -5.079999999999974300, 6.299999999999999800, -6.069999999999999400 ) ) ;
#7529 = DIRECTION ( 'NONE',  ( 0.0000000000000000000, 1.000000000000000000, 0.0000000000000000000 ) ) ;
#7530 =( GEOMETRIC_REPRESENTATION_CONTEXT ( 3 ) GLOBAL_UNCERTAINTY_ASSIGNED_CONTEXT ( ( #4200 ) ) GLOBAL_UNIT_ASSIGNED_CONTEXT ( ( #6096, #6793, #2668 ) ) REPRESENTATION_CONTEXT ( 'NONE', 'WORKASPACE' ) );
#7531 = COLOUR_RGB ( '',0.7921568627450980000, 0.8196078431372548800, 0.9333333333333333500 ) ;
#7532 = MANIFOLD_SOLID_BREP ( 'LED 72', #7303 ) ;
#7533 = EDGE_CURVE ( 'NONE', #1620, #2147, #5043, .T. ) ;
#7534 = CARTESIAN_POINT ( 'NONE',  ( 1.058181320345852300E-013, 6.100000000000000500, 2.540000000000000500 ) ) ;
#7535 = EDGE_LOOP ( 'NONE', ( #4878, #8495 ) ) ;
#7536 = DIRECTION ( 'NONE',  ( 0.0000000000000000000, -0.0000000000000000000, 1.000000000000000000 ) ) ;
#7537 = ORIENTED_EDGE ( 'NONE', *, *, #2945, .T. ) ;
#7538 = FACE_BOUND ( 'NONE', #878, .T. ) ;
#7539 = DIRECTION ( 'NONE',  ( 0.0000000000000000000, 0.0000000000000000000, -1.000000000000000000 ) ) ;
#7540 = EDGE_CURVE ( 'NONE', #7076, #4625, #6444, .T. ) ;
#7541 = ORIENTED_EDGE ( 'NONE', *, *, #3652, .F. ) ;
#7542 = VERTEX_POINT ( 'NONE', #956 ) ;
#7543 = DIRECTION ( 'NONE',  ( -0.0000000000000000000, 1.000000000000000000, -0.0000000000000000000 ) ) ;
#7544 = DIRECTION ( 'NONE',  ( 0.0000000000000000000, 1.000000000000000000, 0.0000000000000000000 ) ) ;
#7545 = ORIENTED_EDGE ( 'NONE', *, *, #462, .T. ) ;
#7546 = DIRECTION ( 'NONE',  ( 0.0000000000000000000, 0.0000000000000000000, -1.000000000000000000 ) ) ;
#7547 = AXIS2_PLACEMENT_3D ( 'NONE', #1203, #7955, #6015 ) ;
#7548 = CARTESIAN_POINT ( 'NONE',  ( -3.960000000000000900, -4.799999999999999800, 6.099999999999999600 ) ) ;
#7550 = CIRCLE ( 'NONE', #2707, 0.9899999999999995500 ) ;
#7549 = CARTESIAN_POINT ( 'NONE',  ( 3.660000000000001000, -10.18309518948452900, 3.559999999999998700 ) ) ;
#7551 = CARTESIAN_POINT ( 'NONE',  ( -5.079999999999868600, 3.299857146501273600, 5.080000000000001000 ) ) ;
#7552 = PLANE ( 'NONE',  #8840 ) ;
#7553 = DIRECTION ( 'NONE',  ( 0.0000000000000000000, 1.000000000000000000, 0.0000000000000000000 ) ) ;
#7554 = EDGE_CURVE ( 'NONE', #2949, #6137, #444, .T. ) ;
#7555 = EDGE_CURVE ( 'NONE', #5358, #8934, #5482, .T. ) ;
#7556 = ORIENTED_EDGE ( 'NONE', *, *, #2532, .T. ) ;
#7557 = FACE_OUTER_BOUND ( 'NONE', #2471, .T. ) ;
#7558 = ADVANCED_FACE ( 'NONE', ( #207 ), #2292, .F. ) ;
#7559 =( NAMED_UNIT ( * ) PLANE_ANGLE_UNIT ( ) SI_UNIT ( $, .RADIAN. ) );
#7560 = ORIENTED_EDGE ( 'NONE', *, *, #3946, .F. ) ;
#7561 = VECTOR ( 'NONE', #5874, 1000.000000000000000 ) ;
#7562 = SURFACE_STYLE_USAGE ( .BOTH. , #6960 ) ;
#7563 = AXIS2_PLACEMENT_3D ( 'NONE', #1043, #1507, #2992 ) ;
#7564 = CARTESIAN_POINT ( 'NONE',  ( 2.540000000000025800, 6.100000000000000500, -6.069999999999999400 ) ) ;
#7565 = ORIENTED_EDGE ( 'NONE', *, *, #3428, .F. ) ;
#7566 = FACE_OUTER_BOUND ( 'NONE', #2801, .T. ) ;
#7567 = ORIENTED_EDGE ( 'NONE', *, *, #1439, .F. ) ;
#7568 = CLOSED_SHELL ( 'NONE', ( #5789, #4928, #7018, #2362 ) ) ;
#7569 = FACE_BOUND ( 'NONE', #1565, .T. ) ;
#7571 = FACE_OUTER_BOUND ( 'NONE', #623, .T. ) ;
#7570 = CARTESIAN_POINT ( 'NONE',  ( -2.539999999999841500, 6.100000000000000500, 7.620000000000000100 ) ) ;
#7572 = AXIS2_PLACEMENT_3D ( 'NONE', #3989, #4592, #1265 ) ;
#7573 = DIRECTION ( 'NONE',  ( 0.0000000000000000000, 0.0000000000000000000, 1.000000000000000000 ) ) ;
#7574 = CARTESIAN_POINT ( 'NONE',  ( -5.079999999999842000, 6.100000000000000500, 6.630000000000000800 ) ) ;
#7575 = VECTOR ( 'NONE', #1479, 1000.000000000000000 ) ;
#7576 = CARTESIAN_POINT ( 'NONE',  ( 2.540000000000105700, 6.100000000000000500, 2.540000000000000500 ) ) ;
#7577 = ORIENTED_EDGE ( 'NONE', *, *, #5558, .F. ) ;
#7578 = EDGE_CURVE ( 'NONE', #218, #2196, #8930, .T. ) ;
#7579 = DIRECTION ( 'NONE',  ( 0.0000000000000000000, -0.0000000000000000000, 1.000000000000000000 ) ) ;
#7580 = EDGE_LOOP ( 'NONE', ( #7738, #2978 ) ) ;
#7581 = VECTOR ( 'NONE', #7608, 1000.000000000000000 ) ;
#7582 = ORIENTED_EDGE ( 'NONE', *, *, #591, .F. ) ;
#7583 = VECTOR ( 'NONE', #1083, 1000.000000000000000 ) ;
#7584 = VERTEX_POINT ( 'NONE', #1695 ) ;
#7585 = ORIENTED_EDGE ( 'NONE', *, *, #1570, .F. ) ;
#7586 = PLANE ( 'NONE',  #421 ) ;
#7587 = CARTESIAN_POINT ( 'NONE',  ( 2.540000000000105700, 6.299999999999999800, 1.550000000000001200 ) ) ;
#7588 = VECTOR ( 'NONE', #507, 1000.000000000000000 ) ;
#7589 = ORIENTED_EDGE ( 'NONE', *, *, #6973, .F. ) ;
#7590 = PRODUCT_DEFINITION_SHAPE ( 'NONE', 'NONE',  #2031 ) ;
#7591 = ORIENTED_EDGE ( 'NONE', *, *, #5205, .F. ) ;
#7592 = ORIENTED_EDGE ( 'NONE', *, *, #876, .F. ) ;
#7593 = CARTESIAN_POINT ( 'NONE',  ( 2.540000000000025800, 6.100000000000000500, -4.089999999999999900 ) ) ;
#7594 = LINE ( 'NONE', #5620, #1879 ) ;
#7595 = AXIS2_PLACEMENT_3D ( 'NONE', #7570, #8920, #2056 ) ;
#7596 = FACE_OUTER_BOUND ( 'NONE', #5140, .T. ) ;
#7597 = CARTESIAN_POINT ( 'NONE',  ( 5.216294431241980000E-014, 6.100000000000000500, -3.529999999999999400 ) ) ;
#7598 = EDGE_CURVE ( 'NONE', #7445, #632, #3324, .T. ) ;
#7599 = ORIENTED_EDGE ( 'NONE', *, *, #1353, .T. ) ;
#7600 = DIRECTION ( 'NONE',  ( 0.0000000000000000000, 0.0000000000000000000, 1.000000000000000000 ) ) ;
#7601 = DIRECTION ( 'NONE',  ( -0.0000000000000000000, -0.0000000000000000000, -1.000000000000000000 ) ) ;
#7602 = ORIENTED_EDGE ( 'NONE', *, *, #3088, .F. ) ;
#7603 = VERTEX_POINT ( 'NONE', #7854 ) ;
#7604 = ORIENTED_EDGE ( 'NONE', *, *, #4103, .T. ) ;
#7605 = AXIS2_PLACEMENT_3D ( 'NONE', #7993, #3179, #1047 ) ;
#7606 = ADVANCED_FACE ( 'NONE', ( #6787 ), #6472, .F. ) ;
#7607 = EDGE_LOOP ( 'NONE', ( #8569, #7214, #5867, #3615 ) ) ;
#7608 = DIRECTION ( 'NONE',  ( 0.0000000000000000000, 1.000000000000000000, 0.0000000000000000000 ) ) ;
#7609 = DIRECTION ( 'NONE',  ( -0.0000000000000000000, 1.000000000000000000, -0.0000000000000000000 ) ) ;
#7610 = CYLINDRICAL_SURFACE ( 'NONE', #1031, 0.9899999999999995500 ) ;
#7611 = CYLINDRICAL_SURFACE ( 'NONE', #553, 0.9899999999999993200 ) ;
#7612 = DIRECTION ( 'NONE',  ( 0.0000000000000000000, 1.000000000000000000, 0.0000000000000000000 ) ) ;
#7613 = EDGE_CURVE ( 'NONE', #8543, #1917, #7324, .T. ) ;
#7614 = DIRECTION ( 'NONE',  ( 0.0000000000000000000, 1.000000000000000000, 0.0000000000000000000 ) ) ;
#7615 = ORIENTED_EDGE ( 'NONE', *, *, #6623, .T. ) ;
#7616 = DIRECTION ( 'NONE',  ( -0.0000000000000000000, 1.000000000000000000, -0.0000000000000000000 ) ) ;
#7617 = DIRECTION ( 'NONE',  ( 0.0000000000000000000, 0.0000000000000000000, 1.000000000000000000 ) ) ;
#7618 = DIRECTION ( 'NONE',  ( -1.000000000000000000, 0.0000000000000000000, -0.0000000000000000000 ) ) ;
#7619 = DIRECTION ( 'NONE',  ( 0.0000000000000000000, 0.0000000000000000000, 1.000000000000000000 ) ) ;
#7620 = ORIENTED_EDGE ( 'NONE', *, *, #8612, .F. ) ;
#7621 = MECHANICAL_DESIGN_GEOMETRIC_PRESENTATION_REPRESENTATION (  '', ( #6636 ), #8776 ) ;
#7622 = LINE ( 'NONE', #7294, #2554 ) ;
#7623 = ORIENTED_EDGE ( 'NONE', *, *, #6259, .T. ) ;
#7624 = EDGE_CURVE ( 'NONE', #6287, #1688, #8621, .T. ) ;
#7625 = DIRECTION ( 'NONE',  ( 0.0000000000000000000, 1.000000000000000000, 0.0000000000000000000 ) ) ;
#7626 = PRESENTATION_LAYER_ASSIGNMENT (  '', '', ( #8834 ) ) ;
#7627 = DIRECTION ( 'NONE',  ( -1.000000000000000000, -0.0000000000000000000, -0.0000000000000000000 ) ) ;
#7628 = DIRECTION ( 'NONE',  ( 0.0000000000000000000, 1.000000000000000000, 0.0000000000000000000 ) ) ;
#7629 = VECTOR ( 'NONE', #3955, 1000.000000000000000 ) ;
#7630 = ORIENTED_EDGE ( 'NONE', *, *, #2647, .T. ) ;
#7631 = CARTESIAN_POINT ( 'NONE',  ( -5.079999999999842000, 6.100000000000000500, 7.620000000000000100 ) ) ;
#7632 = VECTOR ( 'NONE', #6191, 1000.000000000000000 ) ;
#7633 = CARTESIAN_POINT ( 'NONE',  ( -4.762500000000000200, 0.0000000000000000000, -8.869999999999997400 ) ) ;
#7634 = DIRECTION ( 'NONE',  ( -0.0000000000000000000, 1.000000000000000000, -0.0000000000000000000 ) ) ;
#7635 = EDGE_LOOP ( 'NONE', ( #5914, #2013, #5562, #1666 ) ) ;
#7636 = AXIS2_PLACEMENT_3D ( 'NONE', #758, #84, #6268 ) ;
#7638 = LINE ( 'NONE', #994, #6770 ) ;
#7637 = PRESENTATION_LAYER_ASSIGNMENT (  '', '', ( #5938 ) ) ;
#7639 = COLOUR_RGB ( '',0.5019607843137254800, 0.5019607843137254800, 0.5019607843137254800 ) ;
#7640 = DIRECTION ( 'NONE',  ( 0.0000000000000000000, 0.0000000000000000000, 1.000000000000000000 ) ) ;
#7641 = PLANE ( 'NONE',  #4653 ) ;
#7642 = CARTESIAN_POINT ( 'NONE',  ( 3.660000000000001000, 1.000000000000000000, 1.019999999999999100 ) ) ;
#7643 = EDGE_CURVE ( 'NONE', #1545, #6449, #973, .T. ) ;
#7644 = CARTESIAN_POINT ( 'NONE',  ( -2.540000000000000900, 6.299999999999999800, -7.620000000000000100 ) ) ;
#7645 = CYLINDRICAL_SURFACE ( 'NONE', #8259, 0.9899999999999995500 ) ;
#7646 = CARTESIAN_POINT ( 'NONE',  ( 1.318389841742373400E-013, 6.100000000000000500, 6.070000000000001200 ) ) ;
#7647 = MANIFOLD_SOLID_BREP ( 'LED 54', #460 ) ;
#7648 = DIRECTION ( 'NONE',  ( 0.0000000000000000000, 1.000000000000000000, 0.0000000000000000000 ) ) ;
#7649 = DIRECTION ( 'NONE',  ( 0.0000000000000000000, 0.0000000000000000000, 1.000000000000000000 ) ) ;
#7650 = AXIS2_PLACEMENT_3D ( 'NONE', #8549, #7894, #366 ) ;
#7651 = VERTEX_POINT ( 'NONE', #7242 ) ;
#7652 = EDGE_LOOP ( 'NONE', ( #6264, #6854, #2109, #4451 ) ) ;
#7653 = ADVANCED_FACE ( 'NONE', ( #5268 ), #340, .T. ) ;
#7654 = EDGE_CURVE ( 'NONE', #5233, #4619, #7097, .T. ) ;
#7655 = FACE_BOUND ( 'NONE', #488, .T. ) ;
#7656 = CARTESIAN_POINT ( 'NONE',  ( 1.058181320345852300E-013, 3.299857146501273600, 2.540000000000000500 ) ) ;
#7657 = DIRECTION ( 'NONE',  ( 0.0000000000000000000, 1.000000000000000000, 0.0000000000000000000 ) ) ;
#7658 = ORIENTED_EDGE ( 'NONE', *, *, #7957, .F. ) ;
#7659 = CARTESIAN_POINT ( 'NONE',  ( 0.0000000000000000000, 0.0000000000000000000, 0.0000000000000000000 ) ) ;
#7660 = FILL_AREA_STYLE_COLOUR ( '', #183 ) ;
#7661 = CARTESIAN_POINT ( 'NONE',  ( -3.660000000000001000, 1.000000000000000000, -4.060000000000000500 ) ) ;
#7662 = LINE ( 'NONE', #4334, #3213 ) ;
#7663 = CARTESIAN_POINT ( 'NONE',  ( -5.079999999999921000, 6.299999999999999800, 0.0000000000000000000 ) ) ;
#7664 = ADVANCED_FACE ( 'NONE', ( #4726 ), #5928, .T. ) ;
#7665 = CARTESIAN_POINT ( 'NONE',  ( 2.540000000000158600, 6.299999999999999800, 7.620000000000000100 ) ) ;
#7666 = ORIENTED_EDGE ( 'NONE', *, *, #3762, .T. ) ;
#7667 = ORIENTED_EDGE ( 'NONE', *, *, #7189, .T. ) ;
#7668 = VECTOR ( 'NONE', #573, 1000.000000000000000 ) ;
#7669 = EDGE_CURVE ( 'NONE', #2846, #4404, #4829, .T. ) ;
#7670 = DIRECTION ( 'NONE',  ( 0.0000000000000000000, 0.0000000000000000000, 1.000000000000000000 ) ) ;
#7671 = CIRCLE ( 'NONE', #7323, 0.9899999999999995500 ) ;
#7672 = CARTESIAN_POINT ( 'NONE',  ( -3.660000000000001000, -4.799999999999999800, -3.559999999999999600 ) ) ;
#7673 = CARTESIAN_POINT ( 'NONE',  ( -5.080000000000001000, 6.100000000000000500, -7.620000000000000100 ) ) ;
#7674 = CARTESIAN_POINT ( 'NONE',  ( 0.0000000000000000000, -4.799999999999999800, 0.0000000000000000000 ) ) ;
#7675 = ORIENTED_EDGE ( 'NONE', *, *, #3000, .T. ) ;
#7676 = DIRECTION ( 'NONE',  ( 1.000000000000000000, 0.0000000000000000000, -0.0000000000000000000 ) ) ;
#7677 = CARTESIAN_POINT ( 'NONE',  ( 5.079999999999999200, 6.100000000000000500, -6.630000000000000800 ) ) ;
#7678 = CARTESIAN_POINT ( 'NONE',  ( 2.540000000000158600, 6.299999999999999800, 8.609999999999999400 ) ) ;
#7679 = CARTESIAN_POINT ( 'NONE',  ( 3.660000000000001000, -4.799999999999999800, -1.520000000000000500 ) ) ;
#7680 = FILL_AREA_STYLE_COLOUR ( '', #5380 ) ;
#7681 = VECTOR ( 'NONE', #7748, 1000.000000000000000 ) ;
#7682 = EDGE_CURVE ( 'NONE', #8195, #4767, #1092, .T. ) ;
#7683 = AXIS2_PLACEMENT_3D ( 'NONE', #8068, #430, #362 ) ;
#7684 = EDGE_LOOP ( 'NONE', ( #602, #2467, #7615, #3532 ) ) ;
#7685 = VECTOR ( 'NONE', #3243, 1000.000000000000000 ) ;
#7686 = CARTESIAN_POINT ( 'NONE',  ( -5.079999999999921000, 6.299999999999999800, -0.9899999999999993200 ) ) ;
#7687 = FACE_OUTER_BOUND ( 'NONE', #7331, .T. ) ;
#7688 = ORIENTED_EDGE ( 'NONE', *, *, #2293, .T. ) ;
#7689 = CARTESIAN_POINT ( 'NONE',  ( 2.540000000000078600, 6.100000000000000500, 0.9899999999999993200 ) ) ;
#7690 = AXIS2_PLACEMENT_3D ( 'NONE', #1440, #5588, #853 ) ;
#7691 =( NAMED_UNIT ( * ) PLANE_ANGLE_UNIT ( ) SI_UNIT ( $, .RADIAN. ) );
#7692 = PRESENTATION_STYLE_ASSIGNMENT (( #7191 ) ) ;
#7693 = DIRECTION ( 'NONE',  ( 0.0000000000000000000, 0.0000000000000000000, 1.000000000000000000 ) ) ;
#7694 = ORIENTED_EDGE ( 'NONE', *, *, #2532, .F. ) ;
#7695 = FACE_OUTER_BOUND ( 'NONE', #146, .T. ) ;
#7696 = EDGE_CURVE ( 'NONE', #152, #8312, #4613, .T. ) ;
#7697 = CIRCLE ( 'NONE', #2127, 0.9899999999999995500 ) ;
#7698 = LINE ( 'NONE', #3366, #4874 ) ;
#7699 =( NAMED_UNIT ( * ) SI_UNIT ( $, .STERADIAN. ) SOLID_ANGLE_UNIT ( ) );
#7700 = VECTOR ( 'NONE', #6884, 1000.000000000000000 ) ;
#7701 = UNCERTAINTY_MEASURE_WITH_UNIT (LENGTH_MEASURE( 1.000000000000000100E-005 ), #7037, 'distance_accuracy_value', 'NONE');
#7702 = ADVANCED_FACE ( 'NONE', ( #6233 ), #3947, .F. ) ;
#7703 = CARTESIAN_POINT ( 'NONE',  ( -3.960000000000000900, -10.18309518948452900, -3.559999999999999600 ) ) ;
#7704 = CARTESIAN_POINT ( 'NONE',  ( 0.0000000000000000000, 1.000000000000000000, -7.302499999999997500 ) ) ;
#7705 = VECTOR ( 'NONE', #6681, 1000.000000000000000 ) ;
#7706 = DIRECTION ( 'NONE',  ( 0.0000000000000000000, 0.0000000000000000000, 1.000000000000000000 ) ) ;
#7707 = ORIENTED_EDGE ( 'NONE', *, *, #7302, .F. ) ;
#7708 = ORIENTED_EDGE ( 'NONE', *, *, #1439, .T. ) ;
#7709 = AXIS2_PLACEMENT_3D ( 'NONE', #4302, #4946, #897 ) ;
#7710 = VERTEX_POINT ( 'NONE', #1105 ) ;
#7711 = COLOUR_RGB ( '',0.5019607843137254800, 0.5019607843137254800, 0.5019607843137254800 ) ;
#7712 = EDGE_LOOP ( 'NONE', ( #2539, #4136, #5082, #8338 ) ) ;
#7713 = DIRECTION ( 'NONE',  ( 0.0000000000000000000, 0.0000000000000000000, 1.000000000000000000 ) ) ;
#7714 = EDGE_CURVE ( 'NONE', #4995, #4285, #8190, .T. ) ;
#7715 = DIRECTION ( 'NONE',  ( 0.0000000000000000000, 1.000000000000000000, 0.0000000000000000000 ) ) ;
#7716 = EDGE_LOOP ( 'NONE', ( #3346, #2301, #8518, #4135 ) ) ;
#7717 = VECTOR ( 'NONE', #5461, 1000.000000000000000 ) ;
#7718 = ORIENTED_EDGE ( 'NONE', *, *, #5657, .F. ) ;
#7719 = ORIENTED_EDGE ( 'NONE', *, *, #7343, .F. ) ;
#7720 = SURFACE_STYLE_FILL_AREA ( #3485 ) ;
#7721 = EDGE_LOOP ( 'NONE', ( #6667, #4591, #5631, #5446 ) ) ;
#7722 = AXIS2_PLACEMENT_3D ( 'NONE', #2808, #6180, #7640 ) ;
#7723 = CARTESIAN_POINT ( 'NONE',  ( 5.080000000000159100, 6.100000000000000500, 8.609999999999999400 ) ) ;
#7724 = VECTOR ( 'NONE', #8694, 1000.000000000000000 ) ;
#7725 = DIRECTION ( 'NONE',  ( 0.0000000000000000000, 0.0000000000000000000, 1.000000000000000000 ) ) ;
#7726 = DIRECTION ( 'NONE',  ( 0.0000000000000000000, 1.000000000000000000, 0.0000000000000000000 ) ) ;
#7727 = ORIENTED_EDGE ( 'NONE', *, *, #6949, .T. ) ;
#7728 = VERTEX_POINT ( 'NONE', #3209 ) ;
#7729 = EDGE_CURVE ( 'NONE', #2898, #8195, #4292, .T. ) ;
#7730 = ORIENTED_EDGE ( 'NONE', *, *, #7793, .F. ) ;
#7731 = DIRECTION ( 'NONE',  ( 0.0000000000000000000, 1.000000000000000000, 0.0000000000000000000 ) ) ;
#7732 = STYLED_ITEM ( 'NONE', ( #4417 ), #6861 ) ;
#7733 = ORIENTED_EDGE ( 'NONE', *, *, #6719, .T. ) ;
#7734 = CARTESIAN_POINT ( 'NONE',  ( 5.080000000000133300, 6.299999999999999800, 4.090000000000001600 ) ) ;
#7735 = DIRECTION ( 'NONE',  ( 0.0000000000000000000, 1.000000000000000000, 0.0000000000000000000 ) ) ;
#7736 = EDGE_CURVE ( 'NONE', #6672, #1004, #3420, .T. ) ;
#7737 = CYLINDRICAL_SURFACE ( 'NONE', #8808, 0.9899999999999995500 ) ;
#7738 = ORIENTED_EDGE ( 'NONE', *, *, #8257, .T. ) ;
#7739 = PRESENTATION_STYLE_ASSIGNMENT (( #5500 ) ) ;
#7740 = EDGE_LOOP ( 'NONE', ( #1511, #5978 ) ) ;
#7741 = PLANE ( 'NONE',  #1444 ) ;
#7742 = VERTEX_POINT ( 'NONE', #5960 ) ;
#7743 = VECTOR ( 'NONE', #7431, 1000.000000000000000 ) ;
#7744 = ADVANCED_FACE ( 'NONE', ( #8719 ), #5221, .F. ) ;
#7745 = FACE_OUTER_BOUND ( 'NONE', #3918, .T. ) ;
#7746 = EDGE_CURVE ( 'NONE', #3700, #248, #6346, .T. ) ;
#7747 = DIRECTION ( 'NONE',  ( -0.0000000000000000000, 1.000000000000000000, -0.0000000000000000000 ) ) ;
#7748 = DIRECTION ( 'NONE',  ( 0.0000000000000000000, 1.000000000000000000, 0.0000000000000000000 ) ) ;
#7749 = SURFACE_STYLE_USAGE ( .BOTH. , #8464 ) ;
#7750 = DIRECTION ( 'NONE',  ( 0.0000000000000000000, 1.000000000000000000, 0.0000000000000000000 ) ) ;
#7751 = ORIENTED_EDGE ( 'NONE', *, *, #3850, .T. ) ;
#7752 = ORIENTED_EDGE ( 'NONE', *, *, #8133, .T. ) ;
#7753 = CLOSED_SHELL ( 'NONE', ( #575, #5970, #3709, #388, #5684, #7844 ) ) ;
#7754 =( GEOMETRIC_REPRESENTATION_CONTEXT ( 3 ) GLOBAL_UNCERTAINTY_ASSIGNED_CONTEXT ( ( #4343 ) ) GLOBAL_UNIT_ASSIGNED_CONTEXT ( ( #7110, #1626, #7002 ) ) REPRESENTATION_CONTEXT ( 'NONE', 'WORKASPACE' ) );
#7755 = ORIENTED_EDGE ( 'NONE', *, *, #5398, .F. ) ;
#7756 = ADVANCED_FACE ( 'NONE', ( #6889 ), #2692, .F. ) ;
#7757 = CARTESIAN_POINT ( 'NONE',  ( 5.080000000000053400, 6.100000000000000500, -1.550000000000000500 ) ) ;
#7758 = FACE_BOUND ( 'NONE', #6445, .T. ) ;
#7759 = CARTESIAN_POINT ( 'NONE',  ( 7.892991815694472300E-014, 6.299999999999999800, 0.0000000000000000000 ) ) ;
#7760 = VERTEX_POINT ( 'NONE', #5188 ) ;
#7761 = SURFACE_SIDE_STYLE ('',( #6081 ) ) ;
#7762 = EDGE_CURVE ( 'NONE', #1984, #3902, #8294, .T. ) ;
#7763 = CARTESIAN_POINT ( 'NONE',  ( -3.660000000000001000, 1.000000000000000000, -6.599999999999999600 ) ) ;
#7765 = VECTOR ( 'NONE', #8200, 1000.000000000000000 ) ;
#7764 = CARTESIAN_POINT ( 'NONE',  ( 3.960000000000000900, 1.000000000000000000, 6.099999999999999600 ) ) ;
#7766 = EDGE_LOOP ( 'NONE', ( #1828, #4091 ) ) ;
#7767 = CARTESIAN_POINT ( 'NONE',  ( 7.905115819006031600E-014, 6.299999999999999800, -0.9899999999999993200 ) ) ;
#7768 = EDGE_LOOP ( 'NONE', ( #4564, #7388, #1836, #2038 ) ) ;
#7769 = AXIS2_PLACEMENT_3D ( 'NONE', #7115, #2979, #1729 ) ;
#7770 = EDGE_LOOP ( 'NONE', ( #1126, #370, #834, #3688 ) ) ;
#7771 = AXIS2_PLACEMENT_3D ( 'NONE', #5174, #8579, #3044 ) ;
#7772 = EDGE_CURVE ( 'NONE', #2414, #2847, #8074, .T. ) ;
#7773 = SURFACE_STYLE_FILL_AREA ( #6127 ) ;
#7774 = SURFACE_SIDE_STYLE ('',( #1911 ) ) ;
#7775 = DIRECTION ( 'NONE',  ( 0.0000000000000000000, -0.0000000000000000000, -1.000000000000000000 ) ) ;
#7776 = DIRECTION ( 'NONE',  ( -0.0000000000000000000, -1.000000000000000000, -0.0000000000000000000 ) ) ;
#7777 = VERTEX_POINT ( 'NONE', #413 ) ;
#7778 = CYLINDRICAL_SURFACE ( 'NONE', #1579, 0.9899999999999995500 ) ;
#7779 = FILL_AREA_STYLE ('',( #5072 ) ) ;
#7780 = AXIS2_PLACEMENT_3D ( 'NONE', #4507, #408, #5894 ) ;
#7781 = VECTOR ( 'NONE', #3510, 1000.000000000000000 ) ;
#7782 = EDGE_CURVE ( 'NONE', #1149, #443, #8836, .T. ) ;
#7783 = ORIENTED_EDGE ( 'NONE', *, *, #7900, .F. ) ;
#7784 = ADVANCED_FACE ( 'NONE', ( #2475 ), #1505, .F. ) ;
#7785 = FACE_OUTER_BOUND ( 'NONE', #7802, .T. ) ;
#7786 = CARTESIAN_POINT ( 'NONE',  ( -3.660000000000001000, -10.18309518948452900, 1.019999999999999100 ) ) ;
#7787 = VERTEX_POINT ( 'NONE', #544 ) ;
#7788 = STYLED_ITEM ( 'NONE', ( #4399 ), #7532 ) ;
#7789 = DIRECTION ( 'NONE',  ( -0.0000000000000000000, 1.000000000000000000, -0.0000000000000000000 ) ) ;
#7790 = ORIENTED_EDGE ( 'NONE', *, *, #270, .T. ) ;
#7791 = CYLINDRICAL_SURFACE ( 'NONE', #4225, 0.9899999999999995500 ) ;
#7792 = DIRECTION ( 'NONE',  ( 0.0000000000000000000, 0.0000000000000000000, 1.000000000000000000 ) ) ;
#7793 = EDGE_CURVE ( 'NONE', #7418, #8482, #5913, .T. ) ;
#7794 = VECTOR ( 'NONE', #1907, 1000.000000000000000 ) ;
#7795 = ADVANCED_FACE ( 'NONE', ( #4085 ), #659, .F. ) ;
#7796 =( GEOMETRIC_REPRESENTATION_CONTEXT ( 3 ) GLOBAL_UNCERTAINTY_ASSIGNED_CONTEXT ( ( #4859 ) ) GLOBAL_UNIT_ASSIGNED_CONTEXT ( ( #5523, #1358, #8906 ) ) REPRESENTATION_CONTEXT ( 'NONE', 'WORKASPACE' ) );
#7797 = VECTOR ( 'NONE', #464, 1000.000000000000000 ) ;
#7798 = ORIENTED_EDGE ( 'NONE', *, *, #8658, .T. ) ;
#7799 = ORIENTED_EDGE ( 'NONE', *, *, #2233, .F. ) ;
#7800 = LINE ( 'NONE', #7521, #8233 ) ;
#7801 = CARTESIAN_POINT ( 'NONE',  ( -3.960000000000000900, 1.000000000000000000, 1.519999999999999600 ) ) ;
#7802 = EDGE_LOOP ( 'NONE', ( #8039, #8230 ) ) ;
#7803 = LINE ( 'NONE', #2376, #8128 ) ;
#7804 = STYLED_ITEM ( 'NONE', ( #4050 ), #2721 ) ;
#7805 = LINE ( 'NONE', #5064, #8130 ) ;
#7806 = AXIS2_PLACEMENT_3D ( 'NONE', #8748, #8087, #554 ) ;
#7807 = MANIFOLD_SOLID_BREP ( 'Pin 4', #1627 ) ;
#7808 = ORIENTED_EDGE ( 'NONE', *, *, #4037, .T. ) ;
#7809 =( NAMED_UNIT ( * ) PLANE_ANGLE_UNIT ( ) SI_UNIT ( $, .RADIAN. ) );
#7810 = ORIENTED_EDGE ( 'NONE', *, *, #6470, .F. ) ;
#7811 = LINE ( 'NONE', #4365, #1875 ) ;
#7812 = VERTEX_POINT ( 'NONE', #4001 ) ;
#7813 = EDGE_CURVE ( 'NONE', #7542, #2256, #5102, .T. ) ;
#7814 = EDGE_LOOP ( 'NONE', ( #4255, #8563 ) ) ;
#7815 = CLOSED_SHELL ( 'NONE', ( #7152, #3704, #7208, #1191, #966, #3239 ) ) ;
#7816 = VECTOR ( 'NONE', #714, 1000.000000000000000 ) ;
#7817 =( NAMED_UNIT ( * ) PLANE_ANGLE_UNIT ( ) SI_UNIT ( $, .RADIAN. ) );
#7818 = ORIENTED_EDGE ( 'NONE', *, *, #6841, .F. ) ;
#7819 = DIRECTION ( 'NONE',  ( 0.0000000000000000000, 1.000000000000000000, 0.0000000000000000000 ) ) ;
#7820 = AXIS2_PLACEMENT_3D ( 'NONE', #5971, #8693, #1087 ) ;
#7821 = LINE ( 'NONE', #2217, #2002 ) ;
#7822 = VERTEX_POINT ( 'NONE', #3362 ) ;
#7823 = DIRECTION ( 'NONE',  ( 0.0000000000000000000, -0.0000000000000000000, -1.000000000000000000 ) ) ;
#7824 = ORIENTED_EDGE ( 'NONE', *, *, #6533, .F. ) ;
#7825 = VERTEX_POINT ( 'NONE', #8859 ) ;
#7826 = EDGE_CURVE ( 'NONE', #5280, #3442, #4139, .T. ) ;
#7827 = ORIENTED_EDGE ( 'NONE', *, *, #2435, .F. ) ;
#7828 = FILL_AREA_STYLE ('',( #5787 ) ) ;
#7829 = DIRECTION ( 'NONE',  ( 0.0000000000000000000, -0.0000000000000000000, 1.000000000000000000 ) ) ;
#7830 = VECTOR ( 'NONE', #7601, 1000.000000000000000 ) ;
#7831 = FACE_OUTER_BOUND ( 'NONE', #3656, .T. ) ;
#7832 = ADVANCED_FACE ( 'NONE', ( #6190 ), #6837, .T. ) ;
#7833 = ORIENTED_EDGE ( 'NONE', *, *, #5853, .F. ) ;
#7834 = AXIS2_PLACEMENT_3D ( 'NONE', #8727, #6674, #4597 ) ;
#7835 = CARTESIAN_POINT ( 'NONE',  ( -2.539999999999894800, 6.100000000000000500, 1.550000000000001200 ) ) ;
#7836 = CARTESIAN_POINT ( 'NONE',  ( -2.539999999999947600, 6.100000000000000500, -1.550000000000000500 ) ) ;
#7837 = CARTESIAN_POINT ( 'NONE',  ( 2.602085213965210600E-014, 6.299999999999999800, -5.079999999999999200 ) ) ;
#7838 = VERTEX_POINT ( 'NONE', #6843 ) ;
#7839 = DIRECTION ( 'NONE',  ( 0.0000000000000000000, 1.000000000000000000, 0.0000000000000000000 ) ) ;
#7840 = VECTOR ( 'NONE', #3595, 1000.000000000000000 ) ;
#7841 = EDGE_CURVE ( 'NONE', #4995, #2591, #4347, .T. ) ;
#7842 = ORIENTED_EDGE ( 'NONE', *, *, #1461, .T. ) ;
#7843 = DIRECTION ( 'NONE',  ( 0.0000000000000000000, 1.000000000000000000, 0.0000000000000000000 ) ) ;
#7844 = ADVANCED_FACE ( 'NONE', ( #5435 ), #6028, .T. ) ;
#7845 = UNCERTAINTY_MEASURE_WITH_UNIT (LENGTH_MEASURE( 1.000000000000000100E-005 ), #8626, 'distance_accuracy_value', 'NONE');
#7846 = ORIENTED_EDGE ( 'NONE', *, *, #921, .F. ) ;
#7847 = ADVANCED_FACE ( 'NONE', ( #7493 ), #720, .F. ) ;
#7848 = AXIS2_PLACEMENT_3D ( 'NONE', #3988, #4647, #1895 ) ;
#7849 = VECTOR ( 'NONE', #5939, 1000.000000000000000 ) ;
#7850 = DIRECTION ( 'NONE',  ( 0.0000000000000000000, 0.0000000000000000000, 1.000000000000000000 ) ) ;
#7851 = PLANE ( 'NONE',  #8160 ) ;
#7852 = EDGE_LOOP ( 'NONE', ( #8905, #7148 ) ) ;
#7853 = EDGE_CURVE ( 'NONE', #6124, #4142, #6619, .T. ) ;
#7854 = CARTESIAN_POINT ( 'NONE',  ( 2.539999999999998700, 6.299999999999999800, -6.630000000000000800 ) ) ;
#7855 = AXIS2_PLACEMENT_3D ( 'NONE', #396, #5888, #6581 ) ;
#7856 = DIRECTION ( 'NONE',  ( -1.000000000000000000, -0.0000000000000000000, -0.0000000000000000000 ) ) ;
#7857 = VECTOR ( 'NONE', #617, 1000.000000000000000 ) ;
#7858 = FILL_AREA_STYLE_COLOUR ( '', #1861 ) ;
#7859 = DIRECTION ( 'NONE',  ( -0.0000000000000000000, 1.000000000000000000, -0.0000000000000000000 ) ) ;
#7860 = DIRECTION ( 'NONE',  ( 0.0000000000000000000, -0.0000000000000000000, 1.000000000000000000 ) ) ;
#7861 = DIRECTION ( 'NONE',  ( 0.0000000000000000000, 1.000000000000000000, 0.0000000000000000000 ) ) ;
#7862 = DIRECTION ( 'NONE',  ( -0.0000000000000000000, -1.000000000000000000, -0.0000000000000000000 ) ) ;
#7863 = AXIS2_PLACEMENT_3D ( 'NONE', #1368, #2047, #6871 ) ;
#7864 = CARTESIAN_POINT ( 'NONE',  ( -2.539999999999974700, 3.299857146501273600, -6.069999999999999400 ) ) ;
#7865 = EDGE_LOOP ( 'NONE', ( #2316, #3488, #8420, #2999 ) ) ;
#7866 = CARTESIAN_POINT ( 'NONE',  ( -5.079999999999974300, 6.299999999999999800, -4.089999999999999900 ) ) ;
#7867 = SURFACE_SIDE_STYLE ('',( #2438 ) ) ;
#7868 = DIRECTION ( 'NONE',  ( -0.0000000000000000000, 1.000000000000000000, -0.0000000000000000000 ) ) ;
#7869 = VERTEX_POINT ( 'NONE', #6783 ) ;
#7870 = DIRECTION ( 'NONE',  ( -0.0000000000000000000, -1.000000000000000000, -0.0000000000000000000 ) ) ;
#7871 = VERTEX_POINT ( 'NONE', #2658 ) ;
#7872 = ADVANCED_FACE ( 'NONE', ( #7283 ), #497, .F. ) ;
#7873 = CARTESIAN_POINT ( 'NONE',  ( 2.540000000000025800, 6.299999999999999800, -4.089999999999999900 ) ) ;
#7874 = CARTESIAN_POINT ( 'NONE',  ( -5.080000000000001000, 6.100000000000000500, -6.630000000000000800 ) ) ;
#7875 = EDGE_CURVE ( 'NONE', #257, #6614, #4565, .T. ) ;
#7876 = EDGE_LOOP ( 'NONE', ( #5618, #2095, #6555, #5095 ) ) ;
#7877 = ORIENTED_EDGE ( 'NONE', *, *, #7031, .T. ) ;
#7878 = CARTESIAN_POINT ( 'NONE',  ( 4.762500000000000200, 0.0000000000000000000, 8.869999999999997400 ) ) ;
#7879 = CARTESIAN_POINT ( 'NONE',  ( -3.660000000000001000, 1.000000000000000000, 6.099999999999999600 ) ) ;
#7880 = ORIENTED_EDGE ( 'NONE', *, *, #7031, .F. ) ;
#7881 = MECHANICAL_DESIGN_GEOMETRIC_PRESENTATION_REPRESENTATION (  '', ( #4930 ), #961 ) ;
#7882 = ADVANCED_FACE ( 'NONE', ( #7050 ), #925, .T. ) ;
#7883 = DIRECTION ( 'NONE',  ( 0.0000000000000000000, 0.0000000000000000000, 1.000000000000000000 ) ) ;
#7884 = CARTESIAN_POINT ( 'NONE',  ( 5.204170427930421300E-014, 3.299857146501273600, -1.550000000000000500 ) ) ;
#7885 = PLANE ( 'NONE',  #7914 ) ;
#7886 = ADVANCED_FACE ( 'NONE', ( #5325 ), #7159, .F. ) ;
#7887 = AXIS2_PLACEMENT_3D ( 'NONE', #6446, #7149, #7883 ) ;
#7888 = DIRECTION ( 'NONE',  ( 0.0000000000000000000, 1.000000000000000000, 0.0000000000000000000 ) ) ;
#7889 = ORIENTED_EDGE ( 'NONE', *, *, #6212, .T. ) ;
#7890 = EDGE_CURVE ( 'NONE', #2053, #6954, #48, .T. ) ;
#7891 = DIRECTION ( 'NONE',  ( 0.0000000000000000000, -0.0000000000000000000, 1.000000000000000000 ) ) ;
#7892 = SURFACE_STYLE_FILL_AREA ( #1735 ) ;
#7893 = CARTESIAN_POINT ( 'NONE',  ( 2.540000000000158600, 6.100000000000000500, 8.609999999999999400 ) ) ;
#7894 = DIRECTION ( 'NONE',  ( -0.0000000000000000000, -1.000000000000000000, -0.0000000000000000000 ) ) ;
#7895 = AXIS2_PLACEMENT_3D ( 'NONE', #6773, #559, #2644 ) ;
#7896 = ORIENTED_EDGE ( 'NONE', *, *, #5300, .F. ) ;
#7897 = CARTESIAN_POINT ( 'NONE',  ( -2.539999999999974700, 6.299999999999999800, -6.069999999999999400 ) ) ;
#7898 = PRESENTATION_STYLE_ASSIGNMENT (( #3022 ) ) ;
#7899 = ORIENTED_EDGE ( 'NONE', *, *, #3170, .T. ) ;
#7900 = EDGE_CURVE ( 'NONE', #8195, #4345, #5743, .T. ) ;
#7901 = AXIS2_PLACEMENT_3D ( 'NONE', #2211, #7023, #3607 ) ;
#7902 = DIRECTION ( 'NONE',  ( 0.0000000000000000000, 0.0000000000000000000, 1.000000000000000000 ) ) ;
#7903 = FACE_OUTER_BOUND ( 'NONE', #5307, .T. ) ;
#7904 = PLANE ( 'NONE',  #782 ) ;
#7905 = ORIENTED_EDGE ( 'NONE', *, *, #531, .F. ) ;
#7906 = VECTOR ( 'NONE', #6034, 1000.000000000000000 ) ;
#7907 = CARTESIAN_POINT ( 'NONE',  ( 5.204170427930421300E-014, 6.100000000000000500, -2.539999999999999600 ) ) ;
#7908 = FACE_OUTER_BOUND ( 'NONE', #6312, .T. ) ;
#7909 = CIRCLE ( 'NONE', #8894, 0.9899999999999993200 ) ;
#7910 =( LENGTH_UNIT ( ) NAMED_UNIT ( * ) SI_UNIT ( .MILLI., .METRE. ) );
#7911 = EDGE_CURVE ( 'NONE', #6948, #5709, #5538, .T. ) ;
#7912 = FACE_OUTER_BOUND ( 'NONE', #1855, .T. ) ;
#7913 = VERTEX_POINT ( 'NONE', #2166 ) ;
#7914 = AXIS2_PLACEMENT_3D ( 'NONE', #3738, #5277, #8747 ) ;
#7915 = ORIENTED_EDGE ( 'NONE', *, *, #5868, .F. ) ;
#7916 = CARTESIAN_POINT ( 'NONE',  ( -3.960000000000000900, 1.000000000000000000, 6.099999999999999600 ) ) ;
#7917 = FACE_OUTER_BOUND ( 'NONE', #3421, .T. ) ;
#7918 = LINE ( 'NONE', #7223, #2522 ) ;
#7919 = ORIENTED_EDGE ( 'NONE', *, *, #6431, .F. ) ;
#7920 = MANIFOLD_SOLID_BREP ( 'LED 61', #7945 ) ;
#7921 = DIRECTION ( 'NONE',  ( -0.0000000000000000000, -1.000000000000000000, -0.0000000000000000000 ) ) ;
#7922 = VERTEX_POINT ( 'NONE', #8353 ) ;
#7923 = FACE_OUTER_BOUND ( 'NONE', #4587, .T. ) ;
#7924 = EDGE_LOOP ( 'NONE', ( #6728, #766 ) ) ;
#7925 = DIRECTION ( 'NONE',  ( -0.0000000000000000000, 0.0000000000000000000, 1.000000000000000000 ) ) ;
#7926 = CARTESIAN_POINT ( 'NONE',  ( -8.673617379884035500E-016, 6.100000000000000500, -6.630000000000000800 ) ) ;
#7927 = AXIS2_PLACEMENT_3D ( 'NONE', #8004, #5911, #1797 ) ;
#7928 = PLANE ( 'NONE',  #2844 ) ;
#7929 = EDGE_LOOP ( 'NONE', ( #8346, #2141 ) ) ;
#7930 = EDGE_LOOP ( 'NONE', ( #405, #654, #5451, #2202 ) ) ;
#7931 = ADVANCED_FACE ( 'NONE', ( #7381 ), #2425, .F. ) ;
#7932 = EDGE_CURVE ( 'NONE', #2591, #5243, #2208, .T. ) ;
#7933 = DIRECTION ( 'NONE',  ( 0.0000000000000000000, 0.0000000000000000000, 1.000000000000000000 ) ) ;
#7934 = FACE_OUTER_BOUND ( 'NONE', #508, .T. ) ;
#7935 = FACE_OUTER_BOUND ( 'NONE', #8767, .T. ) ;
#7936 = ADVANCED_FACE ( 'NONE', ( #5225 ), #8265, .T. ) ;
#7937 = EDGE_LOOP ( 'NONE', ( #1402, #8295 ) ) ;
#7938 = ORIENTED_EDGE ( 'NONE', *, *, #2114, .T. ) ;
#7939 = CARTESIAN_POINT ( 'NONE',  ( -2.540000000000000900, 3.299857146501273600, -7.620000000000000100 ) ) ;
#7940 = AXIS2_PLACEMENT_3D ( 'NONE', #3273, #570, #5392 ) ;
#7941 = DIRECTION ( 'NONE',  ( 0.0000000000000000000, 1.000000000000000000, 0.0000000000000000000 ) ) ;
#7942 = ORIENTED_EDGE ( 'NONE', *, *, #8571, .T. ) ;
#7943 = COLOUR_RGB ( '',0.5019607843137254800, 0.5019607843137254800, 0.5019607843137254800 ) ;
#7944 = CARTESIAN_POINT ( 'NONE',  ( -5.079999999999948600, 6.299999999999999800, -2.539999999999999600 ) ) ;
#7945 = CLOSED_SHELL ( 'NONE', ( #7429, #1331, #3069, #3008 ) ) ;
#7946 = EDGE_CURVE ( 'NONE', #1575, #8934, #6944, .T. ) ;
#7947 = CARTESIAN_POINT ( 'NONE',  ( 5.080000000000133300, 6.100000000000000500, 5.080000000000001000 ) ) ;
#7948 = VERTEX_POINT ( 'NONE', #7633 ) ;
#7949 = DIRECTION ( 'NONE',  ( -0.0000000000000000000, -1.000000000000000000, -0.0000000000000000000 ) ) ;
#7950 = FACE_OUTER_BOUND ( 'NONE', #6051, .T. ) ;
#7951 = PRESENTATION_LAYER_ASSIGNMENT (  '', '', ( #4817 ) ) ;
#7952 = CARTESIAN_POINT ( 'NONE',  ( 4.762500000000000200, 1.000000000000000000, -0.0000000000000000000 ) ) ;
#7953 = ORIENTED_EDGE ( 'NONE', *, *, #4393, .T. ) ;
#7954 = ORIENTED_EDGE ( 'NONE', *, *, #4600, .T. ) ;
#7955 = DIRECTION ( 'NONE',  ( -0.0000000000000000000, 0.0000000000000000000, 1.000000000000000000 ) ) ;
#7956 = DIRECTION ( 'NONE',  ( -0.0000000000000000000, -0.0000000000000000000, -1.000000000000000000 ) ) ;
#7957 = EDGE_CURVE ( 'NONE', #1290, #3627, #1556, .T. ) ;
#7958 = CIRCLE ( 'NONE', #2044, 0.9899999999999993200 ) ;
#7959 = FACE_OUTER_BOUND ( 'NONE', #438, .T. ) ;
#7960 = DIRECTION ( 'NONE',  ( 0.0000000000000000000, -0.0000000000000000000, 1.000000000000000000 ) ) ;
#7961 = SURFACE_STYLE_USAGE ( .BOTH. , #306 ) ;
#7962 = AXIS2_PLACEMENT_3D ( 'NONE', #8528, #8566, #6541 ) ;
#7963 = CIRCLE ( 'NONE', #7155, 0.9899999999999995500 ) ;
#7964 = DIRECTION ( 'NONE',  ( 0.0000000000000000000, 0.0000000000000000000, 1.000000000000000000 ) ) ;
#7965 = EDGE_CURVE ( 'NONE', #4667, #2397, #4034, .T. ) ;
#7966 = EDGE_LOOP ( 'NONE', ( #2328, #1223, #731, #3394 ) ) ;
#7967 = VERTEX_POINT ( 'NONE', #2136 ) ;
#7968 = FILL_AREA_STYLE ('',( #247 ) ) ;
#7969 = EDGE_LOOP ( 'NONE', ( #1231, #167, #4087, #3912 ) ) ;
#7971 = CARTESIAN_POINT ( 'NONE',  ( 2.540000000000158600, 3.299857146501273600, 8.609999999999999400 ) ) ;
#7970 = CARTESIAN_POINT ( 'NONE',  ( -5.079999999999948600, 6.100000000000000500, -3.529999999999999400 ) ) ;
#7972 = ORIENTED_EDGE ( 'NONE', *, *, #1019, .T. ) ;
#7973 = ADVANCED_FACE ( 'NONE', ( #8454 ), #615, .T. ) ;
#7974 = ORIENTED_EDGE ( 'NONE', *, *, #3050, .F. ) ;
#7975 = DIRECTION ( 'NONE',  ( 0.0000000000000000000, 0.0000000000000000000, 1.000000000000000000 ) ) ;
#7976 = CARTESIAN_POINT ( 'NONE',  ( 5.079999999999999200, 6.299999999999999800, -7.620000000000000100 ) ) ;
#7977 = DIRECTION ( 'NONE',  ( 0.0000000000000000000, 1.000000000000000000, 0.0000000000000000000 ) ) ;
#7978 = AXIS2_PLACEMENT_3D ( 'NONE', #3678, #855, #2277 ) ;
#7979 = AXIS2_PLACEMENT_3D ( 'NONE', #4554, #3835, #448 ) ;
#7980 = SURFACE_STYLE_FILL_AREA ( #5158 ) ;
#7981 = VERTEX_POINT ( 'NONE', #6465 ) ;
#7982 = ORIENTED_EDGE ( 'NONE', *, *, #5807, .T. ) ;
#7983 = DIRECTION ( 'NONE',  ( 0.0000000000000000000, 0.0000000000000000000, 1.000000000000000000 ) ) ;
#7984 = EDGE_CURVE ( 'NONE', #7981, #3224, #260, .T. ) ;
#7985 = DIRECTION ( 'NONE',  ( 0.0000000000000000000, 0.0000000000000000000, 1.000000000000000000 ) ) ;
#7986 = ORIENTED_EDGE ( 'NONE', *, *, #4171, .T. ) ;
#7987 = DIRECTION ( 'NONE',  ( -0.0000000000000000000, 0.0000000000000000000, 1.000000000000000000 ) ) ;
#7988 = CYLINDRICAL_SURFACE ( 'NONE', #406, 0.9899999999999995500 ) ;
#7989 = AXIS2_PLACEMENT_3D ( 'NONE', #4759, #7544, #3400 ) ;
#7990 = DIRECTION ( 'NONE',  ( 0.0000000000000000000, 1.000000000000000000, 0.0000000000000000000 ) ) ;
#7991 = ORIENTED_EDGE ( 'NONE', *, *, #412, .T. ) ;
#7992 = LINE ( 'NONE', #311, #5700 ) ;
#7993 = CARTESIAN_POINT ( 'NONE',  ( 7.892991815694472300E-014, 6.299999999999999800, 0.0000000000000000000 ) ) ;
#7994 = CARTESIAN_POINT ( 'NONE',  ( -2.540000000000000900, 6.299999999999999800, -6.630000000000000800 ) ) ;
#7995 = EDGE_CURVE ( 'NONE', #1545, #2753, #3814, .T. ) ;
#7996 = CARTESIAN_POINT ( 'NONE',  ( -6.329999999999997400, 6.299999999999999800, 8.869999999999999200 ) ) ;
#7997 = DIRECTION ( 'NONE',  ( -0.0000000000000000000, 0.0000000000000000000, 1.000000000000000000 ) ) ;
#7998 = ORIENTED_EDGE ( 'NONE', *, *, #3101, .T. ) ;
#7999 = LINE ( 'NONE', #3832, #2171 ) ;
#8000 = AXIS2_PLACEMENT_3D ( 'NONE', #888, #6461, #6410 ) ;
#8001 = SURFACE_STYLE_FILL_AREA ( #6253 ) ;
#8002 = EDGE_LOOP ( 'NONE', ( #822, #8900, #3033, #5690 ) ) ;
#8003 = DIRECTION ( 'NONE',  ( 0.0000000000000000000, -0.0000000000000000000, 1.000000000000000000 ) ) ;
#8004 = CARTESIAN_POINT ( 'NONE',  ( -2.539999999999947600, 6.299999999999999800, -2.539999999999999600 ) ) ;
#8005 = FILL_AREA_STYLE_COLOUR ( '', #7711 ) ;
#8006 = EDGE_CURVE ( 'NONE', #5317, #1933, #3156, .T. ) ;
#8007 = ORIENTED_EDGE ( 'NONE', *, *, #5824, .F. ) ;
#8008 = FACE_OUTER_BOUND ( 'NONE', #223, .T. ) ;
#8009 = DIRECTION ( 'NONE',  ( 1.000000000000000000, 0.0000000000000000000, -0.0000000000000000000 ) ) ;
#8010 = DIRECTION ( 'NONE',  ( 0.0000000000000000000, 1.000000000000000000, 0.0000000000000000000 ) ) ;
#8011 = DIRECTION ( 'NONE',  ( 0.0000000000000000000, 1.000000000000000000, 0.0000000000000000000 ) ) ;
#8012 = AXIS2_PLACEMENT_3D ( 'NONE', #203, #6958, #8461 ) ;
#8013 = DIRECTION ( 'NONE',  ( 0.0000000000000000000, 1.000000000000000000, 0.0000000000000000000 ) ) ;
#8014 = ADVANCED_FACE ( 'NONE', ( #6396 ), #2941, .F. ) ;
#8015 = VECTOR ( 'NONE', #4811, 1000.000000000000000 ) ;
#8016 = VERTEX_POINT ( 'NONE', #7132 ) ;
#8017 = ORIENTED_EDGE ( 'NONE', *, *, #7133, .F. ) ;
#8018 = EDGE_CURVE ( 'NONE', #8180, #5871, #1142, .T. ) ;
#8019 = VECTOR ( 'NONE', #6999, 1000.000000000000000 ) ;
#8020 = CARTESIAN_POINT ( 'NONE',  ( 2.540000000000078600, 6.100000000000000500, 0.0000000000000000000 ) ) ;
#8021 = EDGE_CURVE ( 'NONE', #4235, #4344, #7594, .T. ) ;
#8022 = VERTEX_POINT ( 'NONE', #374 ) ;
#8023 = LINE ( 'NONE', #8644, #5953 ) ;
#8024 = FACE_OUTER_BOUND ( 'NONE', #8812, .T. ) ;
#8025 =( NAMED_UNIT ( * ) SI_UNIT ( $, .STERADIAN. ) SOLID_ANGLE_UNIT ( ) );
#8026 = ORIENTED_EDGE ( 'NONE', *, *, #2877, .F. ) ;
#8027 = CARTESIAN_POINT ( 'NONE',  ( -3.660000000000001000, -4.799999999999999800, 3.559999999999998700 ) ) ;
#8028 = ORIENTED_EDGE ( 'NONE', *, *, #5488, .T. ) ;
#8029 = ORIENTED_EDGE ( 'NONE', *, *, #6879, .F. ) ;
#8030 = LINE ( 'NONE', #1869, #3921 ) ;
#8031 = AXIS2_PLACEMENT_3D ( 'NONE', #463, #3205, #3176 ) ;
#8032 = ORIENTED_EDGE ( 'NONE', *, *, #3192, .T. ) ;
#8033 = MANIFOLD_SOLID_BREP ( 'LED 42', #1211 ) ;
#8034 = CARTESIAN_POINT ( 'NONE',  ( 1.318389841742373400E-013, 6.100000000000000500, 6.070000000000001200 ) ) ;
#8035 = DIRECTION ( 'NONE',  ( 0.0000000000000000000, 1.000000000000000000, 0.0000000000000000000 ) ) ;
#8036 = VECTOR ( 'NONE', #6606, 1000.000000000000000 ) ;
#8037 = CARTESIAN_POINT ( 'NONE',  ( 2.540000000000025800, 6.100000000000000500, -5.079999999999999200 ) ) ;
#8038 = EDGE_LOOP ( 'NONE', ( #1388, #7707 ) ) ;
#8039 = ORIENTED_EDGE ( 'NONE', *, *, #1757, .T. ) ;
#8040 = VERTEX_POINT ( 'NONE', #5834 ) ;
#8041 = DIRECTION ( 'NONE',  ( 0.0000000000000000000, 0.0000000000000000000, 1.000000000000000000 ) ) ;
#8042 = CARTESIAN_POINT ( 'NONE',  ( 0.0000000000000000000, -4.799999999999999800, 0.0000000000000000000 ) ) ;
#8043 = FACE_OUTER_BOUND ( 'NONE', #4266, .T. ) ;
#8044 = VECTOR ( 'NONE', #7956, 1000.000000000000000 ) ;
#8045 = ORIENTED_EDGE ( 'NONE', *, *, #347, .T. ) ;
#8046 = EDGE_CURVE ( 'NONE', #5755, #5280, #3556, .T. ) ;
#8047 = ORIENTED_EDGE ( 'NONE', *, *, #7826, .F. ) ;
#8048 = VECTOR ( 'NONE', #6582, 1000.000000000000000 ) ;
#8049 = CARTESIAN_POINT ( 'NONE',  ( -3.960000000000000900, -10.18309518948452900, -6.099999999999999600 ) ) ;
#8050 =( LENGTH_UNIT ( ) NAMED_UNIT ( * ) SI_UNIT ( .MILLI., .METRE. ) );
#8051 = EDGE_LOOP ( 'NONE', ( #1652, #667, #145, #1046 ) ) ;
#8052 = MECHANICAL_DESIGN_GEOMETRIC_PRESENTATION_REPRESENTATION (  '', ( #2041 ), #142 ) ;
#8053 = CARTESIAN_POINT ( 'NONE',  ( -5.079999999999948600, 3.299857146501273600, -3.529999999999999400 ) ) ;
#8054 = DIRECTION ( 'NONE',  ( 0.0000000000000000000, -1.000000000000000000, 0.0000000000000000000 ) ) ;
#8055 = VECTOR ( 'NONE', #549, 1000.000000000000000 ) ;
#8056 = AXIS2_PLACEMENT_3D ( 'NONE', #2485, #8035, #6545 ) ;
#8057 = CYLINDRICAL_SURFACE ( 'NONE', #2686, 0.9899999999999995500 ) ;
#8058 = EDGE_CURVE ( 'NONE', #4619, #5233, #3815, .T. ) ;
#8059 = ADVANCED_FACE ( 'NONE', ( #7596 ), #8247, .T. ) ;
#8060 = DIRECTION ( 'NONE',  ( -0.0000000000000000000, 1.000000000000000000, -0.0000000000000000000 ) ) ;
#8061 = CARTESIAN_POINT ( 'NONE',  ( 2.540000000000025800, 6.100000000000000500, -5.079999999999999200 ) ) ;
#8062 =( NAMED_UNIT ( * ) PLANE_ANGLE_UNIT ( ) SI_UNIT ( $, .RADIAN. ) );
#8063 = PLANE ( 'NONE',  #871 ) ;
#8064 = CIRCLE ( 'NONE', #179, 0.9899999999999993200 ) ;
#8065 = DIRECTION ( 'NONE',  ( 1.000000000000000000, 0.0000000000000000000, 0.0000000000000000000 ) ) ;
#8066 = CARTESIAN_POINT ( 'NONE',  ( 5.080000000000104900, 6.100000000000000500, 3.530000000000000200 ) ) ;
#8067 = CARTESIAN_POINT ( 'NONE',  ( -4.762500000000000200, 1.000000000000000000, 0.0000000000000000000 ) ) ;
#8068 = CARTESIAN_POINT ( 'NONE',  ( -5.080000000000001000, 6.100000000000000500, -6.630000000000000800 ) ) ;
#8069 = EDGE_CURVE ( 'NONE', #2906, #3653, #7162, .T. ) ;
#8070 = DIRECTION ( 'NONE',  ( 0.0000000000000000000, 0.0000000000000000000, 1.000000000000000000 ) ) ;
#8071 = LINE ( 'NONE', #5008, #4273 ) ;
#8072 = DIRECTION ( 'NONE',  ( 0.0000000000000000000, 1.000000000000000000, 0.0000000000000000000 ) ) ;
#8073 = AXIS2_PLACEMENT_3D ( 'NONE', #6927, #4122, #4815 ) ;
#8074 = LINE ( 'NONE', #8078, #5385 ) ;
#8075 = VERTEX_POINT ( 'NONE', #8558 ) ;
#8076 = UNCERTAINTY_MEASURE_WITH_UNIT (LENGTH_MEASURE( 1.000000000000000100E-005 ), #7458, 'distance_accuracy_value', 'NONE');
#8077 = EDGE_CURVE ( 'NONE', #147, #443, #2093, .T. ) ;
#8078 = CARTESIAN_POINT ( 'NONE',  ( 3.660000000000001000, 1.000000000000000000, -1.520000000000000500 ) ) ;
#8079 =( NAMED_UNIT ( * ) PLANE_ANGLE_UNIT ( ) SI_UNIT ( $, .RADIAN. ) );
#8080 = ORIENTED_EDGE ( 'NONE', *, *, #6554, .T. ) ;
#8081 = CIRCLE ( 'NONE', #7500, 0.9899999999999995500 ) ;
#8082 = DIRECTION ( 'NONE',  ( 0.0000000000000000000, -0.0000000000000000000, 1.000000000000000000 ) ) ;
#8083 = DIRECTION ( 'NONE',  ( 0.0000000000000000000, 1.000000000000000000, 0.0000000000000000000 ) ) ;
#8084 = DIRECTION ( 'NONE',  ( 0.0000000000000000000, 1.000000000000000000, 0.0000000000000000000 ) ) ;
#8085 = ORIENTED_EDGE ( 'NONE', *, *, #8058, .T. ) ;
#8086 = AXIS2_PLACEMENT_3D ( 'NONE', #4955, #5613, #4204 ) ;
#8087 = DIRECTION ( 'NONE',  ( 0.0000000000000000000, 1.000000000000000000, 0.0000000000000000000 ) ) ;
#8088 = ORIENTED_EDGE ( 'NONE', *, *, #801, .F. ) ;
#8089 = DIRECTION ( 'NONE',  ( -0.0000000000000000000, 0.0000000000000000000, -1.000000000000000000 ) ) ;
#8090 =( GEOMETRIC_REPRESENTATION_CONTEXT ( 3 ) GLOBAL_UNCERTAINTY_ASSIGNED_CONTEXT ( ( #6613 ) ) GLOBAL_UNIT_ASSIGNED_CONTEXT ( ( #5912, #8062, #3163 ) ) REPRESENTATION_CONTEXT ( 'NONE', 'WORKASPACE' ) );
#8091 = DIRECTION ( 'NONE',  ( -0.0000000000000000000, 0.0000000000000000000, -1.000000000000000000 ) ) ;
#8092 = VERTEX_POINT ( 'NONE', #3689 ) ;
#8093 = LINE ( 'NONE', #8154, #2595 ) ;
#8094 = CARTESIAN_POINT ( 'NONE',  ( -3.660000000000001000, -4.799999999999999800, 6.099999999999999600 ) ) ;
#8095 = CARTESIAN_POINT ( 'NONE',  ( 5.080000000000053400, 6.100000000000000500, -2.539999999999999600 ) ) ;
#8096 = EDGE_CURVE ( 'NONE', #5351, #7038, #721, .T. ) ;
#8097 =( LENGTH_UNIT ( ) NAMED_UNIT ( * ) SI_UNIT ( .MILLI., .METRE. ) );
#8098 = VERTEX_POINT ( 'NONE', #5805 ) ;
#8099 = LINE ( 'NONE', #2782, #4107 ) ;
#8100 = ADVANCED_FACE ( 'NONE', ( #7051 ), #8455, .T. ) ;
#8101 = AXIS2_PLACEMENT_3D ( 'NONE', #4407, #8614, #5826 ) ;
#8102 = DIRECTION ( 'NONE',  ( 0.0000000000000000000, 0.0000000000000000000, 1.000000000000000000 ) ) ;
#8103 = CARTESIAN_POINT ( 'NONE',  ( 0.0000000000000000000, 1.000000000000000000, 7.302499999999997500 ) ) ;
#8104 = ORIENTED_EDGE ( 'NONE', *, *, #4246, .F. ) ;
#8105 = VECTOR ( 'NONE', #6664, 1000.000000000000000 ) ;
#8106 = DIRECTION ( 'NONE',  ( 0.0000000000000000000, 0.0000000000000000000, 1.000000000000000000 ) ) ;
#8107 = EDGE_CURVE ( 'NONE', #8457, #3970, #1881, .T. ) ;
#8108 = VECTOR ( 'NONE', #2530, 1000.000000000000000 ) ;
#8109 = UNCERTAINTY_MEASURE_WITH_UNIT (LENGTH_MEASURE( 1.000000000000000100E-005 ), #2311, 'distance_accuracy_value', 'NONE');
#8110 = CARTESIAN_POINT ( 'NONE',  ( 5.080000000000053400, 6.299999999999999800, -2.539999999999999600 ) ) ;
#8111 = CYLINDRICAL_SURFACE ( 'NONE', #8409, 0.9899999999999993200 ) ;
#8112 = ORIENTED_EDGE ( 'NONE', *, *, #6294, .F. ) ;
#8113 = DIRECTION ( 'NONE',  ( -1.000000000000000000, 0.0000000000000000000, -0.0000000000000000000 ) ) ;
#8114 = PRESENTATION_LAYER_ASSIGNMENT (  '', '', ( #8458 ) ) ;
#8115 = CIRCLE ( 'NONE', #6244, 0.9899999999999995500 ) ;
#8116 = ORIENTED_EDGE ( 'NONE', *, *, #7995, .T. ) ;
#8117 = FILL_AREA_STYLE ('',( #6767 ) ) ;
#8118 = LINE ( 'NONE', #6269, #1537 ) ;
#8119 = EDGE_CURVE ( 'NONE', #1663, #7279, #1449, .T. ) ;
#8120 = DIRECTION ( 'NONE',  ( 0.0000000000000000000, 1.000000000000000000, 0.0000000000000000000 ) ) ;
#8121 = DIRECTION ( 'NONE',  ( 0.0000000000000000000, 0.0000000000000000000, -1.000000000000000000 ) ) ;
#8122 = ORIENTED_EDGE ( 'NONE', *, *, #6195, .T. ) ;
#8123 = CARTESIAN_POINT ( 'NONE',  ( 2.540000000000158600, 6.100000000000000500, 6.630000000000000800 ) ) ;
#8124 = DIRECTION ( 'NONE',  ( 0.0000000000000000000, 1.000000000000000000, 0.0000000000000000000 ) ) ;
#8125 = DIRECTION ( 'NONE',  ( 0.0000000000000000000, 0.0000000000000000000, 1.000000000000000000 ) ) ;
#8126 = EDGE_LOOP ( 'NONE', ( #4351, #2515 ) ) ;
#8127 = ORIENTED_EDGE ( 'NONE', *, *, #7669, .F. ) ;
#8128 = VECTOR ( 'NONE', #4442, 1000.000000000000000 ) ;
#8129 = AXIS2_PLACEMENT_3D ( 'NONE', #6565, #3854, #3123 ) ;
#8130 = VECTOR ( 'NONE', #6520, 1000.000000000000000 ) ;
#8131 = ORIENTED_EDGE ( 'NONE', *, *, #6308, .F. ) ;
#8132 = EDGE_LOOP ( 'NONE', ( #4447, #6812, #1990, #8735 ) ) ;
#8133 = EDGE_CURVE ( 'NONE', #6070, #4259, #1238, .T. ) ;
#8134 = DIRECTION ( 'NONE',  ( 0.0000000000000000000, 0.0000000000000000000, 1.000000000000000000 ) ) ;
#8135 = VECTOR ( 'NONE', #5629, 1000.000000000000000 ) ;
#8136 = ORIENTED_EDGE ( 'NONE', *, *, #6224, .T. ) ;
#8137 = AXIS2_PLACEMENT_3D ( 'NONE', #2583, #3966, #8820 ) ;
#8138 = CLOSED_SHELL ( 'NONE', ( #1635, #4983, #4385, #7847, #8235, #3470, #5597, #7756, #8552, #1588, #7332, #2318, #4965, #7196, #8590, #664, #3486, #3021, #8729, #7088, #7872, #6021, #3158, #624, #2678, #4478, #6451, #104, #1822, #4286, #3019, #4742, #4201, #6875, #3555, #890, #7795, #4877, #5254, #3535, #5014, #6338, #2805, #764, #2586, #1915, #8014, #6414, #2848, #1781, #3978, #7784, #6466, #2864, #5210, #6291, #1539, #5472, #1072, #3691, #288, #5063, #1161, #3118, #7931, #837, #8324, #7886, #1372, #8909, #7256, #6789, #5047, #8560, #4519, #5292 ) ) ;
#8139 = DIRECTION ( 'NONE',  ( 0.0000000000000000000, 0.0000000000000000000, 1.000000000000000000 ) ) ;
#8140 = CARTESIAN_POINT ( 'NONE',  ( -2.539999999999921400, 6.100000000000000500, 0.9899999999999993200 ) ) ;
#8141 = EDGE_LOOP ( 'NONE', ( #1484, #4624 ) ) ;
#8142 = DIRECTION ( 'NONE',  ( 0.0000000000000000000, 1.000000000000000000, 0.0000000000000000000 ) ) ;
#8143 = CARTESIAN_POINT ( 'NONE',  ( -6.329999999999997400, 6.299999999999999800, 8.869999999999999200 ) ) ;
#8144 = CIRCLE ( 'NONE', #2494, 0.9899999999999995500 ) ;
#8145 = STYLED_ITEM ( 'NONE', ( #2329 ), #2564 ) ;
#8146 = VERTEX_POINT ( 'NONE', #8762 ) ;
#8147 = ORIENTED_EDGE ( 'NONE', *, *, #2908, .T. ) ;
#8148 = ADVANCED_FACE ( 'NONE', ( #5745 ), #1209, .F. ) ;
#8149 = CARTESIAN_POINT ( 'NONE',  ( 5.079999999999999200, 3.299857146501273600, -7.620000000000000100 ) ) ;
#8150 = CARTESIAN_POINT ( 'NONE',  ( -3.960000000000000900, -10.18309518948452900, -1.520000000000000500 ) ) ;
#8151 = DIRECTION ( 'NONE',  ( -1.000000000000000000, 0.0000000000000000000, 0.0000000000000000000 ) ) ;
#8152 = EDGE_CURVE ( 'NONE', #8384, #7253, #8350, .T. ) ;
#8153 = EDGE_LOOP ( 'NONE', ( #5495, #2919 ) ) ;
#8154 = CARTESIAN_POINT ( 'NONE',  ( 3.660000000000001000, -4.799999999999999800, 1.519999999999999600 ) ) ;
#8155 = CARTESIAN_POINT ( 'NONE',  ( 2.602085213965210600E-014, 6.100000000000000500, -5.079999999999999200 ) ) ;
#8156 = FILL_AREA_STYLE_COLOUR ( '', #1534 ) ;
#8157 = EDGE_LOOP ( 'NONE', ( #44, #4664 ) ) ;
#8158 = DIRECTION ( 'NONE',  ( 0.0000000000000000000, 0.0000000000000000000, 1.000000000000000000 ) ) ;
#8159 = DIRECTION ( 'NONE',  ( 0.0000000000000000000, 1.000000000000000000, 0.0000000000000000000 ) ) ;
#8160 = AXIS2_PLACEMENT_3D ( 'NONE', #1076, #6537, #5155 ) ;
#8161 = LINE ( 'NONE', #5039, #1924 ) ;
#8162 = ORIENTED_EDGE ( 'NONE', *, *, #5377, .T. ) ;
#8163 = CYLINDRICAL_SURFACE ( 'NONE', #7690, 0.9899999999999993200 ) ;
#8164 = EDGE_LOOP ( 'NONE', ( #3506, #7752 ) ) ;
#8165 = EDGE_CURVE ( 'NONE', #3255, #914, #6620, .T. ) ;
#8166 = VERTEX_POINT ( 'NONE', #3941 ) ;
#8167 = CARTESIAN_POINT ( 'NONE',  ( 5.080000000000133300, 6.100000000000000500, 5.080000000000001000 ) ) ;
#8168 = DIRECTION ( 'NONE',  ( 0.0000000000000000000, 1.000000000000000000, 0.0000000000000000000 ) ) ;
#8169 = CYLINDRICAL_SURFACE ( 'NONE', #964, 0.9899999999999993200 ) ;
#8170 = CIRCLE ( 'NONE', #8509, 0.9899999999999995500 ) ;
#8171 = AXIS2_PLACEMENT_3D ( 'NONE', #1106, #6597, #2570 ) ;
#8172 = CARTESIAN_POINT ( 'NONE',  ( 2.539999999999998700, 6.100000000000000500, -7.620000000000000100 ) ) ;
#8173 = CARTESIAN_POINT ( 'NONE',  ( -6.329999999999997400, 0.0000000000000000000, 8.869999999999999200 ) ) ;
#8174 = CARTESIAN_POINT ( 'NONE',  ( -5.080000000000001000, 6.100000000000000500, -6.630000000000000800 ) ) ;
#8175 = EDGE_CURVE ( 'NONE', #6635, #7603, #8561, .T. ) ;
#8176 = VERTEX_POINT ( 'NONE', #3143 ) ;
#8177 = DIRECTION ( 'NONE',  ( 0.0000000000000000000, 0.0000000000000000000, 1.000000000000000000 ) ) ;
#8178 = DIRECTION ( 'NONE',  ( -0.0000000000000000000, -1.000000000000000000, -0.0000000000000000000 ) ) ;
#8179 = EDGE_LOOP ( 'NONE', ( #2207, #6738, #1243, #6491 ) ) ;
#8180 = VERTEX_POINT ( 'NONE', #6675 ) ;
#8181 = DIRECTION ( 'NONE',  ( 0.0000000000000000000, -0.0000000000000000000, 1.000000000000000000 ) ) ;
#8182 = ORIENTED_EDGE ( 'NONE', *, *, #7230, .T. ) ;
#8183 = AXIS2_PLACEMENT_3D ( 'NONE', #854, #7093, #3743 ) ;
#8184 = FACE_BOUND ( 'NONE', #1827, .T. ) ;
#8185 = EDGE_LOOP ( 'NONE', ( #7602, #872, #1472, #5658 ) ) ;
#8186 = DIRECTION ( 'NONE',  ( 0.0000000000000000000, 1.000000000000000000, 0.0000000000000000000 ) ) ;
#8187 = CARTESIAN_POINT ( 'NONE',  ( -3.660000000000001000, -10.18309518948452900, 4.059999999999999600 ) ) ;
#8188 = EDGE_CURVE ( 'NONE', #4296, #8270, #8030, .T. ) ;
#8189 = AXIS2_PLACEMENT_3D ( 'NONE', #2423, #7244, #7891 ) ;
#8190 = CIRCLE ( 'NONE', #2871, 0.9899999999999995500 ) ;
#8191 = ORIENTED_EDGE ( 'NONE', *, *, #7049, .F. ) ;
#8192 = ADVANCED_FACE ( 'NONE', ( #3589 ), #7387, .F. ) ;
#8193 = ORIENTED_EDGE ( 'NONE', *, *, #371, .T. ) ;
#8194 = PLANE ( 'NONE',  #5371 ) ;
#8195 = VERTEX_POINT ( 'NONE', #4533 ) ;
#8196 = SURFACE_STYLE_USAGE ( .BOTH. , #3412 ) ;
#8197 = CARTESIAN_POINT ( 'NONE',  ( -5.079999999999842000, 6.299999999999999800, 7.620000000000000100 ) ) ;
#8198 = CIRCLE ( 'NONE', #2468, 0.9899999999999995500 ) ;
#8199 = EDGE_CURVE ( 'NONE', #6794, #991, #6946, .T. ) ;
#8200 = DIRECTION ( 'NONE',  ( 0.0000000000000000000, 1.000000000000000000, 0.0000000000000000000 ) ) ;
#8201 = DIRECTION ( 'NONE',  ( -0.0000000000000000000, 1.000000000000000000, -0.0000000000000000000 ) ) ;
#8202 = DIRECTION ( 'NONE',  ( 0.0000000000000000000, 0.0000000000000000000, 1.000000000000000000 ) ) ;
#8203 = ORIENTED_EDGE ( 'NONE', *, *, #270, .F. ) ;
#8204 = CARTESIAN_POINT ( 'NONE',  ( -2.540000000000000900, 6.100000000000000500, -8.609999999999999400 ) ) ;
#8205 = DIRECTION ( 'NONE',  ( -0.0000000000000000000, -1.000000000000000000, -0.0000000000000000000 ) ) ;
#8206 = DIRECTION ( 'NONE',  ( 0.0000000000000000000, 0.0000000000000000000, 1.000000000000000000 ) ) ;
#8207 = AXIS2_PLACEMENT_3D ( 'NONE', #3190, #3161, #4552 ) ;
#8208 = DIRECTION ( 'NONE',  ( 0.0000000000000000000, 0.0000000000000000000, 1.000000000000000000 ) ) ;
#8209 = PLANE ( 'NONE',  #6285 ) ;
#8210 = SURFACE_SIDE_STYLE ('',( #5717 ) ) ;
#8211 = ORIENTED_EDGE ( 'NONE', *, *, #7475, .T. ) ;
#8212 = VECTOR ( 'NONE', #2455, 1000.000000000000000 ) ;
#8213 = FACE_OUTER_BOUND ( 'NONE', #4557, .T. ) ;
#8214 = DIRECTION ( 'NONE',  ( 0.0000000000000000000, -0.0000000000000000000, 1.000000000000000000 ) ) ;
#8215 = EDGE_CURVE ( 'NONE', #7345, #168, #498, .T. ) ;
#8216 = FILL_AREA_STYLE ('',( #7680 ) ) ;
#8217 = FACE_OUTER_BOUND ( 'NONE', #628, .T. ) ;
#8218 = VERTEX_POINT ( 'NONE', #6652 ) ;
#8219 = FACE_BOUND ( 'NONE', #134, .T. ) ;
#8220 = CARTESIAN_POINT ( 'NONE',  ( 5.080000000000104900, 6.100000000000000500, 1.550000000000001200 ) ) ;
#8221 = UNCERTAINTY_MEASURE_WITH_UNIT (LENGTH_MEASURE( 1.000000000000000100E-005 ), #4722, 'distance_accuracy_value', 'NONE');
#8222 = CYLINDRICAL_SURFACE ( 'NONE', #765, 0.9899999999999993200 ) ;
#8223 = VECTOR ( 'NONE', #307, 1000.000000000000000 ) ;
#8224 = CYLINDRICAL_SURFACE ( 'NONE', #76, 0.9899999999999995500 ) ;
#8225 = SURFACE_SIDE_STYLE ('',( #8001 ) ) ;
#8226 = STYLED_ITEM ( 'NONE', ( #5354 ), #2051 ) ;
#8227 = EDGE_CURVE ( 'NONE', #3045, #3627, #1996, .T. ) ;
#8228 = FACE_OUTER_BOUND ( 'NONE', #494, .T. ) ;
#8229 = DIRECTION ( 'NONE',  ( -0.0000000000000000000, 1.000000000000000000, -0.0000000000000000000 ) ) ;
#8230 = ORIENTED_EDGE ( 'NONE', *, *, #1006, .T. ) ;
#8231 = DIRECTION ( 'NONE',  ( -0.0000000000000000000, 1.000000000000000000, -0.0000000000000000000 ) ) ;
#8232 = EDGE_LOOP ( 'NONE', ( #2314, #7567, #8837, #741 ) ) ;
#8233 = VECTOR ( 'NONE', #8781, 1000.000000000000000 ) ;
#8234 = PRESENTATION_STYLE_ASSIGNMENT (( #6492 ) ) ;
#8235 = ADVANCED_FACE ( 'NONE', ( #1144 ), #8675, .F. ) ;
#8236 = ORIENTED_EDGE ( 'NONE', *, *, #1742, .T. ) ;
#8237 = SURFACE_STYLE_USAGE ( .BOTH. , #3397 ) ;
#8238 = CARTESIAN_POINT ( 'NONE',  ( -5.079999999999948600, 6.100000000000000500, -2.539999999999999600 ) ) ;
#8239 = FACE_OUTER_BOUND ( 'NONE', #4355, .T. ) ;
#8240 = CARTESIAN_POINT ( 'NONE',  ( 5.216294431241980000E-014, 3.299857146501273600, -3.529999999999999400 ) ) ;
#8241 = EDGE_LOOP ( 'NONE', ( #6303, #4754, #2488, #2258 ) ) ;
#8242 = ORIENTED_EDGE ( 'NONE', *, *, #6949, .F. ) ;
#8243 = DIRECTION ( 'NONE',  ( -0.0000000000000000000, 1.000000000000000000, -0.0000000000000000000 ) ) ;
#8244 = EDGE_CURVE ( 'NONE', #6930, #3970, #160, .T. ) ;
#8245 = PRESENTATION_STYLE_ASSIGNMENT (( #7961 ) ) ;
#8246 = CARTESIAN_POINT ( 'NONE',  ( -3.960000000000000900, -10.18309518948452900, 4.059999999999999600 ) ) ;
#8247 = CYLINDRICAL_SURFACE ( 'NONE', #7563, 0.9899999999999995500 ) ;
#8248 = ORIENTED_EDGE ( 'NONE', *, *, #8058, .F. ) ;
#8249 = SURFACE_SIDE_STYLE ('',( #5364 ) ) ;
#8250 = DIRECTION ( 'NONE',  ( -0.0000000000000000000, -1.000000000000000000, -0.0000000000000000000 ) ) ;
#8251 = DIRECTION ( 'NONE',  ( 0.0000000000000000000, 1.000000000000000000, 0.0000000000000000000 ) ) ;
#8252 = VECTOR ( 'NONE', #3524, 1000.000000000000000 ) ;
#8253 = ORIENTED_EDGE ( 'NONE', *, *, #2259, .F. ) ;
#8254 =( GEOMETRIC_REPRESENTATION_CONTEXT ( 3 ) GLOBAL_UNCERTAINTY_ASSIGNED_CONTEXT ( ( #5181 ) ) GLOBAL_UNIT_ASSIGNED_CONTEXT ( ( #2012, #4763, #5462 ) ) REPRESENTATION_CONTEXT ( 'NONE', 'WORKASPACE' ) );
#8255 = EDGE_LOOP ( 'NONE', ( #1059, #8337 ) ) ;
#8256 = ORIENTED_EDGE ( 'NONE', *, *, #3913, .T. ) ;
#8257 = EDGE_CURVE ( 'NONE', #6385, #3730, #4888, .T. ) ;
#8258 = CARTESIAN_POINT ( 'NONE',  ( 2.540000000000078600, 6.100000000000000500, -0.9899999999999993200 ) ) ;
#8259 = AXIS2_PLACEMENT_3D ( 'NONE', #1495, #1577, #171 ) ;
#8260 = VECTOR ( 'NONE', #1649, 1000.000000000000000 ) ;
#8261 = LINE ( 'NONE', #2560, #8688 ) ;
#8262 = DIRECTION ( 'NONE',  ( 0.0000000000000000000, 0.0000000000000000000, 1.000000000000000000 ) ) ;
#8263 = DIRECTION ( 'NONE',  ( 0.0000000000000000000, 1.000000000000000000, 0.0000000000000000000 ) ) ;
#8264 = ORIENTED_EDGE ( 'NONE', *, *, #4954, .F. ) ;
#8265 = PLANE ( 'NONE',  #3673 ) ;
#8266 = CARTESIAN_POINT ( 'NONE',  ( 3.960000000000000900, -4.799999999999999800, -4.060000000000000500 ) ) ;
#8267 = VERTEX_POINT ( 'NONE', #6776 ) ;
#8268 = PRESENTATION_LAYER_ASSIGNMENT (  '', '', ( #7804 ) ) ;
#8269 = AXIS2_PLACEMENT_3D ( 'NONE', #4807, #2819, #6921 ) ;
#8270 = VERTEX_POINT ( 'NONE', #4062 ) ;
#8271 =( NAMED_UNIT ( * ) PLANE_ANGLE_UNIT ( ) SI_UNIT ( $, .RADIAN. ) );
#8272 = DIRECTION ( 'NONE',  ( -0.0000000000000000000, 1.000000000000000000, -0.0000000000000000000 ) ) ;
#8273 = EDGE_CURVE ( 'NONE', #5641, #6279, #2304, .T. ) ;
#8274 = CYLINDRICAL_SURFACE ( 'NONE', #3881, 0.9899999999999995500 ) ;
#8275 = CARTESIAN_POINT ( 'NONE',  ( -5.079999999999948600, 6.100000000000000500, -2.539999999999999600 ) ) ;
#8276 = VECTOR ( 'NONE', #6100, 1000.000000000000000 ) ;
#8277 = CARTESIAN_POINT ( 'NONE',  ( -2.539999999999947600, 3.299857146501273600, -1.550000000000000500 ) ) ;
#8278 = CARTESIAN_POINT ( 'NONE',  ( 5.080000000000025800, 6.100000000000000500, -5.079999999999999200 ) ) ;
#8279 = CARTESIAN_POINT ( 'NONE',  ( -3.960000000000000900, -10.18309518948452900, 3.559999999999998700 ) ) ;
#8280 = PLANE ( 'NONE',  #5929 ) ;
#8281 = CIRCLE ( 'NONE', #5881, 0.9899999999999995500 ) ;
#8282 = ADVANCED_FACE ( 'NONE', ( #4566 ), #8194, .T. ) ;
#8283 = EDGE_CURVE ( 'NONE', #844, #282, #5539, .T. ) ;
#8284 = CARTESIAN_POINT ( 'NONE',  ( -5.080000000000001000, 6.299999999999999800, -7.620000000000000100 ) ) ;
#8285 =( NAMED_UNIT ( * ) SI_UNIT ( $, .STERADIAN. ) SOLID_ANGLE_UNIT ( ) );
#8286 = CARTESIAN_POINT ( 'NONE',  ( -2.539999999999974700, 6.299999999999999800, -5.079999999999999200 ) ) ;
#8287 = ORIENTED_EDGE ( 'NONE', *, *, #1816, .T. ) ;
#8288 = VECTOR ( 'NONE', #8186, 1000.000000000000000 ) ;
#8289 = AXIS2_PLACEMENT_3D ( 'NONE', #4040, #3054, #4477 ) ;
#8290 = FILL_AREA_STYLE_COLOUR ( '', #5966 ) ;
#8291 = CARTESIAN_POINT ( 'NONE',  ( -3.960000000000000900, 1.000000000000000000, 3.559999999999998700 ) ) ;
#8292 = CARTESIAN_POINT ( 'NONE',  ( 2.602085213965210600E-014, 6.100000000000000500, -5.079999999999999200 ) ) ;
#8293 = EDGE_CURVE ( 'NONE', #1258, #3045, #261, .T. ) ;
#8294 = CIRCLE ( 'NONE', #4253, 0.9899999999999995500 ) ;
#8295 = ORIENTED_EDGE ( 'NONE', *, *, #2768, .T. ) ;
#8296 = ADVANCED_FACE ( 'NONE', ( #6192 ), #5967, .T. ) ;
#8297 = DIRECTION ( 'NONE',  ( 0.0000000000000000000, 0.0000000000000000000, 1.000000000000000000 ) ) ;
#8298 = DIRECTION ( 'NONE',  ( 0.0000000000000000000, 0.0000000000000000000, 1.000000000000000000 ) ) ;
#8299 = CLOSED_SHELL ( 'NONE', ( #7134, #2039, #6689, #6650 ) ) ;
#8300 = DIRECTION ( 'NONE',  ( 0.0000000000000000000, 0.0000000000000000000, 1.000000000000000000 ) ) ;
#8301 = DIRECTION ( 'NONE',  ( 0.0000000000000000000, 0.0000000000000000000, 1.000000000000000000 ) ) ;
#8303 = VECTOR ( 'NONE', #6240, 1000.000000000000000 ) ;
#8302 = DIRECTION ( 'NONE',  ( 0.0000000000000000000, 0.0000000000000000000, 1.000000000000000000 ) ) ;
#8304 = MANIFOLD_SOLID_BREP ( 'LED 41', #1780 ) ;
#8305 = SURFACE_STYLE_USAGE ( .BOTH. , #8249 ) ;
#8306 = DIRECTION ( 'NONE',  ( 0.0000000000000000000, 0.0000000000000000000, 1.000000000000000000 ) ) ;
#8307 = DIRECTION ( 'NONE',  ( 0.0000000000000000000, 1.000000000000000000, 0.0000000000000000000 ) ) ;
#8308 = EDGE_CURVE ( 'NONE', #7728, #3427, #6839, .T. ) ;
#8309 = VERTEX_POINT ( 'NONE', #7470 ) ;
#8310 = ORIENTED_EDGE ( 'NONE', *, *, #4303, .T. ) ;
#8311 = VECTOR ( 'NONE', #6442, 1000.000000000000000 ) ;
#8312 = VERTEX_POINT ( 'NONE', #2740 ) ;
#8313 = CYLINDRICAL_SURFACE ( 'NONE', #5470, 0.9899999999999993200 ) ;
#8314 = CARTESIAN_POINT ( 'NONE',  ( 6.330000000000001800, 6.299999999999999800, -8.869999999999999200 ) ) ;
#8315 = DIRECTION ( 'NONE',  ( 1.000000000000000000, 0.0000000000000000000, 0.0000000000000000000 ) ) ;
#8316 = VERTEX_POINT ( 'NONE', #8798 ) ;
#8317 = CYLINDRICAL_SURFACE ( 'NONE', #1408, 0.9899999999999995500 ) ;
#8318 = CARTESIAN_POINT ( 'NONE',  ( 7.892991815694472300E-014, 6.100000000000000500, 0.9899999999999993200 ) ) ;
#8319 = STYLED_ITEM ( 'NONE', ( #2255 ), #7807 ) ;
#8320 = DIRECTION ( 'NONE',  ( 0.0000000000000000000, 0.0000000000000000000, 1.000000000000000000 ) ) ;
#8321 = DIRECTION ( 'NONE',  ( 0.0000000000000000000, 1.000000000000000000, 0.0000000000000000000 ) ) ;
#8322 = LINE ( 'NONE', #1585, #2269 ) ;
#8323 = ORIENTED_EDGE ( 'NONE', *, *, #1320, .T. ) ;
#8324 = ADVANCED_FACE ( 'NONE', ( #927 ), #50, .F. ) ;
#8325 = FACE_BOUND ( 'NONE', #2065, .T. ) ;
#8326 = FILL_AREA_STYLE ('',( #6236 ) ) ;
#8327 = VECTOR ( 'NONE', #7264, 1000.000000000000000 ) ;
#8328 = DIRECTION ( 'NONE',  ( 0.0000000000000000000, -0.0000000000000000000, 1.000000000000000000 ) ) ;
#8329 = CARTESIAN_POINT ( 'NONE',  ( -5.079999999999868600, 6.100000000000000500, 6.070000000000001200 ) ) ;
#8330 = FACE_OUTER_BOUND ( 'NONE', #7721, .T. ) ;
#8331 = AXIS2_PLACEMENT_3D ( 'NONE', #6735, #8178, #7455 ) ;
#8332 = CARTESIAN_POINT ( 'NONE',  ( 1.058181320345852300E-013, 6.100000000000000500, 2.540000000000000500 ) ) ;
#8333 = PLANE ( 'NONE',  #7636 ) ;
#8334 = CARTESIAN_POINT ( 'NONE',  ( 4.762500000000000200, 0.0000000000000000000, -8.869999999999997400 ) ) ;
#8335 =( NAMED_UNIT ( * ) PLANE_ANGLE_UNIT ( ) SI_UNIT ( $, .RADIAN. ) );
#8336 = EDGE_CURVE ( 'NONE', #590, #8218, #5105, .T. ) ;
#8337 = ORIENTED_EDGE ( 'NONE', *, *, #7174, .F. ) ;
#8338 = ORIENTED_EDGE ( 'NONE', *, *, #1693, .F. ) ;
#8339 = ADVANCED_FACE ( 'NONE', ( #8775 ), #626, .F. ) ;
#8340 = VECTOR ( 'NONE', #4215, 1000.000000000000000 ) ;
#8341 = ORIENTED_EDGE ( 'NONE', *, *, #4393, .F. ) ;
#8342 = ORIENTED_EDGE ( 'NONE', *, *, #7151, .F. ) ;
#8343 = COLOUR_RGB ( '',0.5019607843137254800, 0.5019607843137254800, 0.5019607843137254800 ) ;
#8344 = ORIENTED_EDGE ( 'NONE', *, *, #324, .T. ) ;
#8345 = ORIENTED_EDGE ( 'NONE', *, *, #4418, .F. ) ;
#8346 = ORIENTED_EDGE ( 'NONE', *, *, #7932, .T. ) ;
#8347 = CARTESIAN_POINT ( 'NONE',  ( 1.059393720677008300E-013, 6.299999999999999800, 1.550000000000001200 ) ) ;
#8348 = LINE ( 'NONE', #8706, #1989 ) ;
#8349 = AXIS2_PLACEMENT_3D ( 'NONE', #3986, #3288, #6068 ) ;
#8350 = CIRCLE ( 'NONE', #5541, 0.9899999999999993200 ) ;
#8351 = EDGE_CURVE ( 'NONE', #248, #3864, #1778, .T. ) ;
#8352 = ORIENTED_EDGE ( 'NONE', *, *, #2967, .T. ) ;
#8353 = CARTESIAN_POINT ( 'NONE',  ( 5.079999999999999200, 6.100000000000000500, -6.630000000000000800 ) ) ;
#8354 = DIRECTION ( 'NONE',  ( 0.0000000000000000000, -0.0000000000000000000, 1.000000000000000000 ) ) ;
#8355 = ORIENTED_EDGE ( 'NONE', *, *, #5742, .F. ) ;
#8356 = CIRCLE ( 'NONE', #7235, 0.9899999999999995500 ) ;
#8357 = EDGE_LOOP ( 'NONE', ( #300, #4939, #7808, #3271 ) ) ;
#8358 = ORIENTED_EDGE ( 'NONE', *, *, #1661, .T. ) ;
#8359 = UNCERTAINTY_MEASURE_WITH_UNIT (LENGTH_MEASURE( 1.000000000000000100E-005 ), #6990, 'distance_accuracy_value', 'NONE');
#8360 = AXIS2_PLACEMENT_3D ( 'NONE', #7440, #5381, #1297 ) ;
#8361 = CARTESIAN_POINT ( 'NONE',  ( -7.461217048728156800E-016, 6.299999999999999800, -8.609999999999999400 ) ) ;
#8362 = EDGE_LOOP ( 'NONE', ( #3072, #5800 ) ) ;
#8363 = DIRECTION ( 'NONE',  ( 0.0000000000000000000, 0.0000000000000000000, 1.000000000000000000 ) ) ;
#8364 = SURFACE_STYLE_USAGE ( .BOTH. , #7761 ) ;
#8365 = EDGE_CURVE ( 'NONE', #7350, #1445, #3378, .T. ) ;
#8366 = CIRCLE ( 'NONE', #3568, 0.9899999999999995500 ) ;
#8367 = AXIS2_PLACEMENT_3D ( 'NONE', #5578, #1377, #6217 ) ;
#8368 = CLOSED_SHELL ( 'NONE', ( #7973, #4569, #1405, #7206 ) ) ;
#8369 = DIRECTION ( 'NONE',  ( 0.0000000000000000000, 0.0000000000000000000, 1.000000000000000000 ) ) ;
#8370 = CARTESIAN_POINT ( 'NONE',  ( -3.660000000000001000, -4.799999999999999800, -1.520000000000000500 ) ) ;
#8371 = DIRECTION ( 'NONE',  ( 0.0000000000000000000, -0.0000000000000000000, 1.000000000000000000 ) ) ;
#8372 = ORIENTED_EDGE ( 'NONE', *, *, #8878, .T. ) ;
#8373 = ADVANCED_FACE ( 'NONE', ( #4349 ), #2131, .T. ) ;
#8374 = VERTEX_POINT ( 'NONE', #25 ) ;
#8375 = EDGE_CURVE ( 'NONE', #1622, #5641, #2533, .T. ) ;
#8376 = CARTESIAN_POINT ( 'NONE',  ( 1.587271980518778500E-013, 3.299857146501273600, 7.620000000000000100 ) ) ;
#8377 = CARTESIAN_POINT ( 'NONE',  ( -6.329999999999997400, 6.100000000000000500, -8.869999999999999200 ) ) ;
#8378 = EDGE_LOOP ( 'NONE', ( #1341, #8341, #6562, #7667 ) ) ;
#8379 = CARTESIAN_POINT ( 'NONE',  ( 2.540000000000105700, 6.100000000000000500, 2.540000000000000500 ) ) ;
#8380 = VECTOR ( 'NONE', #6283, 1000.000000000000000 ) ;
#8381 = CARTESIAN_POINT ( 'NONE',  ( 5.080000000000025800, 6.299999999999999800, -5.079999999999999200 ) ) ;
#8382 = ORIENTED_EDGE ( 'NONE', *, *, #1705, .T. ) ;
#8383 = DIRECTION ( 'NONE',  ( 0.0000000000000000000, -0.0000000000000000000, 1.000000000000000000 ) ) ;
#8384 = VERTEX_POINT ( 'NONE', #8258 ) ;
#8385 = ADVANCED_FACE ( 'NONE', ( #375 ), #2933, .T. ) ;
#8386 =( NAMED_UNIT ( * ) SI_UNIT ( $, .STERADIAN. ) SOLID_ANGLE_UNIT ( ) );
#8387 = AXIS2_PLACEMENT_3D ( 'NONE', #619, #6102, #3407 ) ;
#8389 = CYLINDRICAL_SURFACE ( 'NONE', #2339, 0.9899999999999995500 ) ;
#8388 = AXIS2_PLACEMENT_3D ( 'NONE', #5007, #1724, #7187 ) ;
#8390 = ADVANCED_FACE ( 'NONE', ( #1558 ), #2773, .T. ) ;
#8391 = DIRECTION ( 'NONE',  ( 0.0000000000000000000, 0.0000000000000000000, 1.000000000000000000 ) ) ;
#8392 = PLANE ( 'NONE',  #7083 ) ;
#8393 = CARTESIAN_POINT ( 'NONE',  ( -3.960000000000000900, -4.799999999999999800, -4.060000000000000500 ) ) ;
#8394 = EDGE_CURVE ( 'NONE', #8472, #2397, #6286, .T. ) ;
#8395 = CARTESIAN_POINT ( 'NONE',  ( -6.329999999999997400, 0.0000000000000000000, 8.869999999999999200 ) ) ;
#8396 = LINE ( 'NONE', #5352, #1930 ) ;
#8397 = CARTESIAN_POINT ( 'NONE',  ( -5.079999999999921000, 6.299999999999999800, 0.0000000000000000000 ) ) ;
#8398 = STYLED_ITEM ( 'NONE', ( #3361 ), #4309 ) ;
#8399 = VERTEX_POINT ( 'NONE', #7587 ) ;
#8400 = ORIENTED_EDGE ( 'NONE', *, *, #6272, .T. ) ;
#8401 = VERTEX_POINT ( 'NONE', #6226 ) ;
#8402 = EDGE_CURVE ( 'NONE', #2310, #3284, #4773, .T. ) ;
#8403 = CARTESIAN_POINT ( 'NONE',  ( 0.0000000000000000000, -4.799999999999999800, 0.0000000000000000000 ) ) ;
#8404 = CLOSED_SHELL ( 'NONE', ( #4430, #5775, #4788, #1020 ) ) ;
#8405 = CARTESIAN_POINT ( 'NONE',  ( 6.330000000000001800, 1.000000000000000000, 7.302499999999997500 ) ) ;
#8406 = CARTESIAN_POINT ( 'NONE',  ( 3.660000000000001000, 1.000000000000000000, 1.019999999999999100 ) ) ;
#8407 = CARTESIAN_POINT ( 'NONE',  ( -2.539999999999947600, 3.299857146501273600, -2.539999999999999600 ) ) ;
#8408 = ORIENTED_EDGE ( 'NONE', *, *, #177, .F. ) ;
#8409 = AXIS2_PLACEMENT_3D ( 'NONE', #982, #5777, #8525 ) ;
#8410 = SURFACE_SIDE_STYLE ('',( #1792 ) ) ;
#8411 = ORIENTED_EDGE ( 'NONE', *, *, #6321, .T. ) ;
#8412 = EDGE_LOOP ( 'NONE', ( #6498, #4671 ) ) ;
#8413 = EDGE_CURVE ( 'NONE', #4079, #87, #7044, .T. ) ;
#8414 = ADVANCED_FACE ( 'NONE', ( #7276 ), #8476, .F. ) ;
#8415 = VECTOR ( 'NONE', #4604, 1000.000000000000000 ) ;
#8416 = CARTESIAN_POINT ( 'NONE',  ( -8.673617379884035500E-016, 3.299857146501273600, -7.620000000000000100 ) ) ;
#8417 = CARTESIAN_POINT ( 'NONE',  ( -6.329999999999997400, 6.299999999999999800, -8.869999999999999200 ) ) ;
#8418 = CARTESIAN_POINT ( 'NONE',  ( 1.058181320345852300E-013, 6.299999999999999800, 2.540000000000000500 ) ) ;
#8419 = AXIS2_PLACEMENT_3D ( 'NONE', #6067, #1946, #8181 ) ;
#8420 = ORIENTED_EDGE ( 'NONE', *, *, #5042, .F. ) ;
#8421 = VECTOR ( 'NONE', #5962, 1000.000000000000000 ) ;
#8422 = DIRECTION ( 'NONE',  ( 0.0000000000000000000, 1.000000000000000000, 0.0000000000000000000 ) ) ;
#8423 = CIRCLE ( 'NONE', #808, 0.9899999999999995500 ) ;
#8424 = EDGE_CURVE ( 'NONE', #7154, #4042, #6178, .T. ) ;
#8425 = AXIS2_PLACEMENT_3D ( 'NONE', #2154, #8251, #6857 ) ;
#8426 = EDGE_LOOP ( 'NONE', ( #6823, #3609, #7363, #4871 ) ) ;
#8427 = FACE_BOUND ( 'NONE', #838, .T. ) ;
#8429 = CIRCLE ( 'NONE', #593, 0.9899999999999993200 ) ;
#8428 = DIRECTION ( 'NONE',  ( -0.0000000000000000000, -1.000000000000000000, -0.0000000000000000000 ) ) ;
#8430 = ORIENTED_EDGE ( 'NONE', *, *, #4008, .T. ) ;
#8431 = DIRECTION ( 'NONE',  ( 0.0000000000000000000, -0.0000000000000000000, 1.000000000000000000 ) ) ;
#8432 = CARTESIAN_POINT ( 'NONE',  ( -5.079999999999842000, 6.299999999999999800, 8.609999999999999400 ) ) ;
#8433 = AXIS2_PLACEMENT_3D ( 'NONE', #3458, #1321, #1981 ) ;
#8434 = AXIS2_PLACEMENT_3D ( 'NONE', #5491, #4824, #5518 ) ;
#8435 = FACE_BOUND ( 'NONE', #606, .T. ) ;
#8436 = CARTESIAN_POINT ( 'NONE',  ( -5.080000000000001000, 6.100000000000000500, -7.620000000000000100 ) ) ;
#8437 = CYLINDRICAL_SURFACE ( 'NONE', #649, 0.9899999999999995500 ) ;
#8438 = EDGE_CURVE ( 'NONE', #6942, #5932, #485, .T. ) ;
#8439 = CIRCLE ( 'NONE', #414, 0.9899999999999995500 ) ;
#8440 = CYLINDRICAL_SURFACE ( 'NONE', #2963, 0.9899999999999995500 ) ;
#8441 = CIRCLE ( 'NONE', #3166, 0.9899999999999995500 ) ;
#8442 = CARTESIAN_POINT ( 'NONE',  ( 3.960000000000000900, -10.18309518948452900, 6.099999999999999600 ) ) ;
#8443 = LINE ( 'NONE', #8140, #3573 ) ;
#8444 = CARTESIAN_POINT ( 'NONE',  ( -5.079999999999868600, 6.299999999999999800, 4.090000000000001600 ) ) ;
#8445 = ORIENTED_EDGE ( 'NONE', *, *, #6195, .F. ) ;
#8446 = EDGE_LOOP ( 'NONE', ( #2200, #6213, #6778, #6075 ) ) ;
#8447 = AXIS2_PLACEMENT_3D ( 'NONE', #4388, #3093, #6438 ) ;
#8448 = SURFACE_STYLE_USAGE ( .BOTH. , #169 ) ;
#8449 = DIRECTION ( 'NONE',  ( 0.0000000000000000000, 0.0000000000000000000, 1.000000000000000000 ) ) ;
#8450 = EDGE_CURVE ( 'NONE', #6976, #7054, #7805, .T. ) ;
#8451 = ORIENTED_EDGE ( 'NONE', *, *, #8466, .F. ) ;
#8452 = LINE ( 'NONE', #7642, #7717 ) ;
#8453 = ORIENTED_EDGE ( 'NONE', *, *, #1629, .F. ) ;
#8454 = FACE_OUTER_BOUND ( 'NONE', #2887, .T. ) ;
#8455 = CYLINDRICAL_SURFACE ( 'NONE', #2134, 0.9899999999999993200 ) ;
#8456 = ADVANCED_FACE ( 'NONE', ( #1029 ), #4128, .T. ) ;
#8457 = VERTEX_POINT ( 'NONE', #7161 ) ;
#8458 = STYLED_ITEM ( 'NONE', ( #8234 ), #5639 ) ;
#8459 = DIRECTION ( 'NONE',  ( 0.0000000000000000000, 1.000000000000000000, 0.0000000000000000000 ) ) ;
#8460 = CIRCLE ( 'NONE', #6066, 0.9899999999999995500 ) ;
#8461 = DIRECTION ( 'NONE',  ( 0.0000000000000000000, 0.0000000000000000000, 1.000000000000000000 ) ) ;
#8462 = CARTESIAN_POINT ( 'NONE',  ( 4.762500000000000200, 1.000000000000000000, -8.869999999999997400 ) ) ;
#8463 = ORIENTED_EDGE ( 'NONE', *, *, #7736, .F. ) ;
#8464 = SURFACE_SIDE_STYLE ('',( #6482 ) ) ;
#8465 = EDGE_LOOP ( 'NONE', ( #211, #38, #6534, #1256 ) ) ;
#8466 = EDGE_CURVE ( 'NONE', #2874, #6128, #7918, .T. ) ;
#8467 = MANIFOLD_SOLID_BREP ( 'LED 65', #4785 ) ;
#8468 = DIRECTION ( 'NONE',  ( 0.0000000000000000000, 1.000000000000000000, 0.0000000000000000000 ) ) ;
#8469 = FACE_OUTER_BOUND ( 'NONE', #3079, .T. ) ;
#8470 = VECTOR ( 'NONE', #5522, 1000.000000000000000 ) ;
#8471 =( GEOMETRIC_REPRESENTATION_CONTEXT ( 3 ) GLOBAL_UNCERTAINTY_ASSIGNED_CONTEXT ( ( #3122 ) ) GLOBAL_UNIT_ASSIGNED_CONTEXT ( ( #2069, #2774, #8285 ) ) REPRESENTATION_CONTEXT ( 'NONE', 'WORKASPACE' ) );
#8472 = VERTEX_POINT ( 'NONE', #3711 ) ;
#8473 = CARTESIAN_POINT ( 'NONE',  ( 3.960000000000000900, -4.799999999999999800, -1.020000000000000000 ) ) ;
#8474 =( NAMED_UNIT ( * ) PLANE_ANGLE_UNIT ( ) SI_UNIT ( $, .RADIAN. ) );
#8475 = EDGE_CURVE ( 'NONE', #7728, #6156, #4670, .T. ) ;
#8476 = PLANE ( 'NONE',  #4555 ) ;
#8477 = EDGE_CURVE ( 'NONE', #1955, #2392, #1766, .T. ) ;
#8478 = ORIENTED_EDGE ( 'NONE', *, *, #7598, .T. ) ;
#8479 = ORIENTED_EDGE ( 'NONE', *, *, #5349, .T. ) ;
#8480 = CARTESIAN_POINT ( 'NONE',  ( 3.660000000000001000, 1.000000000000000000, 1.019999999999999100 ) ) ;
#8481 = CARTESIAN_POINT ( 'NONE',  ( -3.960000000000000900, -10.18309518948452900, -4.060000000000000500 ) ) ;
#8482 = VERTEX_POINT ( 'NONE', #3074 ) ;
#8483 = CARTESIAN_POINT ( 'NONE',  ( 7.905115819006031600E-014, 6.100000000000000500, -0.9899999999999993200 ) ) ;
#8484 = VECTOR ( 'NONE', #3310, 1000.000000000000000 ) ;
#8485 = FACE_OUTER_BOUND ( 'NONE', #8720, .T. ) ;
#8486 = PRESENTATION_LAYER_ASSIGNMENT (  '', '', ( #5067 ) ) ;
#8487 = CARTESIAN_POINT ( 'NONE',  ( -2.539999999999867700, 6.100000000000000500, 6.070000000000001200 ) ) ;
#8488 = CARTESIAN_POINT ( 'NONE',  ( -2.539999999999974700, 6.299999999999999800, -5.079999999999999200 ) ) ;
#8489 = CARTESIAN_POINT ( 'NONE',  ( -8.673617379884035500E-016, 6.100000000000000500, -6.630000000000000800 ) ) ;
#8490 =( LENGTH_UNIT ( ) NAMED_UNIT ( * ) SI_UNIT ( .MILLI., .METRE. ) );
#8491 = CARTESIAN_POINT ( 'NONE',  ( 5.079999999999999200, 6.299999999999999800, -8.609999999999999400 ) ) ;
#8492 = CARTESIAN_POINT ( 'NONE',  ( 3.660000000000001000, 1.000000000000000000, -6.099999999999999600 ) ) ;
#8493 = ORIENTED_EDGE ( 'NONE', *, *, #6768, .T. ) ;
#8494 = AXIS2_PLACEMENT_3D ( 'NONE', #4402, #3112, #5797 ) ;
#8495 = ORIENTED_EDGE ( 'NONE', *, *, #1127, .F. ) ;
#8496 = ADVANCED_FACE ( 'NONE', ( #3367 ), #5790, .F. ) ;
#8497 = CARTESIAN_POINT ( 'NONE',  ( 0.0000000000000000000, 1.000000000000000000, 0.0000000000000000000 ) ) ;
#8498 = CARTESIAN_POINT ( 'NONE',  ( -3.660000000000001000, -4.799999999999999800, -4.060000000000000500 ) ) ;
#8499 = EDGE_CURVE ( 'NONE', #3798, #5610, #5636, .T. ) ;
#8500 = CARTESIAN_POINT ( 'NONE',  ( 4.762500000000000200, 1.000000000000000000, -8.869999999999997400 ) ) ;
#8502 = VECTOR ( 'NONE', #6418, 1000.000000000000000 ) ;
#8501 = CARTESIAN_POINT ( 'NONE',  ( 2.540000000000131500, 6.299999999999999800, 5.080000000000001000 ) ) ;
#8503 = ORIENTED_EDGE ( 'NONE', *, *, #1145, .T. ) ;
#8504 = ADVANCED_FACE ( 'NONE', ( #5529 ), #3672, .F. ) ;
#8505 = ADVANCED_FACE ( 'NONE', ( #6389 ), #1673, .T. ) ;
#8506 = CARTESIAN_POINT ( 'NONE',  ( 5.204170427930421300E-014, 6.100000000000000500, -1.550000000000000500 ) ) ;
#8507 = ORIENTED_EDGE ( 'NONE', *, *, #8096, .T. ) ;
#8508 = ADVANCED_FACE ( 'NONE', ( #3908 ), #2838, .T. ) ;
#8509 = AXIS2_PLACEMENT_3D ( 'NONE', #8155, #5981, #486 ) ;
#8510 = CARTESIAN_POINT ( 'NONE',  ( 5.204170427930421300E-014, 6.299999999999999800, -2.539999999999999600 ) ) ;
#8511 = EDGE_CURVE ( 'NONE', #6185, #8270, #817, .T. ) ;
#8512 = CARTESIAN_POINT ( 'NONE',  ( -5.079999999999894400, 6.299999999999999800, 1.550000000000001200 ) ) ;
#8513 = DIRECTION ( 'NONE',  ( -0.0000000000000000000, 1.000000000000000000, -0.0000000000000000000 ) ) ;
#8514 = ORIENTED_EDGE ( 'NONE', *, *, #1068, .T. ) ;
#8515 = VERTEX_POINT ( 'NONE', #7257 ) ;
#8516 = CARTESIAN_POINT ( 'NONE',  ( 2.540000000000105700, 6.100000000000000500, 2.540000000000000500 ) ) ;
#8517 = AXIS2_PLACEMENT_3D ( 'NONE', #5296, #3301, #4601 ) ;
#8518 = ORIENTED_EDGE ( 'NONE', *, *, #8737, .T. ) ;
#8519 = DIRECTION ( 'NONE',  ( 0.0000000000000000000, 0.0000000000000000000, 1.000000000000000000 ) ) ;
#8520 = FACE_OUTER_BOUND ( 'NONE', #4075, .T. ) ;
#8521 = DIRECTION ( 'NONE',  ( 0.0000000000000000000, 1.000000000000000000, 0.0000000000000000000 ) ) ;
#8522 = EDGE_CURVE ( 'NONE', #7138, #228, #6829, .T. ) ;
#8523 = ORIENTED_EDGE ( 'NONE', *, *, #4800, .T. ) ;
#8524 = PRESENTATION_STYLE_ASSIGNMENT (( #6970 ) ) ;
#8525 = DIRECTION ( 'NONE',  ( 0.0000000000000000000, 0.0000000000000000000, 1.000000000000000000 ) ) ;
#8526 = PLANE ( 'NONE',  #8447 ) ;
#8527 = PRESENTATION_STYLE_ASSIGNMENT (( #8196 ) ) ;
#8528 = CARTESIAN_POINT ( 'NONE',  ( -2.539999999999974700, 6.100000000000000500, -5.079999999999999200 ) ) ;
#8529 = CARTESIAN_POINT ( 'NONE',  ( -5.079999999999974300, 6.100000000000000500, -6.069999999999999400 ) ) ;
#8530 = AXIS2_PLACEMENT_3D ( 'NONE', #1100, #5923, #7352 ) ;
#8531 = PRODUCT_CONTEXT ( 'NONE', #2330, 'mechanical' ) ;
#8532 = ORIENTED_EDGE ( 'NONE', *, *, #5772, .T. ) ;
#8533 = FACE_BOUND ( 'NONE', #8362, .T. ) ;
#8534 = DIRECTION ( 'NONE',  ( 0.0000000000000000000, 0.0000000000000000000, 1.000000000000000000 ) ) ;
#8535 = EDGE_CURVE ( 'NONE', #1454, #6603, #250, .T. ) ;
#8536 = VECTOR ( 'NONE', #2781, 1000.000000000000000 ) ;
#8537 = AXIS2_PLACEMENT_3D ( 'NONE', #1357, #6885, #4825 ) ;
#8538 = CARTESIAN_POINT ( 'NONE',  ( 0.0000000000000000000, -4.799999999999999800, 0.0000000000000000000 ) ) ;
#8539 = CARTESIAN_POINT ( 'NONE',  ( -8.673617379884035500E-016, 6.299999999999999800, -7.620000000000000100 ) ) ;
#8540 = ADVANCED_FACE ( 'NONE', ( #8024 ), #1800, .F. ) ;
#8541 = CARTESIAN_POINT ( 'NONE',  ( 3.660000000000001000, 1.000000000000000000, 6.099999999999999600 ) ) ;
#8542 = ORIENTED_EDGE ( 'NONE', *, *, #6564, .F. ) ;
#8543 = VERTEX_POINT ( 'NONE', #7336 ) ;
#8544 = SURFACE_STYLE_FILL_AREA ( #6692 ) ;
#8545 = DIRECTION ( 'NONE',  ( 0.0000000000000000000, 0.0000000000000000000, 1.000000000000000000 ) ) ;
#8546 = LINE ( 'NONE', #8629, #7583 ) ;
#8547 = AXIS2_PLACEMENT_3D ( 'NONE', #8275, #9, #4080 ) ;
#8548 = CIRCLE ( 'NONE', #235, 0.9899999999999995500 ) ;
#8549 = CARTESIAN_POINT ( 'NONE',  ( 7.892991815694472300E-014, 6.100000000000000500, 0.0000000000000000000 ) ) ;
#8550 = VERTEX_POINT ( 'NONE', #1825 ) ;
#8551 = ORIENTED_EDGE ( 'NONE', *, *, #8535, .T. ) ;
#8552 = ADVANCED_FACE ( 'NONE', ( #6078 ), #5732, .F. ) ;
#8553 = VECTOR ( 'NONE', #5218, 1000.000000000000000 ) ;
#8554 = ORIENTED_EDGE ( 'NONE', *, *, #3204, .F. ) ;
#8555 = EDGE_CURVE ( 'NONE', #3627, #3045, #4237, .T. ) ;
#8556 = EDGE_LOOP ( 'NONE', ( #7067, #1373 ) ) ;
#8557 = ORIENTED_EDGE ( 'NONE', *, *, #4453, .F. ) ;
#8558 = CARTESIAN_POINT ( 'NONE',  ( -5.079999999999868600, 6.100000000000000500, 4.090000000000001600 ) ) ;
#8559 = VECTOR ( 'NONE', #5327, 1000.000000000000000 ) ;
#8560 = ADVANCED_FACE ( 'NONE', ( #8876 ), #2077, .F. ) ;
#8561 = CIRCLE ( 'NONE', #3042, 0.9899999999999995500 ) ;
#8562 =( LENGTH_UNIT ( ) NAMED_UNIT ( * ) SI_UNIT ( .MILLI., .METRE. ) );
#8563 = ORIENTED_EDGE ( 'NONE', *, *, #5708, .T. ) ;
#8564 = AXIS2_PLACEMENT_3D ( 'NONE', #6383, #984, #7306 ) ;
#8565 = VECTOR ( 'NONE', #214, 1000.000000000000000 ) ;
#8566 = DIRECTION ( 'NONE',  ( -0.0000000000000000000, -1.000000000000000000, -0.0000000000000000000 ) ) ;
#8567 = ORIENTED_EDGE ( 'NONE', *, *, #7624, .F. ) ;
#8568 = DIRECTION ( 'NONE',  ( 0.0000000000000000000, 0.0000000000000000000, 1.000000000000000000 ) ) ;
#8569 = ORIENTED_EDGE ( 'NONE', *, *, #29, .F. ) ;
#8570 = DIRECTION ( 'NONE',  ( -0.0000000000000000000, -1.000000000000000000, -0.0000000000000000000 ) ) ;
#8571 = EDGE_CURVE ( 'NONE', #1021, #4445, #4025, .T. ) ;
#8572 = ORIENTED_EDGE ( 'NONE', *, *, #6439, .F. ) ;
#8573 = CARTESIAN_POINT ( 'NONE',  ( -5.079999999999921000, 6.100000000000000500, 0.0000000000000000000 ) ) ;
#8574 = CYLINDRICAL_SURFACE ( 'NONE', #5038, 0.9899999999999993200 ) ;
#8575 = VECTOR ( 'NONE', #3348, 1000.000000000000000 ) ;
#8576 = DIRECTION ( 'NONE',  ( 0.0000000000000000000, -0.0000000000000000000, 1.000000000000000000 ) ) ;
#8577 = EDGE_LOOP ( 'NONE', ( #3748, #2303 ) ) ;
#8578 = MANIFOLD_SOLID_BREP ( 'LED 64', #8368 ) ;
#8579 = DIRECTION ( 'NONE',  ( 0.0000000000000000000, 1.000000000000000000, 0.0000000000000000000 ) ) ;
#8580 = DIRECTION ( 'NONE',  ( 0.0000000000000000000, 1.000000000000000000, 0.0000000000000000000 ) ) ;
#8581 = DIRECTION ( 'NONE',  ( 0.0000000000000000000, 0.0000000000000000000, 1.000000000000000000 ) ) ;
#8582 = EDGE_LOOP ( 'NONE', ( #4254, #2537, #4718, #2891 ) ) ;
#8583 = CARTESIAN_POINT ( 'NONE',  ( -5.079999999999948600, 6.299999999999999800, -3.529999999999999400 ) ) ;
#8584 = EDGE_CURVE ( 'NONE', #2300, #4197, #8548, .T. ) ;
#8585 = VERTEX_POINT ( 'NONE', #1852 ) ;
#8586 = CARTESIAN_POINT ( 'NONE',  ( 0.0000000000000000000, 1.000000000000000000, 0.0000000000000000000 ) ) ;
#8587 = SURFACE_STYLE_FILL_AREA ( #170 ) ;
#8588 = VERTEX_POINT ( 'NONE', #6666 ) ;
#8589 = PRESENTATION_LAYER_ASSIGNMENT (  '', '', ( #8708 ) ) ;
#8590 = ADVANCED_FACE ( 'NONE', ( #2829 ), #4762, .F. ) ;
#8591 = FACE_OUTER_BOUND ( 'NONE', #1248, .T. ) ;
#8592 =( LENGTH_UNIT ( ) NAMED_UNIT ( * ) SI_UNIT ( .MILLI., .METRE. ) );
#8593 = ORIENTED_EDGE ( 'NONE', *, *, #5187, .F. ) ;
#8594 = VERTEX_POINT ( 'NONE', #3862 ) ;
#8595 = EDGE_CURVE ( 'NONE', #5875, #184, #5314, .T. ) ;
#8596 = DIRECTION ( 'NONE',  ( 0.0000000000000000000, 0.0000000000000000000, 1.000000000000000000 ) ) ;
#8597 = AXIS2_PLACEMENT_3D ( 'NONE', #1737, #5261, #2646 ) ;
#8598 =( LENGTH_UNIT ( ) NAMED_UNIT ( * ) SI_UNIT ( .MILLI., .METRE. ) );
#8599 = VECTOR ( 'NONE', #7116, 1000.000000000000000 ) ;
#8601 = DIRECTION ( 'NONE',  ( 0.0000000000000000000, 1.000000000000000000, 0.0000000000000000000 ) ) ;
#8600 = DIRECTION ( 'NONE',  ( 0.0000000000000000000, 0.0000000000000000000, 1.000000000000000000 ) ) ;
#8602 = VECTOR ( 'NONE', #1094, 1000.000000000000000 ) ;
#8603 = ADVANCED_FACE ( 'NONE', ( #6379 ), #3216, .F. ) ;
#8604 = CARTESIAN_POINT ( 'NONE',  ( 1.058181320345852300E-013, 6.299999999999999800, 3.530000000000000200 ) ) ;
#8605 = ADVANCED_FACE ( 'NONE', ( #36 ), #3430, .F. ) ;
#8606 = AXIS2_PLACEMENT_3D ( 'NONE', #6254, #2161, #1387 ) ;
#8607 = DIRECTION ( 'NONE',  ( 0.0000000000000000000, 0.0000000000000000000, 1.000000000000000000 ) ) ;
#8608 = CIRCLE ( 'NONE', #826, 0.9899999999999993200 ) ;
#8609 = PLANE ( 'NONE',  #3538 ) ;
#8610 = EDGE_LOOP ( 'NONE', ( #5547, #7139, #6996, #4148 ) ) ;
#8611 = UNCERTAINTY_MEASURE_WITH_UNIT (LENGTH_MEASURE( 1.000000000000000100E-005 ), #8592, 'distance_accuracy_value', 'NONE');
#8612 = EDGE_CURVE ( 'NONE', #7445, #2651, #807, .T. ) ;
#8613 = CARTESIAN_POINT ( 'NONE',  ( 2.540000000000131500, 6.299999999999999800, 5.080000000000001000 ) ) ;
#8614 = DIRECTION ( 'NONE',  ( 0.0000000000000000000, 1.000000000000000000, 0.0000000000000000000 ) ) ;
#8615 = VERTEX_POINT ( 'NONE', #698 ) ;
#8616 = ORIENTED_EDGE ( 'NONE', *, *, #674, .T. ) ;
#8617 = FILL_AREA_STYLE_COLOUR ( '', #4669 ) ;
#8618 = FACE_BOUND ( 'NONE', #6900, .T. ) ;
#8619 = AXIS2_PLACEMENT_3D ( 'NONE', #1975, #3373, #4677 ) ;
#8620 = DIRECTION ( 'NONE',  ( -0.0000000000000000000, 1.000000000000000000, -0.0000000000000000000 ) ) ;
#8621 = LINE ( 'NONE', #5781, #3863 ) ;
#8622 = EDGE_LOOP ( 'NONE', ( #5164, #6420, #6434, #5604 ) ) ;
#8623 = FILL_AREA_STYLE ('',( #6504 ) ) ;
#8624 = EDGE_CURVE ( 'NONE', #3882, #4645, #2923, .T. ) ;
#8625 = ORIENTED_EDGE ( 'NONE', *, *, #3149, .T. ) ;
#8626 =( LENGTH_UNIT ( ) NAMED_UNIT ( * ) SI_UNIT ( .MILLI., .METRE. ) );
#8627 = VERTEX_POINT ( 'NONE', #7646 ) ;
#8629 = CARTESIAN_POINT ( 'NONE',  ( 2.539999999999998700, 6.100000000000000500, -8.609999999999999400 ) ) ;
#8628 = DIRECTION ( 'NONE',  ( 0.0000000000000000000, 0.0000000000000000000, 1.000000000000000000 ) ) ;
#8630 = CIRCLE ( 'NONE', #1379, 0.9899999999999993200 ) ;
#8631 = AXIS2_PLACEMENT_3D ( 'NONE', #3855, #4543, #4603 ) ;
#8632 = CARTESIAN_POINT ( 'NONE',  ( -2.539999999999947600, 3.299857146501273600, -3.529999999999999400 ) ) ;
#8633 = DIRECTION ( 'NONE',  ( -0.0000000000000000000, 1.000000000000000000, -0.0000000000000000000 ) ) ;
#8634 = ORIENTED_EDGE ( 'NONE', *, *, #7533, .T. ) ;
#8635 = FACE_OUTER_BOUND ( 'NONE', #6093, .T. ) ;
#8636 = EDGE_CURVE ( 'NONE', #5668, #252, #4440, .T. ) ;
#8637 = FACE_OUTER_BOUND ( 'NONE', #2525, .T. ) ;
#8638 = CARTESIAN_POINT ( 'NONE',  ( 2.540000000000131500, 6.100000000000000500, 6.070000000000001200 ) ) ;
#8639 = CARTESIAN_POINT ( 'NONE',  ( -5.079999999999921000, 6.299999999999999800, 0.0000000000000000000 ) ) ;
#8640 = DIRECTION ( 'NONE',  ( 0.0000000000000000000, 0.0000000000000000000, -1.000000000000000000 ) ) ;
#8641 = MECHANICAL_DESIGN_GEOMETRIC_PRESENTATION_REPRESENTATION (  '', ( #4475 ), #159 ) ;
#8642 = ORIENTED_EDGE ( 'NONE', *, *, #3812, .T. ) ;
#8643 = FACE_BOUND ( 'NONE', #1719, .T. ) ;
#8644 = CARTESIAN_POINT ( 'NONE',  ( -3.960000000000000900, 1.000000000000000000, 1.019999999999999100 ) ) ;
#8645 = VECTOR ( 'NONE', #8640, 1000.000000000000000 ) ;
#8646 = ADVANCED_FACE ( 'NONE', ( #5209 ), #3459, .F. ) ;
#8647 = VECTOR ( 'NONE', #5499, 1000.000000000000000 ) ;
#8648 = ORIENTED_EDGE ( 'NONE', *, *, #3590, .F. ) ;
#8649 = EDGE_CURVE ( 'NONE', #1913, #2966, #365, .T. ) ;
#8650 = CARTESIAN_POINT ( 'NONE',  ( -2.539999999999841500, 6.100000000000000500, 7.620000000000000100 ) ) ;
#8651 = LINE ( 'NONE', #5718, #237 ) ;
#8652 = CARTESIAN_POINT ( 'NONE',  ( -5.080000000000001000, 6.299999999999999800, -8.609999999999999400 ) ) ;
#8653 = CARTESIAN_POINT ( 'NONE',  ( -5.079999999999842000, 3.299857146501273600, 6.630000000000000800 ) ) ;
#8654 = CIRCLE ( 'NONE', #2421, 0.9899999999999995500 ) ;
#8655 = FACE_OUTER_BOUND ( 'NONE', #8760, .T. ) ;
#8656 = LINE ( 'NONE', #3664, #8765 ) ;
#8657 = CARTESIAN_POINT ( 'NONE',  ( 3.660000000000001000, -4.799999999999999800, 3.559999999999998700 ) ) ;
#8658 = EDGE_CURVE ( 'NONE', #6337, #489, #7909, .T. ) ;
#8659 = ORIENTED_EDGE ( 'NONE', *, *, #2889, .T. ) ;
#8660 = AXIS2_PLACEMENT_3D ( 'NONE', #1400, #6911, #4143 ) ;
#8661 = ORIENTED_EDGE ( 'NONE', *, *, #7793, .T. ) ;
#8662 = CARTESIAN_POINT ( 'NONE',  ( -6.330000000000000100, 0.0000000000000000000, -7.302499999999997500 ) ) ;
#8664 = ORIENTED_EDGE ( 'NONE', *, *, #2378, .T. ) ;
#8663 = DIRECTION ( 'NONE',  ( 0.0000000000000000000, 0.0000000000000000000, 1.000000000000000000 ) ) ;
#8665 = CIRCLE ( 'NONE', #5675, 0.9899999999999995500 ) ;
#8666 = DIRECTION ( 'NONE',  ( 0.0000000000000000000, 0.0000000000000000000, 1.000000000000000000 ) ) ;
#8667 = VERTEX_POINT ( 'NONE', #8334 ) ;
#8668 = FACE_OUTER_BOUND ( 'NONE', #3026, .T. ) ;
#8669 = ORIENTED_EDGE ( 'NONE', *, *, #8749, .T. ) ;
#8670 = CARTESIAN_POINT ( 'NONE',  ( -3.960000000000000900, 1.000000000000000000, 1.019999999999999100 ) ) ;
#8671 = CARTESIAN_POINT ( 'NONE',  ( 2.540000000000025800, 3.299857146501273600, -4.089999999999999900 ) ) ;
#8672 = AXIS2_PLACEMENT_3D ( 'NONE', #3716, #3014, #7983 ) ;
#8673 = AXIS2_PLACEMENT_3D ( 'NONE', #4420, #5129, #313 ) ;
#8674 = VECTOR ( 'NONE', #6288, 1000.000000000000000 ) ;
#8675 = CYLINDRICAL_SURFACE ( 'NONE', #4908, 0.9899999999999995500 ) ;
#8676 = DIRECTION ( 'NONE',  ( 0.0000000000000000000, 1.000000000000000000, 0.0000000000000000000 ) ) ;
#8677 = ORIENTED_EDGE ( 'NONE', *, *, #1159, .T. ) ;
#8678 = EDGE_CURVE ( 'NONE', #1386, #5506, #8118, .T. ) ;
#8679 = DIRECTION ( 'NONE',  ( 0.0000000000000000000, -0.0000000000000000000, 1.000000000000000000 ) ) ;
#8680 = FACE_OUTER_BOUND ( 'NONE', #4907, .T. ) ;
#8681 = ORIENTED_EDGE ( 'NONE', *, *, #7554, .T. ) ;
#8682 = ORIENTED_EDGE ( 'NONE', *, *, #2834, .F. ) ;
#8683 = DIRECTION ( 'NONE',  ( 0.0000000000000000000, 1.000000000000000000, 0.0000000000000000000 ) ) ;
#8684 = PLANE ( 'NONE',  #6591 ) ;
#8685 = AXIS2_PLACEMENT_3D ( 'NONE', #4703, #5400, #548 ) ;
#8686 = DIRECTION ( 'NONE',  ( 0.0000000000000000000, 0.0000000000000000000, 1.000000000000000000 ) ) ;
#8687 =( LENGTH_UNIT ( ) NAMED_UNIT ( * ) SI_UNIT ( .MILLI., .METRE. ) );
#8688 = VECTOR ( 'NONE', #6016, 1000.000000000000000 ) ;
#8689 = DIRECTION ( 'NONE',  ( 1.000000000000000000, 0.0000000000000000000, 0.0000000000000000000 ) ) ;
#8690 = ORIENTED_EDGE ( 'NONE', *, *, #3119, .T. ) ;
#8691 = EDGE_CURVE ( 'NONE', #1039, #7337, #4229, .T. ) ;
#8692 = ADVANCED_FACE ( 'NONE', ( #4982 ), #8224, .T. ) ;
#8693 = DIRECTION ( 'NONE',  ( 0.0000000000000000000, -1.000000000000000000, 0.0000000000000000000 ) ) ;
#8694 = DIRECTION ( 'NONE',  ( -0.0000000000000000000, 1.000000000000000000, -0.0000000000000000000 ) ) ;
#8695 = ORIENTED_EDGE ( 'NONE', *, *, #6768, .F. ) ;
#8696 = AXIS2_PLACEMENT_3D ( 'NONE', #6502, #1618, #5048 ) ;
#8697 = DIRECTION ( 'NONE',  ( 0.0000000000000000000, 0.0000000000000000000, 1.000000000000000000 ) ) ;
#8698 = ORIENTED_EDGE ( 'NONE', *, *, #2058, .T. ) ;
#8699 = VERTEX_POINT ( 'NONE', #7574 ) ;
#8700 = PLANE ( 'NONE',  #1538 ) ;
#8701 = CARTESIAN_POINT ( 'NONE',  ( -3.960000000000000900, 1.000000000000000000, -6.099999999999999600 ) ) ;
#8702 = CARTESIAN_POINT ( 'NONE',  ( 5.080000000000079100, 6.100000000000000500, 0.9899999999999993200 ) ) ;
#8703 = EDGE_CURVE ( 'NONE', #4747, #257, #7036, .T. ) ;
#8704 = FACE_OUTER_BOUND ( 'NONE', #2193, .T. ) ;
#8705 = CYLINDRICAL_SURFACE ( 'NONE', #6661, 0.9899999999999995500 ) ;
#8706 = CARTESIAN_POINT ( 'NONE',  ( -4.762500000000000200, 1.000000000000000000, -8.869999999999997400 ) ) ;
#8707 = DIRECTION ( 'NONE',  ( 0.0000000000000000000, 0.0000000000000000000, 1.000000000000000000 ) ) ;
#8708 = STYLED_ITEM ( 'NONE', ( #2993 ), #7359 ) ;
#8709 = DIRECTION ( 'NONE',  ( -0.0000000000000000000, 1.000000000000000000, -0.0000000000000000000 ) ) ;
#8710 = EDGE_CURVE ( 'NONE', #1900, #8826, #7146, .T. ) ;
#8711 = ORIENTED_EDGE ( 'NONE', *, *, #5388, .F. ) ;
#8712 = DIRECTION ( 'NONE',  ( 0.0000000000000000000, 0.0000000000000000000, -1.000000000000000000 ) ) ;
#8713 = SURFACE_SIDE_STYLE ('',( #3566 ) ) ;
#8714 = VERTEX_POINT ( 'NONE', #1467 ) ;
#8715 = FACE_BOUND ( 'NONE', #4899, .T. ) ;
#8716 = DIRECTION ( 'NONE',  ( 1.000000000000000000, 0.0000000000000000000, -0.0000000000000000000 ) ) ;
#8717 = DIRECTION ( 'NONE',  ( -0.0000000000000000000, -1.000000000000000000, -0.0000000000000000000 ) ) ;
#8718 = MECHANICAL_DESIGN_GEOMETRIC_PRESENTATION_REPRESENTATION (  '', ( #5022 ), #8090 ) ;
#8719 = FACE_OUTER_BOUND ( 'NONE', #8051, .T. ) ;
#8720 = EDGE_LOOP ( 'NONE', ( #6628, #5496, #1183, #6036 ) ) ;
#8721 = DIRECTION ( 'NONE',  ( 0.0000000000000000000, 1.000000000000000000, 0.0000000000000000000 ) ) ;
#8722 = DIRECTION ( 'NONE',  ( 1.000000000000000000, 0.0000000000000000000, 0.0000000000000000000 ) ) ;
#8723 = DIRECTION ( 'NONE',  ( 0.0000000000000000000, 0.0000000000000000000, 1.000000000000000000 ) ) ;
#8724 = EDGE_CURVE ( 'NONE', #5774, #7760, #5841, .T. ) ;
#8725 = CARTESIAN_POINT ( 'NONE',  ( -3.960000000000000900, -4.799999999999999800, -6.599999999999999600 ) ) ;
#8726 = ORIENTED_EDGE ( 'NONE', *, *, #4862, .T. ) ;
#8727 = CARTESIAN_POINT ( 'NONE',  ( -3.660000000000001000, -10.18309518948452900, -6.599999999999999600 ) ) ;
#8728 = CIRCLE ( 'NONE', #2584, 0.9899999999999995500 ) ;
#8729 = ADVANCED_FACE ( 'NONE', ( #5090 ), #2189, .F. ) ;
#8730 = AXIS2_PLACEMENT_3D ( 'NONE', #6407, #2279, #7096 ) ;
#8731 = DIRECTION ( 'NONE',  ( 0.0000000000000000000, 1.000000000000000000, 0.0000000000000000000 ) ) ;
#8732 = VERTEX_POINT ( 'NONE', #4308 ) ;
#8733 = ORIENTED_EDGE ( 'NONE', *, *, #5612, .T. ) ;
#8734 = VECTOR ( 'NONE', #7143, 1000.000000000000000 ) ;
#8735 = ORIENTED_EDGE ( 'NONE', *, *, #2342, .F. ) ;
#8736 = DIRECTION ( 'NONE',  ( 0.0000000000000000000, 1.000000000000000000, 0.0000000000000000000 ) ) ;
#8737 = EDGE_CURVE ( 'NONE', #5420, #6953, #1015, .T. ) ;
#8738 = CIRCLE ( 'NONE', #4298, 0.9899999999999995500 ) ;
#8739 = DIRECTION ( 'NONE',  ( 0.0000000000000000000, -0.0000000000000000000, 1.000000000000000000 ) ) ;
#8740 = DIRECTION ( 'NONE',  ( 0.0000000000000000000, 0.0000000000000000000, 1.000000000000000000 ) ) ;
#8741 = ORIENTED_EDGE ( 'NONE', *, *, #2543, .F. ) ;
#8742 = FACE_OUTER_BOUND ( 'NONE', #3587, .T. ) ;
#8743 = AXIS2_PLACEMENT_3D ( 'NONE', #7395, #5946, #5088 ) ;
#8744 = ORIENTED_EDGE ( 'NONE', *, *, #5417, .F. ) ;
#8745 = EDGE_LOOP ( 'NONE', ( #1784, #4021, #6161, #269 ) ) ;
#8746 = CARTESIAN_POINT ( 'NONE',  ( -2.539999999999867700, 6.299999999999999800, 6.070000000000001200 ) ) ;
#8747 = DIRECTION ( 'NONE',  ( 0.0000000000000000000, -0.0000000000000000000, 1.000000000000000000 ) ) ;
#8748 = CARTESIAN_POINT ( 'NONE',  ( -5.080000000000001000, 6.100000000000000500, -6.630000000000000800 ) ) ;
#8749 = EDGE_CURVE ( 'NONE', #6961, #4150, #8441, .T. ) ;
#8750 = ORIENTED_EDGE ( 'NONE', *, *, #967, .T. ) ;
#8751 = FACE_BOUND ( 'NONE', #6203, .T. ) ;
#8752 = DIRECTION ( 'NONE',  ( -0.0000000000000000000, 1.000000000000000000, -0.0000000000000000000 ) ) ;
#8753 = CARTESIAN_POINT ( 'NONE',  ( 3.660000000000001000, -4.799999999999999800, 6.599999999999999600 ) ) ;
#8754 = DIRECTION ( 'NONE',  ( -0.0000000000000000000, -1.000000000000000000, -0.0000000000000000000 ) ) ;
#8755 = LINE ( 'NONE', #213, #1121 ) ;
#8756 = AXIS2_PLACEMENT_3D ( 'NONE', #2880, #4989, #6402 ) ;
#8757 = ORIENTED_EDGE ( 'NONE', *, *, #8215, .F. ) ;
#8758 = ORIENTED_EDGE ( 'NONE', *, *, #4088, .F. ) ;
#8759 = EDGE_CURVE ( 'NONE', #5243, #2591, #6276, .T. ) ;
#8760 = EDGE_LOOP ( 'NONE', ( #8757, #5638, #7398, #7481 ) ) ;
#8761 = VECTOR ( 'NONE', #6354, 1000.000000000000000 ) ;
#8762 = CARTESIAN_POINT ( 'NONE',  ( -5.079999999999921000, 6.299999999999999800, -0.9899999999999993200 ) ) ;
#8763 =( GEOMETRIC_REPRESENTATION_CONTEXT ( 3 ) GLOBAL_UNCERTAINTY_ASSIGNED_CONTEXT ( ( #8076 ) ) GLOBAL_UNIT_ASSIGNED_CONTEXT ( ( #7458, #3318, #2672 ) ) REPRESENTATION_CONTEXT ( 'NONE', 'WORKASPACE' ) );
#8764 = LINE ( 'NONE', #8442, #2827 ) ;
#8765 = VECTOR ( 'NONE', #2896, 1000.000000000000000 ) ;
#8766 = DIRECTION ( 'NONE',  ( 0.0000000000000000000, 0.0000000000000000000, 1.000000000000000000 ) ) ;
#8767 = EDGE_LOOP ( 'NONE', ( #861, #3047, #8912, #5510 ) ) ;
#8768 = DIRECTION ( 'NONE',  ( 0.0000000000000000000, 0.0000000000000000000, 1.000000000000000000 ) ) ;
#8769 = ORIENTED_EDGE ( 'NONE', *, *, #6740, .T. ) ;
#8770 = ORIENTED_EDGE ( 'NONE', *, *, #2650, .T. ) ;
#8771 = FILL_AREA_STYLE ('',( #415 ) ) ;
#8772 = ORIENTED_EDGE ( 'NONE', *, *, #5756, .T. ) ;
#8773 = ORIENTED_EDGE ( 'NONE', *, *, #2729, .F. ) ;
#8774 = VECTOR ( 'NONE', #6559, 1000.000000000000000 ) ;
#8775 = FACE_OUTER_BOUND ( 'NONE', #5098, .T. ) ;
#8776 =( GEOMETRIC_REPRESENTATION_CONTEXT ( 3 ) GLOBAL_UNCERTAINTY_ASSIGNED_CONTEXT ( ( #781 ) ) GLOBAL_UNIT_ASSIGNED_CONTEXT ( ( #98, #2857, #8916 ) ) REPRESENTATION_CONTEXT ( 'NONE', 'WORKASPACE' ) );
#8777 = ORIENTED_EDGE ( 'NONE', *, *, #2233, .T. ) ;
#8778 = ADVANCED_FACE ( 'NONE', ( #3138 ), #5637, .F. ) ;
#8779 = CARTESIAN_POINT ( 'NONE',  ( 3.960000000000000900, -4.799999999999999800, -4.060000000000000500 ) ) ;
#8780 = CARTESIAN_POINT ( 'NONE',  ( 2.540000000000078600, 6.299999999999999800, -0.9899999999999993200 ) ) ;
#8781 = DIRECTION ( 'NONE',  ( 1.000000000000000000, 0.0000000000000000000, 0.0000000000000000000 ) ) ;
#8782 = CYLINDRICAL_SURFACE ( 'NONE', #4275, 0.9899999999999995500 ) ;
#8783 = DIRECTION ( 'NONE',  ( 1.000000000000000000, 0.0000000000000000000, 0.0000000000000000000 ) ) ;
#8784 = ORIENTED_EDGE ( 'NONE', *, *, #451, .F. ) ;
#8785 = DIRECTION ( 'NONE',  ( -0.0000000000000000000, 1.000000000000000000, -0.0000000000000000000 ) ) ;
#8786 = ORIENTED_EDGE ( 'NONE', *, *, #3713, .F. ) ;
#8787 = VERTEX_POINT ( 'NONE', #251 ) ;
#8788 = CARTESIAN_POINT ( 'NONE',  ( -8.673617379884035500E-016, 6.299999999999999800, -7.620000000000000100 ) ) ;
#8789 = CARTESIAN_POINT ( 'NONE',  ( 5.080000000000133300, 3.299857146501273600, 5.080000000000001000 ) ) ;
#8790 = CLOSED_SHELL ( 'NONE', ( #3847, #8496, #5561, #1685, #5167, #3564 ) ) ;
#8791 =( NAMED_UNIT ( * ) PLANE_ANGLE_UNIT ( ) SI_UNIT ( $, .RADIAN. ) );
#8792 = CARTESIAN_POINT ( 'NONE',  ( -2.540000000000000900, 6.100000000000000500, -7.620000000000000100 ) ) ;
#8793 =( NAMED_UNIT ( * ) PLANE_ANGLE_UNIT ( ) SI_UNIT ( $, .RADIAN. ) );
#8794 = LINE ( 'NONE', #803, #7830 ) ;
#8795 = FACE_OUTER_BOUND ( 'NONE', #4830, .T. ) ;
#8796 = VERTEX_POINT ( 'NONE', #1519 ) ;
#8797 = EDGE_CURVE ( 'NONE', #7501, #379, #8656, .T. ) ;
#8798 = CARTESIAN_POINT ( 'NONE',  ( 5.079999999999999200, 6.100000000000000500, -8.609999999999999400 ) ) ;
#8799 = ORIENTED_EDGE ( 'NONE', *, *, #3504, .F. ) ;
#8800 = VECTOR ( 'NONE', #3648, 1000.000000000000000 ) ;
#8801 = DIRECTION ( 'NONE',  ( 0.0000000000000000000, -0.0000000000000000000, 1.000000000000000000 ) ) ;
#8802 = DIRECTION ( 'NONE',  ( -0.0000000000000000000, 0.0000000000000000000, -1.000000000000000000 ) ) ;
#8803 = ORIENTED_EDGE ( 'NONE', *, *, #1473, .F. ) ;
#8804 = AXIS2_PLACEMENT_3D ( 'NONE', #6297, #1375, #8297 ) ;
#8805 = CARTESIAN_POINT ( 'NONE',  ( -5.079999999999974300, 6.100000000000000500, -4.089999999999999900 ) ) ;
#8806 = PLANE ( 'NONE',  #5173 ) ;
#8807 = ORIENTED_EDGE ( 'NONE', *, *, #5119, .F. ) ;
#8808 = AXIS2_PLACEMENT_3D ( 'NONE', #227, #3674, #7120 ) ;
#8809 = LINE ( 'NONE', #1447, #845 ) ;
#8810 = EDGE_CURVE ( 'NONE', #2683, #5849, #3357, .T. ) ;
#8811 = ORIENTED_EDGE ( 'NONE', *, *, #1040, .F. ) ;
#8812 = EDGE_LOOP ( 'NONE', ( #1093, #5432 ) ) ;
#8813 = CARTESIAN_POINT ( 'NONE',  ( -5.080000000000001000, 6.100000000000000500, -7.620000000000000100 ) ) ;
#8814 = DIRECTION ( 'NONE',  ( 0.0000000000000000000, 0.0000000000000000000, -1.000000000000000000 ) ) ;
#8815 = AXIS2_PLACEMENT_3D ( 'NONE', #5697, #3537, #1562 ) ;
#8816 = CARTESIAN_POINT ( 'NONE',  ( 3.960000000000000900, 1.000000000000000000, -4.060000000000000500 ) ) ;
#8817 = FACE_OUTER_BOUND ( 'NONE', #6716, .T. ) ;
#8818 = DIRECTION ( 'NONE',  ( 0.0000000000000000000, 0.0000000000000000000, 1.000000000000000000 ) ) ;
#8819 = CARTESIAN_POINT ( 'NONE',  ( 3.960000000000000900, 1.000000000000000000, -1.520000000000000500 ) ) ;
#8820 = DIRECTION ( 'NONE',  ( 0.0000000000000000000, 0.0000000000000000000, 1.000000000000000000 ) ) ;
#8821 = EDGE_CURVE ( 'NONE', #1620, #5280, #6599, .T. ) ;
#8822 = AXIS2_PLACEMENT_3D ( 'NONE', #1514, #4945, #107 ) ;
#8823 = VECTOR ( 'NONE', #2673, 1000.000000000000000 ) ;
#8824 = ADVANCED_FACE ( 'NONE', ( #1436 ), #1597, .F. ) ;
#8825 = FILL_AREA_STYLE_COLOUR ( '', #4998 ) ;
#8826 = VERTEX_POINT ( 'NONE', #2974 ) ;
#8827 = ORIENTED_EDGE ( 'NONE', *, *, #7189, .F. ) ;
#8828 = CARTESIAN_POINT ( 'NONE',  ( 1.318389841742373400E-013, 6.100000000000000500, 5.080000000000001000 ) ) ;
#8829 = VERTEX_POINT ( 'NONE', #7764 ) ;
#8830 = CARTESIAN_POINT ( 'NONE',  ( -3.960000000000000900, -10.18309518948452900, 4.059999999999999600 ) ) ;
#8831 = CIRCLE ( 'NONE', #5475, 0.9899999999999995500 ) ;
#8832 = EDGE_CURVE ( 'NONE', #4097, #7362, #1123, .T. ) ;
#8833 = CARTESIAN_POINT ( 'NONE',  ( -6.329999999999997400, 6.299999999999999800, 8.869999999999999200 ) ) ;
#8834 = STYLED_ITEM ( 'NONE', ( #2025 ), #1240 ) ;
#8835 = CARTESIAN_POINT ( 'NONE',  ( -3.960000000000000900, 1.000000000000000000, -6.599999999999999600 ) ) ;
#8836 = LINE ( 'NONE', #3184, #7765 ) ;
#8837 = ORIENTED_EDGE ( 'NONE', *, *, #6864, .T. ) ;
#8838 = DIRECTION ( 'NONE',  ( 0.0000000000000000000, 0.0000000000000000000, 1.000000000000000000 ) ) ;
#8839 = CARTESIAN_POINT ( 'NONE',  ( 2.540000000000025800, 6.299999999999999800, -4.089999999999999900 ) ) ;
#8840 = AXIS2_PLACEMENT_3D ( 'NONE', #2014, #2645, #8214 ) ;
#8841 = EDGE_LOOP ( 'NONE', ( #5234, #78, #4409, #2755 ) ) ;
#8842 = AXIS2_PLACEMENT_3D ( 'NONE', #1574, #6473, #8628 ) ;
#8843 = PLANE ( 'NONE',  #6959 ) ;
#8844 = PLANE ( 'NONE',  #7895 ) ;
#8845 = DIRECTION ( 'NONE',  ( 0.0000000000000000000, 0.0000000000000000000, 1.000000000000000000 ) ) ;
#8846 = EDGE_CURVE ( 'NONE', #4973, #3544, #7266, .T. ) ;
#8847 = DIRECTION ( 'NONE',  ( 0.0000000000000000000, 0.0000000000000000000, 1.000000000000000000 ) ) ;
#8848 = VERTEX_POINT ( 'NONE', #5667 ) ;
#8849 = CIRCLE ( 'NONE', #795, 0.9899999999999995500 ) ;
#8850 = MANIFOLD_SOLID_BREP ( 'Display', #8138 ) ;
#8851 = CYLINDRICAL_SURFACE ( 'NONE', #8815, 0.9899999999999995500 ) ;
#8852 = AXIS2_PLACEMENT_3D ( 'NONE', #1669, #5061, #3070 ) ;
#8853 = DIRECTION ( 'NONE',  ( 0.0000000000000000000, 1.000000000000000000, 0.0000000000000000000 ) ) ;
#8854 = CARTESIAN_POINT ( 'NONE',  ( 5.080000000000079100, 6.100000000000000500, 0.0000000000000000000 ) ) ;
#8855 = EDGE_LOOP ( 'NONE', ( #387, #7201, #2902, #2476 ) ) ;
#8856 = CIRCLE ( 'NONE', #3878, 0.9899999999999995500 ) ;
#8857 = CARTESIAN_POINT ( 'NONE',  ( -3.960000000000000900, -4.799999999999999800, -1.020000000000000000 ) ) ;
#8858 = EDGE_CURVE ( 'NONE', #7542, #1791, #6714, .T. ) ;
#8859 = CARTESIAN_POINT ( 'NONE',  ( 1.588484380849934300E-013, 6.299999999999999800, 6.630000000000000800 ) ) ;
#8860 = CARTESIAN_POINT ( 'NONE',  ( -2.539999999999974700, 6.299999999999999800, -6.069999999999999400 ) ) ;
#8861 = EDGE_LOOP ( 'NONE', ( #4173, #6295, #2938, #1707 ) ) ;
#8862 = ADVANCED_FACE ( 'NONE', ( #6821 ), #193, .T. ) ;
#8863 = VECTOR ( 'NONE', #6447, 1000.000000000000000 ) ;
#8864 = DIRECTION ( 'NONE',  ( 0.0000000000000000000, 0.0000000000000000000, 1.000000000000000000 ) ) ;
#8865 = CYLINDRICAL_SURFACE ( 'NONE', #1101, 0.9899999999999995500 ) ;
#8866 = PLANE ( 'NONE',  #935 ) ;
#8867 = FACE_OUTER_BOUND ( 'NONE', #3693, .T. ) ;
#8868 = CIRCLE ( 'NONE', #5734, 0.9899999999999993200 ) ;
#8869 = EDGE_CURVE ( 'NONE', #3472, #503, #3569, .T. ) ;
#8870 = FACE_OUTER_BOUND ( 'NONE', #2843, .T. ) ;
#8871 = ORIENTED_EDGE ( 'NONE', *, *, #6803, .F. ) ;
#8872 = DIRECTION ( 'NONE',  ( 0.0000000000000000000, 1.000000000000000000, 0.0000000000000000000 ) ) ;
#8873 = ORIENTED_EDGE ( 'NONE', *, *, #6148, .T. ) ;
#8874 = ORIENTED_EDGE ( 'NONE', *, *, #3652, .T. ) ;
#8875 = CYLINDRICAL_SURFACE ( 'NONE', #3646, 0.9899999999999995500 ) ;
#8876 = FACE_OUTER_BOUND ( 'NONE', #6006, .T. ) ;
#8877 = ORIENTED_EDGE ( 'NONE', *, *, #3344, .T. ) ;
#8878 = EDGE_CURVE ( 'NONE', #6280, #4681, #1337, .T. ) ;
#8879 = DIRECTION ( 'NONE',  ( 0.0000000000000000000, 1.000000000000000000, 0.0000000000000000000 ) ) ;
#8880 = LINE ( 'NONE', #2176, #8135 ) ;
#8881 = CLOSED_SHELL ( 'NONE', ( #4247, #434, #3643, #5060, #6748, #8373, #4831, #3885, #5831, #60, #2859, #8603, #2892, #224, #2222, #119, #1113, #3740 ) ) ;
#8882 = AXIS2_PLACEMENT_3D ( 'NONE', #6429, #7125, #2959 ) ;
#8883 = CARTESIAN_POINT ( 'NONE',  ( -5.079999999999894400, 6.100000000000000500, 2.540000000000000500 ) ) ;
#8884 = DIRECTION ( 'NONE',  ( 0.0000000000000000000, 1.000000000000000000, 0.0000000000000000000 ) ) ;
#8885 = VERTEX_POINT ( 'NONE', #990 ) ;
#8886 =( NAMED_UNIT ( * ) PLANE_ANGLE_UNIT ( ) SI_UNIT ( $, .RADIAN. ) );
#8887 = CARTESIAN_POINT ( 'NONE',  ( -3.960000000000000900, -4.799999999999999800, -3.559999999999999600 ) ) ;
#8888 = PRODUCT_DEFINITION_CONTEXT ( 'detailed design', #2358, 'design' ) ;
#8889 = CIRCLE ( 'NONE', #1122, 0.9899999999999995500 ) ;
#8890 = DIRECTION ( 'NONE',  ( -1.000000000000000000, 0.0000000000000000000, -0.0000000000000000000 ) ) ;
#8891 = AXIS2_PLACEMENT_3D ( 'NONE', #6241, #5582, #1427 ) ;
#8892 = ORIENTED_EDGE ( 'NONE', *, *, #5570, .T. ) ;
#8893 = EDGE_LOOP ( 'NONE', ( #7217, #7818, #6724, #5546 ) ) ;
#8894 = AXIS2_PLACEMENT_3D ( 'NONE', #2813, #1399, #4921 ) ;
#8895 = CARTESIAN_POINT ( 'NONE',  ( 1.588484380849934300E-013, 6.100000000000000500, 6.630000000000000800 ) ) ;
#8896 = CARTESIAN_POINT ( 'NONE',  ( -5.080000000000001000, 6.100000000000000500, -8.609999999999999400 ) ) ;
#8897 = PLANE ( 'NONE',  #6974 ) ;
#8898 = CARTESIAN_POINT ( 'NONE',  ( -3.660000000000001000, -10.18309518948452900, -1.020000000000000000 ) ) ;
#8899 = EDGE_CURVE ( 'NONE', #1430, #5811, #3671, .T. ) ;
#8900 = ORIENTED_EDGE ( 'NONE', *, *, #3557, .F. ) ;
#8901 = CYLINDRICAL_SURFACE ( 'NONE', #6897, 0.9899999999999993200 ) ;
#8902 = FACE_OUTER_BOUND ( 'NONE', #3820, .T. ) ;
#8903 = PLANE ( 'NONE',  #1045 ) ;
#8904 = PLANE ( 'NONE',  #6119 ) ;
#8905 = ORIENTED_EDGE ( 'NONE', *, *, #5452, .T. ) ;
#8906 =( NAMED_UNIT ( * ) SI_UNIT ( $, .STERADIAN. ) SOLID_ANGLE_UNIT ( ) );
#8907 = AXIS2_PLACEMENT_3D ( 'NONE', #954, #3694, #7137 ) ;
#8908 = ORIENTED_EDGE ( 'NONE', *, *, #386, .T. ) ;
#8909 = ADVANCED_FACE ( 'NONE', ( #6265 ), #5945, .F. ) ;
#8910 = ORIENTED_EDGE ( 'NONE', *, *, #1866, .T. ) ;
#8911 = EDGE_CURVE ( 'NONE', #4445, #1021, #4117, .T. ) ;
#8912 = ORIENTED_EDGE ( 'NONE', *, *, #7890, .T. ) ;
#8913 = DIRECTION ( 'NONE',  ( 0.0000000000000000000, 0.0000000000000000000, 1.000000000000000000 ) ) ;
#8914 = DIRECTION ( 'NONE',  ( 0.0000000000000000000, 1.000000000000000000, 0.0000000000000000000 ) ) ;
#8915 = CARTESIAN_POINT ( 'NONE',  ( -5.079999999999948600, 6.299999999999999800, -2.539999999999999600 ) ) ;
#8916 =( NAMED_UNIT ( * ) SI_UNIT ( $, .STERADIAN. ) SOLID_ANGLE_UNIT ( ) );
#8917 = CARTESIAN_POINT ( 'NONE',  ( -2.539999999999867700, 6.299999999999999800, 4.090000000000001600 ) ) ;
#8918 = EDGE_CURVE ( 'NONE', #7777, #3682, #472, .T. ) ;
#8919 = LINE ( 'NONE', #3706, #5257 ) ;
#8920 = DIRECTION ( 'NONE',  ( -0.0000000000000000000, -1.000000000000000000, -0.0000000000000000000 ) ) ;
#8921 = ORIENTED_EDGE ( 'NONE', *, *, #1693, .T. ) ;
#8922 = DIRECTION ( 'NONE',  ( 0.0000000000000000000, 0.0000000000000000000, 1.000000000000000000 ) ) ;
#8923 = SURFACE_SIDE_STYLE ('',( #7773 ) ) ;
#8924 = ORIENTED_EDGE ( 'NONE', *, *, #4693, .F. ) ;
#8925 = AXIS2_PLACEMENT_3D ( 'NONE', #4179, #6836, #7536 ) ;
#8926 = FACE_BOUND ( 'NONE', #7111, .T. ) ;
#8927 = CARTESIAN_POINT ( 'NONE',  ( -2.539999999999894800, 6.100000000000000500, 2.540000000000000500 ) ) ;
#8928 = CARTESIAN_POINT ( 'NONE',  ( 2.540000000000105700, 6.299999999999999800, 1.550000000000001200 ) ) ;
#8929 = EDGE_CURVE ( 'NONE', #914, #3255, #910, .T. ) ;
#8930 = LINE ( 'NONE', #3064, #2897 ) ;
#8931 = ORIENTED_EDGE ( 'NONE', *, *, #612, .T. ) ;
#8932 = ORIENTED_EDGE ( 'NONE', *, *, #4893, .T. ) ;
#8933 = CARTESIAN_POINT ( 'NONE',  ( 0.0000000000000000000, 0.0000000000000000000, 0.0000000000000000000 ) ) ;
#8934 = VERTEX_POINT ( 'NONE', #7879 ) ;
#8935 = FILL_AREA_STYLE_COLOUR ( '', #1328 ) ;
#8936 = CARTESIAN_POINT ( 'NONE',  ( 3.660000000000001000, 1.000000000000000000, -1.520000000000000500 ) ) ;
#8937 = AXIS2_PLACEMENT_3D ( 'NONE', #7207, #3057, #8707 ) ;
#8938 = DIRECTION ( 'NONE',  ( 0.0000000000000000000, 0.0000000000000000000, 1.000000000000000000 ) ) ;
ENDSEC;
END-ISO-10303-21;
